frame,enemy,state,archetype,x,z,dist
1,1,patrol,swarm,-7.00,-6.00,17.46
1,2,patrol,swarm,-4.00,-9.00,19.42
1,3,patrol,bruiser,9.00,-8.00,20.12
1,4,patrol,pouncer,3.00,-14.00,24.19
2,1,patrol,swarm,-7.03,-5.99,17.47
2,2,patrol,swarm,-4.02,-8.98,19.40
2,3,patrol,bruiser,9.02,-8.00,20.14
2,4,patrol,pouncer,2.99,-13.97,24.16
3,1,patrol,swarm,-7.25,-5.94,17.51
3,2,patrol,swarm,-4.14,-8.79,19.24
3,3,patrol,bruiser,9.17,-8.04,20.24
3,4,patrol,pouncer,2.89,-13.72,23.90
4,1,patrol,swarm,-7.26,-5.94,17.52
4,2,patrol,swarm,-4.15,-8.77,19.23
4,3,patrol,bruiser,9.18,-8.04,20.24
4,4,patrol,pouncer,2.89,-13.71,23.88
5,1,patrol,swarm,-7.27,-5.94,17.52
5,2,patrol,swarm,-4.15,-8.77,19.22
5,3,patrol,bruiser,9.18,-8.04,20.25
5,4,patrol,pouncer,2.88,-13.70,23.87
6,1,patrol,swarm,-7.28,-5.94,17.52
6,2,patrol,swarm,-4.16,-8.76,19.22
6,3,patrol,bruiser,9.18,-8.05,20.25
6,4,patrol,pouncer,2.88,-13.69,23.87
7,1,patrol,swarm,-7.28,-5.94,17.52
7,2,patrol,swarm,-4.16,-8.76,19.22
7,3,patrol,bruiser,9.19,-8.05,20.25
7,4,patrol,pouncer,2.88,-13.69,23.86
8,1,patrol,swarm,-7.29,-5.94,17.52
8,2,patrol,swarm,-4.16,-8.76,19.21
8,3,patrol,bruiser,9.19,-8.05,20.25
8,4,patrol,pouncer,2.88,-13.68,23.86
9,1,patrol,swarm,-7.30,-5.93,17.53
9,2,patrol,swarm,-4.17,-8.74,19.20
9,3,patrol,bruiser,9.20,-8.05,20.26
9,4,patrol,pouncer,2.87,-13.67,23.84
10,1,patrol,swarm,-7.31,-5.93,17.53
10,2,patrol,swarm,-4.18,-8.73,19.19
10,3,patrol,bruiser,9.21,-8.05,20.27
10,4,patrol,pouncer,2.86,-13.65,23.82
11,1,patrol,swarm,-7.33,-5.93,17.53
11,2,patrol,swarm,-4.19,-8.72,19.18
11,3,patrol,bruiser,9.22,-8.06,20.27
11,4,patrol,pouncer,2.85,-13.63,23.80
12,1,patrol,swarm,-7.35,-5.92,17.54
12,2,patrol,swarm,-4.20,-8.70,19.17
12,3,patrol,bruiser,9.23,-8.06,20.28
12,4,patrol,pouncer,2.85,-13.61,23.78
13,1,patrol,swarm,-7.37,-5.92,17.54
13,2,patrol,swarm,-4.21,-8.68,19.15
13,3,patrol,bruiser,9.25,-8.06,20.29
13,4,patrol,pouncer,2.84,-13.59,23.76
14,1,patrol,swarm,-7.39,-5.91,17.54
14,2,patrol,swarm,-4.22,-8.67,19.14
14,3,patrol,bruiser,9.26,-8.06,20.30
14,4,patrol,pouncer,2.83,-13.56,23.73
15,1,patrol,swarm,-7.41,-5.91,17.55
15,2,patrol,swarm,-4.23,-8.65,19.13
15,3,patrol,bruiser,9.27,-8.07,20.31
15,4,patrol,pouncer,2.82,-13.54,23.71
16,1,patrol,swarm,-7.43,-5.90,17.55
16,2,patrol,swarm,-4.24,-8.63,19.11
16,3,patrol,bruiser,9.28,-8.07,20.32
16,4,patrol,pouncer,2.81,-13.52,23.69
17,1,patrol,swarm,-7.45,-5.90,17.56
17,2,patrol,swarm,-4.25,-8.62,19.10
17,3,patrol,bruiser,9.30,-8.07,20.33
17,4,patrol,pouncer,2.81,-13.50,23.67
18,1,patrol,swarm,-7.47,-5.89,17.56
18,2,patrol,swarm,-4.27,-8.60,19.08
18,3,patrol,bruiser,9.31,-8.08,20.33
18,4,patrol,pouncer,2.80,-13.48,23.64
19,1,patrol,swarm,-7.49,-5.89,17.57
19,2,patrol,swarm,-4.28,-8.59,19.07
19,3,patrol,bruiser,9.32,-8.08,20.34
19,4,patrol,pouncer,2.79,-13.46,23.62
20,1,patrol,swarm,-7.50,-5.89,17.57
20,2,patrol,swarm,-4.29,-8.57,19.06
20,3,patrol,bruiser,9.33,-8.08,20.35
20,4,patrol,pouncer,2.78,-13.44,23.60
21,1,patrol,swarm,-7.52,-5.88,17.57
21,2,patrol,swarm,-4.30,-8.55,19.04
21,3,patrol,bruiser,9.35,-8.09,20.36
21,4,patrol,pouncer,2.77,-13.42,23.58
22,1,patrol,swarm,-7.54,-5.88,17.58
22,2,patrol,swarm,-4.31,-8.54,19.03
22,3,patrol,bruiser,9.36,-8.09,20.37
22,4,patrol,pouncer,2.76,-13.39,23.56
23,1,patrol,swarm,-7.56,-5.87,17.58
23,2,patrol,swarm,-4.32,-8.52,19.02
23,3,patrol,bruiser,9.37,-8.09,20.38
23,4,patrol,pouncer,2.76,-13.37,23.54
24,1,patrol,swarm,-7.58,-5.87,17.59
24,2,patrol,swarm,-4.33,-8.50,19.00
24,3,patrol,bruiser,9.38,-8.10,20.39
24,4,patrol,pouncer,2.75,-13.35,23.51
25,1,patrol,swarm,-7.60,-5.87,17.59
25,2,patrol,swarm,-4.34,-8.49,18.99
25,3,patrol,bruiser,9.40,-8.10,20.39
25,4,patrol,pouncer,2.74,-13.33,23.49
26,1,patrol,swarm,-7.62,-5.86,17.60
26,2,patrol,swarm,-4.35,-8.47,18.98
26,3,patrol,bruiser,9.41,-8.10,20.40
26,4,patrol,pouncer,2.73,-13.31,23.47
27,1,patrol,swarm,-7.64,-5.86,17.60
27,2,patrol,swarm,-4.36,-8.46,18.97
27,3,patrol,bruiser,9.42,-8.11,20.41
27,4,patrol,pouncer,2.72,-13.29,23.45
28,1,patrol,swarm,-7.66,-5.85,17.60
28,2,patrol,swarm,-4.37,-8.44,18.95
28,3,patrol,bruiser,9.44,-8.11,20.42
28,4,patrol,pouncer,2.71,-13.27,23.43
29,1,patrol,swarm,-7.67,-5.85,17.61
29,2,patrol,swarm,-4.38,-8.43,18.94
29,3,patrol,bruiser,9.45,-8.11,20.43
29,4,patrol,pouncer,2.71,-13.25,23.41
30,1,patrol,swarm,-7.69,-5.84,17.61
30,2,patrol,swarm,-4.39,-8.41,18.93
30,3,patrol,bruiser,9.46,-8.12,20.44
30,4,patrol,pouncer,2.70,-13.23,23.38
31,1,patrol,swarm,-7.71,-5.84,17.62
31,2,patrol,swarm,-4.40,-8.39,18.91
31,3,patrol,bruiser,9.47,-8.12,20.44
31,4,patrol,pouncer,2.69,-13.21,23.36
32,1,patrol,swarm,-7.73,-5.84,17.62
32,2,patrol,swarm,-4.42,-8.38,18.90
32,3,patrol,bruiser,9.48,-8.12,20.45
32,4,patrol,pouncer,2.68,-13.19,23.34
33,1,patrol,swarm,-7.75,-5.83,17.63
33,2,patrol,swarm,-4.43,-8.36,18.89
33,3,patrol,bruiser,9.50,-8.12,20.46
33,4,patrol,pouncer,2.67,-13.17,23.32
34,1,patrol,swarm,-7.77,-5.83,17.63
34,2,patrol,swarm,-4.44,-8.35,18.87
34,3,patrol,bruiser,9.51,-8.13,20.47
34,4,patrol,pouncer,2.67,-13.15,23.30
35,1,patrol,swarm,-7.79,-5.82,17.64
35,2,patrol,swarm,-4.45,-8.33,18.86
35,3,patrol,bruiser,9.52,-8.13,20.48
35,4,patrol,pouncer,2.66,-13.12,23.28
36,1,patrol,swarm,-7.80,-5.82,17.64
36,2,patrol,swarm,-4.46,-8.31,18.85
36,3,patrol,bruiser,9.53,-8.13,20.49
36,4,patrol,pouncer,2.65,-13.10,23.26
37,1,patrol,swarm,-7.82,-5.82,17.64
37,2,patrol,swarm,-4.47,-8.30,18.84
37,3,patrol,bruiser,9.55,-8.14,20.50
37,4,patrol,pouncer,2.64,-13.08,23.23
38,1,patrol,swarm,-7.84,-5.81,17.65
38,2,patrol,swarm,-4.48,-8.28,18.82
38,3,patrol,bruiser,9.56,-8.14,20.50
38,4,patrol,pouncer,2.63,-13.06,23.21
39,1,patrol,swarm,-7.86,-5.81,17.65
39,2,patrol,swarm,-4.49,-8.27,18.81
39,3,patrol,bruiser,9.57,-8.14,20.51
39,4,patrol,pouncer,2.63,-13.04,23.19
40,1,patrol,swarm,-7.88,-5.80,17.66
40,2,patrol,swarm,-4.50,-8.25,18.80
40,3,patrol,bruiser,9.58,-8.15,20.52
40,4,patrol,pouncer,2.62,-13.02,23.17
41,1,patrol,swarm,-7.90,-5.80,17.66
41,2,patrol,swarm,-4.51,-8.24,18.79
41,3,patrol,bruiser,9.59,-8.15,20.53
41,4,patrol,pouncer,2.61,-13.00,23.15
42,1,patrol,swarm,-7.92,-5.79,17.67
42,2,patrol,swarm,-4.52,-8.22,18.77
42,3,patrol,bruiser,9.61,-8.15,20.54
42,4,patrol,pouncer,2.60,-12.98,23.13
43,1,patrol,swarm,-7.93,-5.79,17.67
43,2,patrol,swarm,-4.53,-8.20,18.76
43,3,patrol,bruiser,9.62,-8.16,20.55
43,4,patrol,pouncer,2.59,-12.96,23.11
44,1,patrol,swarm,-7.95,-5.79,17.68
44,2,patrol,swarm,-4.54,-8.19,18.75
44,3,patrol,bruiser,9.63,-8.16,20.55
44,4,patrol,pouncer,2.59,-12.94,23.09
45,1,patrol,swarm,-7.97,-5.78,17.68
45,2,patrol,swarm,-4.55,-8.17,18.73
45,3,patrol,bruiser,9.64,-8.16,20.56
45,4,patrol,pouncer,2.58,-12.92,23.06
46,1,patrol,swarm,-7.99,-5.78,17.68
46,2,patrol,swarm,-4.56,-8.16,18.72
46,3,patrol,bruiser,9.65,-8.16,20.57
46,4,patrol,pouncer,2.57,-12.90,23.04
47,1,patrol,swarm,-8.01,-5.77,17.69
47,2,patrol,swarm,-4.57,-8.14,18.71
47,3,patrol,bruiser,9.67,-8.17,20.58
47,4,patrol,pouncer,2.56,-12.88,23.02
48,1,patrol,swarm,-8.02,-5.77,17.69
48,2,patrol,swarm,-4.58,-8.13,18.70
48,3,patrol,bruiser,9.68,-8.17,20.59
48,4,patrol,pouncer,2.55,-12.86,23.00
49,1,patrol,swarm,-8.04,-5.77,17.70
49,2,patrol,swarm,-4.59,-8.11,18.68
49,3,patrol,bruiser,9.69,-8.17,20.60
49,4,patrol,pouncer,2.55,-12.84,22.98
50,1,patrol,swarm,-8.06,-5.76,17.70
50,2,patrol,swarm,-4.60,-8.10,18.67
50,3,patrol,bruiser,9.70,-8.18,20.60
50,4,patrol,pouncer,2.54,-12.82,22.96
51,1,patrol,swarm,-8.08,-5.76,17.71
51,2,patrol,swarm,-4.61,-8.08,18.66
51,3,patrol,bruiser,9.71,-8.18,20.61
51,4,patrol,pouncer,2.53,-12.80,22.94
52,1,patrol,swarm,-8.10,-5.75,17.71
52,2,patrol,swarm,-4.62,-8.06,18.65
52,3,patrol,bruiser,9.73,-8.18,20.62
52,4,patrol,pouncer,2.52,-12.78,22.92
53,1,patrol,swarm,-8.11,-5.75,17.72
53,2,patrol,swarm,-4.63,-8.05,18.63
53,3,patrol,bruiser,9.74,-8.19,20.63
53,4,patrol,pouncer,2.52,-12.76,22.90
54,1,patrol,swarm,-8.13,-5.75,17.72
54,2,patrol,swarm,-4.64,-8.03,18.62
54,3,patrol,bruiser,9.75,-8.19,20.64
54,4,patrol,pouncer,2.51,-12.74,22.88
55,1,patrol,swarm,-8.15,-5.74,17.73
55,2,patrol,swarm,-4.65,-8.02,18.61
55,3,patrol,bruiser,9.76,-8.19,20.65
55,4,patrol,pouncer,2.50,-12.72,22.86
56,1,patrol,swarm,-8.17,-5.74,17.73
56,2,patrol,swarm,-4.66,-8.00,18.60
56,3,patrol,bruiser,9.77,-8.19,20.65
56,4,patrol,pouncer,2.49,-12.70,22.83
57,1,patrol,swarm,-8.19,-5.73,17.74
57,2,patrol,swarm,-4.67,-7.99,18.59
57,3,patrol,bruiser,9.79,-8.20,20.66
57,4,patrol,pouncer,2.48,-12.68,22.81
58,1,patrol,swarm,-8.20,-5.73,17.74
58,2,patrol,swarm,-4.68,-7.97,18.57
58,3,patrol,bruiser,9.80,-8.20,20.67
58,4,patrol,pouncer,2.48,-12.66,22.79
59,1,patrol,swarm,-8.22,-5.73,17.75
59,2,patrol,swarm,-4.69,-7.96,18.56
59,3,patrol,bruiser,9.81,-8.20,20.68
59,4,patrol,pouncer,2.47,-12.64,22.77
60,1,patrol,swarm,-8.24,-5.72,17.75
60,2,patrol,swarm,-4.71,-7.94,18.55
60,3,patrol,bruiser,9.82,-8.21,20.69
60,4,patrol,pouncer,2.46,-12.62,22.75
61,1,patrol,swarm,-8.26,-5.72,17.75
61,2,patrol,swarm,-4.71,-7.93,18.54
61,3,patrol,bruiser,9.83,-8.21,20.69
61,4,patrol,pouncer,2.45,-12.60,22.73
62,1,patrol,swarm,-8.28,-5.71,17.76
62,2,patrol,swarm,-4.73,-7.91,18.52
62,3,patrol,bruiser,9.85,-8.21,20.70
62,4,patrol,pouncer,2.45,-12.58,22.71
63,1,patrol,swarm,-8.29,-5.71,17.76
63,2,patrol,swarm,-4.74,-7.90,18.51
63,3,patrol,bruiser,9.86,-8.22,20.71
63,4,patrol,pouncer,2.44,-12.56,22.69
64,1,patrol,swarm,-8.31,-5.71,17.77
64,2,patrol,swarm,-4.75,-7.88,18.50
64,3,patrol,bruiser,9.87,-8.22,20.72
64,4,patrol,pouncer,2.43,-12.54,22.67
65,1,patrol,swarm,-8.33,-5.70,17.77
65,2,patrol,swarm,-4.76,-7.87,18.49
65,3,patrol,bruiser,9.88,-8.22,20.73
65,4,patrol,pouncer,2.42,-12.52,22.65
66,1,patrol,swarm,-8.35,-5.70,17.78
66,2,patrol,swarm,-4.77,-7.85,18.48
66,3,patrol,bruiser,9.89,-8.22,20.74
66,4,patrol,pouncer,2.41,-12.50,22.63
67,1,patrol,swarm,-8.37,-5.69,17.78
67,2,patrol,swarm,-4.78,-7.84,18.46
67,3,patrol,bruiser,9.90,-8.23,20.74
67,4,patrol,pouncer,2.41,-12.48,22.61
68,1,patrol,swarm,-8.38,-5.69,17.79
68,2,patrol,swarm,-4.79,-7.82,18.45
68,3,patrol,bruiser,9.92,-8.23,20.75
68,4,patrol,pouncer,2.40,-12.46,22.59
69,1,patrol,swarm,-8.40,-5.68,17.79
69,2,patrol,swarm,-4.80,-7.80,18.44
69,3,patrol,bruiser,9.93,-8.23,20.76
69,4,patrol,pouncer,2.39,-12.44,22.56
70,1,patrol,swarm,-8.42,-5.68,17.80
70,2,patrol,swarm,-4.81,-7.79,18.43
70,3,patrol,bruiser,9.94,-8.24,20.77
70,4,patrol,pouncer,2.38,-12.42,22.54
71,1,patrol,swarm,-8.44,-5.68,17.81
71,2,patrol,swarm,-4.82,-7.77,18.41
71,3,patrol,bruiser,9.96,-8.24,20.78
71,4,patrol,pouncer,2.37,-12.39,22.52
72,1,patrol,swarm,-8.46,-5.67,17.81
72,2,patrol,swarm,-4.83,-7.75,18.40
72,3,patrol,bruiser,9.97,-8.24,20.79
72,4,patrol,pouncer,2.36,-12.37,22.49
73,1,patrol,swarm,-8.47,-5.67,17.81
73,2,patrol,swarm,-4.84,-7.74,18.39
73,3,patrol,bruiser,9.98,-8.24,20.79
73,4,patrol,pouncer,2.36,-12.36,22.48
74,1,patrol,swarm,-8.51,-5.66,17.82
74,2,patrol,swarm,-4.86,-7.72,18.37
74,3,patrol,bruiser,10.00,-8.25,20.81
74,4,patrol,pouncer,2.35,-12.32,22.45
75,1,patrol,swarm,-8.51,-5.66,17.82
75,2,patrol,swarm,-4.86,-7.71,18.37
75,3,patrol,bruiser,10.00,-8.25,20.81
75,4,patrol,pouncer,2.34,-12.32,22.44
76,1,patrol,swarm,-8.54,-5.66,17.83
76,2,patrol,swarm,-4.87,-7.69,18.35
76,3,patrol,bruiser,10.02,-8.26,20.82
76,4,patrol,pouncer,2.33,-12.29,22.41
77,1,patrol,swarm,-8.54,-5.65,17.83
77,2,patrol,swarm,-4.88,-7.68,18.34
77,3,patrol,bruiser,10.02,-8.26,20.83
77,4,patrol,pouncer,2.33,-12.28,22.40
78,1,patrol,swarm,-8.57,-5.65,17.84
78,2,patrol,swarm,-4.89,-7.66,18.33
78,3,patrol,bruiser,10.04,-8.26,20.84
78,4,patrol,pouncer,2.32,-12.25,22.37
79,1,patrol,swarm,-8.58,-5.65,17.84
79,2,patrol,swarm,-4.90,-7.66,18.32
79,3,patrol,bruiser,10.04,-8.26,20.84
79,4,patrol,pouncer,2.32,-12.24,22.36
80,1,patrol,swarm,-8.60,-5.64,17.85
80,2,patrol,swarm,-4.91,-7.64,18.31
80,3,patrol,bruiser,10.06,-8.27,20.85
80,4,patrol,pouncer,2.31,-12.22,22.34
81,1,patrol,swarm,-8.61,-5.64,17.85
81,2,patrol,swarm,-4.92,-7.63,18.30
81,3,patrol,bruiser,10.07,-8.27,20.86
81,4,patrol,pouncer,2.30,-12.20,22.32
82,1,patrol,swarm,-8.63,-5.63,17.86
82,2,patrol,swarm,-4.93,-7.61,18.29
82,3,patrol,bruiser,10.08,-8.27,20.87
82,4,patrol,pouncer,2.29,-12.18,22.30
83,1,patrol,swarm,-8.65,-5.63,17.86
83,2,patrol,swarm,-4.94,-7.60,18.27
83,3,patrol,bruiser,10.09,-8.27,20.87
83,4,patrol,pouncer,2.28,-12.17,22.28
84,1,patrol,swarm,-8.66,-5.63,17.87
84,2,patrol,swarm,-4.95,-7.58,18.26
84,3,patrol,bruiser,10.10,-8.28,20.88
84,4,patrol,pouncer,2.28,-12.15,22.26
85,1,patrol,swarm,-8.68,-5.62,17.87
85,2,patrol,swarm,-4.96,-7.57,18.25
85,3,patrol,bruiser,10.11,-8.28,20.89
85,4,patrol,pouncer,2.27,-12.13,22.24
86,1,patrol,swarm,-8.70,-5.62,17.88
86,2,patrol,swarm,-4.97,-7.55,18.24
86,3,patrol,bruiser,10.13,-8.28,20.90
86,4,patrol,pouncer,2.26,-12.11,22.22
87,1,patrol,swarm,-8.72,-5.61,17.88
87,2,patrol,swarm,-4.98,-7.53,18.22
87,3,patrol,bruiser,10.14,-8.29,20.91
87,4,patrol,pouncer,2.25,-12.08,22.20
88,1,patrol,swarm,-8.73,-5.61,17.89
88,2,patrol,swarm,-4.99,-7.52,18.22
88,3,patrol,bruiser,10.15,-8.29,20.92
88,4,patrol,pouncer,2.25,-12.07,22.18
89,1,patrol,swarm,-8.75,-5.61,17.89
89,2,patrol,swarm,-4.99,-7.51,18.21
89,3,patrol,bruiser,10.16,-8.29,20.92
89,4,patrol,pouncer,2.24,-12.05,22.16
90,1,patrol,swarm,-8.77,-5.60,17.90
90,2,patrol,swarm,-5.00,-7.49,18.19
90,3,patrol,bruiser,10.17,-8.29,20.93
90,4,patrol,pouncer,2.23,-12.03,22.14
91,1,patrol,swarm,-8.78,-5.60,17.90
91,2,patrol,swarm,-5.01,-7.48,18.18
91,3,patrol,bruiser,10.18,-8.30,20.94
91,4,patrol,pouncer,2.22,-12.01,22.12
92,1,patrol,swarm,-8.80,-5.60,17.91
92,2,patrol,swarm,-5.02,-7.46,18.17
92,3,patrol,bruiser,10.19,-8.30,20.95
92,4,patrol,pouncer,2.22,-11.99,22.10
93,1,patrol,swarm,-8.82,-5.59,17.91
93,2,patrol,swarm,-5.03,-7.45,18.16
93,3,patrol,bruiser,10.21,-8.30,20.96
93,4,patrol,pouncer,2.21,-11.97,22.08
94,1,patrol,swarm,-8.84,-5.59,17.92
94,2,patrol,swarm,-5.05,-7.43,18.15
94,3,patrol,bruiser,10.22,-8.31,20.96
94,4,patrol,pouncer,2.20,-11.95,22.06
95,1,patrol,swarm,-8.85,-5.58,17.92
95,2,patrol,swarm,-5.05,-7.42,18.14
95,3,patrol,bruiser,10.23,-8.31,20.97
95,4,patrol,pouncer,2.19,-11.94,22.05
96,1,patrol,swarm,-8.88,-5.58,17.93
96,2,patrol,swarm,-5.07,-7.40,18.12
96,3,patrol,bruiser,10.24,-8.31,20.98
96,4,patrol,pouncer,2.18,-11.91,22.02
97,1,patrol,swarm,-8.89,-5.58,17.93
97,2,patrol,swarm,-5.07,-7.39,18.11
97,3,patrol,bruiser,10.25,-8.31,20.99
97,4,patrol,pouncer,2.18,-11.90,22.01
98,1,patrol,swarm,-8.91,-5.57,17.94
98,2,patrol,swarm,-5.08,-7.37,18.10
98,3,patrol,bruiser,10.26,-8.32,21.00
98,4,patrol,pouncer,2.17,-11.88,21.98
99,1,patrol,swarm,-8.92,-5.57,17.94
99,2,patrol,swarm,-5.09,-7.36,18.09
99,3,patrol,bruiser,10.27,-8.32,21.00
99,4,patrol,pouncer,2.17,-11.86,21.97
100,1,patrol,swarm,-8.94,-5.56,17.95
100,2,patrol,swarm,-5.10,-7.34,18.08
100,3,patrol,bruiser,10.29,-8.32,21.01
100,4,patrol,pouncer,2.16,-11.84,21.94
101,1,patrol,swarm,-8.96,-5.56,17.95
101,2,patrol,swarm,-5.11,-7.33,18.07
101,3,patrol,bruiser,10.30,-8.32,21.02
101,4,patrol,pouncer,2.15,-11.82,21.93
102,1,patrol,swarm,-8.97,-5.56,17.96
102,2,patrol,swarm,-5.12,-7.32,18.06
102,3,patrol,bruiser,10.31,-8.33,21.03
102,4,patrol,pouncer,2.14,-11.80,21.91
103,1,patrol,swarm,-8.99,-5.55,17.96
103,2,patrol,swarm,-5.13,-7.30,18.05
103,3,patrol,bruiser,10.32,-8.33,21.03
103,4,patrol,pouncer,2.14,-11.78,21.89
104,1,patrol,swarm,-9.01,-5.55,17.97
104,2,patrol,swarm,-5.14,-7.29,18.04
104,3,patrol,bruiser,10.33,-8.33,21.04
104,4,patrol,pouncer,2.13,-11.77,21.87
105,1,patrol,swarm,-9.02,-5.55,17.97
105,2,patrol,swarm,-5.15,-7.27,18.03
105,3,patrol,bruiser,10.34,-8.34,21.05
105,4,patrol,pouncer,2.12,-11.75,21.85
106,1,patrol,swarm,-9.04,-5.54,17.98
106,2,patrol,swarm,-5.16,-7.26,18.01
106,3,patrol,bruiser,10.35,-8.34,21.06
106,4,patrol,pouncer,2.11,-11.73,21.83
107,1,patrol,swarm,-9.06,-5.54,17.98
107,2,patrol,swarm,-5.17,-7.25,18.00
107,3,patrol,bruiser,10.36,-8.34,21.07
107,4,patrol,pouncer,2.11,-11.71,21.81
108,1,patrol,swarm,-9.07,-5.53,17.99
108,2,patrol,swarm,-5.18,-7.23,17.99
108,3,patrol,bruiser,10.37,-8.34,21.07
108,4,patrol,pouncer,2.10,-11.69,21.79
109,1,patrol,swarm,-9.09,-5.53,18.00
109,2,patrol,swarm,-5.19,-7.22,17.98
109,3,patrol,bruiser,10.39,-8.35,21.08
109,4,patrol,pouncer,2.09,-11.67,21.77
110,1,patrol,swarm,-9.11,-5.53,18.00
110,2,patrol,swarm,-5.20,-7.20,17.97
110,3,patrol,bruiser,10.40,-8.35,21.09
110,4,patrol,pouncer,2.08,-11.65,21.75
111,1,patrol,swarm,-9.12,-5.52,18.01
111,2,patrol,swarm,-5.18,-7.21,17.98
111,3,patrol,bruiser,10.41,-8.35,21.10
111,4,patrol,pouncer,2.08,-11.63,21.73
112,1,patrol,swarm,-9.14,-5.52,18.01
112,2,patrol,swarm,-5.17,-7.23,17.98
112,3,patrol,bruiser,10.42,-8.36,21.11
112,4,patrol,pouncer,2.07,-11.62,21.71
113,1,patrol,swarm,-9.16,-5.52,18.02
113,2,patrol,swarm,-5.15,-7.24,17.99
113,3,patrol,bruiser,10.43,-8.36,21.11
113,4,patrol,pouncer,2.06,-11.60,21.70
114,1,patrol,swarm,-9.17,-5.51,17.97
114,2,patrol,swarm,-5.13,-7.25,17.94
114,3,patrol,bruiser,10.44,-8.36,21.06
114,4,patrol,pouncer,2.06,-11.58,21.61
115,1,patrol,swarm,-9.19,-5.51,17.92
115,2,patrol,swarm,-5.12,-7.26,17.88
115,3,patrol,bruiser,10.45,-8.36,21.01
115,4,patrol,pouncer,2.05,-11.56,21.52
116,1,patrol,swarm,-9.21,-5.50,17.88
116,2,patrol,swarm,-5.10,-7.27,17.84
116,3,patrol,bruiser,10.45,-8.35,20.94
116,4,patrol,pouncer,2.04,-11.54,21.45
117,1,patrol,swarm,-9.23,-5.50,17.84
117,2,patrol,swarm,-5.08,-7.29,17.78
117,3,patrol,bruiser,10.45,-8.34,20.86
117,4,patrol,pouncer,2.03,-11.52,21.36
118,1,patrol,swarm,-9.24,-5.50,17.80
118,2,patrol,swarm,-5.07,-7.30,17.73
118,3,patrol,bruiser,10.44,-8.33,20.80
118,4,patrol,pouncer,2.03,-11.50,21.28
119,1,patrol,swarm,-9.26,-5.49,17.75
119,2,patrol,swarm,-5.05,-7.31,17.69
119,3,patrol,bruiser,10.44,-8.31,20.73
119,4,patrol,pouncer,2.02,-11.49,21.20
120,1,patrol,swarm,-9.27,-5.49,17.71
120,2,patrol,swarm,-5.04,-7.32,17.63
120,3,patrol,bruiser,10.44,-8.30,20.65
120,4,patrol,pouncer,2.01,-11.47,21.12
121,1,patrol,swarm,-9.29,-5.49,17.67
121,2,patrol,swarm,-5.02,-7.33,17.58
121,3,patrol,bruiser,10.43,-8.29,20.58
121,4,patrol,pouncer,2.01,-11.45,21.04
122,1,patrol,swarm,-9.31,-5.48,17.62
122,2,patrol,swarm,-5.00,-7.34,17.53
122,3,patrol,bruiser,10.43,-8.28,20.51
122,4,patrol,pouncer,2.00,-11.43,20.95
123,1,patrol,swarm,-9.32,-5.48,17.58
123,2,patrol,swarm,-4.99,-7.36,17.48
123,3,patrol,bruiser,10.43,-8.26,20.44
123,4,patrol,pouncer,1.99,-11.41,20.87
124,1,patrol,swarm,-9.34,-5.47,17.54
124,2,patrol,swarm,-4.97,-7.37,17.43
124,3,patrol,bruiser,10.42,-8.25,20.37
124,4,patrol,pouncer,1.98,-11.39,20.79
125,1,patrol,swarm,-9.36,-5.47,17.50
125,2,patrol,swarm,-4.96,-7.38,17.38
125,3,patrol,bruiser,10.42,-8.24,20.30
125,4,patrol,pouncer,1.98,-11.38,20.71
126,1,patrol,swarm,-9.37,-5.47,17.45
126,2,patrol,swarm,-4.94,-7.39,17.33
126,3,patrol,bruiser,10.42,-8.22,20.22
126,4,patrol,pouncer,1.97,-11.36,20.62
127,1,patrol,swarm,-9.39,-5.46,17.41
127,2,patrol,swarm,-4.92,-7.40,17.28
127,3,patrol,bruiser,10.41,-8.21,20.15
127,4,patrol,pouncer,1.96,-11.34,20.54
128,1,patrol,swarm,-9.41,-5.46,17.37
128,2,patrol,swarm,-4.91,-7.42,17.23
128,3,patrol,bruiser,10.41,-8.20,20.08
128,4,patrol,pouncer,1.96,-11.32,20.46
129,1,patrol,swarm,-9.42,-5.46,17.33
129,2,patrol,swarm,-4.89,-7.43,17.18
129,3,patrol,bruiser,10.41,-8.18,20.01
129,4,patrol,pouncer,1.95,-11.30,20.38
130,1,patrol,swarm,-9.44,-5.45,17.29
130,2,patrol,swarm,-4.88,-7.44,17.13
130,3,patrol,bruiser,10.40,-8.17,19.94
130,4,patrol,pouncer,1.94,-11.28,20.29
131,1,patrol,swarm,-9.45,-5.45,17.25
131,2,patrol,swarm,-4.86,-7.45,17.08
131,3,patrol,bruiser,10.40,-8.16,19.87
131,4,patrol,pouncer,1.93,-11.27,20.21
132,1,patrol,swarm,-9.47,-5.45,17.21
132,2,patrol,swarm,-4.84,-7.46,17.02
132,3,patrol,bruiser,10.40,-8.15,19.80
132,4,patrol,pouncer,1.93,-11.25,20.13
133,1,patrol,swarm,-9.49,-5.44,17.17
133,2,patrol,swarm,-4.83,-7.48,16.97
133,3,patrol,bruiser,10.39,-8.13,19.73
133,4,patrol,pouncer,1.92,-11.23,20.05
134,1,patrol,swarm,-9.50,-5.44,17.13
134,2,patrol,swarm,-4.81,-7.49,16.92
134,3,patrol,bruiser,10.39,-8.12,19.66
134,4,patrol,pouncer,1.91,-11.21,19.97
135,1,patrol,swarm,-9.52,-5.43,17.08
135,2,patrol,swarm,-4.79,-7.50,16.87
135,3,patrol,bruiser,10.39,-8.11,19.58
135,4,patrol,pouncer,1.91,-11.19,19.89
136,1,patrol,swarm,-9.54,-5.43,17.04
136,2,patrol,swarm,-4.78,-7.51,16.82
136,3,patrol,bruiser,10.38,-8.09,19.51
136,4,patrol,pouncer,1.90,-11.18,19.80
137,1,patrol,swarm,-9.55,-5.43,17.00
137,2,patrol,swarm,-4.76,-7.52,16.77
137,3,patrol,bruiser,10.38,-8.08,19.44
137,4,patrol,pouncer,1.89,-11.16,19.72
138,1,patrol,swarm,-9.57,-5.42,16.96
138,2,patrol,swarm,-4.75,-7.53,16.72
138,3,patrol,bruiser,10.38,-8.07,19.37
138,4,patrol,pouncer,1.88,-11.14,19.64
139,1,patrol,swarm,-9.58,-5.42,16.92
139,2,patrol,swarm,-4.73,-7.55,16.67
139,3,patrol,bruiser,10.37,-8.06,19.30
139,4,patrol,pouncer,1.88,-11.12,19.56
140,1,patrol,swarm,-9.60,-5.42,16.88
140,2,patrol,swarm,-4.71,-7.56,16.62
140,3,patrol,bruiser,10.37,-8.04,19.23
140,4,patrol,pouncer,1.87,-11.10,19.47
141,1,patrol,swarm,-9.62,-5.41,16.85
141,2,patrol,swarm,-4.70,-7.57,16.57
141,3,patrol,bruiser,10.37,-8.03,19.16
141,4,patrol,pouncer,1.86,-11.09,19.39
142,1,patrol,swarm,-9.63,-5.41,16.81
142,2,patrol,swarm,-4.68,-7.58,16.52
142,3,patrol,bruiser,10.36,-8.02,19.09
142,4,patrol,pouncer,1.86,-11.07,19.31
143,1,patrol,swarm,-9.65,-5.41,16.77
143,2,patrol,swarm,-4.67,-7.59,16.47
143,3,patrol,bruiser,10.36,-8.00,19.02
143,4,patrol,pouncer,1.85,-11.05,19.23
144,1,patrol,swarm,-9.66,-5.40,16.73
144,2,patrol,swarm,-4.65,-7.61,16.41
144,3,patrol,bruiser,10.35,-7.99,18.94
144,4,patrol,pouncer,1.84,-11.03,19.15
145,1,patrol,swarm,-9.68,-5.40,16.69
145,2,patrol,swarm,-4.63,-7.62,16.36
145,3,patrol,bruiser,10.35,-7.98,18.88
145,4,patrol,pouncer,1.84,-11.01,19.07
146,1,patrol,swarm,-9.70,-5.39,16.65
146,2,patrol,swarm,-4.62,-7.63,16.31
146,3,patrol,bruiser,10.35,-7.97,18.81
146,4,patrol,pouncer,1.83,-11.00,18.99
147,1,patrol,swarm,-9.72,-5.39,16.60
147,2,patrol,swarm,-4.60,-7.65,16.25
147,3,patrol,bruiser,10.34,-7.95,18.71
147,4,patrol,pouncer,1.82,-10.97,18.88
148,1,patrol,swarm,-9.73,-5.39,16.57
148,2,patrol,swarm,-4.58,-7.65,16.21
148,3,patrol,bruiser,10.34,-7.94,18.66
148,4,patrol,pouncer,1.81,-10.96,18.82
149,1,patrol,swarm,-9.75,-5.38,16.53
149,2,patrol,swarm,-4.57,-7.67,16.16
149,3,patrol,bruiser,10.34,-7.93,18.58
149,4,patrol,pouncer,1.81,-10.94,18.73
150,1,patrol,swarm,-9.76,-5.38,16.50
150,2,patrol,swarm,-4.55,-7.68,16.11
150,3,patrol,bruiser,10.33,-7.91,18.52
150,4,patrol,pouncer,1.80,-10.93,18.66
151,1,patrol,swarm,-9.78,-5.38,16.46
151,2,patrol,swarm,-4.54,-7.69,16.06
151,3,patrol,bruiser,10.33,-7.90,18.45
151,4,patrol,pouncer,1.79,-10.91,18.58
152,1,patrol,swarm,-9.79,-5.37,16.43
152,2,patrol,swarm,-4.52,-7.70,16.01
152,3,patrol,bruiser,10.33,-7.89,18.38
152,4,patrol,pouncer,1.79,-10.89,18.50
153,1,patrol,swarm,-9.81,-5.37,16.39
153,2,patrol,swarm,-4.50,-7.71,15.96
153,3,patrol,bruiser,10.32,-7.87,18.31
153,4,patrol,pouncer,1.78,-10.87,18.41
154,1,patrol,swarm,-9.82,-5.37,16.35
154,2,patrol,swarm,-4.49,-7.72,15.91
154,3,patrol,bruiser,10.32,-7.86,18.24
154,4,patrol,pouncer,1.77,-10.86,18.33
155,1,patrol,swarm,-9.84,-5.36,16.32
155,2,patrol,swarm,-4.47,-7.74,15.86
155,3,patrol,bruiser,10.32,-7.85,18.17
155,4,patrol,pouncer,1.77,-10.84,18.25
156,1,patrol,swarm,-9.85,-5.36,16.28
156,2,patrol,swarm,-4.46,-7.75,15.81
156,3,patrol,bruiser,10.31,-7.84,18.10
156,4,patrol,pouncer,1.76,-10.82,18.17
157,1,patrol,swarm,-9.87,-5.36,16.25
157,2,patrol,swarm,-4.44,-7.76,15.76
157,3,patrol,bruiser,10.31,-7.82,18.03
157,4,patrol,pouncer,1.75,-10.80,18.09
158,1,patrol,swarm,-9.89,-5.35,16.21
158,2,patrol,swarm,-4.42,-7.77,15.71
158,3,patrol,bruiser,10.31,-7.81,17.96
158,4,patrol,pouncer,1.75,-10.79,18.01
159,1,patrol,swarm,-9.90,-5.35,16.17
159,2,patrol,swarm,-4.41,-7.78,15.65
159,3,patrol,bruiser,10.30,-7.80,17.89
159,4,patrol,pouncer,1.74,-10.77,17.93
160,1,patrol,swarm,-9.92,-5.35,16.14
160,2,patrol,swarm,-4.39,-7.80,15.60
160,3,patrol,bruiser,10.30,-7.78,17.82
160,4,patrol,pouncer,1.73,-10.75,17.85
161,1,patrol,swarm,-9.93,-5.34,16.10
161,2,patrol,swarm,-4.37,-7.81,15.55
161,3,patrol,bruiser,10.30,-7.77,17.74
161,4,patrol,pouncer,1.73,-10.73,17.76
162,1,patrol,swarm,-9.95,-5.34,16.07
162,2,patrol,swarm,-4.36,-7.82,15.50
162,3,patrol,bruiser,10.29,-7.76,17.68
162,4,patrol,pouncer,1.72,-10.71,17.68
163,1,patrol,swarm,-9.96,-5.33,16.03
163,2,patrol,swarm,-4.34,-7.83,15.45
163,3,patrol,bruiser,10.29,-7.75,17.61
163,4,patrol,pouncer,1.71,-10.70,17.60
164,1,patrol,swarm,-9.98,-5.33,16.00
164,2,patrol,swarm,-4.33,-7.84,15.40
164,3,patrol,bruiser,10.29,-7.73,17.54
164,4,patrol,pouncer,1.71,-10.68,17.52
165,1,patrol,swarm,-10.00,-5.33,15.97
165,2,patrol,swarm,-4.31,-7.86,15.35
165,3,patrol,bruiser,10.28,-7.72,17.47
165,4,patrol,pouncer,1.70,-10.66,17.44
166,1,patrol,swarm,-10.01,-5.32,15.93
166,2,patrol,swarm,-4.29,-7.87,15.30
166,3,patrol,bruiser,10.28,-7.71,17.40
166,4,patrol,pouncer,1.69,-10.65,17.36
167,1,patrol,swarm,-10.03,-5.32,15.90
167,2,patrol,swarm,-4.28,-7.88,15.25
167,3,patrol,bruiser,10.28,-7.69,17.33
167,4,patrol,pouncer,1.69,-10.63,17.28
168,1,patrol,swarm,-10.04,-5.32,15.86
168,2,patrol,swarm,-4.26,-7.89,15.20
168,3,patrol,bruiser,10.27,-7.68,17.26
168,4,patrol,pouncer,1.68,-10.61,17.20
169,1,patrol,swarm,-10.06,-5.31,15.83
169,2,patrol,swarm,-4.25,-7.90,15.15
169,3,patrol,bruiser,10.27,-7.67,17.19
169,4,patrol,pouncer,1.67,-10.59,17.11
170,1,patrol,swarm,-10.07,-5.31,15.80
170,2,patrol,swarm,-4.23,-7.91,15.10
170,3,patrol,bruiser,10.27,-7.66,17.12
170,4,patrol,pouncer,1.67,-10.58,17.04
171,1,patrol,swarm,-10.09,-5.31,15.77
171,2,patrol,swarm,-4.21,-7.93,15.05
171,3,patrol,bruiser,10.26,-7.64,17.06
171,4,patrol,pouncer,1.66,-10.56,16.95
172,1,patrol,swarm,-10.10,-5.30,15.73
172,2,patrol,swarm,-4.20,-7.94,15.00
172,3,patrol,bruiser,10.26,-7.63,16.99
172,4,patrol,pouncer,1.65,-10.54,16.87
173,1,patrol,swarm,-10.12,-5.30,15.70
173,2,patrol,swarm,-4.18,-7.95,14.94
173,3,patrol,bruiser,10.26,-7.62,16.92
173,4,patrol,pouncer,1.64,-10.53,16.79
174,1,patrol,swarm,-10.13,-5.30,15.67
174,2,patrol,swarm,-4.16,-7.96,14.89
174,3,patrol,bruiser,10.25,-7.60,16.85
174,4,patrol,pouncer,1.64,-10.51,16.71
175,1,patrol,swarm,-10.15,-5.29,15.63
175,2,patrol,swarm,-4.14,-7.98,14.83
175,3,patrol,bruiser,10.25,-7.59,16.76
175,4,patrol,pouncer,1.63,-10.49,16.61
176,1,patrol,swarm,-10.17,-5.29,15.61
176,2,patrol,swarm,-4.13,-7.99,14.79
176,3,patrol,bruiser,10.25,-7.58,16.71
176,4,patrol,pouncer,1.62,-10.47,16.55
177,1,patrol,swarm,-10.18,-5.29,15.57
177,2,patrol,swarm,-4.12,-8.00,14.74
177,3,patrol,bruiser,10.24,-7.57,16.64
177,4,patrol,pouncer,1.62,-10.46,16.47
178,1,patrol,swarm,-10.20,-5.28,15.54
178,2,patrol,swarm,-4.10,-8.01,14.69
178,3,patrol,bruiser,10.24,-7.55,16.57
178,4,patrol,pouncer,1.61,-10.44,16.39
179,1,patrol,swarm,-10.22,-5.28,15.49
179,2,patrol,swarm,-4.07,-8.03,14.60
179,3,patrol,bruiser,10.23,-7.53,16.45
179,4,patrol,pouncer,1.60,-10.41,16.24
180,1,patrol,swarm,-10.23,-5.27,15.47
180,2,patrol,swarm,-4.06,-8.04,14.58
180,3,patrol,bruiser,10.23,-7.52,16.42
180,4,patrol,pouncer,1.61,-10.42,16.22
181,1,patrol,swarm,-10.25,-5.27,15.43
181,2,patrol,swarm,-4.04,-8.06,14.50
181,3,patrol,bruiser,10.23,-7.51,16.31
181,4,patrol,pouncer,1.63,-10.44,16.15
182,1,patrol,swarm,-10.27,-5.27,15.39
182,2,patrol,swarm,-4.02,-8.07,14.43
182,3,patrol,bruiser,10.22,-7.49,16.22
182,4,patrol,pouncer,1.65,-10.47,16.09
183,1,patrol,swarm,-10.28,-5.26,15.38
183,2,patrol,swarm,-4.01,-8.07,14.42
183,3,patrol,bruiser,10.22,-7.48,16.20
183,4,patrol,pouncer,1.65,-10.47,16.08
184,1,patrol,swarm,-10.30,-5.26,15.33
184,2,patrol,swarm,-3.99,-8.09,14.34
184,3,patrol,bruiser,10.22,-7.47,16.10
184,4,patrol,pouncer,1.67,-10.50,16.01
185,1,patrol,swarm,-10.31,-5.26,15.33
185,2,patrol,swarm,-3.98,-8.10,14.33
185,3,patrol,bruiser,10.22,-7.46,16.08
185,4,patrol,pouncer,1.68,-10.51,16.00
186,1,patrol,swarm,-10.33,-5.25,15.28
186,2,patrol,swarm,-3.96,-8.12,14.24
186,3,patrol,bruiser,10.21,-7.44,15.96
186,4,patrol,pouncer,1.70,-10.54,15.92
187,1,patrol,swarm,-10.34,-5.25,15.27
187,2,patrol,swarm,-3.95,-8.12,14.22
187,3,patrol,bruiser,10.21,-7.44,15.94
187,4,patrol,pouncer,1.71,-10.54,15.91
188,1,patrol,swarm,-10.36,-5.25,15.22
188,2,patrol,swarm,-3.93,-8.14,14.15
188,3,patrol,bruiser,10.20,-7.42,15.84
188,4,patrol,pouncer,1.73,-10.57,15.84
189,1,patrol,swarm,-10.37,-5.24,15.21
189,2,patrol,swarm,-3.92,-8.14,14.13
189,3,patrol,bruiser,10.20,-7.41,15.81
189,4,patrol,pouncer,1.74,-10.58,15.83
190,1,patrol,swarm,-10.39,-5.24,15.17
190,2,patrol,swarm,-3.89,-8.16,14.04
190,3,patrol,bruiser,10.20,-7.39,15.70
190,4,patrol,pouncer,1.76,-10.61,15.75
191,1,patrol,swarm,-10.40,-5.24,15.16
191,2,patrol,swarm,-3.89,-8.17,14.02
191,3,patrol,bruiser,10.20,-7.39,15.67
191,4,patrol,pouncer,1.77,-10.62,15.73
192,1,patrol,swarm,-10.42,-5.23,15.11
192,2,patrol,swarm,-3.86,-8.19,13.93
192,3,patrol,bruiser,10.19,-7.37,15.55
192,4,patrol,pouncer,1.79,-10.65,15.66
193,1,patrol,swarm,-10.43,-5.23,15.10
193,2,patrol,swarm,-3.85,-8.19,13.91
193,3,patrol,bruiser,10.19,-7.36,15.52
193,4,patrol,pouncer,1.80,-10.66,15.64
194,1,patrol,swarm,-10.45,-5.23,15.06
194,2,patrol,swarm,-3.83,-8.21,13.84
194,3,patrol,bruiser,10.18,-7.34,15.43
194,4,patrol,pouncer,1.82,-10.68,15.57
195,1,patrol,swarm,-10.46,-5.22,15.05
195,2,patrol,swarm,-3.82,-8.22,13.82
195,3,patrol,bruiser,10.18,-7.34,15.40
195,4,patrol,pouncer,1.83,-10.69,15.56
196,1,patrol,swarm,-10.48,-5.22,15.00
196,2,patrol,swarm,-3.79,-8.24,13.73
196,3,patrol,bruiser,10.18,-7.32,15.29
196,4,patrol,pouncer,1.85,-10.72,15.48
197,1,patrol,swarm,-10.49,-5.22,14.99
197,2,patrol,swarm,-3.79,-8.24,13.72
197,3,patrol,bruiser,10.18,-7.31,15.27
197,4,patrol,pouncer,1.86,-10.73,15.47
198,1,patrol,swarm,-10.52,-5.21,14.93
198,2,patrol,swarm,-3.75,-8.27,13.60
198,3,patrol,bruiser,10.17,-7.28,15.11
198,4,patrol,pouncer,1.89,-10.77,15.36
199,1,patrol,swarm,-10.53,-5.21,14.92
199,2,patrol,swarm,-3.74,-8.27,13.58
199,3,patrol,bruiser,10.17,-7.28,15.08
199,4,patrol,pouncer,1.90,-10.78,15.34
200,1,patrol,swarm,-10.55,-5.20,14.89
200,2,patrol,swarm,-3.72,-8.29,13.51
200,3,patrol,bruiser,10.16,-7.26,15.00
200,4,patrol,pouncer,1.92,-10.80,15.29
201,1,patrol,swarm,-10.55,-5.20,14.88
201,2,patrol,swarm,-3.72,-8.29,13.49
201,3,patrol,bruiser,10.16,-7.26,14.97
201,4,patrol,pouncer,1.92,-10.81,15.27
202,1,patrol,swarm,-10.57,-5.20,14.85
202,2,patrol,swarm,-3.70,-8.31,13.43
202,3,patrol,bruiser,10.16,-7.24,14.88
202,4,patrol,pouncer,1.94,-10.83,15.21
203,1,patrol,swarm,-10.58,-5.20,14.84
203,2,patrol,swarm,-3.69,-8.31,13.41
203,3,patrol,bruiser,10.16,-7.24,14.86
203,4,patrol,pouncer,1.95,-10.84,15.20
204,1,patrol,swarm,-10.61,-5.19,14.80
204,2,patrol,swarm,-3.66,-8.33,13.32
204,3,patrol,bruiser,10.15,-7.21,14.74
204,4,patrol,pouncer,1.98,-10.87,15.12
205,1,patrol,swarm,-10.61,-5.19,14.79
205,2,patrol,swarm,-3.66,-8.34,13.30
205,3,patrol,bruiser,10.15,-7.21,14.72
205,4,patrol,pouncer,1.98,-10.88,15.10
206,1,patrol,swarm,-10.63,-5.18,14.75
206,2,patrol,swarm,-3.63,-8.36,13.22
206,3,patrol,bruiser,10.15,-7.19,14.62
206,4,patrol,pouncer,2.00,-10.90,15.04
207,1,patrol,swarm,-10.64,-5.18,14.75
207,2,patrol,swarm,-3.63,-8.36,13.21
207,3,patrol,bruiser,10.14,-7.19,14.60
207,4,patrol,pouncer,2.01,-10.91,15.02
208,1,patrol,swarm,-10.67,-5.18,14.70
208,2,patrol,swarm,-3.59,-8.38,13.11
208,3,patrol,bruiser,10.14,-7.16,14.47
208,4,patrol,pouncer,2.04,-10.94,14.94
209,1,patrol,swarm,-10.67,-5.18,14.70
209,2,patrol,swarm,-3.59,-8.39,13.10
209,3,patrol,bruiser,10.14,-7.16,14.45
209,4,patrol,pouncer,2.04,-10.95,14.92
210,1,patrol,swarm,-10.69,-5.17,14.66
210,2,patrol,swarm,-3.56,-8.41,13.01
210,3,patrol,bruiser,10.13,-7.14,14.34
210,4,patrol,pouncer,2.07,-10.98,14.85
211,1,patrol,swarm,-10.70,-5.17,14.65
211,2,patrol,swarm,-3.56,-8.41,12.99
211,3,patrol,bruiser,10.13,-7.14,14.32
211,4,patrol,pouncer,2.07,-10.99,14.83
212,1,patrol,swarm,-10.72,-5.17,14.62
212,2,patrol,swarm,-3.53,-8.43,12.92
212,3,patrol,bruiser,10.13,-7.12,14.23
212,4,patrol,pouncer,2.09,-11.01,14.77
213,1,patrol,swarm,-10.72,-5.16,14.62
213,2,patrol,swarm,-3.53,-8.43,12.91
213,3,patrol,bruiser,10.13,-7.12,14.21
213,4,patrol,pouncer,2.09,-11.01,14.76
214,1,patrol,swarm,-10.75,-5.16,14.58
214,2,patrol,swarm,-3.50,-8.45,12.83
214,3,patrol,bruiser,10.12,-7.10,14.10
214,4,patrol,pouncer,2.12,-11.05,14.69
215,1,patrol,swarm,-10.75,-5.16,14.57
215,2,patrol,swarm,-3.50,-8.45,12.81
215,3,patrol,bruiser,10.12,-7.09,14.08
215,4,patrol,pouncer,2.12,-11.05,14.67
216,1,patrol,swarm,-10.77,-5.15,14.55
216,2,patrol,swarm,-3.48,-8.47,12.74
216,3,patrol,bruiser,10.12,-7.08,14.00
216,4,patrol,pouncer,2.14,-11.08,14.61
217,1,patrol,swarm,-10.78,-5.15,14.54
217,2,patrol,swarm,-3.47,-8.47,12.72
217,3,patrol,bruiser,10.11,-7.07,13.97
217,4,patrol,pouncer,2.15,-11.08,14.60
218,1,patrol,swarm,-10.81,-5.15,14.50
218,2,patrol,swarm,-3.44,-8.50,12.62
218,3,patrol,bruiser,10.11,-7.05,13.84
218,4,patrol,pouncer,2.18,-11.12,14.50
219,1,patrol,swarm,-10.81,-5.14,14.49
219,2,patrol,swarm,-3.43,-8.50,12.60
219,3,patrol,bruiser,10.11,-7.04,13.81
219,4,patrol,pouncer,2.19,-11.13,14.49
220,1,patrol,swarm,-10.83,-5.14,14.46
220,2,patrol,swarm,-3.41,-8.52,12.53
220,3,patrol,bruiser,10.10,-7.03,13.73
220,4,patrol,pouncer,2.21,-11.15,14.43
221,1,patrol,swarm,-10.84,-5.14,14.46
221,2,patrol,swarm,-3.40,-8.52,12.51
221,3,patrol,bruiser,10.10,-7.02,13.71
221,4,patrol,pouncer,2.21,-11.16,14.41
222,1,patrol,swarm,-10.86,-5.13,14.43
222,2,patrol,swarm,-3.38,-8.54,12.44
222,3,patrol,bruiser,10.10,-7.00,13.62
222,4,patrol,pouncer,2.23,-11.18,14.35
223,1,patrol,swarm,-10.86,-5.13,14.42
223,2,patrol,swarm,-3.38,-8.54,12.42
223,3,patrol,bruiser,10.10,-7.00,13.59
223,4,patrol,pouncer,2.24,-11.19,14.33
224,1,patrol,swarm,-10.89,-5.13,14.39
224,2,patrol,swarm,-3.35,-8.57,12.33
224,3,patrol,bruiser,10.09,-6.98,13.47
224,4,patrol,pouncer,2.27,-11.23,14.25
225,1,patrol,swarm,-10.90,-5.13,14.38
225,2,patrol,swarm,-3.34,-8.57,12.31
225,3,patrol,bruiser,10.09,-6.97,13.45
225,4,patrol,pouncer,2.27,-11.23,14.24
226,1,patrol,swarm,-10.92,-5.12,14.36
226,2,patrol,swarm,-3.32,-8.59,12.24
226,3,patrol,bruiser,10.08,-6.96,13.36
226,4,patrol,pouncer,2.29,-11.26,14.17
227,1,patrol,swarm,-10.92,-5.12,14.35
227,2,patrol,swarm,-3.31,-8.59,12.22
227,3,patrol,bruiser,10.08,-6.95,13.33
227,4,patrol,pouncer,2.30,-11.26,14.15
228,1,patrol,swarm,-10.94,-5.12,14.33
228,2,patrol,swarm,-3.29,-8.61,12.14
228,3,patrol,bruiser,10.08,-6.93,13.24
228,4,patrol,pouncer,2.32,-11.29,14.09
229,1,patrol,swarm,-10.95,-5.11,14.32
229,2,patrol,swarm,-3.28,-8.61,12.12
229,3,patrol,bruiser,10.08,-6.93,13.21
229,4,patrol,pouncer,2.33,-11.30,14.07
230,1,patrol,swarm,-10.97,-5.11,14.30
230,2,patrol,swarm,-3.26,-8.63,12.06
230,3,patrol,bruiser,10.07,-6.91,13.13
230,4,alert,pouncer,2.33,-11.30,13.99
231,1,patrol,swarm,-10.98,-5.11,14.29
231,2,patrol,swarm,-3.25,-8.64,12.02
231,3,patrol,bruiser,10.07,-6.91,13.09
231,4,alert,pouncer,2.33,-11.30,13.95
232,1,patrol,swarm,-11.00,-5.10,14.27
232,2,alert,swarm,-3.25,-8.64,11.95
232,3,patrol,bruiser,10.07,-6.89,13.01
232,4,alert,pouncer,2.33,-11.30,13.87
233,1,patrol,swarm,-11.01,-5.10,14.26
233,2,alert,swarm,-3.25,-8.64,11.91
233,3,patrol,bruiser,10.06,-6.88,12.97
233,4,alert,pouncer,2.33,-11.30,13.82
234,1,patrol,swarm,-11.03,-5.10,14.23
234,2,alert,swarm,-3.25,-8.64,11.83
234,3,patrol,bruiser,10.06,-6.87,12.88
234,4,alert,pouncer,2.33,-11.30,13.73
235,1,patrol,swarm,-11.04,-5.10,14.23
235,2,alert,swarm,-3.25,-8.64,11.80
235,3,patrol,bruiser,10.06,-6.86,12.84
235,4,alert,pouncer,2.33,-11.30,13.69
236,1,patrol,swarm,-11.05,-5.09,14.21
236,2,alert,swarm,-3.25,-8.64,11.74
236,3,patrol,bruiser,10.05,-6.85,12.77
236,4,alert,pouncer,2.33,-11.30,13.62
237,1,patrol,swarm,-11.06,-5.09,14.20
237,2,alert,swarm,-3.25,-8.64,11.69
237,3,patrol,bruiser,10.05,-6.83,12.72
237,4,alert,pouncer,2.33,-11.30,13.56
238,1,patrol,swarm,-11.08,-5.09,14.18
238,2,alert,swarm,-3.25,-8.64,11.64
238,3,patrol,bruiser,10.05,-6.82,12.66
238,4,alert,pouncer,2.33,-11.30,13.50
239,1,patrol,swarm,-11.10,-5.08,14.16
239,2,alert,swarm,-3.25,-8.64,11.54
239,3,patrol,bruiser,10.04,-6.80,12.55
239,4,alert,pouncer,2.33,-11.30,13.39
240,1,patrol,swarm,-11.11,-5.08,14.15
240,2,alert,swarm,-3.25,-8.64,11.52
240,3,patrol,bruiser,10.04,-6.80,12.53
240,4,alert,pouncer,2.33,-11.30,13.37
241,1,patrol,swarm,-11.13,-5.08,14.14
241,2,alert,swarm,-3.25,-8.64,11.45
241,3,patrol,bruiser,10.04,-6.78,12.45
241,4,alert,pouncer,2.33,-11.30,13.29
242,1,patrol,swarm,-11.14,-5.07,14.13
242,2,alert,swarm,-3.25,-8.64,11.41
242,3,patrol,bruiser,10.04,-6.78,12.41
242,4,alert,pouncer,2.33,-11.30,13.24
243,1,patrol,swarm,-11.16,-5.07,14.11
243,2,alert,swarm,-3.25,-8.64,11.34
243,3,patrol,bruiser,10.03,-6.76,12.32
243,4,alert,pouncer,2.33,-11.30,13.15
244,1,patrol,swarm,-11.16,-5.07,14.11
244,2,alert,swarm,-3.25,-8.64,11.31
244,3,patrol,bruiser,10.03,-6.75,12.29
244,4,alert,pouncer,2.33,-11.30,13.12
245,1,patrol,swarm,-11.18,-5.06,14.09
245,2,alert,swarm,-3.25,-8.64,11.24
245,3,patrol,bruiser,10.03,-6.74,12.22
245,4,alert,pouncer,2.33,-11.30,13.04
246,1,patrol,swarm,-11.19,-5.06,14.08
246,2,alert,swarm,-3.25,-8.64,11.20
246,3,patrol,bruiser,10.02,-6.73,12.17
246,4,alert,pouncer,2.33,-11.30,12.99
247,1,patrol,swarm,-11.21,-5.06,14.07
247,2,alert,swarm,-3.25,-8.64,11.14
247,3,patrol,bruiser,10.02,-6.72,12.11
247,4,alert,pouncer,2.33,-11.30,12.93
248,1,patrol,swarm,-11.22,-5.06,14.06
248,2,alert,swarm,-3.25,-8.64,11.09
248,3,patrol,bruiser,10.02,-6.71,12.05
248,4,alert,pouncer,2.33,-11.30,12.86
249,1,patrol,swarm,-11.23,-5.05,14.05
249,2,alert,swarm,-3.25,-8.64,11.04
249,3,patrol,bruiser,10.02,-6.70,11.99
249,4,alert,pouncer,2.33,-11.30,12.80
250,1,patrol,swarm,-11.25,-5.05,14.04
250,2,alert,swarm,-3.25,-8.64,10.98
250,3,patrol,bruiser,10.01,-6.68,11.93
250,4,alert,pouncer,2.33,-11.30,12.74
251,1,patrol,swarm,-11.26,-5.05,14.03
251,2,alert,swarm,-3.25,-8.64,10.93
251,3,patrol,bruiser,10.01,-6.67,11.87
251,4,alert,pouncer,2.33,-11.30,12.67
252,1,patrol,swarm,-11.27,-5.04,14.02
252,2,alert,swarm,-3.25,-8.64,10.87
252,3,patrol,bruiser,10.01,-6.66,11.81
252,4,alert,pouncer,2.33,-11.30,12.61
253,1,patrol,swarm,-11.29,-5.04,14.01
253,2,alert,swarm,-3.25,-8.64,10.81
253,3,patrol,bruiser,10.00,-6.65,11.75
253,4,alert,pouncer,2.33,-11.30,12.54
254,1,patrol,swarm,-11.30,-5.04,14.00
254,2,alert,swarm,-3.25,-8.64,10.77
254,3,patrol,bruiser,10.00,-6.64,11.70
254,4,alert,pouncer,2.33,-11.30,12.49
255,1,patrol,swarm,-11.33,-5.03,13.99
255,2,alert,swarm,-3.25,-8.64,10.65
255,3,patrol,bruiser,9.99,-6.61,11.56
255,4,alert,pouncer,2.33,-11.30,12.34
256,1,patrol,swarm,-11.34,-5.03,13.98
256,2,chase,swarm,-3.25,-8.64,10.63
256,3,patrol,bruiser,9.99,-6.61,11.55
256,4,stalk,pouncer,2.33,-11.30,12.32
257,1,patrol,swarm,-11.38,-5.02,13.96
257,2,chase,swarm,-3.09,-8.46,10.23
257,3,patrol,bruiser,9.98,-6.57,11.36
257,4,stalk,pouncer,2.21,-11.21,12.02
258,1,patrol,swarm,-11.39,-5.02,13.96
258,2,chase,swarm,-3.07,-8.44,10.19
258,3,patrol,bruiser,9.98,-6.57,11.34
258,4,stalk,pouncer,2.22,-11.20,11.99
259,1,patrol,swarm,-11.41,-5.01,13.95
259,2,chase,swarm,-3.00,-8.35,10.00
259,3,patrol,bruiser,9.98,-6.55,11.25
259,4,stalk,pouncer,2.27,-11.15,11.85
260,1,patrol,swarm,-11.41,-5.01,13.95
260,2,chase,swarm,-2.98,-8.33,9.95
260,3,patrol,bruiser,9.98,-6.55,11.23
260,4,stalk,pouncer,2.28,-11.14,11.81
261,1,patrol,swarm,-11.44,-5.01,13.93
261,2,chase,swarm,-2.91,-8.21,9.71
261,3,patrol,bruiser,9.97,-6.52,11.12
261,4,stalk,pouncer,2.35,-11.08,11.64
262,1,patrol,swarm,-11.44,-5.01,13.93
262,2,chase,swarm,-2.90,-8.19,9.66
262,3,patrol,bruiser,9.97,-6.52,11.10
262,4,stalk,pouncer,2.36,-11.07,11.60
263,1,patrol,swarm,-11.46,-5.00,13.93
263,2,chase,swarm,-2.86,-8.10,9.51
263,3,patrol,bruiser,9.97,-6.51,11.03
263,4,stalk,pouncer,2.40,-11.03,11.49
264,1,patrol,swarm,-11.47,-5.00,13.92
264,2,chase,swarm,-2.85,-8.08,9.46
264,3,patrol,bruiser,9.96,-6.50,11.01
264,4,stalk,pouncer,2.41,-11.02,11.46
265,1,patrol,swarm,-11.50,-5.00,13.92
265,2,chase,swarm,-2.80,-7.92,9.19
265,3,patrol,bruiser,9.96,-6.48,10.89
265,4,stalk,pouncer,2.48,-10.96,11.26
266,1,patrol,swarm,-11.50,-4.99,13.91
266,2,chase,swarm,-2.80,-7.90,9.14
266,3,patrol,bruiser,9.96,-6.47,10.87
266,4,stalk,pouncer,2.50,-10.95,11.23
267,1,patrol,swarm,-11.52,-4.99,13.91
267,2,chase,swarm,-2.78,-7.81,8.98
267,3,patrol,bruiser,9.95,-6.46,10.80
267,4,stalk,pouncer,2.54,-10.91,11.11
268,1,patrol,swarm,-11.52,-4.99,13.91
268,2,chase,swarm,-2.77,-7.78,8.94
268,3,patrol,bruiser,9.95,-6.45,10.78
268,4,stalk,pouncer,2.55,-10.90,11.08
269,1,patrol,swarm,-11.57,-4.98,13.90
269,2,chase,swarm,-2.76,-7.54,8.56
269,3,patrol,bruiser,9.94,-6.42,10.60
269,4,stalk,pouncer,2.67,-10.80,10.79
270,1,patrol,swarm,-11.57,-4.98,13.90
270,2,chase,swarm,-2.76,-7.51,8.51
270,3,patrol,bruiser,9.94,-6.41,10.58
270,4,stalk,pouncer,2.68,-10.79,10.75
271,1,patrol,swarm,-11.59,-4.97,13.90
271,2,chase,swarm,-2.76,-7.40,8.34
271,3,patrol,bruiser,9.94,-6.40,10.50
271,4,stalk,pouncer,2.73,-10.75,10.62
272,1,patrol,swarm,-11.60,-4.97,13.90
272,2,chase,swarm,-2.76,-7.37,8.30
272,3,patrol,bruiser,9.94,-6.39,10.48
272,4,stalk,pouncer,2.75,-10.74,10.59
273,1,patrol,swarm,-11.62,-4.97,13.89
273,2,chase,swarm,-2.76,-7.28,8.16
273,3,patrol,bruiser,9.93,-6.38,10.42
273,4,stalk,pouncer,2.79,-10.70,10.48
274,1,patrol,swarm,-11.62,-4.97,13.89
274,2,chase,swarm,-2.76,-7.26,8.13
274,3,patrol,bruiser,9.93,-6.38,10.40
274,4,stalk,pouncer,2.80,-10.69,10.45
275,1,patrol,swarm,-11.64,-4.96,13.89
275,2,chase,swarm,-2.77,-7.14,7.96
275,3,patrol,bruiser,9.93,-6.36,10.32
275,4,stalk,pouncer,2.86,-10.65,10.32
276,1,patrol,swarm,-11.65,-4.96,13.89
276,2,chase,swarm,-2.77,-7.12,7.92
276,3,patrol,bruiser,9.93,-6.35,10.30
276,4,stalk,pouncer,2.87,-10.64,10.29
277,1,patrol,swarm,-11.67,-4.96,13.89
277,2,chase,swarm,-2.79,-7.00,7.75
277,3,patrol,bruiser,9.92,-6.34,10.21
277,4,stalk,pouncer,2.93,-10.60,10.15
278,1,patrol,swarm,-11.67,-4.96,13.89
278,2,chase,swarm,-2.79,-6.97,7.71
278,3,patrol,bruiser,9.92,-6.33,10.19
278,4,stalk,pouncer,2.94,-10.59,10.12
279,1,patrol,swarm,-11.69,-4.95,13.89
279,2,chase,swarm,-2.80,-6.88,7.59
279,3,patrol,bruiser,9.92,-6.32,10.13
279,4,stalk,pouncer,2.99,-10.55,10.01
280,1,patrol,swarm,-11.69,-4.95,13.89
280,2,chase,swarm,-2.81,-6.85,7.54
280,3,patrol,bruiser,9.91,-6.31,10.11
280,4,stalk,pouncer,3.00,-10.54,9.98
281,1,patrol,swarm,-11.73,-4.95,13.90
281,2,chase,swarm,-2.83,-6.68,7.31
281,3,patrol,bruiser,9.91,-6.29,9.99
281,4,stalk,pouncer,3.09,-10.48,9.78
282,1,patrol,swarm,-11.73,-4.94,13.90
282,2,chase,swarm,-2.84,-6.65,7.27
282,3,patrol,bruiser,9.91,-6.28,9.97
282,4,stalk,pouncer,3.10,-10.47,9.74
283,1,patrol,swarm,-11.75,-4.94,13.90
283,2,chase,swarm,-2.85,-6.55,7.15
283,3,patrol,bruiser,9.90,-6.27,9.90
283,4,stalk,pouncer,3.15,-10.43,9.63
284,1,patrol,swarm,-11.75,-4.94,13.90
284,2,chase,swarm,-2.86,-6.53,7.11
284,3,patrol,bruiser,9.90,-6.26,9.88
284,4,stalk,pouncer,3.16,-10.42,9.60
285,1,patrol,swarm,-11.78,-4.93,13.91
285,2,chase,swarm,-2.88,-6.36,6.91
285,3,patrol,bruiser,9.90,-6.24,9.77
285,4,stalk,pouncer,3.25,-10.37,9.42
286,1,patrol,swarm,-11.79,-4.93,13.91
286,2,chase,swarm,-2.88,-6.33,6.87
286,3,patrol,bruiser,9.89,-6.24,9.76
286,4,stalk,pouncer,3.26,-10.36,9.39
287,1,patrol,swarm,-11.81,-4.93,13.91
287,2,chase,swarm,-2.90,-6.24,6.75
287,3,patrol,bruiser,9.89,-6.22,9.69
287,4,stalk,pouncer,3.31,-10.33,9.28
288,1,patrol,swarm,-11.81,-4.93,13.92
288,2,chase,swarm,-2.90,-6.21,6.72
288,3,patrol,bruiser,9.89,-6.22,9.67
288,4,stalk,pouncer,3.33,-10.32,9.25
289,1,patrol,swarm,-11.83,-4.92,13.92
289,2,chase,swarm,-2.91,-6.12,6.61
289,3,patrol,bruiser,9.89,-6.20,9.62
289,4,stalk,pouncer,3.37,-10.29,9.15
290,1,patrol,swarm,-11.83,-4.92,13.92
290,2,chase,swarm,-2.91,-6.09,6.58
290,3,patrol,bruiser,9.89,-6.20,9.60
290,4,stalk,pouncer,3.39,-10.28,9.12
291,1,patrol,swarm,-11.87,-4.91,13.94
291,2,chase,swarm,-2.93,-5.89,6.34
291,3,patrol,bruiser,9.92,-6.22,9.52
291,4,stalk,pouncer,3.49,-10.21,8.90
292,1,patrol,swarm,-11.87,-4.91,13.94
292,2,chase,swarm,-2.93,-5.87,6.31
292,3,patrol,bruiser,9.92,-6.22,9.51
292,4,stalk,pouncer,3.51,-10.20,8.88
293,1,patrol,swarm,-11.89,-4.91,13.95
293,2,chase,swarm,-2.93,-5.76,6.18
293,3,patrol,bruiser,9.94,-6.23,9.48
293,4,stalk,pouncer,3.56,-10.17,8.76
294,1,patrol,swarm,-11.90,-4.91,13.95
294,2,chase,swarm,-2.93,-5.73,6.15
294,3,patrol,bruiser,9.94,-6.23,9.47
294,4,stalk,pouncer,3.58,-10.16,8.73
295,1,patrol,swarm,-11.92,-4.90,13.96
295,2,chase,swarm,-2.93,-5.61,6.01
295,3,patrol,bruiser,9.96,-6.24,9.43
295,4,stalk,pouncer,3.64,-10.12,8.60
296,1,patrol,swarm,-11.92,-4.90,13.96
296,2,chase,swarm,-2.93,-5.58,5.98
296,3,patrol,bruiser,9.97,-6.24,9.42
296,4,stalk,pouncer,3.66,-10.11,8.58
297,1,patrol,swarm,-11.95,-4.90,13.97
297,2,chase,swarm,-2.92,-5.45,5.84
297,3,patrol,bruiser,9.99,-6.25,9.37
297,4,stalk,pouncer,3.72,-10.07,8.44
298,1,patrol,swarm,-11.95,-4.90,13.98
298,2,chase,swarm,-2.92,-5.43,5.81
298,3,patrol,bruiser,9.99,-6.25,9.37
298,4,stalk,pouncer,3.74,-10.06,8.42
299,1,patrol,swarm,-11.97,-4.89,13.98
299,2,chase,swarm,-2.91,-5.34,5.72
299,3,patrol,bruiser,10.00,-6.26,9.34
299,4,stalk,pouncer,3.78,-10.04,8.33
300,1,patrol,swarm,-11.97,-4.89,13.99
300,2,chase,swarm,-2.90,-5.31,5.68
300,3,patrol,bruiser,10.01,-6.26,9.33
300,4,stalk,pouncer,3.80,-10.03,8.30
301,1,patrol,swarm,-11.99,-4.89,14.00
301,2,chase,swarm,-2.88,-5.18,5.54
301,3,patrol,bruiser,10.03,-6.27,9.28
301,4,stalk,pouncer,3.87,-9.99,8.16
302,1,patrol,swarm,-12.00,-4.89,14.01
302,2,chase,swarm,-2.87,-5.15,5.51
302,3,patrol,bruiser,10.04,-6.27,9.28
302,4,stalk,pouncer,3.89,-9.98,8.13
303,1,patrol,swarm,-12.04,-4.88,14.03
303,2,chase,swarm,-2.81,-4.95,5.27
303,3,patrol,bruiser,10.07,-6.29,9.21
303,4,stalk,pouncer,4.00,-9.92,7.92
304,1,patrol,swarm,-12.04,-4.88,14.04
304,2,chase,swarm,-2.80,-4.92,5.24
304,3,patrol,bruiser,10.07,-6.29,9.20
304,4,stalk,pouncer,4.02,-9.91,7.90
305,1,patrol,swarm,-12.07,-4.87,14.06
305,2,chase,swarm,-2.72,-4.75,5.04
305,3,patrol,bruiser,10.10,-6.31,9.15
305,4,stalk,pouncer,4.12,-9.86,7.72
306,1,patrol,swarm,-12.08,-4.87,14.06
306,2,chase,swarm,-2.71,-4.73,5.01
306,3,patrol,bruiser,10.11,-6.31,9.14
306,4,stalk,pouncer,4.13,-9.85,7.69
307,1,patrol,swarm,-12.10,-4.86,14.08
307,2,chase,swarm,-2.64,-4.61,4.86
307,3,patrol,bruiser,10.13,-6.32,9.10
307,4,stalk,pouncer,4.21,-9.81,7.56
308,1,patrol,swarm,-12.11,-4.86,14.09
308,2,chase,swarm,-2.62,-4.60,4.84
308,3,patrol,bruiser,10.13,-6.32,9.09
308,4,stalk,pouncer,4.22,-9.80,7.54
309,1,patrol,swarm,-12.13,-4.86,14.11
309,2,chase,swarm,-2.56,-4.51,4.72
309,3,patrol,bruiser,10.15,-6.33,9.06
309,4,stalk,pouncer,4.28,-9.77,7.44
310,1,patrol,swarm,-12.13,-4.86,14.11
310,2,chase,swarm,-2.54,-4.49,4.69
310,3,patrol,bruiser,10.15,-6.33,9.06
310,4,stalk,pouncer,4.29,-9.77,7.42
311,1,patrol,swarm,-12.15,-4.85,14.13
311,2,chase,swarm,-2.44,-4.39,4.54
311,3,alert,bruiser,10.15,-6.33,8.99
311,4,stalk,pouncer,4.37,-9.73,7.29
312,1,patrol,swarm,-12.16,-4.85,14.14
312,2,chase,swarm,-2.42,-4.38,4.51
312,3,alert,bruiser,10.15,-6.33,8.98
312,4,stalk,pouncer,4.38,-9.72,7.27
313,1,patrol,swarm,-12.17,-4.85,14.15
313,2,chase,swarm,-2.35,-4.32,4.41
313,3,alert,bruiser,10.15,-6.33,8.94
313,4,stalk,pouncer,4.43,-9.70,7.19
314,1,patrol,swarm,-12.18,-4.85,14.16
314,2,chase,swarm,-2.33,-4.31,4.39
314,3,alert,bruiser,10.15,-6.33,8.93
314,4,stalk,pouncer,4.44,-9.69,7.16
315,1,patrol,swarm,-12.21,-4.84,14.19
315,2,chase,swarm,-2.19,-4.23,4.21
315,3,alert,bruiser,10.15,-6.33,8.86
315,4,stalk,pouncer,4.53,-9.65,7.02
316,1,patrol,swarm,-12.21,-4.84,14.19
316,2,chase,swarm,-2.17,-4.23,4.18
316,3,alert,bruiser,10.15,-6.33,8.85
316,4,stalk,pouncer,4.55,-9.64,7.00
317,1,patrol,swarm,-12.23,-4.84,14.21
317,2,chase,swarm,-2.06,-4.19,4.06
317,3,alert,bruiser,10.15,-6.33,8.81
317,4,stalk,pouncer,4.61,-9.61,6.90
318,1,patrol,swarm,-12.23,-4.83,14.22
318,2,chase,swarm,-2.04,-4.18,4.04
318,3,alert,bruiser,10.15,-6.33,8.80
318,4,stalk,pouncer,4.62,-9.60,6.88
319,1,patrol,swarm,-12.25,-4.83,14.24
319,2,chase,swarm,-1.92,-4.16,3.91
319,3,alert,bruiser,10.15,-6.33,8.75
319,4,stalk,pouncer,4.68,-9.57,6.78
320,1,patrol,swarm,-12.26,-4.83,14.24
320,2,chase,swarm,-1.90,-4.16,3.89
320,3,alert,bruiser,10.15,-6.33,8.74
320,4,stalk,pouncer,4.70,-9.57,6.76
321,1,patrol,swarm,-12.29,-4.82,14.28
321,2,chase,swarm,-1.70,-4.16,3.69
321,3,alert,bruiser,10.15,-6.33,8.66
321,4,stalk,pouncer,4.81,-9.51,6.59
322,1,patrol,swarm,-12.30,-4.82,14.29
322,2,chase,swarm,-1.67,-4.16,3.66
322,3,alert,bruiser,10.15,-6.33,8.65
322,4,stalk,pouncer,4.82,-9.51,6.57
323,1,patrol,swarm,-12.32,-4.82,14.32
323,2,chase,swarm,-1.55,-4.19,3.54
323,3,alert,bruiser,10.15,-6.33,8.60
323,4,stalk,pouncer,4.89,-9.47,6.47
324,1,patrol,swarm,-12.32,-4.82,14.32
324,2,chase,swarm,-1.52,-4.19,3.52
324,3,alert,bruiser,10.15,-6.33,8.59
324,4,stalk,pouncer,4.91,-9.46,6.45
325,1,patrol,swarm,-12.34,-4.81,14.35
325,2,chase,swarm,-1.42,-4.22,3.42
325,3,alert,bruiser,10.15,-6.33,8.55
325,4,stalk,pouncer,4.97,-9.44,6.36
326,1,patrol,swarm,-12.34,-4.81,14.35
326,2,chase,swarm,-1.40,-4.23,3.40
326,3,alert,bruiser,10.15,-6.33,8.55
326,4,stalk,pouncer,4.98,-9.43,6.34
327,1,patrol,swarm,-12.36,-4.81,14.38
327,2,chase,swarm,-1.31,-4.26,3.32
327,3,alert,bruiser,10.15,-6.33,8.51
327,4,stalk,pouncer,5.03,-9.40,6.27
328,1,patrol,swarm,-12.36,-4.81,14.38
328,2,chase,swarm,-1.29,-4.27,3.30
328,3,alert,bruiser,10.15,-6.33,8.50
328,4,stalk,pouncer,5.04,-9.40,6.25
329,1,patrol,swarm,-12.38,-4.80,14.40
329,2,chase,swarm,-1.19,-4.32,3.20
329,3,alert,bruiser,10.15,-6.33,8.48
329,4,stalk,pouncer,5.11,-9.37,6.20
330,1,patrol,swarm,-12.39,-4.80,14.41
330,2,chase,swarm,-1.16,-4.33,3.18
330,3,alert,bruiser,10.15,-6.33,8.48
330,4,stalk,pouncer,5.12,-9.36,6.20
331,1,patrol,swarm,-12.40,-4.80,14.43
331,2,chase,swarm,-1.08,-4.38,3.10
331,3,alert,bruiser,10.15,-6.33,8.48
331,4,stalk,pouncer,5.17,-9.33,6.20
332,1,patrol,swarm,-12.41,-4.80,14.43
332,2,chase,swarm,-1.06,-4.39,3.08
332,3,alert,bruiser,10.15,-6.33,8.48
332,4,stalk,pouncer,5.18,-9.32,6.20
333,1,patrol,swarm,-12.44,-4.79,14.47
333,2,chase,swarm,-0.87,-4.51,2.92
333,3,alert,bruiser,10.15,-6.33,8.48
333,4,stalk,pouncer,5.30,-9.26,6.21
334,1,patrol,swarm,-12.45,-4.79,14.47
334,2,chase,swarm,-0.85,-4.52,2.90
334,3,alert,bruiser,10.15,-6.33,8.48
334,4,stalk,pouncer,5.32,-9.25,6.21
335,1,patrol,swarm,-12.46,-4.78,14.48
335,2,chase,swarm,-0.77,-4.57,2.83
335,3,alert,bruiser,10.15,-6.33,8.48
335,4,stalk,pouncer,5.37,-9.23,6.22
336,1,patrol,swarm,-12.47,-4.78,14.49
336,2,chase,swarm,-0.75,-4.58,2.81
336,3,alert,bruiser,10.15,-6.33,8.48
336,4,stalk,pouncer,5.38,-9.22,6.22
337,1,patrol,swarm,-12.50,-4.78,14.53
337,2,chase,swarm,-0.57,-4.70,2.66
337,3,alert,bruiser,10.15,-6.33,8.48
337,4,stalk,pouncer,5.50,-9.15,6.22
338,1,patrol,swarm,-12.51,-4.77,14.53
338,2,chase,swarm,-0.55,-4.71,2.65
338,3,alert,bruiser,10.15,-6.33,8.48
338,4,stalk,pouncer,5.51,-9.14,6.22
339,1,patrol,swarm,-12.54,-4.77,14.56
339,2,chase,swarm,-0.37,-4.82,2.51
339,3,alert,bruiser,10.15,-6.33,8.48
339,4,stalk,pouncer,5.61,-9.08,6.23
340,1,patrol,swarm,-12.55,-4.77,14.57
340,2,chase,swarm,-0.35,-4.83,2.49
340,3,advance,bruiser,10.15,-6.33,8.48
340,4,stalk,pouncer,5.63,-9.07,6.23
341,1,patrol,swarm,-12.56,-4.76,14.58
341,2,chase,swarm,-0.25,-4.88,2.42
341,3,advance,bruiser,10.11,-6.32,8.44
341,4,stalk,pouncer,5.68,-9.03,6.23
342,1,patrol,swarm,-12.57,-4.76,14.59
342,2,chase,swarm,-0.23,-4.90,2.41
342,3,advance,bruiser,10.10,-6.32,8.43
342,4,stalk,pouncer,5.70,-9.02,6.24
343,1,patrol,swarm,-12.59,-4.76,14.61
343,2,chase,swarm,-0.14,-4.94,2.34
343,3,advance,bruiser,10.06,-6.31,8.38
343,4,stalk,pouncer,5.75,-8.98,6.24
344,1,patrol,swarm,-12.59,-4.76,14.61
344,2,chase,swarm,-0.11,-4.96,2.32
344,3,advance,bruiser,10.05,-6.30,8.37
344,4,stalk,pouncer,5.76,-8.98,6.24
345,1,patrol,swarm,-12.62,-4.75,14.64
345,2,chase,swarm,0.04,-5.02,2.21
345,3,advance,bruiser,9.99,-6.29,8.31
345,4,stalk,pouncer,5.85,-8.92,6.24
346,1,patrol,swarm,-12.62,-4.75,14.64
346,2,chase,swarm,0.06,-5.03,2.20
346,3,advance,bruiser,9.98,-6.28,8.30
346,4,stalk,pouncer,5.86,-8.91,6.24
347,1,patrol,swarm,-12.66,-4.74,14.68
347,2,chase,swarm,0.27,-5.11,2.06
347,3,advance,bruiser,9.90,-6.26,8.21
347,4,stalk,pouncer,5.97,-8.83,6.25
348,1,patrol,swarm,-12.66,-4.74,14.68
348,2,chase,swarm,0.30,-5.12,2.04
348,3,advance,bruiser,9.89,-6.26,8.20
348,4,stalk,pouncer,5.99,-8.82,6.25
349,1,patrol,swarm,-12.84,-4.70,14.86
349,2,chase,swarm,1.40,-5.13,1.28
349,3,advance,bruiser,9.48,-6.14,7.78
349,4,stalk,pouncer,6.52,-8.41,6.31
350,1,patrol,swarm,-12.85,-4.70,14.86
350,2,windup,swarm,1.40,-5.13,1.28
350,3,advance,bruiser,9.47,-6.14,7.77
350,4,stalk,pouncer,6.54,-8.39,6.31
351,1,patrol,swarm,-12.86,-4.69,14.88
351,2,windup,swarm,1.40,-5.13,1.28
351,3,advance,bruiser,9.43,-6.13,7.73
351,4,stalk,pouncer,6.58,-8.35,6.32
352,1,patrol,swarm,-12.86,-4.68,14.88
352,2,windup,swarm,1.40,-5.13,1.28
352,3,advance,bruiser,9.42,-6.12,7.72
352,4,stalk,pouncer,6.59,-8.34,6.32
353,1,patrol,swarm,-12.87,-4.67,14.89
353,2,windup,swarm,1.40,-5.13,1.28
353,3,advance,bruiser,9.38,-6.11,7.68
353,4,stalk,pouncer,6.63,-8.30,6.32
354,1,patrol,swarm,-12.88,-4.67,14.89
354,2,windup,swarm,1.40,-5.13,1.28
354,3,advance,bruiser,9.38,-6.11,7.67
354,4,stalk,pouncer,6.64,-8.29,6.32
355,1,patrol,swarm,-12.89,-4.65,14.91
355,2,windup,swarm,1.40,-5.13,1.28
355,3,advance,bruiser,9.33,-6.10,7.62
355,4,stalk,pouncer,6.70,-8.23,6.32
356,1,patrol,swarm,-12.90,-4.65,14.91
356,2,windup,swarm,1.40,-5.13,1.28
356,3,advance,bruiser,9.32,-6.09,7.61
356,4,stalk,pouncer,6.71,-8.22,6.32
357,1,patrol,swarm,-12.91,-4.63,14.92
357,2,windup,swarm,1.40,-5.13,1.28
357,3,advance,bruiser,9.27,-6.08,7.56
357,4,stalk,pouncer,6.76,-8.16,6.33
358,1,patrol,swarm,-12.91,-4.63,14.93
358,2,windup,swarm,1.40,-5.13,1.28
358,3,advance,bruiser,9.26,-6.08,7.55
358,4,stalk,pouncer,6.77,-8.15,6.33
359,1,patrol,swarm,-13.02,-4.52,15.03
359,2,windup,swarm,1.40,-5.13,1.28
359,3,advance,bruiser,8.94,-5.99,7.22
359,4,stalk,pouncer,7.13,-7.76,6.36
360,1,patrol,swarm,-13.02,-4.52,15.03
360,2,strike,swarm,1.40,-5.13,1.28
360,3,advance,bruiser,8.93,-5.98,7.21
360,4,stalk,pouncer,7.14,-7.75,6.36
361,1,patrol,swarm,-13.04,-4.50,15.04
361,2,strike,swarm,1.48,-4.98,1.11
361,3,advance,bruiser,8.89,-5.97,7.16
361,4,stalk,pouncer,7.19,-7.69,6.36
362,1,patrol,swarm,-13.04,-4.50,15.05
362,2,strike,swarm,1.50,-4.95,1.07
362,3,advance,bruiser,8.88,-5.97,7.15
362,4,stalk,pouncer,7.20,-7.67,6.36
363,1,patrol,swarm,-13.06,-4.48,15.06
363,2,strike,swarm,1.59,-4.78,0.88
363,3,advance,bruiser,8.82,-5.95,7.10
363,4,stalk,pouncer,7.25,-7.60,6.37
364,1,patrol,swarm,-13.06,-4.48,15.07
364,2,strike,swarm,1.61,-4.74,0.84
364,3,advance,bruiser,8.81,-5.95,7.08
364,4,stalk,pouncer,7.26,-7.59,6.37
365,1,patrol,swarm,-13.08,-4.46,15.09
365,2,strike,swarm,1.70,-4.56,0.63
365,3,advance,bruiser,8.75,-5.93,7.03
365,4,stalk,pouncer,7.31,-7.51,6.37
366,1,patrol,swarm,-13.08,-4.46,15.09
366,2,strike,swarm,1.73,-4.52,0.58
366,3,advance,bruiser,8.74,-5.93,7.01
366,4,stalk,pouncer,7.33,-7.50,6.37
367,1,patrol,swarm,-13.10,-4.44,15.11
367,2,strike,swarm,1.82,-4.35,0.39
367,3,advance,bruiser,8.69,-5.91,6.96
367,4,stalk,pouncer,7.37,-7.42,6.37
368,1,patrol,swarm,-13.10,-4.44,15.11
368,2,strike,swarm,1.84,-4.31,0.35
368,3,advance,bruiser,8.68,-5.91,6.94
368,4,stalk,pouncer,7.39,-7.41,6.37
369,1,patrol,swarm,-13.12,-4.42,15.12
369,2,strike,swarm,1.93,-4.14,0.16
369,3,advance,bruiser,8.63,-5.90,6.89
369,4,stalk,pouncer,7.43,-7.34,6.38
370,1,patrol,swarm,-13.12,-4.41,15.13
370,2,strike,swarm,1.95,-4.10,0.12
370,3,advance,bruiser,8.61,-5.89,6.88
370,4,stalk,pouncer,7.44,-7.32,6.38
371,1,patrol,swarm,-13.14,-4.40,15.14
371,2,strike,swarm,2.02,-3.96,0.04
371,3,advance,bruiser,8.57,-5.88,6.84
371,4,stalk,pouncer,7.48,-7.26,6.38
372,1,patrol,swarm,-13.14,-4.40,15.14
372,2,recover,swarm,2.04,-3.93,0.08
372,3,advance,bruiser,8.56,-5.88,6.82
372,4,stalk,pouncer,7.49,-7.25,6.38
373,1,patrol,swarm,-13.15,-4.38,15.16
373,2,recover,swarm,2.04,-3.93,0.08
373,3,advance,bruiser,8.51,-5.86,6.77
373,4,stalk,pouncer,7.53,-7.18,6.38
374,1,patrol,swarm,-13.16,-4.38,15.16
374,2,recover,swarm,2.04,-3.93,0.08
374,3,advance,bruiser,8.50,-5.86,6.76
374,4,stalk,pouncer,7.54,-7.16,6.38
375,1,patrol,swarm,-13.17,-4.36,15.18
375,2,recover,swarm,2.04,-3.93,0.08
375,3,advance,bruiser,8.45,-5.84,6.71
375,4,stalk,pouncer,7.59,-7.09,6.38
376,1,patrol,swarm,-13.18,-4.36,15.18
376,2,recover,swarm,2.04,-3.93,0.08
376,3,advance,bruiser,8.43,-5.84,6.69
376,4,stalk,pouncer,7.60,-7.07,6.38
377,1,patrol,swarm,-13.21,-4.33,15.21
377,2,recover,swarm,2.04,-3.93,0.08
377,3,advance,bruiser,8.35,-5.82,6.60
377,4,stalk,pouncer,7.67,-6.95,6.39
378,1,patrol,swarm,-13.21,-4.33,15.21
378,2,recover,swarm,2.04,-3.93,0.08
378,3,advance,bruiser,8.34,-5.81,6.59
378,4,stalk,pouncer,7.68,-6.93,6.39
379,1,patrol,swarm,-13.23,-4.31,15.23
379,2,recover,swarm,2.04,-3.93,0.08
379,3,advance,bruiser,8.28,-5.79,6.53
379,4,stalk,pouncer,7.72,-6.84,6.39
380,1,patrol,swarm,-13.23,-4.30,15.24
380,2,recover,swarm,2.04,-3.93,0.08
380,3,advance,bruiser,8.27,-5.79,6.52
380,4,stalk,pouncer,7.73,-6.82,6.39
381,1,patrol,swarm,-13.25,-4.28,15.25
381,2,recover,swarm,2.04,-3.93,0.08
381,3,advance,bruiser,8.22,-5.76,6.46
381,4,stalk,pouncer,7.78,-6.74,6.39
382,1,patrol,swarm,-13.25,-4.28,15.26
382,2,recover,swarm,2.04,-3.93,0.08
382,3,advance,bruiser,8.21,-5.75,6.45
382,4,stalk,pouncer,7.78,-6.72,6.39
383,1,patrol,swarm,-13.27,-4.26,15.27
383,2,recover,swarm,2.04,-3.93,0.08
383,3,advance,bruiser,8.16,-5.71,6.40
383,4,stalk,pouncer,7.83,-6.64,6.40
384,1,patrol,swarm,-13.27,-4.26,15.28
384,2,recover,swarm,2.04,-3.93,0.08
384,3,advance,bruiser,8.16,-5.70,6.39
384,4,stalk,pouncer,7.84,-6.63,6.40
385,1,patrol,swarm,-13.29,-4.24,15.29
385,2,recover,swarm,2.04,-3.93,0.08
385,3,advance,bruiser,8.12,-5.65,6.34
385,4,stalk,pouncer,7.90,-6.55,6.42
386,1,patrol,swarm,-13.30,-4.24,15.30
386,2,recover,swarm,2.04,-3.93,0.08
386,3,advance,bruiser,8.11,-5.65,6.33
386,4,stalk,pouncer,7.91,-6.54,6.43
387,1,patrol,swarm,-13.31,-4.22,15.31
387,2,recover,swarm,2.04,-3.93,0.08
387,3,advance,bruiser,8.08,-5.61,6.29
387,4,stalk,pouncer,7.98,-6.49,6.47
388,1,patrol,swarm,-13.31,-4.22,15.31
388,2,recover,swarm,2.04,-3.93,0.08
388,3,advance,bruiser,8.07,-5.60,6.28
388,4,stalk,pouncer,7.99,-6.49,6.49
389,1,patrol,swarm,-13.33,-4.20,15.33
389,2,recover,swarm,2.04,-3.93,0.08
389,3,advance,bruiser,8.04,-5.55,6.23
389,4,stalk,pouncer,8.08,-6.46,6.56
390,1,patrol,swarm,-13.33,-4.20,15.33
390,2,recover,swarm,2.04,-3.93,0.08
390,3,advance,bruiser,8.03,-5.55,6.22
390,4,stalk,pouncer,8.10,-6.45,6.57
391,1,patrol,swarm,-13.35,-4.18,15.35
391,2,recover,swarm,2.04,-3.93,0.08
391,3,advance,bruiser,7.99,-5.51,6.18
391,4,stalk,pouncer,8.17,-6.43,6.63
392,1,patrol,swarm,-13.35,-4.18,15.35
392,2,recover,swarm,2.04,-3.93,0.08
392,3,advance,bruiser,7.99,-5.50,6.17
392,4,stalk,pouncer,8.18,-6.42,6.64
393,1,patrol,swarm,-13.36,-4.17,15.36
393,2,recover,swarm,2.04,-3.93,0.08
393,3,advance,bruiser,7.95,-5.48,6.13
393,4,stalk,pouncer,8.24,-6.39,6.69
394,1,patrol,swarm,-13.37,-4.16,15.37
394,2,recover,swarm,2.04,-3.93,0.08
394,3,advance,bruiser,7.94,-5.47,6.12
394,4,stalk,pouncer,8.26,-6.38,6.70
395,1,patrol,swarm,-13.38,-4.15,15.38
395,2,recover,swarm,2.04,-3.93,0.08
395,3,advance,bruiser,7.91,-5.44,6.08
395,4,stalk,pouncer,8.32,-6.35,6.75
396,1,patrol,swarm,-13.38,-4.15,15.38
396,2,recover,swarm,2.04,-3.93,0.08
396,3,advance,bruiser,7.90,-5.44,6.07
396,4,stalk,pouncer,8.34,-6.33,6.76
397,1,patrol,swarm,-13.51,-4.02,15.51
397,2,recover,swarm,2.04,-3.93,0.08
397,3,advance,bruiser,7.54,-5.21,5.67
397,4,stalk,pouncer,8.89,-5.94,7.15
398,1,patrol,swarm,-13.51,-4.02,15.51
398,2,chase,swarm,2.04,-3.93,0.08
398,3,advance,bruiser,7.53,-5.21,5.66
398,4,stalk,pouncer,8.89,-5.92,7.15
399,1,patrol,swarm,-13.52,-4.00,15.52
399,2,windup,swarm,2.04,-3.93,0.08
399,3,advance,bruiser,7.48,-5.20,5.61
399,4,stalk,pouncer,8.86,-6.00,7.14
400,1,patrol,swarm,-13.53,-4.00,15.53
400,2,windup,swarm,2.04,-3.93,0.08
400,3,advance,bruiser,7.46,-5.20,5.59
400,4,stalk,pouncer,8.85,-6.02,7.14
401,1,patrol,swarm,-13.54,-3.99,15.54
401,2,windup,swarm,2.04,-3.93,0.08
401,3,advance,bruiser,7.42,-5.19,5.55
401,4,stalk,pouncer,8.83,-6.08,7.14
402,1,patrol,swarm,-13.54,-3.98,15.54
402,2,windup,swarm,2.04,-3.93,0.08
402,3,advance,bruiser,7.41,-5.18,5.54
402,4,stalk,pouncer,8.82,-6.10,7.13
403,1,patrol,swarm,-13.56,-3.96,15.56
403,2,windup,swarm,2.04,-3.93,0.08
403,3,advance,bruiser,7.35,-5.17,5.48
403,4,stalk,pouncer,8.78,-6.19,7.13
404,1,patrol,swarm,-13.56,-3.96,15.56
404,2,windup,swarm,2.04,-3.93,0.08
404,3,advance,bruiser,7.34,-5.17,5.46
404,4,stalk,pouncer,8.77,-6.21,7.12
405,1,patrol,swarm,-13.58,-3.94,15.47
405,2,windup,swarm,2.04,-3.93,0.16
405,3,advance,bruiser,7.27,-5.15,5.53
405,4,stalk,pouncer,8.73,-6.31,7.25
406,1,patrol,swarm,-13.59,-3.94,15.45
406,2,windup,swarm,2.04,-3.93,0.18
406,3,advance,bruiser,7.26,-5.15,5.54
406,4,stalk,pouncer,8.72,-6.32,7.28
407,1,patrol,swarm,-13.60,-3.93,15.40
407,2,windup,swarm,2.04,-3.93,0.25
407,3,advance,bruiser,7.22,-5.14,5.58
407,4,stalk,pouncer,8.69,-6.37,7.34
408,1,patrol,swarm,-13.60,-3.92,15.39
408,2,windup,swarm,2.04,-3.93,0.28
408,3,advance,bruiser,7.21,-5.14,5.59
408,4,stalk,pouncer,8.68,-6.39,7.36
409,1,patrol,swarm,-13.61,-3.91,15.34
409,2,windup,swarm,2.04,-3.93,0.35
409,3,advance,bruiser,7.18,-5.13,5.62
409,4,stalk,pouncer,8.66,-6.43,7.42
410,1,patrol,swarm,-13.61,-3.91,15.33
410,2,windup,swarm,2.04,-3.93,0.37
410,3,advance,bruiser,7.17,-5.13,5.63
410,4,stalk,pouncer,8.65,-6.45,7.44
411,1,patrol,swarm,-13.63,-3.90,15.26
411,2,windup,swarm,2.04,-3.93,0.48
411,3,advance,bruiser,7.12,-5.12,5.68
411,4,stalk,pouncer,8.61,-6.52,7.54
412,1,patrol,swarm,-13.63,-3.89,15.25
412,2,windup,swarm,2.04,-3.93,0.50
412,3,advance,bruiser,7.11,-5.11,5.69
412,4,stalk,pouncer,8.60,-6.53,7.56
413,1,patrol,swarm,-13.65,-3.88,15.17
413,2,windup,swarm,2.04,-3.93,0.63
413,3,advance,bruiser,7.06,-5.10,5.75
413,4,stalk,pouncer,8.55,-6.61,7.66
414,1,patrol,swarm,-13.65,-3.87,15.15
414,2,strike,swarm,2.04,-3.93,0.66
414,3,advance,bruiser,7.05,-5.09,5.76
414,4,stalk,pouncer,8.54,-6.63,7.69
415,1,patrol,swarm,-13.66,-3.86,15.08
415,2,strike,swarm,1.90,-3.84,0.60
415,3,advance,bruiser,7.00,-5.08,5.81
415,4,stalk,pouncer,8.50,-6.69,7.77
416,1,patrol,swarm,-13.66,-3.86,15.07
416,2,strike,swarm,1.88,-3.82,0.59
416,3,advance,bruiser,6.99,-5.08,5.82
416,4,stalk,pouncer,8.49,-6.70,7.79
417,1,patrol,swarm,-13.70,-3.82,14.91
417,2,strike,swarm,1.53,-3.57,0.43
417,3,advance,bruiser,6.88,-5.04,5.94
417,4,stalk,pouncer,8.37,-6.85,8.00
418,1,patrol,swarm,-13.70,-3.82,14.89
418,2,strike,swarm,1.50,-3.55,0.42
418,3,advance,bruiser,6.87,-5.04,5.95
418,4,stalk,pouncer,8.36,-6.86,8.02
419,1,patrol,swarm,-13.73,-3.79,14.73
419,2,strike,swarm,1.14,-3.31,0.27
419,3,advance,bruiser,6.75,-5.00,6.08
419,4,stalk,pouncer,8.23,-7.00,8.24
420,1,patrol,swarm,-13.74,-3.78,14.71
420,2,strike,swarm,1.09,-3.27,0.25
420,3,advance,bruiser,6.73,-5.00,6.10
420,4,stalk,pouncer,8.21,-7.02,8.27
421,1,patrol,swarm,-13.76,-3.76,14.60
421,2,strike,swarm,0.87,-3.12,0.17
421,3,advance,bruiser,6.66,-4.97,6.18
421,4,stalk,pouncer,8.12,-7.11,8.40
422,1,patrol,swarm,-13.76,-3.75,14.58
422,2,recover,swarm,0.82,-3.08,0.16
422,3,advance,bruiser,6.65,-4.97,6.20
422,4,stalk,pouncer,8.10,-7.13,8.43
423,1,patrol,swarm,-13.78,-3.74,14.50
423,2,recover,swarm,0.82,-3.08,0.27
423,3,advance,bruiser,6.59,-4.95,6.26
423,4,stalk,pouncer,8.03,-7.19,8.53
424,1,patrol,swarm,-13.79,-3.73,14.48
424,2,recover,swarm,0.82,-3.08,0.31
424,3,advance,bruiser,6.57,-4.94,6.28
424,4,stalk,pouncer,8.01,-7.21,8.56
425,1,patrol,swarm,-13.80,-3.72,14.42
425,2,recover,swarm,0.82,-3.08,0.42
425,3,advance,bruiser,6.53,-4.92,6.33
425,4,stalk,pouncer,7.95,-7.26,8.65
426,1,patrol,swarm,-13.80,-3.73,14.39
426,2,recover,swarm,0.82,-3.08,0.45
426,3,advance,bruiser,6.51,-4.92,6.35
426,4,stalk,pouncer,7.94,-7.28,8.67
427,1,patrol,swarm,-13.81,-4.02,13.81
427,2,recover,swarm,0.82,-3.08,1.37
427,3,advance,bruiser,6.13,-4.76,6.81
427,4,stalk,pouncer,7.37,-7.63,9.32
428,1,patrol,swarm,-13.81,-4.03,13.79
428,2,recover,swarm,0.82,-3.08,1.40
428,3,advance,bruiser,6.12,-4.75,6.82
428,4,stalk,pouncer,7.36,-7.64,9.34
429,1,patrol,swarm,-13.82,-4.07,13.73
429,2,recover,swarm,0.82,-3.08,1.52
429,3,advance,bruiser,6.07,-4.73,6.88
429,4,stalk,pouncer,7.28,-7.68,9.43
430,1,patrol,swarm,-13.82,-4.08,13.71
430,2,recover,swarm,0.82,-3.08,1.55
430,3,advance,bruiser,6.06,-4.72,6.89
430,4,stalk,pouncer,7.26,-7.69,9.45
431,1,patrol,swarm,-13.82,-4.11,13.65
431,2,recover,swarm,0.82,-3.08,1.65
431,3,advance,bruiser,6.02,-4.71,6.95
431,4,stalk,pouncer,7.20,-7.72,9.52
432,1,patrol,swarm,-13.82,-4.12,13.64
432,2,recover,swarm,0.82,-3.08,1.67
432,3,advance,bruiser,6.01,-4.70,6.96
432,4,stalk,pouncer,7.18,-7.73,9.54
433,1,patrol,swarm,-13.82,-4.15,13.59
433,2,recover,swarm,0.82,-3.08,1.76
433,3,advance,bruiser,5.97,-4.69,7.00
433,4,stalk,pouncer,7.13,-7.76,9.60
434,1,patrol,swarm,-13.82,-4.15,13.57
434,2,recover,swarm,0.82,-3.08,1.79
434,3,advance,bruiser,5.96,-4.68,7.01
434,4,crouch,pouncer,7.11,-7.76,9.61
435,1,patrol,swarm,-13.82,-4.18,13.52
435,2,recover,swarm,0.82,-3.08,1.88
435,3,advance,bruiser,5.92,-4.66,7.06
435,4,crouch,pouncer,7.11,-7.76,9.71
436,1,patrol,swarm,-13.82,-4.19,13.51
436,2,recover,swarm,0.82,-3.08,1.90
436,3,advance,bruiser,5.91,-4.66,7.07
436,4,crouch,pouncer,7.11,-7.76,9.73
437,1,patrol,swarm,-13.83,-4.30,13.32
437,2,recover,swarm,0.82,-3.08,2.26
437,3,advance,bruiser,5.77,-4.59,7.26
437,4,crouch,pouncer,7.11,-7.76,10.09
438,1,patrol,swarm,-13.83,-4.31,13.31
438,2,recover,swarm,0.82,-3.08,2.28
438,3,advance,bruiser,5.76,-4.59,7.27
438,4,crouch,pouncer,7.11,-7.76,10.11
439,1,patrol,swarm,-13.83,-4.34,13.26
439,2,recover,swarm,0.82,-3.08,2.37
439,3,advance,bruiser,5.72,-4.57,7.31
439,4,crouch,pouncer,7.11,-7.76,10.20
440,1,patrol,swarm,-13.83,-4.34,13.25
440,2,recover,swarm,0.82,-3.08,2.40
440,3,advance,bruiser,5.71,-4.57,7.33
440,4,crouch,pouncer,7.11,-7.76,10.23
441,1,patrol,swarm,-13.83,-4.38,13.20
441,2,recover,swarm,0.82,-3.08,2.51
441,3,advance,bruiser,5.67,-4.54,7.38
441,4,crouch,pouncer,7.11,-7.76,10.33
442,1,patrol,swarm,-13.83,-4.39,13.18
442,2,recover,swarm,0.82,-3.08,2.54
442,3,advance,bruiser,5.66,-4.54,7.40
442,4,crouch,pouncer,7.11,-7.76,10.36
443,1,patrol,swarm,-13.83,-4.42,13.12
443,2,recover,swarm,0.82,-3.08,2.66
443,3,advance,bruiser,5.61,-4.51,7.46
443,4,crouch,pouncer,7.11,-7.76,10.49
444,1,patrol,swarm,-13.83,-4.43,13.11
444,2,recover,swarm,0.82,-3.08,2.69
444,3,advance,bruiser,5.59,-4.51,7.48
444,4,crouch,pouncer,7.11,-7.76,10.52
445,1,patrol,swarm,-13.83,-4.47,13.05
445,2,recover,swarm,0.82,-3.08,2.81
445,3,advance,bruiser,5.54,-4.48,7.54
445,4,crouch,pouncer,7.11,-7.76,10.64
446,1,patrol,swarm,-13.83,-4.48,13.04
446,2,chase,swarm,0.82,-3.08,2.84
446,3,advance,bruiser,5.53,-4.48,7.55
446,4,crouch,pouncer,7.11,-7.76,10.67
447,1,patrol,swarm,-13.84,-4.50,13.00
447,2,chase,swarm,0.73,-3.09,2.86
447,3,advance,bruiser,5.50,-4.46,7.60
447,4,crouch,pouncer,7.11,-7.76,10.75
448,1,patrol,swarm,-13.84,-4.51,12.99
448,2,chase,swarm,0.69,-3.09,2.86
448,3,advance,bruiser,5.49,-4.46,7.61
448,4,crouch,pouncer,7.11,-7.76,10.78
449,1,patrol,swarm,-13.84,-4.54,12.94
449,2,chase,swarm,0.58,-3.09,2.88
449,3,advance,bruiser,5.45,-4.44,7.66
449,4,crouch,pouncer,7.11,-7.76,10.88
450,1,patrol,swarm,-13.84,-4.55,12.93
450,2,chase,swarm,0.55,-3.09,2.89
450,3,advance,bruiser,5.44,-4.43,7.68
450,4,crouch,pouncer,7.11,-7.76,10.91
451,1,patrol,swarm,-13.84,-4.58,12.89
451,2,chase,swarm,0.44,-3.09,2.91
451,3,advance,bruiser,5.40,-4.41,7.72
451,4,crouch,pouncer,7.11,-7.76,11.00
452,1,patrol,swarm,-13.84,-4.59,12.88
452,2,chase,swarm,0.41,-3.09,2.92
452,3,advance,bruiser,5.39,-4.41,7.74
452,4,crouch,pouncer,7.11,-7.76,11.02
453,1,patrol,swarm,-13.84,-4.62,12.84
453,2,chase,swarm,0.28,-3.09,2.94
453,3,advance,bruiser,5.35,-4.38,7.80
453,4,crouch,pouncer,7.11,-7.76,11.13
454,1,patrol,swarm,-13.84,-4.63,12.82
454,2,chase,swarm,0.25,-3.09,2.95
454,3,advance,bruiser,5.34,-4.38,7.81
454,4,crouch,pouncer,7.11,-7.76,11.16
455,1,patrol,swarm,-13.84,-4.65,12.79
455,2,chase,swarm,0.16,-3.08,2.97
455,3,advance,bruiser,5.31,-4.36,7.85
455,4,crouch,pouncer,7.11,-7.76,11.24
456,1,patrol,swarm,-13.84,-4.66,12.78
456,2,chase,swarm,0.13,-3.08,2.97
456,3,advance,bruiser,5.29,-4.36,7.87
456,4,crouch,pouncer,7.11,-7.76,11.27
457,1,patrol,swarm,-13.84,-4.69,12.74
457,2,chase,swarm,0.00,-3.08,3.00
457,3,advance,bruiser,5.25,-4.33,7.92
457,4,crouch,pouncer,7.11,-7.76,11.37
458,1,patrol,swarm,-13.84,-4.70,12.73
458,2,chase,swarm,-0.03,-3.07,3.00
458,3,advance,bruiser,5.24,-4.33,7.94
458,4,pounce,pouncer,7.11,-7.76,11.40
459,1,patrol,swarm,-13.85,-4.73,12.69
459,2,chase,swarm,-0.14,-3.06,3.03
459,3,advance,bruiser,5.20,-4.31,7.99
459,4,pounce,pouncer,6.94,-7.63,11.28
460,1,patrol,swarm,-13.85,-4.74,12.68
460,2,chase,swarm,-0.16,-3.06,3.03
460,3,advance,bruiser,5.19,-4.30,8.00
460,4,pounce,pouncer,6.90,-7.59,11.24
461,1,patrol,swarm,-13.85,-4.77,12.65
461,2,chase,swarm,-0.27,-3.05,3.05
461,3,advance,bruiser,5.16,-4.28,8.05
461,4,pounce,pouncer,6.72,-7.45,11.11
462,1,patrol,swarm,-13.85,-4.77,12.64
462,2,chase,swarm,-0.30,-3.04,3.06
462,3,advance,bruiser,5.15,-4.28,8.06
462,4,pounce,pouncer,6.68,-7.41,11.08
463,1,patrol,swarm,-13.85,-4.80,12.60
463,2,chase,swarm,-0.42,-3.02,3.08
463,3,advance,bruiser,5.11,-4.26,8.12
463,4,pounce,pouncer,6.49,-7.26,10.94
464,1,patrol,swarm,-13.85,-4.81,12.59
464,2,chase,swarm,-0.45,-3.02,3.08
464,3,advance,bruiser,5.10,-4.25,8.13
464,4,pounce,pouncer,6.44,-7.22,10.90
465,1,patrol,swarm,-13.85,-4.83,12.57
465,2,chase,swarm,-0.53,-3.00,3.09
465,3,advance,bruiser,5.07,-4.24,8.17
465,4,pounce,pouncer,6.31,-7.12,10.80
466,1,patrol,swarm,-13.85,-4.84,12.56
466,2,chase,swarm,-0.56,-3.00,3.10
466,3,advance,bruiser,5.06,-4.23,8.18
466,4,pounce,pouncer,6.26,-7.08,10.77
467,1,patrol,swarm,-13.85,-4.86,12.53
467,2,chase,swarm,-0.65,-2.97,3.11
467,3,advance,bruiser,5.03,-4.21,8.22
467,4,pounce,pouncer,6.11,-6.96,10.66
468,1,patrol,swarm,-13.85,-4.87,12.52
468,2,chase,swarm,-0.68,-2.97,3.11
468,3,advance,bruiser,5.02,-4.21,8.24
468,4,pounce,pouncer,6.06,-6.92,10.62
469,1,patrol,swarm,-13.85,-4.90,12.50
469,2,chase,swarm,-0.77,-2.94,3.12
469,3,advance,bruiser,4.98,-4.19,8.28
469,4,pounce,pouncer,5.91,-6.80,10.51
470,1,patrol,swarm,-13.85,-4.91,12.49
470,2,chase,swarm,-0.80,-2.93,3.13
470,3,advance,bruiser,4.97,-4.18,8.29
470,4,pounce,pouncer,5.86,-6.76,10.47
471,1,patrol,swarm,-13.86,-4.94,12.45
471,2,chase,swarm,-0.93,-2.89,3.14
471,3,advance,bruiser,4.93,-4.16,8.36
471,4,pounce,pouncer,5.64,-6.59,10.31
472,1,patrol,swarm,-13.86,-4.95,12.44
472,2,chase,swarm,-0.96,-2.88,3.14
472,3,advance,bruiser,4.92,-4.15,8.37
472,4,pounce,pouncer,5.59,-6.55,10.28
473,1,patrol,swarm,-13.86,-4.97,12.42
473,2,chase,swarm,-1.03,-2.85,3.14
473,3,advance,bruiser,4.89,-4.14,8.41
473,4,pounce,pouncer,5.47,-6.45,10.18
474,1,patrol,swarm,-13.86,-4.97,12.42
474,2,chase,swarm,-1.05,-2.84,3.14
474,3,advance,bruiser,4.88,-4.13,8.42
474,4,pounce,pouncer,5.43,-6.41,10.15
475,1,patrol,swarm,-13.86,-4.99,12.40
475,2,chase,swarm,-1.12,-2.80,3.14
475,3,advance,bruiser,4.86,-4.12,8.45
475,4,pounce,pouncer,5.31,-6.32,10.06
476,1,patrol,swarm,-13.86,-5.00,12.39
476,2,chase,swarm,-1.14,-2.79,3.14
476,3,advance,bruiser,4.85,-4.11,8.46
476,4,pounce,pouncer,5.27,-6.29,10.04
477,1,patrol,swarm,-13.86,-5.02,12.37
477,2,chase,swarm,-1.21,-2.76,3.14
477,3,advance,bruiser,4.82,-4.10,8.50
477,4,pounce,pouncer,5.15,-6.19,9.95
478,1,patrol,swarm,-13.86,-5.03,12.37
478,2,chase,swarm,-1.23,-2.75,3.14
478,3,advance,bruiser,4.81,-4.10,8.51
478,4,pounce,pouncer,5.11,-6.16,9.91
479,1,patrol,swarm,-13.86,-5.04,12.35
479,2,chase,swarm,-1.30,-2.71,3.14
479,3,advance,bruiser,4.79,-4.08,8.54
479,4,pounce,pouncer,4.99,-6.06,9.83
480,1,patrol,swarm,-13.86,-5.06,12.34
480,2,chase,swarm,-1.35,-2.67,3.14
480,3,advance,bruiser,4.77,-4.07,8.57
480,4,pounce,pouncer,4.88,-5.98,9.75
481,1,patrol,swarm,-13.86,-5.08,12.32
481,2,chase,swarm,-1.41,-2.63,3.13
481,3,advance,bruiser,4.74,-4.05,8.61
481,4,pounce,pouncer,4.76,-5.88,9.66
482,1,patrol,swarm,-13.86,-5.10,12.30
482,2,chase,swarm,-1.47,-2.58,3.12
482,3,advance,bruiser,4.72,-4.04,8.64
482,4,pounce,pouncer,4.64,-5.79,9.57
483,1,patrol,swarm,-13.86,-5.12,12.29
483,2,chase,swarm,-1.53,-2.53,3.11
483,3,advance,bruiser,4.69,-4.03,8.68
483,4,recover,pouncer,4.52,-5.69,9.48
484,1,patrol,swarm,-13.87,-5.14,12.27
484,2,chase,swarm,-1.58,-2.48,3.10
484,3,advance,bruiser,4.67,-4.01,8.71
484,4,recover,pouncer,4.52,-5.69,9.55
485,1,patrol,swarm,-13.87,-5.16,12.26
485,2,chase,swarm,-1.64,-2.42,3.09
485,3,advance,bruiser,4.64,-3.99,8.75
485,4,recover,pouncer,4.52,-5.69,9.62
486,1,patrol,swarm,-13.87,-5.18,12.24
486,2,chase,swarm,-1.70,-2.35,3.07
486,3,advance,bruiser,4.61,-3.98,8.79
486,4,recover,pouncer,4.52,-5.69,9.70
487,1,patrol,swarm,-13.87,-5.19,12.23
487,2,chase,swarm,-1.72,-2.31,3.07
487,3,advance,bruiser,4.59,-3.97,8.81
487,4,recover,pouncer,4.52,-5.69,9.74
488,1,patrol,swarm,-13.87,-5.21,12.22
488,2,chase,swarm,-1.77,-2.24,3.05
488,3,advance,bruiser,4.57,-3.95,8.85
488,4,recover,pouncer,4.52,-5.69,9.81
489,1,patrol,swarm,-13.87,-5.23,12.21
489,2,chase,swarm,-1.80,-2.19,3.04
489,3,advance,bruiser,4.55,-3.94,8.88
489,4,recover,pouncer,4.52,-5.69,9.86
490,1,patrol,swarm,-13.87,-5.25,12.19
490,2,chase,swarm,-1.84,-2.13,3.02
490,3,advance,bruiser,4.52,-3.93,8.91
490,4,recover,pouncer,4.52,-5.69,9.93
491,1,patrol,swarm,-13.87,-5.26,12.18
491,2,chase,swarm,-1.87,-2.06,3.01
491,3,advance,bruiser,4.50,-3.91,8.95
491,4,recover,pouncer,4.52,-5.69,9.99
492,1,patrol,swarm,-13.87,-5.28,12.17
492,2,chase,swarm,-1.90,-1.99,2.99
492,3,advance,bruiser,4.47,-3.90,8.98
492,4,recover,pouncer,4.52,-5.69,10.05
493,1,patrol,swarm,-13.87,-5.30,12.16
493,2,chase,swarm,-1.92,-1.92,2.98
493,3,advance,bruiser,4.45,-3.88,9.01
493,4,recover,pouncer,4.52,-5.69,10.12
494,1,patrol,swarm,-13.87,-5.32,12.15
494,2,chase,swarm,-1.94,-1.85,2.97
494,3,advance,bruiser,4.42,-3.87,9.05
494,4,recover,pouncer,4.52,-5.69,10.18
495,1,patrol,swarm,-13.87,-5.34,12.14
495,2,chase,swarm,-1.96,-1.78,2.96
495,3,advance,bruiser,4.40,-3.85,9.08
495,4,recover,pouncer,4.52,-5.69,10.24
496,1,patrol,swarm,-13.88,-5.36,12.13
496,2,chase,swarm,-1.98,-1.71,2.95
496,3,advance,bruiser,4.37,-3.84,9.11
496,4,recover,pouncer,4.52,-5.69,10.30
497,1,patrol,swarm,-13.88,-5.37,12.12
497,2,chase,swarm,-1.99,-1.64,2.94
497,3,advance,bruiser,4.35,-3.82,9.15
497,4,recover,pouncer,4.52,-5.69,10.37
498,1,patrol,swarm,-13.88,-5.39,12.11
498,2,chase,swarm,-2.00,-1.56,2.93
498,3,advance,bruiser,4.33,-3.81,9.18
498,4,recover,pouncer,4.52,-5.69,10.43
499,1,patrol,swarm,-13.88,-5.41,12.11
499,2,chase,swarm,-2.01,-1.49,2.93
499,3,advance,bruiser,4.30,-3.79,9.22
499,4,recover,pouncer,4.52,-5.69,10.50
500,1,patrol,swarm,-13.88,-5.43,12.10
500,2,chase,swarm,-2.01,-1.42,2.92
500,3,advance,bruiser,4.28,-3.78,9.25
500,4,recover,pouncer,4.52,-5.69,10.56
501,1,patrol,swarm,-13.88,-5.45,12.09
501,2,chase,swarm,-2.02,-1.35,2.92
501,3,advance,bruiser,4.25,-3.77,9.28
501,4,recover,pouncer,4.52,-5.69,10.62
502,1,patrol,swarm,-13.88,-5.46,12.08
502,2,chase,swarm,-2.02,-1.27,2.92
502,3,advance,bruiser,4.23,-3.75,9.32
502,4,recover,pouncer,4.52,-5.69,10.69
503,1,patrol,swarm,-13.88,-5.48,12.08
503,2,chase,swarm,-2.02,-1.19,2.92
503,3,advance,bruiser,4.20,-3.74,9.36
503,4,recover,pouncer,4.52,-5.69,10.75
504,1,patrol,swarm,-13.88,-5.50,12.07
504,2,chase,swarm,-2.02,-1.13,2.93
504,3,advance,bruiser,4.18,-3.72,9.39
504,4,recover,pouncer,4.52,-5.69,10.81
505,1,patrol,swarm,-13.88,-5.52,12.07
505,2,chase,swarm,-2.02,-1.05,2.93
505,3,advance,bruiser,4.16,-3.71,9.42
505,4,recover,pouncer,4.52,-5.69,10.88
506,1,patrol,swarm,-13.88,-5.54,12.06
506,2,chase,swarm,-2.02,-0.97,2.94
506,3,advance,bruiser,4.13,-3.69,9.46
506,4,recover,pouncer,4.52,-5.69,10.94
507,1,patrol,swarm,-13.88,-5.56,12.06
507,2,chase,swarm,-2.02,-0.90,2.94
507,3,advance,bruiser,4.11,-3.68,9.49
507,4,recover,pouncer,4.52,-5.69,11.01
508,1,patrol,swarm,-13.89,-5.57,12.05
508,2,chase,swarm,-2.02,-0.83,2.95
508,3,advance,bruiser,4.08,-3.66,9.52
508,4,recover,pouncer,4.52,-5.69,11.07
509,1,patrol,swarm,-13.89,-5.59,12.05
509,2,chase,swarm,-2.02,-0.76,2.96
509,3,advance,bruiser,4.06,-3.65,9.56
509,4,recover,pouncer,4.52,-5.69,11.13
510,1,patrol,swarm,-13.89,-5.61,12.05
510,2,chase,swarm,-2.02,-0.68,2.97
510,3,advance,bruiser,4.04,-3.63,9.59
510,4,recover,pouncer,4.52,-5.69,11.19
511,1,patrol,swarm,-13.89,-5.63,12.05
511,2,chase,swarm,-2.02,-0.61,2.99
511,3,advance,bruiser,4.01,-3.62,9.63
511,4,recover,pouncer,4.52,-5.69,11.26
512,1,patrol,swarm,-13.89,-5.64,12.04
512,2,chase,swarm,-2.02,-0.54,3.00
512,3,advance,bruiser,3.99,-3.60,9.66
512,4,recover,pouncer,4.52,-5.69,11.32
513,1,patrol,swarm,-13.89,-5.66,12.04
513,2,chase,swarm,-2.02,-0.47,3.01
513,3,advance,bruiser,3.96,-3.59,9.69
513,4,recover,pouncer,4.52,-5.69,11.38
514,1,patrol,swarm,-13.89,-5.68,12.04
514,2,chase,swarm,-2.02,-0.39,3.03
514,3,advance,bruiser,3.94,-3.57,9.73
514,4,recover,pouncer,4.52,-5.69,11.45
515,1,patrol,swarm,-13.89,-5.70,12.04
515,2,chase,swarm,-2.02,-0.32,3.04
515,3,advance,bruiser,3.91,-3.56,9.76
515,4,recover,pouncer,4.52,-5.69,11.51
516,1,patrol,swarm,-13.89,-5.72,12.04
516,2,chase,swarm,-2.03,-0.23,3.06
516,3,advance,bruiser,3.89,-3.54,9.80
516,4,recover,pouncer,4.52,-5.69,11.58
517,1,patrol,swarm,-13.89,-5.73,12.04
517,2,chase,swarm,-2.03,-0.17,3.07
517,3,advance,bruiser,3.87,-3.53,9.83
517,4,recover,pouncer,4.52,-5.69,11.64
518,1,patrol,swarm,-13.89,-5.75,12.04
518,2,chase,swarm,-2.03,-0.10,3.09
518,3,advance,bruiser,3.84,-3.51,9.87
518,4,recover,pouncer,4.52,-5.69,11.70
519,1,patrol,swarm,-13.90,-5.77,12.04
519,2,chase,swarm,-2.04,-0.02,3.10
519,3,advance,bruiser,3.82,-3.49,9.90
519,4,recover,pouncer,4.52,-5.69,11.77
520,1,patrol,swarm,-13.90,-5.79,12.04
520,2,chase,swarm,-2.04,0.05,3.12
520,3,advance,bruiser,3.80,-3.48,9.93
520,4,recover,pouncer,4.52,-5.69,11.83
521,1,patrol,swarm,-13.90,-5.80,12.05
521,2,chase,swarm,-2.05,0.12,3.13
521,3,advance,bruiser,3.77,-3.47,9.97
521,4,recover,pouncer,4.52,-5.69,11.89
522,1,patrol,swarm,-13.90,-5.82,12.05
522,2,chase,swarm,-2.06,0.20,3.15
522,3,advance,bruiser,3.75,-3.45,10.00
522,4,recover,pouncer,4.52,-5.69,11.96
523,1,patrol,swarm,-13.90,-5.84,12.05
523,2,chase,swarm,-2.07,0.27,3.16
523,3,advance,bruiser,3.72,-3.43,10.04
523,4,recover,pouncer,4.52,-5.69,12.02
524,1,patrol,swarm,-13.90,-5.86,12.05
524,2,chase,swarm,-2.08,0.34,3.18
524,3,advance,bruiser,3.70,-3.42,10.07
524,4,recover,pouncer,4.52,-5.69,12.08
525,1,patrol,swarm,-13.90,-5.87,12.06
525,2,chase,swarm,-2.09,0.41,3.19
525,3,advance,bruiser,3.68,-3.40,10.11
525,4,recover,pouncer,4.52,-5.69,12.14
526,1,patrol,swarm,-13.90,-5.89,12.06
526,2,chase,swarm,-2.11,0.49,3.20
526,3,advance,bruiser,3.65,-3.39,10.14
526,4,recover,pouncer,4.52,-5.69,12.21
527,1,patrol,swarm,-13.90,-5.92,12.07
527,2,chase,swarm,-2.13,0.61,3.23
527,3,advance,bruiser,3.61,-3.36,10.20
527,4,recover,pouncer,4.52,-5.69,12.32
528,1,patrol,swarm,-13.90,-5.93,12.07
528,2,chase,swarm,-2.14,0.64,3.23
528,3,advance,bruiser,3.60,-3.36,10.21
528,4,recover,pouncer,4.52,-5.69,12.34
529,1,patrol,swarm,-13.90,-5.95,12.08
529,2,chase,swarm,-2.16,0.74,3.25
529,3,advance,bruiser,3.57,-3.33,10.26
529,4,recover,pouncer,4.52,-5.69,12.43
530,1,patrol,swarm,-13.90,-5.98,12.09
530,2,chase,swarm,-2.19,0.83,3.26
530,3,advance,bruiser,3.54,-3.31,10.31
530,4,recover,pouncer,4.52,-5.69,12.51
531,1,patrol,swarm,-13.90,-5.98,12.09
531,2,chase,swarm,-2.20,0.85,3.26
531,3,advance,bruiser,3.53,-3.31,10.32
531,4,recover,pouncer,4.52,-5.69,12.53
532,1,patrol,swarm,-13.91,-6.01,12.10
532,2,chase,swarm,-2.24,0.95,3.28
532,3,advance,bruiser,3.49,-3.29,10.37
532,4,recover,pouncer,4.52,-5.69,12.63
533,1,patrol,swarm,-13.91,-6.01,12.11
533,2,chase,swarm,-2.25,0.98,3.28
533,3,advance,bruiser,3.49,-3.28,10.38
533,4,recover,pouncer,4.52,-5.69,12.65
534,1,patrol,swarm,-13.91,-6.03,12.12
534,2,chase,swarm,-2.28,1.06,3.29
534,3,advance,bruiser,3.46,-3.26,10.42
534,4,recover,pouncer,4.52,-5.69,12.72
535,1,patrol,swarm,-13.91,-6.05,12.12
535,2,chase,swarm,-2.30,1.12,3.29
535,3,advance,bruiser,3.44,-3.25,10.45
535,4,recover,pouncer,4.52,-5.69,12.78
536,1,patrol,swarm,-13.91,-6.07,12.13
536,2,chase,swarm,-2.34,1.18,3.30
536,3,advance,bruiser,3.41,-3.23,10.48
536,4,recover,pouncer,4.52,-5.69,12.84
537,1,patrol,swarm,-13.91,-6.08,12.14
537,2,chase,swarm,-2.37,1.25,3.30
537,3,advance,bruiser,3.39,-3.22,10.52
537,4,recover,pouncer,4.52,-5.69,12.91
538,1,patrol,swarm,-13.91,-6.10,12.15
538,2,chase,swarm,-2.41,1.31,3.30
538,3,advance,bruiser,3.37,-3.20,10.55
538,4,recover,pouncer,4.52,-5.69,12.97
539,1,patrol,swarm,-13.91,-6.12,12.16
539,2,chase,swarm,-2.45,1.38,3.30
539,3,advance,bruiser,3.34,-3.19,10.59
539,4,recover,pouncer,4.52,-5.69,13.04
540,1,patrol,swarm,-13.91,-6.14,12.17
540,2,chase,swarm,-2.49,1.44,3.30
540,3,advance,bruiser,3.32,-3.17,10.63
540,4,recover,pouncer,4.52,-5.69,13.10
541,1,patrol,swarm,-13.91,-6.15,12.18
541,2,chase,swarm,-2.53,1.49,3.30
541,3,advance,bruiser,3.30,-3.16,10.66
541,4,recover,pouncer,4.52,-5.69,13.16
542,1,patrol,swarm,-13.91,-6.17,12.20
542,2,chase,swarm,-2.58,1.55,3.29
542,3,advance,bruiser,3.27,-3.14,10.69
542,4,recover,pouncer,4.52,-5.69,13.22
543,1,patrol,swarm,-13.91,-6.19,12.21
543,2,chase,swarm,-2.63,1.60,3.29
543,3,advance,bruiser,3.25,-3.12,10.72
543,4,recover,pouncer,4.52,-5.69,13.28
544,1,patrol,swarm,-13.92,-6.20,12.22
544,2,chase,swarm,-2.68,1.66,3.28
544,3,advance,bruiser,3.22,-3.11,10.76
544,4,recover,pouncer,4.52,-5.69,13.35
545,1,patrol,swarm,-13.92,-6.22,12.23
545,2,chase,swarm,-2.73,1.71,3.27
545,3,advance,bruiser,3.20,-3.09,10.79
545,4,recover,pouncer,4.52,-5.69,13.41
546,1,patrol,swarm,-13.90,-6.21,12.22
546,2,chase,swarm,-2.79,1.75,3.26
546,3,advance,bruiser,3.18,-3.08,10.83
546,4,recover,pouncer,4.52,-5.69,13.48
547,1,patrol,swarm,-13.88,-6.21,12.20
547,2,chase,swarm,-2.85,1.80,3.25
547,3,advance,bruiser,3.15,-3.06,10.86
547,4,recover,pouncer,4.52,-5.69,13.54
548,1,patrol,swarm,-13.86,-6.20,12.18
548,2,chase,swarm,-2.91,1.84,3.23
548,3,advance,bruiser,3.13,-3.04,10.90
548,4,recover,pouncer,4.52,-5.69,13.61
549,1,patrol,swarm,-13.84,-6.20,12.17
549,2,chase,swarm,-2.98,1.87,3.22
549,3,advance,bruiser,3.11,-3.03,10.93
549,4,recover,pouncer,4.52,-5.69,13.67
550,1,patrol,swarm,-13.82,-6.19,12.15
550,2,chase,swarm,-3.04,1.91,3.21
550,3,advance,bruiser,3.08,-3.01,10.97
550,4,recover,pouncer,4.52,-5.69,13.73
551,1,patrol,swarm,-13.80,-6.18,12.14
551,2,chase,swarm,-3.10,1.93,3.19
551,3,advance,bruiser,3.06,-3.00,11.00
551,4,recover,pouncer,4.52,-5.69,13.79
552,1,patrol,swarm,-13.78,-6.18,12.12
552,2,chase,swarm,-3.18,1.96,3.18
552,3,advance,bruiser,3.03,-2.98,11.04
552,4,recover,pouncer,4.52,-5.69,13.86
553,1,patrol,swarm,-13.76,-6.17,12.11
553,2,chase,swarm,-3.25,1.98,3.17
553,3,advance,bruiser,3.01,-2.96,11.07
553,4,recover,pouncer,4.52,-5.69,13.92
554,1,patrol,swarm,-13.74,-6.17,12.10
554,2,chase,swarm,-3.32,2.00,3.16
554,3,advance,bruiser,2.99,-2.95,11.10
554,4,recover,pouncer,4.52,-5.69,13.98
555,1,patrol,swarm,-13.72,-6.16,12.08
555,2,chase,swarm,-3.39,2.02,3.14
555,3,advance,bruiser,2.97,-2.93,11.14
555,4,stalk,pouncer,4.52,-5.69,14.05
556,1,patrol,swarm,-13.71,-6.16,12.07
556,2,chase,swarm,-3.46,2.03,3.13
556,3,advance,bruiser,2.94,-2.92,11.17
556,4,stalk,pouncer,4.48,-5.69,14.08
557,1,patrol,swarm,-13.69,-6.15,12.06
557,2,chase,swarm,-3.53,2.04,3.13
557,3,advance,bruiser,2.92,-2.90,11.21
557,4,stalk,pouncer,4.44,-5.70,14.11
558,1,patrol,swarm,-13.67,-6.14,12.05
558,2,chase,swarm,-3.61,2.05,3.12
558,3,advance,bruiser,2.90,-2.89,11.24
558,4,stalk,pouncer,4.39,-5.70,14.14
559,1,patrol,swarm,-13.65,-6.14,12.04
559,2,chase,swarm,-3.68,2.05,3.11
559,3,advance,bruiser,2.87,-2.87,11.28
559,4,stalk,pouncer,4.35,-5.70,14.17
560,1,patrol,swarm,-13.63,-6.13,12.03
560,2,chase,swarm,-3.76,2.05,3.11
560,3,advance,bruiser,2.85,-2.85,11.31
560,4,stalk,pouncer,4.30,-5.71,14.21
561,1,patrol,swarm,-13.61,-6.13,12.02
561,2,chase,swarm,-3.83,2.05,3.11
561,3,advance,bruiser,2.83,-2.84,11.35
561,4,stalk,pouncer,4.26,-5.71,14.24
562,1,patrol,swarm,-13.59,-6.12,12.01
562,2,chase,swarm,-3.90,2.05,3.11
562,3,advance,bruiser,2.80,-2.82,11.38
562,4,stalk,pouncer,4.21,-5.72,14.27
563,1,patrol,swarm,-13.57,-6.11,12.00
563,2,chase,swarm,-3.97,2.05,3.11
563,3,advance,bruiser,2.78,-2.80,11.41
563,4,stalk,pouncer,4.17,-5.72,14.30
564,1,patrol,swarm,-13.55,-6.11,11.99
564,2,chase,swarm,-4.05,2.04,3.11
564,3,advance,bruiser,2.76,-2.79,11.45
564,4,stalk,pouncer,4.12,-5.72,14.33
565,1,alert,swarm,-13.55,-6.11,12.00
565,2,chase,swarm,-4.12,2.04,3.11
565,3,advance,bruiser,2.73,-2.77,11.48
565,4,stalk,pouncer,4.08,-5.72,14.36
566,1,alert,swarm,-13.55,-6.11,12.00
566,2,chase,swarm,-4.19,2.03,3.12
566,3,advance,bruiser,2.71,-2.76,11.52
566,4,stalk,pouncer,4.03,-5.73,14.40
567,1,alert,swarm,-13.55,-6.11,12.01
567,2,chase,swarm,-4.27,2.02,3.13
567,3,advance,bruiser,2.68,-2.74,11.55
567,4,stalk,pouncer,3.99,-5.73,14.43
568,1,alert,swarm,-13.55,-6.11,12.02
568,2,chase,swarm,-4.34,2.02,3.13
568,3,advance,bruiser,2.66,-2.72,11.59
568,4,stalk,pouncer,3.94,-5.73,14.46
569,1,alert,swarm,-13.55,-6.11,12.03
569,2,chase,swarm,-4.41,2.01,3.14
569,3,advance,bruiser,2.64,-2.71,11.62
569,4,stalk,pouncer,3.90,-5.74,14.49
570,1,alert,swarm,-13.55,-6.11,12.04
570,2,chase,swarm,-4.49,2.00,3.15
570,3,advance,bruiser,2.62,-2.69,11.66
570,4,stalk,pouncer,3.85,-5.74,14.52
571,1,alert,swarm,-13.55,-6.11,12.05
571,2,chase,swarm,-4.56,1.99,3.17
571,3,advance,bruiser,2.59,-2.68,11.69
571,4,stalk,pouncer,3.81,-5.74,14.55
572,1,alert,swarm,-13.55,-6.11,12.06
572,2,chase,swarm,-4.63,1.99,3.18
572,3,advance,bruiser,2.57,-2.66,11.73
572,4,stalk,pouncer,3.76,-5.74,14.59
573,1,alert,swarm,-13.55,-6.11,12.07
573,2,chase,swarm,-4.70,1.98,3.19
573,3,advance,bruiser,2.55,-2.64,11.76
573,4,stalk,pouncer,3.72,-5.75,14.62
574,1,alert,swarm,-13.55,-6.11,12.08
574,2,chase,swarm,-4.78,1.97,3.20
574,3,advance,bruiser,2.52,-2.63,11.80
574,4,stalk,pouncer,3.67,-5.75,14.65
575,1,alert,swarm,-13.55,-6.11,12.09
575,2,chase,swarm,-4.85,1.97,3.22
575,3,advance,bruiser,2.50,-2.61,11.83
575,4,stalk,pouncer,3.63,-5.75,14.68
576,1,alert,swarm,-13.55,-6.11,12.10
576,2,chase,swarm,-4.92,1.96,3.23
576,3,advance,bruiser,2.48,-2.59,11.86
576,4,stalk,pouncer,3.58,-5.75,14.71
577,1,alert,swarm,-13.55,-6.11,12.11
577,2,chase,swarm,-5.00,1.96,3.25
577,3,advance,bruiser,2.45,-2.58,11.90
577,4,stalk,pouncer,3.53,-5.75,14.74
578,1,alert,swarm,-13.55,-6.11,12.12
578,2,chase,swarm,-5.07,1.95,3.26
578,3,advance,bruiser,2.43,-2.56,11.94
578,4,stalk,pouncer,3.49,-5.76,14.78
579,1,alert,swarm,-13.55,-6.11,12.13
579,2,chase,swarm,-5.15,1.95,3.28
579,3,advance,bruiser,2.41,-2.55,11.97
579,4,stalk,pouncer,3.45,-5.76,14.81
580,1,alert,swarm,-13.55,-6.11,12.15
580,2,chase,swarm,-5.22,1.94,3.29
580,3,advance,bruiser,2.38,-2.53,12.01
580,4,stalk,pouncer,3.40,-5.76,14.84
581,1,alert,swarm,-13.55,-6.11,12.16
581,2,chase,swarm,-5.29,1.94,3.31
581,3,advance,bruiser,2.36,-2.51,12.04
581,4,stalk,pouncer,3.36,-5.76,14.87
582,1,alert,swarm,-13.55,-6.11,12.17
582,2,chase,swarm,-5.37,1.94,3.32
582,3,advance,bruiser,2.34,-2.50,12.07
582,4,stalk,pouncer,3.35,-5.71,14.90
583,1,alert,swarm,-13.55,-6.11,12.19
583,2,chase,swarm,-5.44,1.94,3.34
583,3,advance,bruiser,2.31,-2.48,12.11
583,4,stalk,pouncer,3.35,-5.67,14.93
584,1,alert,swarm,-13.55,-6.11,12.20
584,2,chase,swarm,-5.51,1.94,3.35
584,3,advance,bruiser,2.29,-2.46,12.14
584,4,stalk,pouncer,3.35,-5.62,14.97
585,1,alert,swarm,-13.55,-6.11,12.21
585,2,chase,swarm,-5.58,1.95,3.37
585,3,advance,bruiser,2.27,-2.45,12.18
585,4,stalk,pouncer,3.35,-5.58,14.99
586,1,alert,swarm,-13.55,-6.11,12.23
586,2,chase,swarm,-5.66,1.95,3.38
586,3,advance,bruiser,2.24,-2.43,12.21
586,4,stalk,pouncer,3.35,-5.53,15.03
587,1,alert,swarm,-13.55,-6.11,12.24
587,2,chase,swarm,-5.74,1.96,3.40
587,3,advance,bruiser,2.22,-2.41,12.25
587,4,stalk,pouncer,3.35,-5.49,15.06
588,1,alert,swarm,-13.55,-6.11,12.26
588,2,chase,swarm,-5.80,1.96,3.41
588,3,advance,bruiser,2.20,-2.40,12.28
588,4,stalk,pouncer,3.34,-5.44,15.09
589,1,chase,swarm,-13.55,-6.11,12.27
589,2,chase,swarm,-5.88,1.97,3.42
589,3,advance,bruiser,2.17,-2.38,12.32
589,4,stalk,pouncer,3.34,-5.40,15.12
590,1,chase,swarm,-13.49,-6.06,12.22
590,2,chase,swarm,-5.96,1.98,3.43
590,3,advance,bruiser,2.15,-2.36,12.35
590,4,stalk,pouncer,3.34,-5.35,15.16
591,1,chase,swarm,-13.44,-6.01,12.17
591,2,chase,swarm,-6.03,2.00,3.44
591,3,advance,bruiser,2.13,-2.35,12.39
591,4,stalk,pouncer,3.34,-5.31,15.19
592,1,chase,swarm,-13.34,-5.90,12.06
592,2,chase,swarm,-6.17,2.03,3.46
592,3,advance,bruiser,2.08,-2.32,12.45
592,4,stalk,pouncer,3.33,-5.22,15.25
593,1,chase,swarm,-13.33,-5.89,12.05
593,2,chase,swarm,-6.18,2.03,3.46
593,3,advance,bruiser,2.08,-2.31,12.46
593,4,stalk,pouncer,3.33,-5.21,15.26
594,1,chase,swarm,-13.27,-5.81,11.98
594,2,chase,swarm,-6.28,2.05,3.47
594,3,advance,bruiser,2.05,-2.29,12.51
594,4,stalk,pouncer,3.33,-5.15,15.30
595,1,chase,swarm,-13.25,-5.79,11.95
595,2,chase,swarm,-6.31,2.06,3.47
595,3,advance,bruiser,2.04,-2.28,12.52
595,4,stalk,pouncer,3.33,-5.13,15.31
596,1,chase,swarm,-13.21,-5.71,11.88
596,2,chase,swarm,-6.39,2.09,3.48
596,3,advance,bruiser,2.01,-2.26,12.57
596,4,stalk,pouncer,3.32,-5.07,15.35
597,1,chase,swarm,-13.18,-5.66,11.84
597,2,chase,swarm,-6.45,2.11,3.48
597,3,advance,bruiser,1.99,-2.25,12.59
597,4,stalk,pouncer,3.32,-5.04,15.38
598,1,chase,swarm,-13.15,-5.59,11.78
598,2,chase,swarm,-6.52,2.14,3.49
598,3,advance,bruiser,1.97,-2.23,12.63
598,4,stalk,pouncer,3.32,-4.99,15.41
599,1,chase,swarm,-13.13,-5.52,11.73
599,2,chase,swarm,-6.59,2.17,3.49
599,3,advance,bruiser,1.94,-2.22,12.66
599,4,stalk,pouncer,3.32,-4.95,15.44
600,1,chase,swarm,-13.11,-5.45,11.68
600,2,chase,swarm,-6.65,2.20,3.49
600,3,advance,bruiser,1.92,-2.20,12.70
600,4,stalk,pouncer,3.31,-4.90,15.47
601,1,chase,swarm,-13.09,-5.38,11.62
601,2,chase,swarm,-6.71,2.23,3.48
601,3,advance,bruiser,1.90,-2.18,12.73
601,4,stalk,pouncer,3.31,-4.86,15.50
602,1,chase,swarm,-13.08,-5.30,11.57
602,2,chase,swarm,-6.78,2.27,3.48
602,3,advance,bruiser,1.87,-2.17,12.77
602,4,stalk,pouncer,3.31,-4.81,15.53
603,1,chase,swarm,-13.07,-5.23,11.52
603,2,chase,swarm,-6.84,2.31,3.48
603,3,advance,bruiser,1.85,-2.15,12.80
603,4,stalk,pouncer,3.30,-4.77,15.57
604,1,chase,swarm,-13.07,-5.16,11.47
604,2,chase,swarm,-6.90,2.35,3.47
604,3,advance,bruiser,1.83,-2.13,12.84
604,4,stalk,pouncer,3.30,-4.72,15.60
605,1,chase,swarm,-13.07,-5.08,11.43
605,2,chase,swarm,-6.96,2.40,3.46
605,3,advance,bruiser,1.81,-2.12,12.87
605,4,stalk,pouncer,3.30,-4.68,15.63
606,1,chase,swarm,-13.08,-5.00,11.37
606,2,chase,swarm,-7.02,2.46,3.45
606,3,advance,bruiser,1.78,-2.10,12.91
606,4,stalk,pouncer,3.29,-4.62,15.67
607,1,chase,swarm,-13.08,-4.94,11.34
607,2,chase,swarm,-7.06,2.50,3.44
607,3,advance,bruiser,1.76,-2.08,12.94
607,4,stalk,pouncer,3.29,-4.59,15.69
608,1,chase,swarm,-13.10,-4.85,11.28
608,2,chase,swarm,-7.13,2.57,3.43
608,3,advance,bruiser,1.73,-2.06,12.98
608,4,stalk,pouncer,3.28,-4.53,15.73
609,1,chase,swarm,-13.11,-4.79,11.25
609,2,chase,swarm,-7.16,2.61,3.42
609,3,advance,bruiser,1.71,-2.05,13.01
609,4,stalk,pouncer,3.28,-4.50,15.75
610,1,chase,swarm,-13.12,-4.71,11.21
610,2,chase,swarm,-7.21,2.68,3.40
610,3,advance,bruiser,1.69,-2.03,13.05
610,4,stalk,pouncer,3.28,-4.45,15.79
611,1,chase,swarm,-13.14,-4.65,11.17
611,2,chase,swarm,-7.24,2.73,3.39
611,3,advance,bruiser,1.67,-2.02,13.08
611,4,stalk,pouncer,3.27,-4.41,15.82
612,1,chase,swarm,-13.16,-4.58,11.14
612,2,chase,swarm,-7.28,2.80,3.38
612,3,advance,bruiser,1.65,-2.00,13.11
612,4,stalk,pouncer,3.27,-4.36,15.85
613,1,chase,swarm,-13.18,-4.51,11.10
613,2,chase,swarm,-7.31,2.86,3.36
613,3,advance,bruiser,1.62,-1.98,13.15
613,4,stalk,pouncer,3.26,-4.32,15.88
614,1,chase,swarm,-13.21,-4.44,11.07
614,2,chase,swarm,-7.34,2.93,3.35
614,3,advance,bruiser,1.60,-1.96,13.19
614,4,stalk,pouncer,3.26,-4.27,15.91
615,1,chase,swarm,-13.23,-4.37,11.04
615,2,chase,swarm,-7.37,3.00,3.34
615,3,advance,bruiser,1.58,-1.95,13.22
615,4,stalk,pouncer,3.26,-4.23,15.94
616,1,chase,swarm,-13.26,-4.30,11.00
616,2,chase,swarm,-7.39,3.07,3.33
616,3,advance,bruiser,1.55,-1.93,13.26
616,4,stalk,pouncer,3.25,-4.18,15.98
617,1,chase,swarm,-13.29,-4.23,10.97
617,2,chase,swarm,-7.41,3.14,3.32
617,3,advance,bruiser,1.53,-1.92,13.29
617,4,stalk,pouncer,3.25,-4.14,16.01
618,1,chase,swarm,-13.31,-4.17,10.94
618,2,chase,swarm,-7.43,3.21,3.31
618,3,advance,bruiser,1.51,-1.90,13.32
618,4,stalk,pouncer,3.24,-4.09,16.04
619,1,chase,swarm,-13.34,-4.10,10.91
619,2,chase,swarm,-7.44,3.28,3.30
619,3,advance,bruiser,1.48,-1.88,13.36
619,4,stalk,pouncer,3.24,-4.05,16.07
620,1,chase,swarm,-13.38,-4.03,10.88
620,2,chase,swarm,-7.45,3.36,3.30
620,3,advance,bruiser,1.46,-1.86,13.39
620,4,stalk,pouncer,3.23,-4.00,16.10
621,1,chase,swarm,-13.41,-3.97,10.86
621,2,chase,swarm,-7.46,3.43,3.30
621,3,advance,bruiser,1.44,-1.85,13.43
621,4,stalk,pouncer,3.23,-3.96,16.13
622,1,chase,swarm,-13.44,-3.90,10.83
622,2,chase,swarm,-7.47,3.50,3.29
622,3,advance,bruiser,1.41,-1.83,13.46
622,4,stalk,pouncer,3.22,-3.91,16.17
623,1,chase,swarm,-13.47,-3.84,10.80
623,2,chase,swarm,-7.48,3.57,3.29
623,3,advance,bruiser,1.39,-1.81,13.50
623,4,stalk,pouncer,3.22,-3.87,16.20
624,1,chase,swarm,-13.51,-3.77,10.77
624,2,chase,swarm,-7.48,3.65,3.30
624,3,advance,bruiser,1.37,-1.80,13.53
624,4,stalk,pouncer,3.21,-3.83,16.23
625,1,chase,swarm,-13.54,-3.70,10.75
625,2,chase,swarm,-7.49,3.72,3.30
625,3,advance,bruiser,1.35,-1.78,13.57
625,4,stalk,pouncer,3.21,-3.78,16.26
626,1,chase,swarm,-13.58,-3.64,10.72
626,2,chase,swarm,-7.49,3.80,3.30
626,3,advance,bruiser,1.32,-1.76,13.60
626,4,stalk,pouncer,3.20,-3.73,16.29
627,1,chase,swarm,-13.61,-3.57,10.69
627,2,chase,swarm,-7.49,3.87,3.31
627,3,advance,bruiser,1.30,-1.75,13.64
627,4,stalk,pouncer,3.20,-3.69,16.32
628,1,chase,swarm,-13.64,-3.51,10.67
628,2,chase,swarm,-7.49,3.94,3.32
628,3,advance,bruiser,1.28,-1.73,13.67
628,4,stalk,pouncer,3.19,-3.65,16.35
629,1,chase,swarm,-13.68,-3.44,10.64
629,2,chase,swarm,-7.49,4.02,3.32
629,3,advance,bruiser,1.26,-1.71,13.71
629,4,stalk,pouncer,3.19,-3.60,16.39
630,1,chase,swarm,-13.71,-3.37,10.61
630,2,chase,swarm,-7.49,4.09,3.33
630,3,advance,bruiser,1.23,-1.69,13.74
630,4,stalk,pouncer,3.18,-3.55,16.42
631,1,chase,swarm,-13.74,-3.31,10.59
631,2,chase,swarm,-7.49,4.16,3.34
631,3,advance,bruiser,1.21,-1.68,13.78
631,4,stalk,pouncer,3.17,-3.51,16.45
632,1,chase,swarm,-13.78,-3.25,10.56
632,2,chase,swarm,-7.49,4.24,3.36
632,3,advance,bruiser,1.19,-1.66,13.81
632,4,stalk,pouncer,3.17,-3.47,16.48
633,1,chase,swarm,-13.81,-3.18,10.53
633,2,chase,swarm,-7.49,4.31,3.37
633,3,advance,bruiser,1.16,-1.64,13.85
633,4,stalk,pouncer,3.16,-3.42,16.51
634,1,chase,swarm,-13.85,-3.11,10.50
634,2,chase,swarm,-7.49,4.39,3.38
634,3,advance,bruiser,1.14,-1.63,13.88
634,4,stalk,pouncer,3.16,-3.37,16.55
635,1,chase,swarm,-13.87,-3.05,10.48
635,2,chase,swarm,-7.49,4.45,3.39
635,3,advance,bruiser,1.12,-1.61,13.91
635,4,stalk,pouncer,3.15,-3.34,16.57
636,1,chase,swarm,-13.91,-2.98,10.45
636,2,chase,swarm,-7.50,4.54,3.41
636,3,advance,bruiser,1.09,-1.59,13.95
636,4,stalk,pouncer,3.14,-3.28,16.61
637,1,chase,swarm,-13.94,-2.92,10.42
637,2,chase,swarm,-7.50,4.60,3.42
637,3,advance,bruiser,1.07,-1.58,13.99
637,4,stalk,pouncer,3.14,-3.24,16.64
638,1,chase,swarm,-13.98,-2.83,10.38
638,2,chase,swarm,-7.50,4.70,3.44
638,3,advance,bruiser,1.04,-1.56,14.03
638,4,stalk,pouncer,3.13,-3.19,16.68
639,1,chase,swarm,-14.00,-2.78,10.36
639,2,chase,swarm,-7.50,4.75,3.45
639,3,advance,bruiser,1.03,-1.54,14.06
639,4,stalk,pouncer,3.13,-3.15,16.70
640,1,chase,swarm,-14.05,-2.66,10.30
640,2,chase,swarm,-7.51,4.88,3.48
640,3,advance,bruiser,0.99,-1.51,14.12
640,4,stalk,pouncer,3.11,-3.07,16.76
641,1,chase,swarm,-14.05,-2.64,10.29
641,2,chase,swarm,-7.51,4.91,3.49
641,3,advance,bruiser,0.98,-1.51,14.13
641,4,stalk,pouncer,3.11,-3.06,16.77
642,1,chase,swarm,-13.88,-1.55,9.57
642,2,chase,swarm,-7.74,5.98,3.68
642,3,advance,bruiser,0.64,-1.25,14.65
642,4,stalk,pouncer,3.02,-2.39,17.24
643,1,chase,swarm,-13.88,-1.52,9.55
643,2,chase,swarm,-7.75,6.01,3.68
643,3,advance,bruiser,0.63,-1.24,14.67
643,4,stalk,pouncer,3.01,-2.37,17.26
644,1,chase,swarm,-13.85,-1.42,9.49
644,2,chase,swarm,-7.79,6.10,3.68
644,3,advance,bruiser,0.60,-1.22,14.71
644,4,stalk,pouncer,3.00,-2.31,17.30
645,1,chase,swarm,-13.82,-1.33,9.43
645,2,chase,swarm,-7.84,6.19,3.69
645,3,advance,bruiser,0.57,-1.20,14.76
645,4,stalk,pouncer,2.99,-2.25,17.34
646,1,chase,swarm,-13.81,-1.30,9.41
646,2,chase,swarm,-7.85,6.22,3.69
646,3,advance,bruiser,0.56,-1.19,14.77
646,4,stalk,pouncer,2.99,-2.23,17.35
647,1,chase,swarm,-13.75,-1.18,9.33
647,2,chase,swarm,-7.92,6.33,3.68
647,3,advance,bruiser,0.52,-1.16,14.84
647,4,stalk,pouncer,2.98,-2.15,17.41
648,1,chase,swarm,-13.74,-1.15,9.31
648,2,chase,swarm,-7.94,6.35,3.68
648,3,advance,bruiser,0.51,-1.15,14.85
648,4,stalk,pouncer,2.97,-2.13,17.42
649,1,chase,swarm,-13.69,-1.06,9.25
649,2,chase,swarm,-8.00,6.43,3.68
649,3,advance,bruiser,0.48,-1.13,14.90
649,4,stalk,pouncer,2.96,-2.07,17.47
650,1,chase,swarm,-13.67,-1.04,9.23
650,2,chase,swarm,-8.02,6.46,3.68
650,3,advance,bruiser,0.47,-1.12,14.91
650,4,stalk,pouncer,2.96,-2.06,17.48
651,1,chase,swarm,-13.61,-0.96,9.18
651,2,chase,swarm,-8.09,6.53,3.67
651,3,advance,bruiser,0.44,-1.10,14.96
651,4,stalk,pouncer,2.95,-1.99,17.52
652,1,chase,swarm,-13.59,-0.93,9.16
652,2,chase,swarm,-8.11,6.55,3.66
652,3,advance,bruiser,0.43,-1.09,14.98
652,4,stalk,pouncer,2.94,-1.97,17.54
653,1,chase,swarm,-13.53,-0.85,9.11
653,2,chase,swarm,-8.19,6.63,3.65
653,3,advance,bruiser,0.40,-1.06,15.03
653,4,stalk,pouncer,2.93,-1.91,17.58
654,1,chase,swarm,-13.51,-0.83,9.10
654,2,chase,swarm,-8.21,6.64,3.65
654,3,advance,bruiser,0.39,-1.06,15.04
654,4,stalk,pouncer,2.93,-1.90,17.59
655,1,chase,swarm,-13.45,-0.76,9.06
655,2,chase,swarm,-8.28,6.70,3.63
655,3,advance,bruiser,0.36,-1.04,15.08
655,4,stalk,pouncer,2.92,-1.84,17.63
656,1,chase,swarm,-13.43,-0.74,9.05
656,2,chase,swarm,-8.31,6.71,3.63
656,3,advance,bruiser,0.35,-1.03,15.10
656,4,stalk,pouncer,2.92,-1.82,17.64
657,1,chase,swarm,-13.36,-0.67,9.01
657,2,chase,swarm,-8.39,6.76,3.61
657,3,advance,bruiser,0.32,-1.01,15.14
657,4,stalk,pouncer,2.91,-1.77,17.68
658,1,chase,swarm,-13.34,-0.65,9.00
658,2,chase,swarm,-8.41,6.78,3.61
658,3,advance,bruiser,0.31,-1.00,15.16
658,4,stalk,pouncer,2.90,-1.75,17.69
659,1,chase,swarm,-13.28,-0.59,8.97
659,2,chase,swarm,-8.49,6.82,3.59
659,3,advance,bruiser,0.29,-0.98,15.20
659,4,stalk,pouncer,2.89,-1.69,17.73
660,1,chase,swarm,-13.26,-0.57,8.96
660,2,chase,swarm,-8.52,6.83,3.59
660,3,advance,bruiser,0.28,-0.97,15.21
660,4,stalk,pouncer,2.89,-1.68,17.75
661,1,chase,swarm,-13.17,-0.49,8.92
661,2,chase,swarm,-8.64,6.87,3.56
661,3,advance,bruiser,0.24,-0.94,15.27
661,4,stalk,pouncer,2.87,-1.60,17.80
662,1,chase,swarm,-13.14,-0.46,8.91
662,2,chase,swarm,-8.67,6.89,3.56
662,3,advance,bruiser,0.23,-0.94,15.29
662,4,stalk,pouncer,2.87,-1.58,17.81
663,1,chase,swarm,-13.04,-0.38,8.88
663,2,chase,swarm,-8.79,6.92,3.54
663,3,advance,bruiser,0.19,-0.91,15.35
663,4,stalk,pouncer,2.86,-1.51,17.86
664,1,chase,swarm,-13.02,-0.36,8.87
664,2,chase,swarm,-8.82,6.92,3.54
664,3,advance,bruiser,0.18,-0.90,15.36
664,4,stalk,pouncer,2.85,-1.49,17.88
665,1,chase,swarm,-12.94,-0.30,8.85
665,2,chase,swarm,-8.92,6.94,3.52
665,3,advance,bruiser,0.15,-0.88,15.41
665,4,stalk,pouncer,2.84,-1.42,17.92
666,1,chase,swarm,-12.92,-0.28,8.84
666,2,chase,swarm,-8.95,6.94,3.52
666,3,advance,bruiser,0.14,-0.87,15.43
666,4,stalk,pouncer,2.84,-1.41,17.93
667,1,chase,swarm,-12.86,-0.23,8.83
667,2,chase,swarm,-9.03,6.95,3.51
667,3,advance,bruiser,0.12,-0.85,15.46
667,4,stalk,pouncer,2.83,-1.36,17.97
668,1,chase,swarm,-12.83,-0.21,8.82
668,2,chase,swarm,-9.06,6.95,3.51
668,3,advance,bruiser,0.11,-0.84,15.48
668,4,stalk,pouncer,2.82,-1.34,17.98
669,1,chase,swarm,-12.77,-0.16,8.81
669,2,chase,swarm,-9.14,6.96,3.50
669,3,advance,bruiser,0.08,-0.82,15.52
669,4,stalk,pouncer,2.81,-1.29,18.01
670,1,chase,swarm,-12.75,-0.14,8.81
670,2,chase,swarm,-9.17,6.96,3.50
670,3,advance,bruiser,0.07,-0.82,15.53
670,4,stalk,pouncer,2.81,-1.28,18.02
671,1,chase,swarm,-12.67,-0.07,8.79
671,2,chase,swarm,-9.28,6.96,3.50
671,3,advance,bruiser,0.04,-0.79,15.58
671,4,stalk,pouncer,2.80,-1.21,18.07
672,1,chase,swarm,-12.65,-0.05,8.79
672,2,chase,swarm,-9.30,6.96,3.50
672,3,advance,bruiser,0.03,-0.79,15.59
672,4,stalk,pouncer,2.79,-1.20,18.08
673,1,chase,swarm,-12.57,0.01,8.78
673,2,chase,swarm,-9.40,6.95,3.50
673,3,advance,bruiser,0.00,-0.76,15.64
673,4,stalk,pouncer,2.78,-1.14,18.12
674,1,chase,swarm,-12.55,0.02,8.78
674,2,chase,swarm,-9.42,6.95,3.50
674,3,advance,bruiser,-0.01,-0.76,15.65
674,4,stalk,pouncer,2.78,-1.12,18.13
675,1,chase,swarm,-12.46,0.10,8.77
675,2,chase,swarm,-9.55,6.94,3.51
675,3,advance,bruiser,-0.04,-0.73,15.71
675,4,stalk,pouncer,2.76,-1.05,18.18
676,1,chase,swarm,-12.44,0.12,8.76
676,2,chase,swarm,-9.57,6.94,3.51
676,3,advance,bruiser,-0.05,-0.72,15.72
676,4,stalk,pouncer,2.76,-1.03,18.20
677,1,chase,swarm,-12.37,0.19,8.76
677,2,chase,swarm,-9.67,6.93,3.52
677,3,advance,bruiser,-0.08,-0.70,15.77
677,4,stalk,pouncer,2.75,-0.97,18.24
678,1,chase,swarm,-12.35,0.20,8.76
678,2,chase,swarm,-9.69,6.93,3.52
678,3,advance,bruiser,-0.09,-0.69,15.78
678,4,stalk,pouncer,2.74,-0.96,18.25
679,1,chase,swarm,-12.32,0.23,8.75
679,2,chase,swarm,-9.74,6.92,3.53
679,3,advance,bruiser,-0.10,-0.68,15.80
679,4,stalk,pouncer,2.74,-0.93,18.27
680,1,chase,swarm,-12.26,0.29,8.75
680,2,chase,swarm,-9.82,6.91,3.54
680,3,advance,bruiser,-0.13,-0.66,15.84
680,4,stalk,pouncer,2.73,-0.88,18.30
681,1,chase,swarm,-12.21,0.33,8.74
681,2,chase,swarm,-9.88,6.91,3.54
681,3,advance,bruiser,-0.15,-0.65,15.87
681,4,stalk,pouncer,2.72,-0.85,18.33
682,1,chase,swarm,-12.16,0.39,8.74
682,2,chase,swarm,-9.96,6.90,3.56
682,3,advance,bruiser,-0.17,-0.63,15.91
682,4,stalk,pouncer,2.71,-0.80,18.36
683,1,chase,swarm,-12.11,0.44,8.74
683,2,chase,swarm,-10.03,6.89,3.57
683,3,advance,bruiser,-0.19,-0.61,15.94
683,4,stalk,pouncer,2.70,-0.76,18.39
684,1,chase,swarm,-12.06,0.50,8.73
684,2,chase,swarm,-10.11,6.88,3.58
684,3,advance,bruiser,-0.21,-0.59,15.98
684,4,stalk,pouncer,2.69,-0.71,18.42
685,1,chase,swarm,-12.01,0.55,8.73
685,2,chase,swarm,-10.18,6.87,3.59
685,3,advance,bruiser,-0.24,-0.58,16.01
685,4,stalk,pouncer,2.68,-0.67,18.45
686,1,chase,swarm,-11.96,0.61,8.73
686,2,chase,swarm,-10.25,6.87,3.61
686,3,advance,bruiser,-0.26,-0.56,16.05
686,4,stalk,pouncer,2.67,-0.62,18.48
687,1,chase,swarm,-11.91,0.66,8.72
687,2,chase,swarm,-10.33,6.86,3.62
687,3,advance,bruiser,-0.28,-0.54,16.08
687,4,stalk,pouncer,2.66,-0.58,18.51
688,1,chase,swarm,-11.86,0.72,8.72
688,2,chase,swarm,-10.40,6.85,3.64
688,3,advance,bruiser,-0.31,-0.52,16.12
688,4,stalk,pouncer,2.65,-0.53,18.55
689,1,chase,swarm,-11.81,0.79,8.72
689,2,chase,swarm,-10.49,6.84,3.65
689,3,advance,bruiser,-0.33,-0.50,16.16
689,4,stalk,pouncer,2.64,-0.48,18.58
690,1,chase,swarm,-11.77,0.85,8.71
690,2,chase,swarm,-10.56,6.84,3.67
690,3,advance,bruiser,-0.35,-0.49,16.19
690,4,stalk,pouncer,2.63,-0.44,18.61
691,1,chase,swarm,-11.72,0.93,8.70
691,2,chase,swarm,-10.66,6.83,3.69
691,3,advance,bruiser,-0.38,-0.46,16.24
691,4,stalk,pouncer,2.62,-0.38,18.65
692,1,chase,swarm,-11.70,0.97,8.70
692,2,chase,swarm,-10.70,6.83,3.70
692,3,advance,bruiser,-0.40,-0.45,16.26
692,4,stalk,pouncer,2.61,-0.36,18.67
693,1,chase,swarm,-11.63,1.09,8.69
693,2,chase,swarm,-10.84,6.83,3.73
693,3,advance,bruiser,-0.44,-0.42,16.33
693,4,stalk,pouncer,2.59,-0.27,18.73
694,1,chase,swarm,-11.62,1.12,8.68
694,2,chase,swarm,-10.87,6.83,3.74
694,3,advance,bruiser,-0.45,-0.41,16.34
694,4,stalk,pouncer,2.59,-0.25,18.74
695,1,chase,swarm,-11.56,1.25,8.67
695,2,chase,swarm,-11.01,6.83,3.76
695,3,advance,bruiser,-0.49,-0.38,16.41
695,4,stalk,pouncer,2.57,-0.17,18.80
696,1,chase,swarm,-11.52,1.36,8.65
696,2,chase,swarm,-11.13,6.83,3.79
696,3,advance,bruiser,-0.53,-0.35,16.46
696,4,stalk,pouncer,2.55,-0.10,18.85
697,1,chase,swarm,-11.49,1.47,8.63
697,2,chase,swarm,-11.25,6.84,3.81
697,3,advance,bruiser,-0.56,-0.32,16.52
697,4,stalk,pouncer,2.53,-0.03,18.90
698,1,chase,swarm,-11.49,1.51,8.62
698,2,chase,swarm,-11.28,6.84,3.82
698,3,advance,bruiser,-0.57,-0.31,16.54
698,4,stalk,pouncer,2.53,-0.01,18.91
699,1,chase,swarm,-11.47,1.67,8.59
699,2,chase,swarm,-11.44,6.86,3.84
699,3,advance,bruiser,-0.62,-0.28,16.61
699,4,stalk,pouncer,2.51,0.09,18.98
700,1,chase,swarm,-11.46,1.71,8.58
700,2,chase,swarm,-11.48,6.86,3.85
700,3,advance,bruiser,-0.63,-0.27,16.63
700,4,stalk,pouncer,2.50,0.11,19.00
701,1,chase,swarm,-11.47,1.86,8.54
701,2,chase,swarm,-11.63,6.89,3.87
701,3,advance,bruiser,-0.68,-0.23,16.70
701,4,stalk,pouncer,2.48,0.20,19.06
702,1,chase,swarm,-11.47,1.90,8.53
702,2,chase,swarm,-11.67,6.90,3.87
702,3,advance,bruiser,-0.69,-0.22,16.72
702,4,stalk,pouncer,2.47,0.23,19.08
703,1,chase,swarm,-11.49,1.99,8.51
703,2,chase,swarm,-11.76,6.92,3.88
703,3,advance,bruiser,-0.72,-0.20,16.77
703,4,stalk,pouncer,2.46,0.28,19.11
704,1,chase,swarm,-11.49,2.03,8.50
704,2,chase,swarm,-11.80,6.93,3.88
704,3,advance,bruiser,-0.73,-0.19,16.79
704,4,stalk,pouncer,2.45,0.31,19.13
705,1,chase,swarm,-11.52,2.13,8.47
705,2,chase,swarm,-11.90,6.97,3.89
705,3,advance,bruiser,-0.77,-0.16,16.84
705,4,stalk,pouncer,2.44,0.37,19.18
706,1,chase,swarm,-11.53,2.17,8.46
706,2,chase,swarm,-11.94,6.98,3.89
706,3,advance,bruiser,-0.78,-0.16,16.85
706,4,stalk,pouncer,2.41,0.37,19.19
707,1,chase,swarm,-11.57,2.26,8.44
707,2,chase,swarm,-12.03,7.02,3.89
707,3,advance,bruiser,-0.81,-0.13,16.90
707,4,stalk,pouncer,2.35,0.35,19.24
708,1,chase,swarm,-11.59,2.29,8.43
708,2,chase,swarm,-12.06,7.03,3.89
708,3,advance,bruiser,-0.82,-0.12,16.92
708,4,stalk,pouncer,2.34,0.35,19.25
709,1,chase,swarm,-11.64,2.38,8.40
709,2,chase,swarm,-12.15,7.08,3.89
709,3,advance,bruiser,-0.85,-0.10,16.97
709,4,stalk,pouncer,2.27,0.33,19.29
710,1,chase,swarm,-11.66,2.42,8.39
710,2,chase,swarm,-12.19,7.09,3.89
710,3,advance,bruiser,-0.86,-0.09,16.99
710,4,stalk,pouncer,2.25,0.32,19.31
711,1,chase,swarm,-11.72,2.50,8.37
711,2,chase,swarm,-12.28,7.15,3.88
711,3,advance,bruiser,-0.89,-0.06,17.04
711,4,stalk,pouncer,2.19,0.31,19.35
712,1,chase,swarm,-11.73,2.52,8.37
712,2,chase,swarm,-12.30,7.16,3.88
712,3,advance,bruiser,-0.90,-0.06,17.05
712,4,stalk,pouncer,2.17,0.31,19.36
713,1,chase,swarm,-11.81,2.61,8.35
713,2,chase,swarm,-12.39,7.23,3.87
713,3,advance,bruiser,-0.94,-0.03,17.10
713,4,stalk,pouncer,2.10,0.29,19.41
714,1,chase,swarm,-11.83,2.63,8.34
714,2,chase,swarm,-12.41,7.25,3.87
714,3,advance,bruiser,-0.94,-0.02,17.12
714,4,stalk,pouncer,2.09,0.29,19.42
715,1,chase,swarm,-11.94,2.73,8.32
715,2,chase,swarm,-12.52,7.35,3.84
715,3,advance,bruiser,-0.99,0.01,17.19
715,4,stalk,pouncer,2.00,0.27,19.49
716,1,chase,swarm,-11.97,2.76,8.32
716,2,chase,swarm,-12.55,7.38,3.84
716,3,advance,bruiser,-1.00,0.02,17.21
716,4,stalk,pouncer,1.97,0.26,19.50
717,1,chase,swarm,-12.06,2.83,8.31
717,2,chase,swarm,-12.62,7.47,3.82
717,3,advance,bruiser,-1.04,0.05,17.26
717,4,stalk,pouncer,1.90,0.24,19.55
718,1,chase,swarm,-12.08,2.85,8.31
718,2,chase,swarm,-12.64,7.49,3.81
718,3,advance,bruiser,-1.05,0.06,17.28
718,4,stalk,pouncer,1.89,0.24,19.56
719,1,chase,swarm,-12.15,2.90,8.30
719,2,chase,swarm,-12.69,7.56,3.80
719,3,advance,bruiser,-1.07,0.08,17.32
719,4,stalk,pouncer,1.84,0.23,19.60
720,1,chase,swarm,-12.18,2.92,8.30
720,2,chase,swarm,-12.71,7.59,3.79
720,3,advance,bruiser,-1.08,0.09,17.33
720,4,stalk,pouncer,1.81,0.22,19.61
721,1,chase,swarm,-12.28,2.98,8.30
721,2,chase,swarm,-12.77,7.70,3.77
721,3,advance,bruiser,-1.12,0.11,17.39
721,4,stalk,pouncer,1.74,0.21,19.66
722,1,chase,swarm,-12.31,3.00,8.29
722,2,chase,swarm,-12.78,7.73,3.77
722,3,advance,bruiser,-1.13,0.12,17.41
722,4,stalk,pouncer,1.72,0.20,19.68
723,1,chase,swarm,-12.44,3.07,8.30
723,2,chase,swarm,-12.83,7.87,3.75
723,3,advance,bruiser,-1.17,0.16,17.48
723,4,stalk,pouncer,1.63,0.19,19.74
724,1,chase,swarm,-12.47,3.09,8.30
724,2,chase,swarm,-12.84,7.90,3.74
724,3,advance,bruiser,-1.18,0.17,17.49
724,4,stalk,pouncer,1.61,0.18,19.75
725,1,chase,swarm,-12.54,3.13,8.30
725,2,chase,swarm,-12.87,7.98,3.73
725,3,advance,bruiser,-1.21,0.19,17.53
725,4,stalk,pouncer,1.56,0.17,19.79
726,1,chase,swarm,-12.57,3.15,8.30
726,2,chase,swarm,-12.88,8.01,3.73
726,3,advance,bruiser,-1.22,0.19,17.55
726,4,stalk,pouncer,1.54,0.17,19.80
727,1,chase,swarm,-12.71,3.21,8.31
727,2,chase,swarm,-12.90,8.16,3.72
727,3,advance,bruiser,-1.27,0.23,17.62
727,4,stalk,pouncer,1.45,0.15,19.87
728,1,chase,swarm,-12.73,3.23,8.31
728,2,chase,swarm,-12.91,8.18,3.72
728,3,advance,bruiser,-1.27,0.24,17.63
728,4,stalk,pouncer,1.44,0.15,19.88
729,1,chase,swarm,-12.82,3.27,8.32
729,2,chase,swarm,-12.92,8.29,3.71
729,3,advance,bruiser,-1.31,0.26,17.68
729,4,stalk,pouncer,1.37,0.13,19.92
730,1,chase,swarm,-12.85,3.28,8.32
730,2,chase,swarm,-12.93,8.32,3.71
730,3,advance,bruiser,-1.31,0.27,17.70
730,4,stalk,pouncer,1.36,0.13,19.93
731,1,chase,swarm,-12.95,3.33,8.32
731,2,chase,swarm,-12.94,8.43,3.71
731,3,advance,bruiser,-1.35,0.30,17.75
731,4,stalk,pouncer,1.29,0.12,19.98
732,1,chase,swarm,-12.98,3.34,8.33
732,2,chase,swarm,-12.94,8.46,3.71
732,3,advance,bruiser,-1.36,0.30,17.76
732,4,stalk,pouncer,1.27,0.11,19.99
733,1,chase,swarm,-13.05,3.38,8.33
733,2,chase,swarm,-12.94,8.54,3.72
733,3,advance,bruiser,-1.38,0.32,17.80
733,4,stalk,pouncer,1.22,0.10,20.03
734,1,chase,swarm,-13.08,3.39,8.33
734,2,chase,swarm,-12.95,8.57,3.72
734,3,advance,bruiser,-1.39,0.33,17.82
734,4,stalk,pouncer,1.20,0.10,20.04
735,1,chase,swarm,-13.17,3.43,8.34
735,2,chase,swarm,-12.95,8.67,3.73
735,3,advance,bruiser,-1.42,0.35,17.86
735,4,stalk,pouncer,1.14,0.09,20.08
736,1,chase,swarm,-13.19,3.44,8.34
736,2,chase,swarm,-12.95,8.69,3.73
736,3,advance,bruiser,-1.43,0.36,17.88
736,4,stalk,pouncer,1.13,0.09,20.09
737,1,chase,swarm,-13.31,3.50,8.35
737,2,chase,swarm,-12.95,8.83,3.74
737,3,advance,bruiser,-1.47,0.39,17.94
737,4,stalk,pouncer,1.05,0.07,20.15
738,1,chase,swarm,-13.34,3.51,8.36
738,2,chase,swarm,-12.95,8.85,3.75
738,3,advance,bruiser,-1.48,0.40,17.95
738,4,stalk,pouncer,1.03,0.07,20.16
739,1,chase,swarm,-13.41,3.55,8.36
739,2,chase,swarm,-12.95,8.94,3.76
739,3,advance,bruiser,-1.50,0.42,17.99
739,4,stalk,pouncer,0.98,0.06,20.20
740,1,chase,swarm,-13.44,3.56,8.36
740,2,chase,swarm,-12.95,8.97,3.76
740,3,advance,bruiser,-1.51,0.42,18.01
740,4,stalk,pouncer,0.96,0.06,20.21
741,1,chase,swarm,-13.57,3.63,8.37
741,2,chase,swarm,-12.95,9.11,3.79
741,3,advance,bruiser,-1.55,0.46,18.07
741,4,stalk,pouncer,0.88,0.04,20.27
742,1,chase,swarm,-13.59,3.64,8.37
742,2,chase,swarm,-12.95,9.14,3.79
742,3,advance,bruiser,-1.56,0.47,18.09
742,4,stalk,pouncer,0.86,0.04,20.28
743,1,chase,swarm,-13.67,3.68,8.38
743,2,chase,swarm,-12.95,9.23,3.81
743,3,advance,bruiser,-1.59,0.49,18.13
743,4,stalk,pouncer,0.80,0.03,20.32
744,1,chase,swarm,-13.70,3.70,8.38
744,2,chase,swarm,-12.95,9.26,3.81
744,3,advance,bruiser,-1.60,0.50,18.15
744,4,stalk,pouncer,0.78,0.03,20.34
745,1,chase,swarm,-13.81,3.76,8.38
745,2,chase,swarm,-12.95,9.39,3.84
745,3,advance,bruiser,-1.64,0.53,18.21
745,4,stalk,pouncer,0.71,0.01,20.39
746,1,chase,swarm,-13.84,3.77,8.38
746,2,chase,swarm,-12.95,9.42,3.84
746,3,advance,bruiser,-1.65,0.53,18.22
746,4,stalk,pouncer,0.69,0.01,20.40
747,1,chase,swarm,-13.94,3.83,8.38
747,2,chase,swarm,-12.96,9.54,3.87
747,3,advance,bruiser,-1.68,0.56,18.28
747,4,stalk,pouncer,0.62,-0.00,20.45
748,1,chase,swarm,-13.96,3.85,8.37
748,2,chase,swarm,-12.96,9.56,3.85
748,3,advance,bruiser,-1.69,0.57,18.27
748,4,stalk,pouncer,0.60,-0.00,20.44
749,1,chase,swarm,-14.08,3.93,8.26
749,2,chase,swarm,-12.96,9.70,3.76
749,3,advance,bruiser,-1.73,0.60,18.21
749,4,stalk,pouncer,0.52,-0.02,20.38
750,1,chase,swarm,-14.10,3.94,8.24
750,2,chase,swarm,-12.97,9.73,3.74
750,3,advance,bruiser,-1.74,0.61,18.20
750,4,stalk,pouncer,0.50,-0.02,20.37
751,1,chase,swarm,-14.19,4.01,8.16
751,2,chase,swarm,-12.97,9.84,3.67
751,3,advance,bruiser,-1.77,0.63,18.16
751,4,stalk,pouncer,0.44,-0.03,20.32
752,1,chase,swarm,-14.21,4.02,8.14
752,2,chase,swarm,-12.98,9.86,3.66
752,3,advance,bruiser,-1.78,0.64,18.15
752,4,stalk,pouncer,0.42,-0.03,20.31
753,1,chase,swarm,-14.29,4.09,8.05
753,2,chase,swarm,-12.99,9.97,3.59
753,3,advance,bruiser,-1.82,0.67,18.11
753,4,stalk,pouncer,0.35,-0.04,20.26
754,1,chase,swarm,-14.31,4.11,8.03
754,2,chase,swarm,-12.99,10.00,3.57
754,3,advance,bruiser,-1.82,0.67,18.10
754,4,stalk,pouncer,0.34,-0.05,20.25
755,1,chase,swarm,-14.38,4.17,7.96
755,2,chase,swarm,-13.00,10.09,3.51
755,3,advance,bruiser,-1.85,0.70,18.06
755,4,stalk,pouncer,0.28,-0.05,20.21
756,1,chase,swarm,-14.40,4.20,7.93
756,2,chase,swarm,-13.01,10.12,3.49
756,3,advance,bruiser,-1.86,0.70,18.05
756,4,stalk,pouncer,0.26,-0.06,20.20
757,1,chase,swarm,-14.49,4.31,7.80
757,2,chase,swarm,-13.04,10.27,3.39
757,3,advance,bruiser,-1.90,0.74,18.00
757,4,stalk,pouncer,0.17,-0.07,20.13
758,1,chase,swarm,-14.52,4.33,7.77
758,2,chase,swarm,-13.04,10.30,3.37
758,3,advance,bruiser,-1.91,0.75,17.98
758,4,stalk,pouncer,0.15,-0.07,20.12
759,1,chase,swarm,-14.60,4.47,7.63
759,2,chase,swarm,-13.08,10.45,3.26
759,3,advance,bruiser,-1.96,0.79,17.92
759,4,stalk,pouncer,0.06,-0.09,20.05
760,1,chase,swarm,-14.62,4.50,7.59
760,2,chase,swarm,-13.09,10.49,3.23
760,3,advance,bruiser,-1.97,0.79,17.91
760,4,stalk,pouncer,0.03,-0.09,20.04
761,1,chase,swarm,-14.70,4.66,7.41
761,2,chase,swarm,-13.15,10.66,3.10
761,3,advance,bruiser,-2.03,0.84,17.84
761,4,stalk,pouncer,-0.08,-0.11,19.96
762,1,chase,swarm,-14.71,4.70,7.38
762,2,chase,swarm,-13.17,10.69,3.08
762,3,advance,bruiser,-2.04,0.85,17.82
762,4,stalk,pouncer,-0.10,-0.11,19.94
763,1,chase,swarm,-14.74,4.81,7.26
763,2,chase,swarm,-13.22,10.80,2.99
763,3,advance,bruiser,-2.08,0.88,17.78
763,4,stalk,pouncer,-0.17,-0.12,19.89
764,1,chase,swarm,-14.75,4.84,7.23
764,2,chase,swarm,-13.23,10.83,2.96
764,3,advance,bruiser,-2.09,0.88,17.76
764,4,stalk,pouncer,-0.19,-0.12,19.88
765,1,chase,swarm,-14.77,4.92,7.15
765,2,chase,swarm,-13.27,10.90,2.90
765,3,advance,bruiser,-2.11,0.90,17.73
765,4,stalk,pouncer,-0.24,-0.13,19.84
766,1,chase,swarm,-14.78,4.96,7.11
766,2,chase,swarm,-13.29,10.93,2.87
766,3,advance,bruiser,-2.12,0.91,17.72
766,4,stalk,pouncer,-0.26,-0.13,19.83
767,1,chase,swarm,-14.79,5.07,7.00
767,2,chase,swarm,-13.35,11.02,2.78
767,3,advance,bruiser,-2.15,0.94,17.68
767,4,stalk,pouncer,-0.33,-0.14,19.78
768,1,chase,swarm,-14.79,5.10,6.97
768,2,chase,swarm,-13.37,11.05,2.76
768,3,advance,bruiser,-2.16,0.95,17.66
768,4,stalk,pouncer,-0.35,-0.14,19.76
769,1,chase,swarm,-14.78,5.22,6.86
769,2,chase,swarm,-13.44,11.14,2.66
769,3,advance,bruiser,-2.20,0.97,17.62
769,4,stalk,pouncer,-0.42,-0.15,19.71
770,1,chase,swarm,-14.78,5.25,6.82
770,2,chase,swarm,-13.46,11.17,2.63
770,3,advance,bruiser,-2.21,0.98,17.61
770,4,stalk,pouncer,-0.44,-0.15,19.70
771,1,chase,swarm,-14.76,5.39,6.69
771,2,chase,swarm,-13.57,11.27,2.50
771,3,advance,bruiser,-2.25,1.02,17.55
771,4,stalk,pouncer,-0.53,-0.16,19.64
772,1,chase,swarm,-14.75,5.42,6.66
772,2,chase,swarm,-13.59,11.29,2.47
772,3,advance,bruiser,-2.26,1.02,17.54
772,4,stalk,pouncer,-0.55,-0.17,19.62
773,1,chase,swarm,-14.73,5.52,6.57
773,2,chase,swarm,-13.67,11.35,2.38
773,3,advance,bruiser,-2.29,1.05,17.50
773,4,stalk,pouncer,-0.61,-0.17,19.58
774,1,chase,swarm,-14.72,5.55,6.54
774,2,chase,swarm,-13.70,11.37,2.35
774,3,advance,bruiser,-2.30,1.06,17.49
774,4,stalk,pouncer,-0.63,-0.18,19.56
775,1,chase,swarm,-14.69,5.65,6.45
775,2,chase,swarm,-13.78,11.42,2.25
775,3,advance,bruiser,-2.33,1.08,17.45
775,4,stalk,pouncer,-0.69,-0.18,19.52
776,1,chase,swarm,-14.68,5.67,6.42
776,2,chase,swarm,-13.81,11.43,2.23
776,3,advance,bruiser,-2.34,1.09,17.44
776,4,stalk,pouncer,-0.71,-0.19,19.51
777,1,chase,swarm,-14.65,5.77,6.34
777,2,chase,swarm,-13.90,11.47,2.12
777,3,advance,bruiser,-2.37,1.11,17.40
777,4,stalk,pouncer,-0.77,-0.19,19.46
778,1,chase,swarm,-14.64,5.80,6.31
778,2,chase,swarm,-13.93,11.48,2.10
778,3,advance,bruiser,-2.38,1.12,17.39
778,4,stalk,pouncer,-0.79,-0.19,19.45
779,1,chase,swarm,-14.61,5.87,6.25
779,2,chase,swarm,-14.00,11.51,2.02
779,3,advance,bruiser,-2.40,1.14,17.36
779,4,stalk,pouncer,-0.83,-0.20,19.42
780,1,chase,swarm,-14.60,5.89,6.23
780,2,chase,swarm,-14.02,11.52,2.00
780,3,advance,bruiser,-2.41,1.14,17.35
780,4,stalk,pouncer,-0.85,-0.20,19.41
781,1,chase,swarm,-14.55,5.98,6.15
781,2,chase,swarm,-14.12,11.54,1.89
781,3,advance,bruiser,-2.44,1.17,17.31
781,4,stalk,pouncer,-0.91,-0.21,19.36
782,1,chase,swarm,-14.55,6.00,6.13
782,2,chase,swarm,-14.14,11.54,1.87
782,3,advance,bruiser,-2.45,1.17,17.30
782,4,stalk,pouncer,-0.92,-0.21,19.35
783,1,chase,swarm,-14.49,6.10,6.05
783,2,chase,swarm,-14.26,11.56,1.76
783,3,advance,bruiser,-2.48,1.20,17.26
783,4,stalk,pouncer,-0.99,-0.22,19.30
784,1,chase,swarm,-14.48,6.12,6.03
784,2,chase,swarm,-14.28,11.56,1.74
784,3,advance,bruiser,-2.49,1.21,17.25
784,4,stalk,pouncer,-1.01,-0.22,19.30
785,1,chase,swarm,-14.42,6.25,5.93
785,2,chase,swarm,-14.42,11.56,1.60
785,3,advance,bruiser,-2.53,1.24,17.19
785,4,stalk,pouncer,-1.09,-0.23,19.23
786,1,chase,swarm,-14.40,6.27,5.91
786,2,chase,swarm,-14.45,11.56,1.57
786,3,advance,bruiser,-2.54,1.25,17.18
786,4,stalk,pouncer,-1.11,-0.23,19.22
787,1,chase,swarm,-14.34,6.37,5.83
787,2,chase,swarm,-14.56,11.55,1.46
787,3,advance,bruiser,-2.58,1.28,17.14
787,4,stalk,pouncer,-1.18,-0.24,19.17
788,1,chase,swarm,-14.33,6.39,5.81
788,2,windup,swarm,-14.56,11.55,1.46
788,3,advance,bruiser,-2.58,1.28,17.13
788,4,stalk,pouncer,-1.20,-0.24,19.16
789,1,chase,swarm,-14.28,6.48,5.74
789,2,windup,swarm,-14.56,11.55,1.46
789,3,advance,bruiser,-2.61,1.31,17.09
789,4,stalk,pouncer,-1.26,-0.24,19.12
790,1,chase,swarm,-14.27,6.50,5.72
790,2,windup,swarm,-14.56,11.55,1.46
790,3,advance,bruiser,-2.62,1.31,17.08
790,4,stalk,pouncer,-1.27,-0.24,19.11
791,1,chase,swarm,-14.22,6.58,5.66
791,2,windup,swarm,-14.56,11.55,1.46
791,3,advance,bruiser,-2.65,1.33,17.04
791,4,stalk,pouncer,-1.33,-0.25,19.07
792,1,chase,swarm,-14.21,6.60,5.65
792,2,windup,swarm,-14.56,11.55,1.46
792,3,advance,bruiser,-2.65,1.34,17.04
792,4,stalk,pouncer,-1.34,-0.25,19.06
793,1,chase,swarm,-14.12,6.77,5.52
793,2,windup,swarm,-14.56,11.55,1.46
793,3,advance,bruiser,-2.71,1.38,16.96
793,4,stalk,pouncer,-1.46,-0.26,18.97
794,1,chase,swarm,-14.10,6.79,5.51
794,2,windup,swarm,-14.56,11.55,1.46
794,3,advance,bruiser,-2.72,1.39,16.95
794,4,stalk,pouncer,-1.47,-0.26,18.96
795,1,chase,swarm,-14.05,6.88,5.44
795,2,windup,swarm,-14.56,11.55,1.46
795,3,advance,bruiser,-2.75,1.42,16.91
795,4,stalk,pouncer,-1.54,-0.27,18.92
796,1,chase,swarm,-14.04,6.90,5.42
796,2,windup,swarm,-14.56,11.55,1.46
796,3,advance,bruiser,-2.76,1.42,16.90
796,4,stalk,pouncer,-1.55,-0.27,18.91
797,1,chase,swarm,-13.98,7.01,5.34
797,2,windup,swarm,-14.56,11.55,1.46
797,3,advance,bruiser,-2.80,1.45,16.85
797,4,stalk,pouncer,-1.63,-0.28,18.85
798,1,chase,swarm,-13.97,7.03,5.32
798,2,windup,swarm,-14.56,11.55,1.46
798,3,advance,bruiser,-2.80,1.46,16.84
798,4,stalk,pouncer,-1.65,-0.28,18.84
799,1,chase,swarm,-13.92,7.13,5.25
799,2,windup,swarm,-14.56,11.55,1.46
799,3,advance,bruiser,-2.84,1.48,16.80
799,4,stalk,pouncer,-1.71,-0.28,18.80
800,1,chase,swarm,-13.91,7.15,5.24
800,2,windup,swarm,-14.56,11.55,1.46
800,3,advance,bruiser,-2.85,1.49,16.79
800,4,stalk,pouncer,-1.73,-0.28,18.78
801,1,chase,swarm,-13.87,7.24,5.17
801,2,windup,swarm,-14.56,11.55,1.46
801,3,advance,bruiser,-2.88,1.51,16.75
801,4,stalk,pouncer,-1.79,-0.29,18.74
802,1,chase,swarm,-13.86,7.27,5.15
802,2,windup,swarm,-14.56,11.55,1.46
802,3,advance,bruiser,-2.88,1.52,16.74
802,4,stalk,pouncer,-1.81,-0.29,18.73
803,1,chase,swarm,-13.80,7.39,5.06
803,2,windup,swarm,-14.56,11.55,1.46
803,3,advance,bruiser,-2.93,1.55,16.69
803,4,stalk,pouncer,-1.89,-0.29,18.67
804,1,chase,swarm,-13.79,7.41,5.05
804,2,strike,swarm,-14.56,11.55,1.46
804,3,advance,bruiser,-2.93,1.56,16.68
804,4,stalk,pouncer,-1.90,-0.30,18.66
805,1,chase,swarm,-13.76,7.51,4.98
805,2,strike,swarm,-14.69,11.59,1.33
805,3,advance,bruiser,-2.96,1.58,16.64
805,4,stalk,pouncer,-1.96,-0.30,18.62
806,1,chase,swarm,-13.75,7.53,4.96
806,2,strike,swarm,-14.73,11.60,1.29
806,3,advance,bruiser,-2.97,1.59,16.63
806,4,stalk,pouncer,-1.98,-0.30,18.61
807,1,chase,swarm,-13.70,7.66,4.86
807,2,strike,swarm,-14.91,11.65,1.10
807,3,advance,bruiser,-3.01,1.62,16.58
807,4,stalk,pouncer,-2.07,-0.31,18.55
808,1,chase,swarm,-13.70,7.68,4.85
808,2,strike,swarm,-14.94,11.66,1.07
808,3,advance,bruiser,-3.02,1.63,16.57
808,4,stalk,pouncer,-2.08,-0.31,18.54
809,1,chase,swarm,-13.66,7.81,4.75
809,2,strike,swarm,-15.11,11.71,0.89
809,3,advance,bruiser,-3.06,1.66,16.52
809,4,stalk,pouncer,-2.16,-0.31,18.48
810,1,chase,swarm,-13.66,7.83,4.74
810,2,strike,swarm,-15.14,11.72,0.86
810,3,advance,bruiser,-3.06,1.67,16.51
810,4,stalk,pouncer,-2.17,-0.31,18.47
811,1,chase,swarm,-13.63,7.96,4.64
811,2,strike,swarm,-15.31,11.77,0.68
811,3,advance,bruiser,-3.10,1.70,16.46
811,4,stalk,pouncer,-2.25,-0.32,18.41
812,1,chase,swarm,-13.63,7.98,4.62
812,2,strike,swarm,-15.34,11.78,0.65
812,3,advance,bruiser,-3.11,1.70,16.45
812,4,stalk,pouncer,-2.27,-0.32,18.40
813,1,chase,swarm,-13.61,8.10,4.53
813,2,strike,swarm,-15.49,11.83,0.49
813,3,advance,bruiser,-3.15,1.73,16.41
813,4,stalk,pouncer,-2.34,-0.32,18.35
814,1,chase,swarm,-13.61,8.12,4.51
814,2,strike,swarm,-15.52,11.84,0.47
814,3,advance,bruiser,-3.15,1.74,16.40
814,4,stalk,pouncer,-2.35,-0.32,18.34
815,1,chase,swarm,-13.60,8.24,4.41
815,2,strike,swarm,-15.68,11.88,0.30
815,3,advance,bruiser,-3.19,1.77,16.35
815,4,stalk,pouncer,-2.43,-0.33,18.29
816,1,chase,swarm,-13.60,8.27,4.40
816,2,strike,swarm,-15.71,11.89,0.27
816,3,advance,bruiser,-3.20,1.77,16.34
816,4,stalk,pouncer,-2.44,-0.33,18.28
817,1,chase,swarm,-13.60,8.39,4.29
817,2,strike,swarm,-15.87,11.94,0.10
817,3,advance,bruiser,-3.23,1.80,16.29
817,4,stalk,pouncer,-2.52,-0.33,18.23
818,1,chase,swarm,-13.61,8.41,4.27
818,2,recover,swarm,-15.90,11.95,0.07
818,3,advance,bruiser,-3.24,1.81,16.29
818,4,stalk,pouncer,-2.53,-0.33,18.22
819,1,chase,swarm,-13.62,8.55,4.14
819,2,recover,swarm,-15.90,11.95,0.07
819,3,advance,bruiser,-3.28,1.84,16.23
819,4,stalk,pouncer,-2.62,-0.34,18.16
820,1,chase,swarm,-13.63,8.57,4.12
820,2,recover,swarm,-15.90,11.95,0.07
820,3,advance,bruiser,-3.29,1.85,16.22
820,4,stalk,pouncer,-2.63,-0.34,18.15
821,1,chase,swarm,-13.66,8.69,4.01
821,2,recover,swarm,-15.90,11.95,0.07
821,3,advance,bruiser,-3.33,1.88,16.17
821,4,stalk,pouncer,-2.71,-0.34,18.09
822,1,chase,swarm,-13.66,8.72,3.99
822,2,recover,swarm,-15.90,11.95,0.07
822,3,advance,bruiser,-3.33,1.88,16.17
822,4,stalk,pouncer,-2.72,-0.34,18.08
823,1,chase,swarm,-13.72,8.86,3.84
823,2,recover,swarm,-15.90,11.95,0.07
823,3,advance,bruiser,-3.38,1.92,16.11
823,4,stalk,pouncer,-2.81,-0.34,18.02
824,1,chase,swarm,-13.73,8.88,3.81
824,2,recover,swarm,-15.90,11.95,0.07
824,3,advance,bruiser,-3.39,1.92,16.10
824,4,stalk,pouncer,-2.83,-0.34,18.00
825,1,chase,swarm,-13.81,9.01,3.67
825,2,recover,swarm,-15.90,11.95,0.07
825,3,advance,bruiser,-3.43,1.96,16.04
825,4,stalk,pouncer,-2.92,-0.35,17.94
826,1,chase,swarm,-13.82,9.03,3.64
826,2,recover,swarm,-15.90,11.95,0.07
826,3,advance,bruiser,-3.44,1.97,16.03
826,4,stalk,pouncer,-2.94,-0.35,17.93
827,1,chase,swarm,-13.91,9.14,3.50
827,2,recover,swarm,-15.90,11.95,0.07
827,3,advance,bruiser,-3.48,2.00,15.97
827,4,stalk,pouncer,-3.02,-0.35,17.87
828,1,chase,swarm,-13.93,9.17,3.47
828,2,recover,swarm,-15.90,11.95,0.07
828,3,advance,bruiser,-3.49,2.01,15.96
828,4,stalk,pouncer,-3.04,-0.35,17.85
829,1,chase,swarm,-14.13,9.33,3.22
829,2,recover,swarm,-15.90,11.95,0.07
829,3,advance,bruiser,-3.57,2.07,15.86
829,4,stalk,pouncer,-3.20,-0.35,17.74
830,1,chase,swarm,-14.15,9.34,3.19
830,2,recover,swarm,-15.90,11.95,0.07
830,3,advance,bruiser,-3.58,2.08,15.85
830,4,stalk,pouncer,-3.22,-0.35,17.73
831,1,chase,swarm,-14.27,9.42,3.06
831,2,recover,swarm,-15.90,11.95,0.07
831,3,advance,bruiser,-3.62,2.11,15.80
831,4,stalk,pouncer,-3.30,-0.36,17.67
832,1,chase,swarm,-14.29,9.43,3.04
832,2,recover,swarm,-15.90,11.95,0.07
832,3,advance,bruiser,-3.63,2.12,15.79
832,4,stalk,pouncer,-3.32,-0.36,17.66
833,1,chase,swarm,-14.38,9.49,2.94
833,2,recover,swarm,-15.90,11.95,0.07
833,3,advance,bruiser,-3.66,2.14,15.75
833,4,stalk,pouncer,-3.39,-0.36,17.61
834,1,chase,swarm,-14.41,9.50,2.92
834,2,recover,swarm,-15.90,11.95,0.07
834,3,advance,bruiser,-3.67,2.15,15.74
834,4,stalk,pouncer,-3.40,-0.36,17.60
835,1,chase,swarm,-14.51,9.56,2.82
835,2,recover,swarm,-15.90,11.95,0.07
835,3,advance,bruiser,-3.70,2.18,15.69
835,4,stalk,pouncer,-3.47,-0.36,17.55
836,1,chase,swarm,-14.53,9.57,2.80
836,2,recover,swarm,-15.90,11.95,0.07
836,3,advance,bruiser,-3.71,2.18,15.68
836,4,stalk,pouncer,-3.49,-0.36,17.54
837,1,chase,swarm,-14.82,9.67,2.57
837,2,recover,swarm,-15.90,11.95,0.07
837,3,advance,bruiser,-3.81,2.26,15.56
837,4,stalk,pouncer,-3.49,-0.17,17.41
838,1,chase,swarm,-14.85,9.69,2.54
838,2,recover,swarm,-15.90,11.95,0.07
838,3,advance,bruiser,-3.82,2.26,15.55
838,4,stalk,pouncer,-3.49,-0.15,17.39
839,1,chase,swarm,-14.97,9.73,2.45
839,2,recover,swarm,-15.90,11.95,0.07
839,3,advance,bruiser,-3.85,2.30,15.50
839,4,stalk,pouncer,-3.49,-0.07,17.34
840,1,chase,swarm,-14.99,9.74,2.43
840,2,recover,swarm,-15.90,11.95,0.07
840,3,advance,bruiser,-3.86,2.30,15.49
840,4,stalk,pouncer,-3.49,-0.06,17.33
841,1,chase,swarm,-15.09,9.78,2.36
841,2,recover,swarm,-15.90,11.95,0.07
841,3,advance,bruiser,-3.89,2.33,15.45
841,4,stalk,pouncer,-3.49,0.01,17.28
842,1,chase,swarm,-15.11,9.79,2.34
842,2,recover,swarm,-15.90,11.95,0.07
842,3,advance,bruiser,-3.90,2.33,15.44
842,4,stalk,pouncer,-3.49,0.02,17.27
843,1,chase,swarm,-15.21,9.84,2.26
843,2,recover,swarm,-15.90,11.95,0.07
843,3,advance,bruiser,-3.93,2.36,15.40
843,4,stalk,pouncer,-3.50,0.09,17.22
844,1,chase,swarm,-15.24,9.85,2.24
844,2,recover,swarm,-15.90,11.95,0.07
844,3,advance,bruiser,-3.94,2.37,15.39
844,4,stalk,pouncer,-3.50,0.11,17.21
845,1,chase,swarm,-15.48,9.95,2.08
845,2,recover,swarm,-15.90,11.95,0.07
845,3,advance,bruiser,-4.02,2.43,15.29
845,4,stalk,pouncer,-3.50,0.27,17.10
846,1,chase,swarm,-15.50,9.96,2.06
846,2,recover,swarm,-15.90,11.95,0.07
846,3,advance,bruiser,-4.03,2.43,15.28
846,4,stalk,pouncer,-3.50,0.28,17.09
847,1,chase,swarm,-15.64,10.04,1.96
847,2,recover,swarm,-15.90,11.95,0.07
847,3,advance,bruiser,-4.08,2.47,15.22
847,4,stalk,pouncer,-3.50,0.38,17.02
848,1,chase,swarm,-15.66,10.05,1.94
848,2,recover,swarm,-15.90,11.95,0.07
848,3,advance,bruiser,-4.08,2.48,15.21
848,4,stalk,pouncer,-3.50,0.40,17.01
849,1,chase,swarm,-15.76,10.11,1.87
849,2,recover,swarm,-15.90,11.95,0.07
849,3,advance,bruiser,-4.12,2.51,15.16
849,4,stalk,pouncer,-3.51,0.46,16.96
850,1,chase,swarm,-15.78,10.13,1.85
850,2,recover,swarm,-15.90,11.95,0.07
850,3,advance,bruiser,-4.13,2.51,15.15
850,4,stalk,pouncer,-3.51,0.48,16.95
851,1,chase,swarm,-15.99,10.28,1.69
851,2,recover,swarm,-15.90,11.95,0.07
851,3,advance,bruiser,-4.20,2.58,15.05
851,4,stalk,pouncer,-3.51,0.64,16.84
852,1,chase,swarm,-16.01,10.30,1.67
852,2,chase,swarm,-15.90,11.95,0.07
852,3,advance,bruiser,-4.21,2.58,15.04
852,4,stalk,pouncer,-3.52,0.66,16.82
853,1,chase,swarm,-16.08,10.37,1.61
853,2,windup,swarm,-15.90,11.95,0.07
853,3,advance,bruiser,-4.24,2.61,15.00
853,4,stalk,pouncer,-3.52,0.72,16.78
854,1,chase,swarm,-16.10,10.38,1.59
854,2,windup,swarm,-15.90,11.95,0.07
854,3,advance,bruiser,-4.25,2.61,14.99
854,4,stalk,pouncer,-3.52,0.73,16.77
855,1,chase,swarm,-16.19,10.48,1.50
855,2,windup,swarm,-15.90,11.95,0.07
855,3,advance,bruiser,-4.29,2.65,14.94
855,4,stalk,pouncer,-3.52,0.82,16.71
856,1,chase,swarm,-16.21,10.51,1.48
856,2,windup,swarm,-15.90,11.95,0.07
856,3,advance,bruiser,-4.30,2.65,14.93
856,4,stalk,pouncer,-3.52,0.83,16.70
857,1,windup,swarm,-16.21,10.51,1.48
857,2,windup,swarm,-15.90,11.95,0.07
857,3,advance,bruiser,-4.34,2.68,14.88
857,4,stalk,pouncer,-3.53,0.91,16.64
858,1,windup,swarm,-16.21,10.51,1.48
858,2,windup,swarm,-15.90,11.95,0.07
858,3,advance,bruiser,-4.35,2.69,14.87
858,4,stalk,pouncer,-3.53,0.93,16.63
859,1,windup,swarm,-16.21,10.51,1.48
859,2,windup,swarm,-15.90,11.95,0.07
859,3,advance,bruiser,-4.39,2.72,14.82
859,4,stalk,pouncer,-3.53,1.01,16.58
860,1,windup,swarm,-16.21,10.51,1.48
860,2,windup,swarm,-15.90,11.95,0.07
860,3,advance,bruiser,-4.39,2.73,14.81
860,4,stalk,pouncer,-3.53,1.02,16.56
861,1,windup,swarm,-16.21,10.51,1.48
861,2,windup,swarm,-15.90,11.95,0.07
861,3,advance,bruiser,-4.42,2.75,14.78
861,4,stalk,pouncer,-3.54,1.08,16.52
862,1,windup,swarm,-16.21,10.51,1.48
862,2,windup,swarm,-15.90,11.95,0.07
862,3,advance,bruiser,-4.43,2.75,14.77
862,4,crouch,pouncer,-3.54,1.09,16.51
863,1,windup,swarm,-16.21,10.51,1.48
863,2,windup,swarm,-15.90,11.95,0.07
863,3,advance,bruiser,-4.46,2.78,14.73
863,4,crouch,pouncer,-3.54,1.09,16.51
864,1,windup,swarm,-16.21,10.51,1.48
864,2,windup,swarm,-15.90,11.95,0.07
864,3,advance,bruiser,-4.47,2.78,14.72
864,4,crouch,pouncer,-3.54,1.09,16.51
865,1,windup,swarm,-16.21,10.51,1.48
865,2,windup,swarm,-15.90,11.95,0.07
865,3,advance,bruiser,-4.52,2.83,14.64
865,4,crouch,pouncer,-3.54,1.09,16.51
866,1,windup,swarm,-16.21,10.51,1.48
866,2,windup,swarm,-15.90,11.95,0.07
866,3,advance,bruiser,-4.53,2.84,14.63
866,4,crouch,pouncer,-3.54,1.09,16.51
867,1,windup,swarm,-16.21,10.51,1.48
867,2,windup,swarm,-15.90,11.95,0.07
867,3,advance,bruiser,-4.56,2.86,14.60
867,4,crouch,pouncer,-3.54,1.09,16.51
868,1,windup,swarm,-16.21,10.51,1.48
868,2,strike,swarm,-15.90,11.95,0.07
868,3,advance,bruiser,-4.57,2.87,14.59
868,4,crouch,pouncer,-3.54,1.09,16.51
869,1,windup,swarm,-16.21,10.51,1.48
869,2,strike,swarm,-16.17,12.03,0.22
869,3,advance,bruiser,-4.63,2.92,14.51
869,4,crouch,pouncer,-3.54,1.09,16.51
870,1,windup,swarm,-16.21,10.51,1.48
870,2,strike,swarm,-16.21,12.04,0.25
870,3,advance,bruiser,-4.64,2.92,14.50
870,4,crouch,pouncer,-3.54,1.09,16.51
871,1,strike,swarm,-16.21,10.51,1.48
871,2,strike,swarm,-16.38,12.09,0.43
871,3,advance,bruiser,-4.68,2.95,14.44
871,4,crouch,pouncer,-3.54,1.09,16.51
872,1,strike,swarm,-16.20,10.54,1.45
872,2,strike,swarm,-16.41,12.10,0.47
872,3,advance,bruiser,-4.69,2.96,14.44
872,4,crouch,pouncer,-3.54,1.09,16.51
873,1,strike,swarm,-16.18,10.67,1.31
873,2,strike,swarm,-16.54,12.14,0.60
873,3,advance,bruiser,-4.72,2.98,14.40
873,4,crouch,pouncer,-3.54,1.09,16.51
874,1,strike,swarm,-16.18,10.71,1.28
874,2,strike,swarm,-16.58,12.15,0.64
874,3,advance,bruiser,-4.72,2.99,14.39
874,4,crouch,pouncer,-3.54,1.09,16.51
875,1,strike,swarm,-16.15,10.87,1.11
875,2,strike,swarm,-16.73,12.20,0.80
875,3,advance,bruiser,-4.76,3.02,14.34
875,4,crouch,pouncer,-3.54,1.09,16.51
876,1,strike,swarm,-16.14,10.90,1.08
876,2,strike,swarm,-16.77,12.21,0.84
876,3,advance,bruiser,-4.77,3.03,14.33
876,4,crouch,pouncer,-3.54,1.09,16.51
877,1,strike,swarm,-16.08,11.29,0.69
877,2,strike,swarm,-17.14,12.32,1.22
877,3,advance,bruiser,-4.85,3.09,14.22
877,4,crouch,pouncer,-3.54,1.09,16.51
878,1,strike,swarm,-16.07,11.32,0.66
878,2,recover,swarm,-17.17,12.33,1.26
878,3,advance,bruiser,-4.86,3.10,14.21
878,4,crouch,pouncer,-3.54,1.09,16.51
879,1,strike,swarm,-16.04,11.51,0.46
879,2,recover,swarm,-17.17,12.33,1.26
879,3,advance,bruiser,-4.90,3.14,14.16
879,4,crouch,pouncer,-3.54,1.09,16.51
880,1,strike,swarm,-16.04,11.54,0.43
880,2,recover,swarm,-17.17,12.33,1.26
880,3,advance,bruiser,-4.91,3.14,14.15
880,4,crouch,pouncer,-3.54,1.09,16.51
881,1,strike,swarm,-16.01,11.70,0.27
881,2,recover,swarm,-17.17,12.33,1.26
881,3,advance,bruiser,-4.95,3.17,14.10
881,4,crouch,pouncer,-3.54,1.09,16.51
882,1,recover,swarm,-16.01,11.73,0.24
882,2,recover,swarm,-17.17,12.33,1.26
882,3,advance,bruiser,-4.95,3.17,14.09
882,4,crouch,pouncer,-3.54,1.09,16.51
883,1,recover,swarm,-16.01,11.73,0.24
883,2,recover,swarm,-17.17,12.33,1.26
883,3,advance,bruiser,-4.98,3.19,14.06
883,4,crouch,pouncer,-3.54,1.09,16.51
884,1,recover,swarm,-16.01,11.73,0.24
884,2,recover,swarm,-17.17,12.33,1.26
884,3,advance,bruiser,-4.99,3.20,14.05
884,4,crouch,pouncer,-3.54,1.09,16.51
885,1,recover,swarm,-16.01,11.73,0.24
885,2,recover,swarm,-17.17,12.33,1.26
885,3,advance,bruiser,-5.02,3.23,14.01
885,4,crouch,pouncer,-3.54,1.09,16.51
886,1,recover,swarm,-16.01,11.73,0.24
886,2,recover,swarm,-17.17,12.33,1.26
886,3,advance,bruiser,-5.02,3.23,14.00
886,4,crouch,pouncer,-3.54,1.09,16.51
887,1,recover,swarm,-16.01,11.73,0.24
887,2,recover,swarm,-17.17,12.33,1.26
887,3,advance,bruiser,-5.08,3.28,13.93
887,4,pounce,pouncer,-3.54,1.09,16.51
888,1,recover,swarm,-16.01,11.73,0.24
888,2,recover,swarm,-17.17,12.33,1.26
888,3,advance,bruiser,-5.09,3.28,13.92
888,4,pounce,pouncer,-3.57,1.12,16.47
889,1,recover,swarm,-16.01,11.73,0.24
889,2,recover,swarm,-17.17,12.33,1.26
889,3,advance,bruiser,-5.12,3.30,13.89
889,4,pounce,pouncer,-3.71,1.24,16.29
890,1,recover,swarm,-16.01,11.73,0.24
890,2,recover,swarm,-17.17,12.33,1.26
890,3,advance,bruiser,-5.12,3.31,13.88
890,4,pounce,pouncer,-3.74,1.27,16.24
891,1,recover,swarm,-16.01,11.73,0.24
891,2,recover,swarm,-17.17,12.33,1.26
891,3,advance,bruiser,-5.17,3.35,13.81
891,4,pounce,pouncer,-4.00,1.50,15.90
892,1,recover,swarm,-16.01,11.73,0.24
892,2,recover,swarm,-17.17,12.33,1.26
892,3,advance,bruiser,-5.18,3.35,13.81
892,4,pounce,pouncer,-4.03,1.52,15.86
893,1,recover,swarm,-16.01,11.73,0.24
893,2,recover,swarm,-17.17,12.33,1.26
893,3,advance,bruiser,-5.21,3.38,13.76
893,4,pounce,pouncer,-4.21,1.68,15.62
894,1,recover,swarm,-16.01,11.73,0.24
894,2,recover,swarm,-17.17,12.33,1.26
894,3,advance,bruiser,-5.22,3.39,13.75
894,4,pounce,pouncer,-4.25,1.71,15.58
895,1,recover,swarm,-16.01,11.73,0.24
895,2,recover,swarm,-17.17,12.33,1.26
895,3,advance,bruiser,-5.26,3.42,13.70
895,4,pounce,pouncer,-4.45,1.89,15.31
896,1,recover,swarm,-16.01,11.73,0.24
896,2,recover,swarm,-17.17,12.33,1.26
896,3,advance,bruiser,-5.27,3.42,13.69
896,4,pounce,pouncer,-4.48,1.92,15.26
897,1,recover,swarm,-16.01,11.73,0.24
897,2,recover,swarm,-17.17,12.33,1.26
897,3,advance,bruiser,-5.32,3.47,13.62
897,4,pounce,pouncer,-4.75,2.16,14.90
898,1,recover,swarm,-16.01,11.73,0.24
898,2,recover,swarm,-17.17,12.33,1.26
898,3,advance,bruiser,-5.33,3.47,13.61
898,4,pounce,pouncer,-4.79,2.19,14.86
899,1,recover,swarm,-16.01,11.73,0.24
899,2,recover,swarm,-17.17,12.33,1.26
899,3,advance,bruiser,-5.36,3.50,13.57
899,4,pounce,pouncer,-4.95,2.32,14.64
900,1,recover,swarm,-16.01,11.73,0.24
900,2,recover,swarm,-17.17,12.33,1.26
900,3,advance,bruiser,-5.37,3.50,13.57
900,4,pounce,pouncer,-4.99,2.36,14.59
901,1,recover,swarm,-16.01,11.73,0.24
901,2,recover,swarm,-17.17,12.33,1.26
901,3,advance,bruiser,-5.44,3.57,13.47
901,4,pounce,pouncer,-5.40,2.65,14.09
902,1,recover,swarm,-16.01,11.73,0.24
902,2,recover,swarm,-17.17,12.33,1.26
902,3,advance,bruiser,-5.44,3.58,13.46
902,4,pounce,pouncer,-5.44,2.64,14.06
903,1,recover,swarm,-16.01,11.73,0.24
903,2,recover,swarm,-17.17,12.33,1.26
903,3,advance,bruiser,-5.46,3.61,13.43
903,4,pounce,pouncer,-5.65,2.62,13.92
904,1,recover,swarm,-16.01,11.73,0.24
904,2,recover,swarm,-17.17,12.33,1.26
904,3,advance,bruiser,-5.46,3.62,13.42
904,4,pounce,pouncer,-5.70,2.63,13.88
905,1,recover,swarm,-16.01,11.73,0.24
905,2,recover,swarm,-17.17,12.33,1.26
905,3,advance,bruiser,-5.49,3.66,13.38
905,4,pounce,pouncer,-5.94,2.66,13.68
906,1,recover,swarm,-16.01,11.73,0.24
906,2,recover,swarm,-17.17,12.33,1.26
906,3,advance,bruiser,-5.49,3.67,13.37
906,4,recover,pouncer,-5.98,2.67,13.64
907,1,recover,swarm,-16.01,11.73,0.24
907,2,recover,swarm,-17.17,12.33,1.26
907,3,advance,bruiser,-5.54,3.74,13.29
907,4,recover,pouncer,-5.98,2.67,13.64
908,1,recover,swarm,-16.01,11.73,0.24
908,2,recover,swarm,-17.17,12.33,1.26
908,3,advance,bruiser,-5.54,3.74,13.28
908,4,recover,pouncer,-5.98,2.67,13.64
909,1,recover,swarm,-16.01,11.73,0.24
909,2,recover,swarm,-17.17,12.33,1.26
909,3,advance,bruiser,-5.56,3.77,13.25
909,4,recover,pouncer,-5.98,2.67,13.64
910,1,recover,swarm,-16.01,11.73,0.24
910,2,recover,swarm,-17.17,12.33,1.26
910,3,advance,bruiser,-5.57,3.78,13.24
910,4,recover,pouncer,-5.98,2.67,13.64
911,1,recover,swarm,-16.01,11.73,0.24
911,2,recover,swarm,-17.17,12.33,1.26
911,3,advance,bruiser,-5.62,3.84,13.16
911,4,recover,pouncer,-5.98,2.67,13.64
912,1,recover,swarm,-16.01,11.73,0.24
912,2,recover,swarm,-17.17,12.33,1.26
912,3,advance,bruiser,-5.62,3.84,13.15
912,4,recover,pouncer,-5.98,2.67,13.64
913,1,recover,swarm,-16.01,11.73,0.24
913,2,recover,swarm,-17.17,12.33,1.26
913,3,advance,bruiser,-5.66,3.88,13.10
913,4,recover,pouncer,-5.98,2.67,13.64
914,1,recover,swarm,-16.01,11.73,0.24
914,2,recover,swarm,-17.17,12.33,1.26
914,3,advance,bruiser,-5.67,3.89,13.09
914,4,recover,pouncer,-5.98,2.67,13.64
915,1,recover,swarm,-16.01,11.73,0.24
915,2,recover,swarm,-17.17,12.33,1.26
915,3,advance,bruiser,-5.70,3.91,13.05
915,4,recover,pouncer,-5.98,2.67,13.64
916,1,recover,swarm,-16.01,11.73,0.24
916,2,recover,swarm,-17.17,12.33,1.26
916,3,advance,bruiser,-5.70,3.92,13.04
916,4,recover,pouncer,-5.98,2.67,13.64
917,1,recover,swarm,-16.01,11.73,0.24
917,2,chase,swarm,-17.17,12.33,1.26
917,3,advance,bruiser,-5.73,3.94,13.01
917,4,recover,pouncer,-5.98,2.67,13.64
918,1,recover,swarm,-16.01,11.73,0.24
918,2,windup,swarm,-17.17,12.33,1.26
918,3,advance,bruiser,-5.74,3.95,13.00
918,4,recover,pouncer,-5.98,2.67,13.64
919,1,recover,swarm,-16.01,11.73,0.24
919,2,windup,swarm,-17.17,12.33,1.26
919,3,advance,bruiser,-5.77,3.98,12.95
919,4,recover,pouncer,-5.98,2.67,13.64
920,1,recover,swarm,-16.01,11.73,0.24
920,2,windup,swarm,-17.17,12.33,1.26
920,3,advance,bruiser,-5.78,3.98,12.94
920,4,recover,pouncer,-5.98,2.67,13.64
921,1,recover,swarm,-16.01,11.73,0.24
921,2,windup,swarm,-17.17,12.33,1.26
921,3,advance,bruiser,-5.81,4.01,12.90
921,4,recover,pouncer,-5.98,2.67,13.64
922,1,chase,swarm,-16.01,11.73,0.24
922,2,windup,swarm,-17.17,12.33,1.26
922,3,advance,bruiser,-5.82,4.01,12.89
922,4,recover,pouncer,-5.98,2.67,13.64
923,1,windup,swarm,-16.01,11.73,0.24
923,2,windup,swarm,-17.17,12.33,1.26
923,3,advance,bruiser,-5.86,4.04,12.85
923,4,recover,pouncer,-5.98,2.67,13.64
924,1,windup,swarm,-16.01,11.73,0.24
924,2,windup,swarm,-17.17,12.33,1.26
924,3,advance,bruiser,-5.86,4.05,12.84
924,4,recover,pouncer,-5.98,2.67,13.64
925,1,windup,swarm,-16.01,11.73,0.24
925,2,windup,swarm,-17.17,12.33,1.26
925,3,advance,bruiser,-5.90,4.07,12.80
925,4,recover,pouncer,-5.98,2.67,13.64
926,1,windup,swarm,-16.01,11.73,0.24
926,2,windup,swarm,-17.17,12.33,1.26
926,3,advance,bruiser,-5.90,4.08,12.79
926,4,recover,pouncer,-5.98,2.67,13.64
927,1,windup,swarm,-16.01,11.73,0.24
927,2,windup,swarm,-17.17,12.33,1.26
927,3,advance,bruiser,-5.97,4.13,12.70
927,4,recover,pouncer,-5.98,2.67,13.64
928,1,windup,swarm,-16.01,11.73,0.24
928,2,windup,swarm,-17.17,12.33,1.26
928,3,advance,bruiser,-5.98,4.14,12.69
928,4,recover,pouncer,-5.98,2.67,13.64
929,1,windup,swarm,-16.01,11.73,0.24
929,2,windup,swarm,-17.17,12.33,1.26
929,3,advance,bruiser,-6.00,4.16,12.66
929,4,recover,pouncer,-5.98,2.67,13.64
930,1,windup,swarm,-16.01,11.73,0.24
930,2,windup,swarm,-17.17,12.33,1.26
930,3,advance,bruiser,-6.01,4.16,12.65
930,4,recover,pouncer,-5.98,2.67,13.64
931,1,windup,swarm,-16.01,11.73,0.24
931,2,windup,swarm,-17.17,12.33,1.26
931,3,advance,bruiser,-6.04,4.18,12.62
931,4,recover,pouncer,-5.98,2.67,13.64
932,1,windup,swarm,-16.01,11.73,0.24
932,2,windup,swarm,-17.17,12.33,1.26
932,3,advance,bruiser,-6.04,4.19,12.61
932,4,recover,pouncer,-5.98,2.67,13.64
933,1,windup,swarm,-16.01,11.73,0.24
933,2,windup,swarm,-17.17,12.33,1.26
933,3,advance,bruiser,-6.12,4.25,12.51
933,4,recover,pouncer,-5.98,2.67,13.64
934,1,windup,swarm,-16.01,11.73,0.24
934,2,strike,swarm,-17.17,12.33,1.26
934,3,advance,bruiser,-6.13,4.26,12.50
934,4,recover,pouncer,-5.98,2.67,13.64
935,1,windup,swarm,-16.01,11.73,0.24
935,2,strike,swarm,-16.97,12.27,1.05
935,3,advance,bruiser,-6.17,4.29,12.44
935,4,recover,pouncer,-5.98,2.67,13.64
936,1,strike,swarm,-16.01,11.73,0.24
936,2,strike,swarm,-16.94,12.27,1.02
936,3,advance,bruiser,-6.18,4.30,12.43
936,4,recover,pouncer,-5.98,2.67,13.64
937,1,strike,swarm,-15.91,11.86,0.12
937,2,strike,swarm,-16.78,12.25,0.86
937,3,advance,bruiser,-6.22,4.32,12.39
937,4,recover,pouncer,-5.98,2.67,13.64
938,1,strike,swarm,-15.89,11.88,0.12
938,2,strike,swarm,-16.75,12.25,0.83
938,3,advance,bruiser,-6.22,4.33,12.38
938,4,recover,pouncer,-5.98,2.67,13.64
939,1,strike,swarm,-15.77,11.98,0.19
939,2,strike,swarm,-16.60,12.25,0.69
939,3,advance,bruiser,-6.26,4.36,12.34
939,4,recover,pouncer,-5.98,2.67,13.64
940,1,strike,swarm,-15.74,12.00,0.23
940,2,strike,swarm,-16.56,12.24,0.65
940,3,advance,bruiser,-6.27,4.36,12.33
940,4,recover,pouncer,-5.98,2.67,13.64
941,1,strike,swarm,-15.62,12.09,0.37
941,2,strike,swarm,-16.42,12.19,0.50
941,3,advance,bruiser,-6.30,4.39,12.28
941,4,recover,pouncer,-5.98,2.67,13.64
942,1,strike,swarm,-15.59,12.11,0.40
942,2,strike,swarm,-16.42,12.16,0.49
942,3,advance,bruiser,-6.31,4.40,12.27
942,4,recover,pouncer,-5.98,2.67,13.64
943,1,strike,swarm,-15.49,12.20,0.53
943,2,strike,swarm,-16.41,12.02,0.44
943,3,advance,bruiser,-6.34,4.42,12.23
943,4,recover,pouncer,-5.98,2.67,13.64
944,1,strike,swarm,-15.46,12.23,0.56
944,2,strike,swarm,-16.39,11.99,0.42
944,3,advance,bruiser,-6.35,4.43,12.22
944,4,recover,pouncer,-5.98,2.67,13.64
945,1,strike,swarm,-15.36,12.37,0.73
945,2,strike,swarm,-16.29,11.84,0.35
945,3,advance,bruiser,-6.39,4.46,12.17
945,4,recover,pouncer,-5.98,2.67,13.64
946,1,strike,swarm,-15.34,12.41,0.76
946,2,strike,swarm,-16.26,11.81,0.34
946,3,advance,bruiser,-6.40,4.46,12.16
946,4,recover,pouncer,-5.98,2.67,13.64
947,1,strike,swarm,-14.77,13.79,2.18
947,2,strike,swarm,-15.10,10.86,1.40
947,3,advance,bruiser,-6.73,4.73,11.74
947,4,recover,pouncer,-5.98,2.67,13.64
948,1,recover,swarm,-14.76,13.84,2.23
948,2,recover,swarm,-15.05,10.85,1.45
948,3,advance,bruiser,-6.74,4.74,11.72
948,4,recover,pouncer,-5.98,2.67,13.64
949,1,recover,swarm,-14.76,13.84,2.23
949,2,recover,swarm,-15.05,10.85,1.45
949,3,advance,bruiser,-6.79,4.77,11.67
949,4,recover,pouncer,-5.98,2.67,13.64
950,1,recover,swarm,-14.76,13.84,2.23
950,2,recover,swarm,-15.05,10.85,1.45
950,3,advance,bruiser,-6.80,4.78,11.65
950,4,recover,pouncer,-5.98,2.67,13.64
951,1,recover,swarm,-14.76,13.84,2.23
951,2,recover,swarm,-15.05,10.85,1.45
951,3,advance,bruiser,-6.83,4.81,11.60
951,4,recover,pouncer,-5.98,2.67,13.64
952,1,recover,swarm,-14.76,13.84,2.23
952,2,recover,swarm,-15.05,10.85,1.45
952,3,advance,bruiser,-6.84,4.82,11.59
952,4,recover,pouncer,-5.98,2.67,13.64
953,1,recover,swarm,-14.76,13.84,2.23
953,2,recover,swarm,-15.05,10.85,1.45
953,3,advance,bruiser,-6.90,4.86,11.52
953,4,recover,pouncer,-5.98,2.67,13.64
954,1,recover,swarm,-14.76,13.84,2.23
954,2,recover,swarm,-15.05,10.85,1.45
954,3,advance,bruiser,-6.91,4.87,11.51
954,4,recover,pouncer,-5.98,2.67,13.64
955,1,recover,swarm,-14.76,13.84,2.23
955,2,recover,swarm,-15.05,10.85,1.45
955,3,advance,bruiser,-6.95,4.90,11.46
955,4,recover,pouncer,-5.98,2.67,13.64
956,1,recover,swarm,-14.76,13.84,2.23
956,2,recover,swarm,-15.05,10.85,1.45
956,3,advance,bruiser,-6.96,4.91,11.45
956,4,recover,pouncer,-5.98,2.67,13.64
957,1,recover,swarm,-14.76,13.84,2.23
957,2,recover,swarm,-15.05,10.85,1.45
957,3,advance,bruiser,-7.03,4.97,11.35
957,4,recover,pouncer,-5.98,2.67,13.64
958,1,recover,swarm,-14.76,13.84,2.23
958,2,recover,swarm,-15.05,10.85,1.45
958,3,advance,bruiser,-7.05,4.97,11.34
958,4,recover,pouncer,-5.98,2.67,13.64
959,1,recover,swarm,-14.76,13.84,2.23
959,2,recover,swarm,-15.05,10.85,1.45
959,3,advance,bruiser,-7.36,5.22,10.93
959,4,stalk,pouncer,-5.98,2.67,13.64
960,1,recover,swarm,-14.76,13.84,2.23
960,2,recover,swarm,-15.05,10.85,1.45
960,3,advance,bruiser,-7.38,5.23,10.92
960,4,stalk,pouncer,-5.98,2.69,13.63
961,1,recover,swarm,-14.76,13.84,2.23
961,2,recover,swarm,-15.05,10.85,1.45
961,3,advance,bruiser,-7.42,5.27,10.86
961,4,stalk,pouncer,-5.99,2.79,13.56
962,1,recover,swarm,-14.76,13.84,2.23
962,2,recover,swarm,-15.05,10.85,1.45
962,3,advance,bruiser,-7.43,5.28,10.85
962,4,stalk,pouncer,-5.99,2.80,13.55
963,1,recover,swarm,-14.76,13.84,2.23
963,2,recover,swarm,-15.05,10.85,1.45
963,3,advance,bruiser,-7.49,5.32,10.77
963,4,stalk,pouncer,-5.99,2.93,13.46
964,1,recover,swarm,-14.76,13.84,2.23
964,2,recover,swarm,-15.05,10.85,1.45
964,3,advance,bruiser,-7.50,5.33,10.76
964,4,stalk,pouncer,-5.99,2.94,13.45
965,1,recover,swarm,-14.76,13.84,2.23
965,2,recover,swarm,-15.05,10.85,1.45
965,3,advance,bruiser,-7.54,5.36,10.71
965,4,stalk,pouncer,-6.00,3.02,13.40
966,1,recover,swarm,-14.76,13.84,2.23
966,2,recover,swarm,-15.05,10.85,1.45
966,3,advance,bruiser,-7.55,5.37,10.70
966,4,stalk,pouncer,-6.00,3.04,13.38
967,1,recover,swarm,-14.76,13.84,2.23
967,2,recover,swarm,-15.05,10.85,1.45
967,3,advance,bruiser,-7.61,5.42,10.61
967,4,stalk,pouncer,-6.01,3.17,13.29
968,1,recover,swarm,-14.76,13.84,2.23
968,2,recover,swarm,-15.05,10.85,1.45
968,3,advance,bruiser,-7.62,5.43,10.60
968,4,stalk,pouncer,-6.01,3.19,13.28
969,1,recover,swarm,-14.76,13.84,2.23
969,2,recover,swarm,-15.05,10.85,1.45
969,3,advance,bruiser,-7.67,5.46,10.55
969,4,stalk,pouncer,-6.01,3.28,13.21
970,1,chase,swarm,-14.76,13.84,2.23
970,2,chase,swarm,-15.05,10.85,1.45
970,3,advance,bruiser,-7.67,5.47,10.54
970,4,stalk,pouncer,-6.01,3.30,13.20
971,1,chase,swarm,-14.89,13.79,2.11
971,2,windup,swarm,-15.05,10.85,1.45
971,3,advance,bruiser,-7.72,5.50,10.48
971,4,stalk,pouncer,-6.02,3.38,13.14
972,1,chase,swarm,-14.92,13.78,2.09
972,2,windup,swarm,-15.05,10.85,1.45
972,3,advance,bruiser,-7.73,5.51,10.47
972,4,stalk,pouncer,-6.02,3.41,13.12
973,1,chase,swarm,-15.08,13.72,1.96
973,2,windup,swarm,-15.05,10.85,1.45
973,3,advance,bruiser,-7.78,5.55,10.41
973,4,stalk,pouncer,-6.03,3.51,13.05
974,1,chase,swarm,-15.10,13.71,1.94
974,2,windup,swarm,-15.05,10.85,1.45
974,3,advance,bruiser,-7.79,5.56,10.39
974,4,stalk,pouncer,-6.03,3.52,13.04
975,1,chase,swarm,-15.22,13.66,1.85
975,2,windup,swarm,-15.05,10.85,1.45
975,3,advance,bruiser,-7.83,5.59,10.34
975,4,stalk,pouncer,-6.04,3.60,12.99
976,1,chase,swarm,-15.24,13.65,1.83
976,2,windup,swarm,-15.05,10.85,1.45
976,3,advance,bruiser,-7.83,5.59,10.33
976,4,stalk,pouncer,-6.05,3.60,12.97
977,1,chase,swarm,-15.39,13.59,1.72
977,2,windup,swarm,-15.05,10.85,1.45
977,3,advance,bruiser,-7.88,5.63,10.27
977,4,stalk,pouncer,-6.15,3.59,12.90
978,1,chase,swarm,-15.42,13.58,1.70
978,2,windup,swarm,-15.05,10.85,1.45
978,3,advance,bruiser,-7.89,5.64,10.26
978,4,stalk,pouncer,-6.17,3.59,12.89
979,1,chase,swarm,-15.51,13.53,1.63
979,2,windup,swarm,-15.05,10.85,1.45
979,3,advance,bruiser,-7.92,5.66,10.22
979,4,stalk,pouncer,-6.23,3.58,12.85
980,1,chase,swarm,-15.54,13.52,1.61
980,2,windup,swarm,-15.05,10.85,1.45
980,3,advance,bruiser,-7.93,5.67,10.21
980,4,stalk,pouncer,-6.25,3.58,12.84
981,1,chase,swarm,-15.74,13.42,1.47
981,2,windup,swarm,-15.05,10.85,1.45
981,3,advance,bruiser,-8.00,5.72,10.12
981,4,stalk,pouncer,-6.38,3.57,12.74
982,1,windup,swarm,-15.74,13.42,1.47
982,2,windup,swarm,-15.05,10.85,1.45
982,3,advance,bruiser,-8.01,5.73,10.12
982,4,stalk,pouncer,-6.40,3.57,12.73
983,1,windup,swarm,-15.74,13.42,1.47
983,2,windup,swarm,-15.05,10.85,1.45
983,3,advance,bruiser,-8.04,5.76,10.07
983,4,stalk,pouncer,-6.48,3.56,12.68
984,1,windup,swarm,-15.74,13.42,1.47
984,2,strike,swarm,-15.05,10.85,1.45
984,3,advance,bruiser,-8.05,5.76,10.06
984,4,stalk,pouncer,-6.49,3.56,12.67
985,1,windup,swarm,-15.74,13.42,1.47
985,2,strike,swarm,-15.16,10.98,1.27
985,3,advance,bruiser,-8.09,5.79,10.01
985,4,stalk,pouncer,-6.57,3.55,12.61
986,1,windup,swarm,-15.74,13.42,1.47
986,2,strike,swarm,-15.19,11.01,1.24
986,3,advance,bruiser,-8.10,5.80,10.00
986,4,stalk,pouncer,-6.59,3.55,12.60
987,1,windup,swarm,-15.74,13.42,1.47
987,2,strike,swarm,-15.30,11.15,1.05
987,3,advance,bruiser,-8.14,5.83,9.95
987,4,stalk,pouncer,-6.67,3.55,12.55
988,1,windup,swarm,-15.74,13.42,1.47
988,2,strike,swarm,-15.33,11.19,1.00
988,3,advance,bruiser,-8.15,5.84,9.93
988,4,stalk,pouncer,-6.69,3.54,12.53
989,1,windup,swarm,-15.74,13.42,1.47
989,2,strike,swarm,-15.47,11.36,0.79
989,3,advance,bruiser,-8.20,5.88,9.87
989,4,stalk,pouncer,-6.79,3.54,12.46
990,1,windup,swarm,-15.74,13.42,1.47
990,2,strike,swarm,-15.49,11.38,0.75
990,3,advance,bruiser,-8.21,5.89,9.86
990,4,stalk,pouncer,-6.80,3.53,12.45
991,1,windup,swarm,-15.74,13.42,1.47
991,2,strike,swarm,-15.60,11.51,0.59
991,3,advance,bruiser,-8.24,5.91,9.81
991,4,stalk,pouncer,-6.88,3.53,12.40
992,1,windup,swarm,-15.74,13.42,1.47
992,2,strike,swarm,-15.62,11.54,0.56
992,3,advance,bruiser,-8.25,5.92,9.80
992,4,stalk,pouncer,-6.89,3.53,12.39
993,1,windup,swarm,-15.74,13.42,1.47
993,2,strike,swarm,-15.73,11.68,0.37
993,3,advance,bruiser,-8.29,5.95,9.75
993,4,stalk,pouncer,-6.97,3.52,12.34
994,1,windup,swarm,-15.74,13.42,1.47
994,2,strike,swarm,-15.75,11.71,0.34
994,3,advance,bruiser,-8.30,5.96,9.74
994,4,stalk,pouncer,-6.99,3.52,12.33
995,1,windup,swarm,-15.74,13.42,1.47
995,2,strike,swarm,-15.86,11.84,0.17
995,3,advance,bruiser,-8.34,5.99,9.70
995,4,stalk,pouncer,-7.06,3.51,12.28
996,1,strike,swarm,-15.74,13.42,1.47
996,2,strike,swarm,-15.88,11.86,0.14
996,3,advance,bruiser,-8.34,5.99,9.69
996,4,stalk,pouncer,-7.08,3.51,12.27
997,1,strike,swarm,-15.77,13.19,1.23
997,2,recover,swarm,-16.03,12.05,0.10
997,3,advance,bruiser,-8.40,6.03,9.62
997,4,stalk,pouncer,-7.19,3.50,12.20
998,1,strike,swarm,-15.78,13.15,1.20
998,2,recover,swarm,-16.03,12.05,0.10
998,3,advance,bruiser,-8.41,6.04,9.61
998,4,stalk,pouncer,-7.20,3.50,12.19
999,1,strike,swarm,-15.81,12.93,0.98
999,2,recover,swarm,-16.03,12.05,0.10
999,3,advance,bruiser,-8.45,6.08,9.55
999,4,stalk,pouncer,-7.30,3.49,12.12
1000,1,strike,swarm,-15.80,12.89,0.94
1000,2,recover,swarm,-16.03,12.05,0.10
1000,3,advance,bruiser,-8.46,6.09,9.53
1000,4,stalk,pouncer,-7.32,3.49,12.11
1001,1,strike,swarm,-15.75,12.76,0.82
1001,2,recover,swarm,-16.03,12.05,0.10
1001,3,advance,bruiser,-8.50,6.11,9.49
1001,4,stalk,pouncer,-7.38,3.49,12.07
1002,1,strike,swarm,-15.71,12.76,0.83
1002,2,recover,swarm,-16.03,12.05,0.10
1002,3,advance,bruiser,-8.50,6.12,9.48
1002,4,stalk,pouncer,-7.40,3.48,12.06
1003,1,strike,swarm,-15.47,12.72,0.90
1003,2,recover,swarm,-16.03,12.05,0.10
1003,3,advance,bruiser,-8.56,6.16,9.42
1003,4,stalk,pouncer,-7.51,3.48,11.99
1004,1,strike,swarm,-15.45,12.70,0.90
1004,2,recover,swarm,-16.03,12.05,0.10
1004,3,advance,bruiser,-8.56,6.17,9.41
1004,4,stalk,pouncer,-7.52,3.47,11.98
1005,1,strike,swarm,-15.27,12.55,0.91
1005,2,recover,swarm,-16.03,12.05,0.10
1005,3,advance,bruiser,-8.62,6.21,9.34
1005,4,stalk,pouncer,-7.63,3.47,11.91
1006,1,strike,swarm,-15.25,12.52,0.91
1006,2,recover,swarm,-16.03,12.05,0.10
1006,3,advance,bruiser,-8.62,6.21,9.33
1006,4,stalk,pouncer,-7.64,3.46,11.90
1007,1,strike,swarm,-15.07,12.31,0.96
1007,2,recover,swarm,-16.03,12.05,0.10
1007,3,advance,bruiser,-8.69,6.26,9.25
1007,4,stalk,pouncer,-7.77,3.45,11.82
1008,1,recover,swarm,-15.05,12.28,0.97
1008,2,recover,swarm,-16.03,12.05,0.10
1008,3,advance,bruiser,-8.69,6.27,9.24
1008,4,stalk,pouncer,-7.78,3.45,11.81
1009,1,recover,swarm,-15.05,12.28,0.97
1009,2,recover,swarm,-16.03,12.05,0.10
1009,3,advance,bruiser,-8.74,6.31,9.18
1009,4,stalk,pouncer,-7.88,3.45,11.75
1010,1,recover,swarm,-15.05,12.28,0.97
1010,2,recover,swarm,-16.03,12.05,0.10
1010,3,advance,bruiser,-8.75,6.31,9.17
1010,4,stalk,pouncer,-7.90,3.44,11.74
1011,1,recover,swarm,-15.05,12.28,0.97
1011,2,recover,swarm,-16.03,12.05,0.10
1011,3,advance,bruiser,-8.80,6.35,9.11
1011,4,stalk,pouncer,-7.99,3.44,11.68
1012,1,recover,swarm,-15.05,12.28,0.97
1012,2,recover,swarm,-16.03,12.05,0.10
1012,3,advance,bruiser,-8.81,6.36,9.10
1012,4,stalk,pouncer,-8.01,3.43,11.67
1013,1,recover,swarm,-15.05,12.28,0.97
1013,2,recover,swarm,-16.03,12.05,0.10
1013,3,advance,bruiser,-8.87,6.40,9.02
1013,4,stalk,pouncer,-8.13,3.43,11.59
1014,1,recover,swarm,-15.05,12.28,0.97
1014,2,recover,swarm,-16.03,12.05,0.10
1014,3,advance,bruiser,-8.87,6.41,9.01
1014,4,stalk,pouncer,-8.15,3.42,11.58
1015,1,recover,swarm,-15.05,12.28,0.97
1015,2,recover,swarm,-16.03,12.05,0.10
1015,3,advance,bruiser,-8.93,6.45,8.94
1015,4,stalk,pouncer,-8.26,3.42,11.51
1016,1,recover,swarm,-15.05,12.28,0.97
1016,2,recover,swarm,-16.03,12.05,0.10
1016,3,advance,bruiser,-8.94,6.46,8.93
1016,4,stalk,pouncer,-8.28,3.41,11.50
1017,1,recover,swarm,-15.05,12.28,0.97
1017,2,recover,swarm,-16.03,12.05,0.10
1017,3,advance,bruiser,-9.05,6.55,8.79
1017,4,stalk,pouncer,-8.50,3.40,11.37
1018,1,recover,swarm,-15.05,12.28,0.97
1018,2,recover,swarm,-16.03,12.05,0.10
1018,3,advance,bruiser,-9.05,6.55,8.78
1018,4,stalk,pouncer,-8.51,3.40,11.36
1019,1,recover,swarm,-15.05,12.28,0.97
1019,2,recover,swarm,-16.03,12.05,0.10
1019,3,advance,bruiser,-9.11,6.59,8.71
1019,4,stalk,pouncer,-8.62,3.39,11.30
1020,1,recover,swarm,-15.05,12.28,0.97
1020,2,recover,swarm,-16.03,12.05,0.10
1020,3,advance,bruiser,-9.12,6.60,8.70
1020,4,stalk,pouncer,-8.64,3.39,11.29
1021,1,recover,swarm,-15.05,12.28,0.97
1021,2,recover,swarm,-16.03,12.05,0.10
1021,3,advance,bruiser,-9.16,6.63,8.65
1021,4,stalk,pouncer,-8.72,3.38,11.24
1022,1,recover,swarm,-15.05,12.28,0.97
1022,2,recover,swarm,-16.03,12.05,0.10
1022,3,advance,bruiser,-9.17,6.64,8.64
1022,4,stalk,pouncer,-8.74,3.38,11.23
1023,1,recover,swarm,-15.05,12.28,0.97
1023,2,recover,swarm,-16.03,12.05,0.10
1023,3,advance,bruiser,-9.23,6.69,8.56
1023,4,stalk,pouncer,-8.86,3.37,11.15
1024,1,recover,swarm,-15.05,12.28,0.97
1024,2,recover,swarm,-16.03,12.05,0.10
1024,3,advance,bruiser,-9.24,6.69,8.55
1024,4,stalk,pouncer,-8.87,3.37,11.15
1025,1,recover,swarm,-15.05,12.28,0.97
1025,2,recover,swarm,-16.03,12.05,0.10
1025,3,advance,bruiser,-9.28,6.73,8.49
1025,4,stalk,pouncer,-8.97,3.36,11.09
1026,1,recover,swarm,-15.05,12.28,0.97
1026,2,chase,swarm,-16.03,12.05,0.10
1026,3,advance,bruiser,-9.29,6.74,8.48
1026,4,stalk,pouncer,-8.98,3.36,11.08
1027,1,recover,swarm,-15.05,12.28,0.97
1027,2,windup,swarm,-16.03,12.05,0.10
1027,3,advance,bruiser,-9.33,6.77,8.43
1027,4,stalk,pouncer,-9.07,3.36,11.03
1028,1,recover,swarm,-15.05,12.28,0.97
1028,2,windup,swarm,-16.03,12.05,0.10
1028,3,advance,bruiser,-9.34,6.77,8.42
1028,4,stalk,pouncer,-9.08,3.36,11.02
1029,1,recover,swarm,-15.05,12.28,0.97
1029,2,windup,swarm,-16.03,12.05,0.10
1029,3,advance,bruiser,-9.39,6.82,8.35
1029,4,stalk,pouncer,-9.19,3.35,10.97
1030,1,recover,swarm,-15.05,12.28,0.97
1030,2,windup,swarm,-16.03,12.05,0.10
1030,3,advance,bruiser,-9.40,6.82,8.34
1030,4,stalk,pouncer,-9.21,3.35,10.96
1031,1,recover,swarm,-15.05,12.28,0.97
1031,2,windup,swarm,-16.03,12.05,0.10
1031,3,advance,bruiser,-9.46,6.87,8.27
1031,4,stalk,pouncer,-9.32,3.34,10.89
1032,1,recover,swarm,-15.05,12.28,0.97
1032,2,windup,swarm,-16.03,12.05,0.10
1032,3,advance,bruiser,-9.47,6.87,8.26
1032,4,stalk,pouncer,-9.34,3.34,10.88
1033,1,recover,swarm,-15.05,12.28,0.97
1033,2,windup,swarm,-16.03,12.05,0.10
1033,3,advance,bruiser,-9.52,6.92,8.19
1033,4,stalk,pouncer,-9.46,3.33,10.82
1034,1,recover,swarm,-15.05,12.28,0.97
1034,2,windup,swarm,-16.03,12.05,0.10
1034,3,advance,bruiser,-9.53,6.92,8.18
1034,4,stalk,pouncer,-9.47,3.33,10.81
1035,1,recover,swarm,-15.05,12.28,0.97
1035,2,windup,swarm,-16.03,12.05,0.10
1035,3,advance,bruiser,-9.56,6.95,8.13
1035,4,stalk,pouncer,-9.54,3.33,10.77
1036,1,recover,swarm,-15.05,12.28,0.97
1036,2,windup,swarm,-16.03,12.05,0.10
1036,3,advance,bruiser,-9.57,6.96,8.13
1036,4,stalk,pouncer,-9.55,3.33,10.76
1037,1,recover,swarm,-15.05,12.28,0.97
1037,2,windup,swarm,-16.03,12.05,0.10
1037,3,advance,bruiser,-9.61,6.98,8.08
1037,4,stalk,pouncer,-9.63,3.32,10.72
1038,1,recover,swarm,-15.05,12.28,0.97
1038,2,windup,swarm,-16.03,12.05,0.10
1038,3,advance,bruiser,-9.62,6.99,8.07
1038,4,stalk,pouncer,-9.64,3.32,10.71
1039,1,recover,swarm,-15.05,12.28,0.97
1039,2,windup,swarm,-16.03,12.05,0.10
1039,3,advance,bruiser,-9.67,7.03,8.00
1039,4,stalk,pouncer,-9.74,3.32,10.66
1040,1,chase,swarm,-15.05,12.28,0.97
1040,2,strike,swarm,-16.03,12.05,0.10
1040,3,advance,bruiser,-9.67,7.04,8.00
1040,4,stalk,pouncer,-9.76,3.31,10.65
1041,1,windup,swarm,-15.05,12.28,0.97
1041,2,strike,swarm,-16.02,11.86,0.12
1041,3,advance,bruiser,-9.72,7.07,7.94
1041,4,stalk,pouncer,-9.84,3.31,10.61
1042,1,windup,swarm,-15.05,12.28,0.97
1042,2,strike,swarm,-16.01,11.82,0.15
1042,3,advance,bruiser,-9.72,7.08,7.93
1042,4,stalk,pouncer,-9.86,3.31,10.60
1043,1,windup,swarm,-15.05,12.28,0.97
1043,2,strike,swarm,-15.96,11.60,0.37
1043,3,advance,bruiser,-9.78,7.12,7.87
1043,4,stalk,pouncer,-9.96,3.30,10.54
1044,1,windup,swarm,-15.05,12.28,0.97
1044,2,strike,swarm,-15.95,11.56,0.41
1044,3,advance,bruiser,-9.78,7.12,7.86
1044,4,stalk,pouncer,-9.98,3.30,10.53
1045,1,windup,swarm,-15.05,12.28,0.97
1045,2,strike,swarm,-15.89,11.42,0.55
1045,3,advance,bruiser,-9.82,7.15,7.81
1045,4,stalk,pouncer,-10.05,3.30,10.50
1046,1,windup,swarm,-15.05,12.28,0.97
1046,2,strike,swarm,-15.88,11.39,0.59
1046,3,advance,bruiser,-9.83,7.15,7.80
1046,4,stalk,pouncer,-10.06,3.30,10.49
1047,1,windup,swarm,-15.05,12.28,0.97
1047,2,strike,swarm,-15.79,11.24,0.76
1047,3,advance,bruiser,-9.87,7.19,7.75
1047,4,stalk,pouncer,-10.14,3.30,10.45
1048,1,windup,swarm,-15.05,12.28,0.97
1048,2,strike,swarm,-15.77,11.21,0.79
1048,3,advance,bruiser,-9.87,7.19,7.74
1048,4,stalk,pouncer,-10.16,3.29,10.44
1049,1,windup,swarm,-15.05,12.28,0.97
1049,2,strike,swarm,-15.56,10.95,1.10
1049,3,advance,bruiser,-9.95,7.25,7.65
1049,4,stalk,pouncer,-10.31,3.29,10.36
1050,1,windup,swarm,-15.05,12.28,0.97
1050,2,strike,swarm,-15.54,10.92,1.14
1050,3,advance,bruiser,-9.96,7.26,7.64
1050,4,stalk,pouncer,-10.33,3.29,10.35
1051,1,windup,swarm,-15.05,12.28,0.97
1051,2,strike,swarm,-15.44,10.79,1.29
1051,3,advance,bruiser,-9.99,7.28,7.59
1051,4,stalk,pouncer,-10.40,3.28,10.32
1052,1,windup,swarm,-15.05,12.28,0.97
1052,2,recover,swarm,-15.42,10.77,1.32
1052,3,advance,bruiser,-10.00,7.29,7.58
1052,4,stalk,pouncer,-10.41,3.28,10.31
1053,1,windup,swarm,-15.05,12.28,0.97
1053,2,recover,swarm,-15.42,10.77,1.32
1053,3,advance,bruiser,-10.06,7.34,7.51
1053,4,stalk,pouncer,-10.53,3.28,10.25
1054,1,strike,swarm,-15.05,12.28,0.97
1054,2,recover,swarm,-15.42,10.77,1.32
1054,3,advance,bruiser,-10.06,7.34,7.50
1054,4,stalk,pouncer,-10.54,3.28,10.24
1055,1,strike,swarm,-16.47,11.80,0.53
1055,2,recover,swarm,-15.42,10.77,1.32
1055,3,advance,bruiser,-10.40,7.60,7.07
1055,4,stalk,pouncer,-11.22,3.25,9.92
1056,1,recover,swarm,-16.51,11.78,0.58
1056,2,recover,swarm,-15.42,10.77,1.32
1056,3,advance,bruiser,-10.41,7.61,7.06
1056,4,stalk,pouncer,-11.24,3.25,9.92
1057,1,recover,swarm,-16.51,11.78,0.58
1057,2,recover,swarm,-15.42,10.77,1.32
1057,3,advance,bruiser,-10.44,7.64,7.02
1057,4,stalk,pouncer,-11.31,3.25,9.88
1058,1,recover,swarm,-16.51,11.78,0.58
1058,2,recover,swarm,-15.42,10.77,1.32
1058,3,advance,bruiser,-10.45,7.65,7.00
1058,4,stalk,pouncer,-11.33,3.25,9.87
1059,1,recover,swarm,-16.51,11.78,0.58
1059,2,recover,swarm,-15.42,10.77,1.32
1059,3,advance,bruiser,-10.50,7.68,6.95
1059,4,stalk,pouncer,-11.42,3.25,9.83
1060,1,recover,swarm,-16.51,11.78,0.58
1060,2,recover,swarm,-15.42,10.77,1.32
1060,3,advance,bruiser,-10.51,7.69,6.94
1060,4,stalk,pouncer,-11.43,3.25,9.82
1061,1,recover,swarm,-16.51,11.78,0.58
1061,2,recover,swarm,-15.42,10.77,1.32
1061,3,advance,bruiser,-10.56,7.73,6.87
1061,4,stalk,pouncer,-11.55,3.25,9.77
1062,1,recover,swarm,-16.51,11.78,0.58
1062,2,recover,swarm,-15.42,10.77,1.32
1062,3,advance,bruiser,-10.57,7.74,6.86
1062,4,stalk,pouncer,-11.56,3.25,9.77
1063,1,recover,swarm,-16.51,11.78,0.58
1063,2,recover,swarm,-15.42,10.77,1.32
1063,3,advance,bruiser,-10.61,7.77,6.81
1063,4,stalk,pouncer,-11.64,3.25,9.73
1064,1,recover,swarm,-16.51,11.78,0.58
1064,2,recover,swarm,-15.42,10.77,1.32
1064,3,advance,bruiser,-10.61,7.77,6.80
1064,4,stalk,pouncer,-11.65,3.25,9.73
1065,1,recover,swarm,-16.51,11.78,0.58
1065,2,recover,swarm,-15.42,10.77,1.32
1065,3,advance,bruiser,-10.66,7.81,6.75
1065,4,stalk,pouncer,-11.74,3.25,9.69
1066,1,recover,swarm,-16.51,11.78,0.58
1066,2,recover,swarm,-15.42,10.77,1.32
1066,3,advance,bruiser,-10.66,7.81,6.74
1066,4,stalk,pouncer,-11.75,3.25,9.68
1067,1,recover,swarm,-16.51,11.78,0.58
1067,2,recover,swarm,-15.42,10.77,1.32
1067,3,advance,bruiser,-10.71,7.84,6.68
1067,4,stalk,pouncer,-11.84,3.25,9.65
1068,1,recover,swarm,-16.51,11.78,0.58
1068,2,recover,swarm,-15.42,10.77,1.32
1068,3,advance,bruiser,-10.71,7.85,6.67
1068,4,stalk,pouncer,-11.85,3.25,9.64
1069,1,recover,swarm,-16.51,11.78,0.58
1069,2,recover,swarm,-15.42,10.77,1.32
1069,3,advance,bruiser,-10.75,7.88,6.63
1069,4,stalk,pouncer,-11.92,3.25,9.61
1070,1,recover,swarm,-16.51,11.78,0.58
1070,2,recover,swarm,-15.42,10.77,1.32
1070,3,advance,bruiser,-10.75,7.88,6.62
1070,4,stalk,pouncer,-11.93,3.25,9.60
1071,1,recover,swarm,-16.51,11.78,0.58
1071,2,recover,swarm,-15.42,10.77,1.32
1071,3,advance,bruiser,-10.78,7.90,6.59
1071,4,stalk,pouncer,-11.99,3.25,9.58
1072,1,recover,swarm,-16.51,11.78,0.58
1072,2,recover,swarm,-15.42,10.77,1.32
1072,3,advance,bruiser,-10.79,7.91,6.58
1072,4,stalk,pouncer,-12.00,3.25,9.57
1073,1,recover,swarm,-16.51,11.78,0.58
1073,2,recover,swarm,-15.42,10.77,1.32
1073,3,advance,bruiser,-10.81,7.93,6.55
1073,4,stalk,pouncer,-12.06,3.25,9.55
1074,1,recover,swarm,-16.51,11.78,0.58
1074,2,recover,swarm,-15.42,10.77,1.32
1074,3,advance,bruiser,-10.82,7.94,6.54
1074,4,stalk,pouncer,-12.07,3.25,9.55
1075,1,recover,swarm,-16.51,11.78,0.58
1075,2,recover,swarm,-15.42,10.77,1.32
1075,3,advance,bruiser,-10.86,7.96,6.49
1075,4,stalk,pouncer,-12.14,3.26,9.52
1076,1,recover,swarm,-16.51,11.78,0.58
1076,2,recover,swarm,-15.42,10.77,1.32
1076,3,advance,bruiser,-10.86,7.97,6.48
1076,4,stalk,pouncer,-12.16,3.26,9.51
1077,1,recover,swarm,-16.51,11.78,0.58
1077,2,recover,swarm,-15.42,10.77,1.32
1077,3,advance,bruiser,-10.89,7.99,6.45
1077,4,stalk,pouncer,-12.21,3.26,9.49
1078,1,recover,swarm,-16.51,11.78,0.58
1078,2,recover,swarm,-15.42,10.77,1.32
1078,3,advance,bruiser,-10.90,8.00,6.44
1078,4,stalk,pouncer,-12.23,3.26,9.48
1079,1,recover,swarm,-16.51,11.78,0.58
1079,2,recover,swarm,-15.42,10.77,1.32
1079,3,advance,bruiser,-10.93,8.02,6.40
1079,4,stalk,pouncer,-12.29,3.26,9.45
1080,1,recover,swarm,-16.51,11.78,0.58
1080,2,chase,swarm,-15.42,10.77,1.32
1080,3,advance,bruiser,-10.94,8.03,6.38
1080,4,stalk,pouncer,-12.31,3.26,9.44
1081,1,recover,swarm,-16.51,11.78,0.58
1081,2,windup,swarm,-15.42,10.77,1.32
1081,3,advance,bruiser,-10.99,8.06,6.33
1081,4,stalk,pouncer,-12.40,3.26,9.41
1082,1,recover,swarm,-16.51,11.78,0.58
1082,2,windup,swarm,-15.42,10.77,1.32
1082,3,advance,bruiser,-10.99,8.07,6.32
1082,4,stalk,pouncer,-12.42,3.26,9.40
1083,1,recover,swarm,-16.51,11.78,0.58
1083,2,windup,swarm,-15.42,10.77,1.32
1083,3,advance,bruiser,-11.03,8.10,6.27
1083,4,stalk,pouncer,-12.49,3.27,9.37
1084,1,recover,swarm,-16.51,11.78,0.58
1084,2,windup,swarm,-15.42,10.77,1.32
1084,3,advance,bruiser,-11.04,8.11,6.26
1084,4,stalk,pouncer,-12.51,3.27,9.36
1085,1,recover,swarm,-16.51,11.78,0.58
1085,2,windup,swarm,-15.42,10.77,1.32
1085,3,advance,bruiser,-11.09,8.15,6.19
1085,4,stalk,pouncer,-12.62,3.27,9.32
1086,1,recover,swarm,-16.51,11.78,0.58
1086,2,windup,swarm,-15.42,10.77,1.32
1086,3,advance,bruiser,-11.10,8.16,6.18
1086,4,stalk,pouncer,-12.64,3.27,9.31
1087,1,recover,swarm,-16.51,11.78,0.58
1087,2,windup,swarm,-15.42,10.77,1.32
1087,3,advance,bruiser,-11.13,8.18,6.14
1087,4,stalk,pouncer,-12.70,3.27,9.29
1088,1,recover,swarm,-16.51,11.78,0.58
1088,2,windup,swarm,-15.42,10.77,1.32
1088,3,advance,bruiser,-11.14,8.18,6.13
1088,4,stalk,pouncer,-12.71,3.27,9.28
1089,1,recover,swarm,-16.51,11.78,0.58
1089,2,windup,swarm,-15.42,10.77,1.32
1089,3,advance,bruiser,-11.18,8.22,6.08
1089,4,stalk,pouncer,-12.80,3.28,9.25
1090,1,recover,swarm,-16.51,11.78,0.58
1090,2,windup,swarm,-15.42,10.77,1.32
1090,3,advance,bruiser,-11.19,8.22,6.07
1090,4,stalk,pouncer,-12.81,3.28,9.24
1091,1,recover,swarm,-16.51,11.78,0.58
1091,2,windup,swarm,-15.42,10.77,1.32
1091,3,advance,bruiser,-11.23,8.25,6.02
1091,4,stalk,pouncer,-12.89,3.28,9.22
1092,1,recover,swarm,-16.51,11.78,0.58
1092,2,windup,swarm,-15.42,10.77,1.32
1092,3,advance,bruiser,-11.23,8.26,6.01
1092,4,stalk,pouncer,-12.90,3.28,9.21
1093,1,recover,swarm,-16.51,11.78,0.58
1093,2,windup,swarm,-15.42,10.77,1.32
1093,3,advance,bruiser,-11.27,8.29,5.96
1093,4,stalk,pouncer,-12.98,3.29,9.18
1094,1,recover,swarm,-16.51,11.78,0.58
1094,2,windup,swarm,-15.42,10.77,1.32
1094,3,advance,bruiser,-11.28,8.30,5.95
1094,4,stalk,pouncer,-13.00,3.29,9.17
1095,1,recover,swarm,-16.51,11.78,0.58
1095,2,strike,swarm,-15.42,10.77,1.32
1095,3,advance,bruiser,-11.31,8.32,5.91
1095,4,stalk,pouncer,-12.95,3.33,9.15
1096,1,recover,swarm,-16.51,11.78,0.58
1096,2,strike,swarm,-15.43,10.80,1.28
1096,3,advance,bruiser,-11.32,8.33,5.90
1096,4,stalk,pouncer,-12.94,3.34,9.14
1097,1,recover,swarm,-16.51,11.78,0.58
1097,2,strike,swarm,-15.50,10.94,1.13
1097,3,advance,bruiser,-11.35,8.35,5.86
1097,4,stalk,pouncer,-12.89,3.39,9.12
1098,1,chase,swarm,-16.51,11.78,0.58
1098,2,strike,swarm,-15.51,10.98,1.09
1098,3,advance,bruiser,-11.36,8.36,5.85
1098,4,stalk,pouncer,-12.87,3.40,9.11
1099,1,windup,swarm,-16.51,11.78,0.58
1099,2,strike,swarm,-15.57,11.11,0.95
1099,3,advance,bruiser,-11.40,8.39,5.81
1099,4,stalk,pouncer,-12.82,3.44,9.09
1100,1,windup,swarm,-16.51,11.78,0.58
1100,2,strike,swarm,-15.58,11.14,0.91
1100,3,advance,bruiser,-11.40,8.39,5.80
1100,4,stalk,pouncer,-12.81,3.45,9.08
1101,1,windup,swarm,-16.51,11.78,0.58
1101,2,strike,swarm,-15.61,11.30,0.76
1101,3,advance,bruiser,-11.44,8.42,5.75
1101,4,stalk,pouncer,-12.76,3.50,9.06
1102,1,windup,swarm,-16.51,11.78,0.58
1102,2,strike,swarm,-15.60,11.34,0.73
1102,3,advance,bruiser,-11.45,8.43,5.74
1102,4,stalk,pouncer,-12.75,3.51,9.05
1103,1,windup,swarm,-16.51,11.78,0.58
1103,2,strike,swarm,-15.58,11.47,0.63
1103,3,advance,bruiser,-11.48,8.45,5.70
1103,4,stalk,pouncer,-12.70,3.55,9.03
1104,1,windup,swarm,-16.51,11.78,0.58
1104,2,strike,swarm,-15.57,11.50,0.61
1104,3,advance,bruiser,-11.48,8.46,5.70
1104,4,stalk,pouncer,-12.69,3.56,9.02
1105,1,windup,swarm,-16.51,11.78,0.58
1105,2,strike,swarm,-15.52,11.68,0.53
1105,3,advance,bruiser,-11.53,8.49,5.64
1105,4,stalk,pouncer,-12.63,3.62,8.99
1106,1,windup,swarm,-16.51,11.78,0.58
1106,2,strike,swarm,-15.52,11.72,0.52
1106,3,advance,bruiser,-11.53,8.49,5.63
1106,4,stalk,pouncer,-12.62,3.63,8.99
1107,1,windup,swarm,-16.51,11.78,0.58
1107,2,strike,swarm,-15.48,11.88,0.49
1107,3,advance,bruiser,-11.57,8.52,5.59
1107,4,stalk,pouncer,-12.56,3.68,8.96
1108,1,windup,swarm,-16.51,11.78,0.58
1108,2,strike,swarm,-15.48,11.91,0.49
1108,3,advance,bruiser,-11.58,8.53,5.58
1108,4,stalk,pouncer,-12.55,3.69,8.96
1109,1,windup,swarm,-16.51,11.78,0.58
1109,2,recover,swarm,-15.46,12.08,0.52
1109,3,advance,bruiser,-11.62,8.56,5.53
1109,4,stalk,pouncer,-12.50,3.74,8.93
1110,1,windup,swarm,-16.51,11.78,0.58
1110,2,recover,swarm,-15.46,12.08,0.52
1110,3,advance,bruiser,-11.62,8.56,5.52
1110,4,stalk,pouncer,-12.49,3.75,8.92
1111,1,windup,swarm,-16.51,11.78,0.58
1111,2,recover,swarm,-15.46,12.08,0.52
1111,3,advance,bruiser,-11.66,8.59,5.47
1111,4,stalk,pouncer,-12.43,3.80,8.90
1112,1,windup,swarm,-16.51,11.78,0.58
1112,2,recover,swarm,-15.46,12.08,0.52
1112,3,advance,bruiser,-11.67,8.60,5.46
1112,4,stalk,pouncer,-12.42,3.81,8.89
1113,1,windup,swarm,-16.51,11.78,0.58
1113,2,recover,swarm,-15.46,12.08,0.52
1113,3,advance,bruiser,-11.70,8.63,5.42
1113,4,stalk,pouncer,-12.37,3.86,8.87
1114,1,strike,swarm,-16.51,11.78,0.58
1114,2,recover,swarm,-15.46,12.08,0.52
1114,3,advance,bruiser,-11.71,8.63,5.41
1114,4,stalk,pouncer,-12.36,3.87,8.86
1115,1,strike,swarm,-16.34,11.85,0.39
1115,2,recover,swarm,-15.46,12.08,0.52
1115,3,advance,bruiser,-11.75,8.66,5.36
1115,4,stalk,pouncer,-12.30,3.93,8.84
1116,1,strike,swarm,-16.31,11.87,0.36
1116,2,recover,swarm,-15.46,12.08,0.52
1116,3,advance,bruiser,-11.76,8.67,5.35
1116,4,stalk,pouncer,-12.29,3.94,8.83
1117,1,strike,swarm,-16.18,11.99,0.22
1117,2,recover,swarm,-15.46,12.08,0.52
1117,3,advance,bruiser,-11.80,8.70,5.30
1117,4,stalk,pouncer,-12.23,4.00,8.80
1118,1,strike,swarm,-16.22,12.03,0.26
1118,2,recover,swarm,-15.46,12.08,0.52
1118,3,advance,bruiser,-11.81,8.71,5.28
1118,4,stalk,pouncer,-12.21,4.02,8.79
1119,1,strike,swarm,-16.28,12.15,0.36
1119,2,recover,swarm,-15.46,12.08,0.52
1119,3,advance,bruiser,-11.84,8.73,5.24
1119,4,stalk,pouncer,-12.17,4.06,8.77
1120,1,strike,swarm,-16.28,12.18,0.38
1120,2,recover,swarm,-15.46,12.08,0.52
1120,3,advance,bruiser,-11.85,8.74,5.23
1120,4,stalk,pouncer,-12.16,4.07,8.77
1121,1,strike,swarm,-16.28,12.37,0.50
1121,2,recover,swarm,-15.46,12.08,0.52
1121,3,advance,bruiser,-11.89,8.77,5.18
1121,4,stalk,pouncer,-12.10,4.13,8.74
1122,1,strike,swarm,-16.27,12.40,0.53
1122,2,recover,swarm,-15.46,12.08,0.52
1122,3,advance,bruiser,-11.90,8.78,5.17
1122,4,stalk,pouncer,-12.09,4.14,8.74
1123,1,strike,swarm,-16.23,12.58,0.67
1123,2,recover,swarm,-15.46,12.08,0.52
1123,3,advance,bruiser,-11.94,8.81,5.12
1123,4,stalk,pouncer,-12.03,4.20,8.71
1124,1,strike,swarm,-16.21,12.62,0.69
1124,2,recover,swarm,-15.46,12.08,0.52
1124,3,advance,bruiser,-11.95,8.82,5.11
1124,4,stalk,pouncer,-12.02,4.21,8.71
1125,1,strike,swarm,-16.15,12.75,0.80
1125,2,recover,swarm,-15.46,12.08,0.52
1125,3,advance,bruiser,-11.98,8.84,5.07
1125,4,stalk,pouncer,-11.97,4.26,8.68
1126,1,strike,swarm,-16.14,12.78,0.83
1126,2,recover,swarm,-15.46,12.08,0.52
1126,3,advance,bruiser,-11.99,8.85,5.06
1126,4,stalk,pouncer,-11.96,4.27,8.68
1127,1,strike,swarm,-16.12,12.81,0.86
1127,2,recover,swarm,-15.46,12.08,0.52
1127,3,advance,bruiser,-11.99,8.86,5.05
1127,4,stalk,pouncer,-11.95,4.28,8.67
1128,1,strike,swarm,-15.99,13.00,1.03
1128,2,recover,swarm,-15.46,12.08,0.52
1128,3,advance,bruiser,-12.05,8.90,4.98
1128,4,stalk,pouncer,-11.88,4.35,8.64
1129,1,recover,swarm,-15.96,13.03,1.06
1129,2,recover,swarm,-15.46,12.08,0.52
1129,3,advance,bruiser,-12.06,8.90,4.97
1129,4,stalk,pouncer,-11.87,4.37,8.64
1130,1,recover,swarm,-15.96,13.03,1.06
1130,2,recover,swarm,-15.46,12.08,0.52
1130,3,advance,bruiser,-12.10,8.94,4.91
1130,4,stalk,pouncer,-11.81,4.43,8.61
1131,1,recover,swarm,-15.96,13.03,1.06
1131,2,recover,swarm,-15.46,12.08,0.52
1131,3,advance,bruiser,-12.14,8.97,4.86
1131,4,stalk,pouncer,-11.75,4.49,8.59
1132,1,recover,swarm,-15.96,13.03,1.06
1132,2,recover,swarm,-15.46,12.08,0.52
1132,3,advance,bruiser,-12.15,8.97,4.85
1132,4,stalk,pouncer,-11.74,4.50,8.58
1133,1,recover,swarm,-15.96,13.03,1.06
1133,2,recover,swarm,-15.46,12.08,0.52
1133,3,advance,bruiser,-12.18,9.00,4.81
1133,4,stalk,pouncer,-11.69,4.55,8.56
1134,1,recover,swarm,-15.96,13.03,1.06
1134,2,recover,swarm,-15.46,12.08,0.52
1134,3,advance,bruiser,-12.19,9.01,4.80
1134,4,stalk,pouncer,-11.68,4.57,8.55
1135,1,recover,swarm,-15.96,13.03,1.06
1135,2,recover,swarm,-15.46,12.08,0.52
1135,3,advance,bruiser,-12.24,9.04,4.74
1135,4,stalk,pouncer,-11.62,4.64,8.53
1136,1,recover,swarm,-15.96,13.03,1.06
1136,2,recover,swarm,-15.46,12.08,0.52
1136,3,advance,bruiser,-12.24,9.05,4.73
1136,4,stalk,pouncer,-11.61,4.65,8.52
1137,1,recover,swarm,-15.96,13.03,1.06
1137,2,recover,swarm,-15.46,12.08,0.52
1137,3,advance,bruiser,-12.28,9.08,4.69
1137,4,stalk,pouncer,-11.57,4.69,8.50
1138,1,recover,swarm,-15.96,13.03,1.06
1138,2,recover,swarm,-15.46,12.08,0.52
1138,3,advance,bruiser,-12.28,9.08,4.68
1138,4,stalk,pouncer,-11.55,4.71,8.50
1139,1,recover,swarm,-15.96,13.03,1.06
1139,2,recover,swarm,-15.46,12.08,0.52
1139,3,advance,bruiser,-12.33,9.11,4.63
1139,4,stalk,pouncer,-11.50,4.77,8.47
1140,1,recover,swarm,-15.96,13.03,1.06
1140,2,recover,swarm,-15.46,12.08,0.52
1140,3,advance,bruiser,-12.33,9.12,4.62
1140,4,stalk,pouncer,-11.49,4.78,8.47
1141,1,recover,swarm,-15.96,13.03,1.06
1141,2,recover,swarm,-15.46,12.08,0.52
1141,3,advance,bruiser,-12.37,9.15,4.56
1141,4,stalk,pouncer,-11.43,4.84,8.45
1142,1,recover,swarm,-15.96,13.03,1.06
1142,2,recover,swarm,-15.46,12.08,0.52
1142,3,advance,bruiser,-12.38,9.16,4.55
1142,4,stalk,pouncer,-11.42,4.85,8.44
1143,1,recover,swarm,-15.96,13.03,1.06
1143,2,recover,swarm,-15.46,12.08,0.52
1143,3,advance,bruiser,-12.43,9.20,4.49
1143,4,stalk,pouncer,-11.36,4.93,8.41
1144,1,recover,swarm,-15.96,13.03,1.06
1144,2,recover,swarm,-15.46,12.08,0.52
1144,3,advance,bruiser,-12.44,9.20,4.48
1144,4,stalk,pouncer,-11.35,4.94,8.41
1145,1,recover,swarm,-15.96,13.03,1.06
1145,2,recover,swarm,-15.46,12.08,0.52
1145,3,advance,bruiser,-12.47,9.23,4.44
1145,4,stalk,pouncer,-11.31,4.99,8.39
1146,1,recover,swarm,-15.96,13.03,1.06
1146,2,recover,swarm,-15.46,12.08,0.52
1146,3,advance,bruiser,-12.48,9.23,4.43
1146,4,stalk,pouncer,-11.30,5.00,8.39
1147,1,recover,swarm,-15.96,13.03,1.06
1147,2,recover,swarm,-15.46,12.08,0.52
1147,3,advance,bruiser,-12.52,9.27,4.38
1147,4,stalk,pouncer,-11.24,5.06,8.36
1148,1,recover,swarm,-15.96,13.03,1.06
1148,2,chase,swarm,-15.46,12.08,0.52
1148,3,advance,bruiser,-12.53,9.27,4.37
1148,4,stalk,pouncer,-11.23,5.08,8.36
1149,1,recover,swarm,-15.96,13.03,1.06
1149,2,windup,swarm,-15.46,12.08,0.52
1149,3,advance,bruiser,-12.56,9.30,4.32
1149,4,stalk,pouncer,-11.18,5.14,8.34
1150,1,recover,swarm,-15.96,13.03,1.06
1150,2,windup,swarm,-15.46,12.08,0.52
1150,3,advance,bruiser,-12.57,9.31,4.31
1150,4,stalk,pouncer,-11.17,5.15,8.33
1151,1,recover,swarm,-15.96,13.03,1.06
1151,2,windup,swarm,-15.46,12.08,0.52
1151,3,advance,bruiser,-12.61,9.34,4.26
1151,4,stalk,pouncer,-11.13,5.21,8.31
1152,1,recover,swarm,-15.96,13.03,1.06
1152,2,windup,swarm,-15.46,12.08,0.52
1152,3,advance,bruiser,-12.62,9.35,4.25
1152,4,stalk,pouncer,-11.12,5.22,8.31
1153,1,recover,swarm,-15.96,13.03,1.06
1153,2,windup,swarm,-15.46,12.08,0.52
1153,3,advance,bruiser,-12.67,9.38,4.19
1153,4,stalk,pouncer,-11.05,5.30,8.28
1154,1,recover,swarm,-15.96,13.03,1.06
1154,2,windup,swarm,-15.46,12.08,0.52
1154,3,advance,bruiser,-12.68,9.39,4.18
1154,4,stalk,pouncer,-11.04,5.31,8.28
1155,1,recover,swarm,-15.96,13.03,1.06
1155,2,windup,swarm,-15.46,12.08,0.52
1155,3,advance,bruiser,-12.71,9.42,4.13
1155,4,stalk,pouncer,-11.00,5.37,8.26
1156,1,recover,swarm,-15.96,13.03,1.06
1156,2,windup,swarm,-15.46,12.08,0.52
1156,3,advance,bruiser,-12.72,9.43,4.12
1156,4,stalk,pouncer,-10.99,5.38,8.26
1157,1,recover,swarm,-15.96,13.03,1.06
1157,2,windup,swarm,-15.46,12.08,0.52
1157,3,advance,bruiser,-12.76,9.46,4.07
1157,4,stalk,pouncer,-10.93,5.45,8.23
1158,1,recover,swarm,-15.96,13.03,1.06
1158,2,windup,swarm,-15.46,12.08,0.52
1158,3,advance,bruiser,-12.77,9.47,4.06
1158,4,stalk,pouncer,-10.92,5.47,8.23
1159,1,recover,swarm,-15.96,13.03,1.06
1159,2,windup,swarm,-15.46,12.08,0.52
1159,3,advance,bruiser,-12.81,9.49,4.02
1159,4,stalk,pouncer,-10.88,5.52,8.21
1160,1,recover,swarm,-15.96,13.03,1.06
1160,2,windup,swarm,-15.46,12.08,0.52
1160,3,advance,bruiser,-12.81,9.50,4.01
1160,4,stalk,pouncer,-10.88,5.53,8.21
1161,1,recover,swarm,-15.96,13.03,1.06
1161,2,windup,swarm,-15.46,12.08,0.52
1161,3,advance,bruiser,-12.85,9.52,3.96
1161,4,stalk,pouncer,-10.83,5.59,8.19
1162,1,recover,swarm,-15.96,13.03,1.06
1162,2,windup,swarm,-15.46,12.08,0.52
1162,3,advance,bruiser,-12.86,9.53,3.95
1162,4,stalk,pouncer,-10.82,5.60,8.19
1163,1,recover,swarm,-15.96,13.03,1.06
1163,2,windup,swarm,-15.46,12.08,0.52
1163,3,advance,bruiser,-12.89,9.56,3.91
1163,4,stalk,pouncer,-10.78,5.66,8.17
1164,1,recover,swarm,-15.96,13.03,1.06
1164,2,strike,swarm,-15.46,12.08,0.52
1164,3,advance,bruiser,-12.90,9.56,3.90
1164,4,stalk,pouncer,-10.77,5.67,8.17
1165,1,recover,swarm,-15.96,13.03,1.06
1165,2,strike,swarm,-15.57,11.99,0.39
1165,3,advance,bruiser,-12.93,9.59,3.86
1165,4,stalk,pouncer,-10.74,5.72,8.15
1166,1,recover,swarm,-15.96,13.03,1.06
1166,2,strike,swarm,-15.60,11.97,0.37
1166,3,advance,bruiser,-12.94,9.59,3.85
1166,4,stalk,pouncer,-10.73,5.73,8.15
1167,1,recover,swarm,-15.96,13.03,1.06
1167,2,strike,swarm,-15.75,11.88,0.23
1167,3,advance,bruiser,-12.98,9.63,3.80
1167,4,stalk,pouncer,-10.68,5.80,8.13
1168,1,recover,swarm,-15.96,13.03,1.06
1168,2,strike,swarm,-15.78,11.86,0.22
1168,3,advance,bruiser,-12.98,9.63,3.79
1168,4,stalk,pouncer,-10.67,5.81,8.12
1169,1,chase,swarm,-15.96,13.03,1.06
1169,2,strike,swarm,-15.92,11.80,0.18
1169,3,advance,bruiser,-13.02,9.66,3.75
1169,4,stalk,pouncer,-10.63,5.86,8.11
1170,1,windup,swarm,-15.96,13.03,1.06
1170,2,strike,swarm,-15.94,11.79,0.18
1170,3,advance,bruiser,-13.02,9.66,3.74
1170,4,stalk,pouncer,-10.62,5.87,8.10
1171,1,windup,swarm,-15.96,13.03,1.06
1171,2,strike,swarm,-16.10,11.74,0.27
1171,3,advance,bruiser,-13.06,9.69,3.69
1171,4,stalk,pouncer,-10.58,5.94,8.09
1172,1,windup,swarm,-15.96,13.03,1.06
1172,2,strike,swarm,-16.13,11.73,0.29
1172,3,advance,bruiser,-13.07,9.70,3.68
1172,4,stalk,pouncer,-10.57,5.95,8.08
1173,1,windup,swarm,-15.96,13.03,1.06
1173,2,strike,swarm,-16.29,11.69,0.42
1173,3,advance,bruiser,-13.10,9.73,3.64
1173,4,stalk,pouncer,-10.53,6.01,8.07
1174,1,windup,swarm,-15.96,13.03,1.06
1174,2,strike,swarm,-16.32,11.69,0.45
1174,3,advance,bruiser,-13.11,9.73,3.63
1174,4,stalk,pouncer,-10.52,6.02,8.06
1175,1,windup,swarm,-15.96,13.03,1.06
1175,2,strike,swarm,-16.48,11.65,0.60
1175,3,advance,bruiser,-13.15,9.76,3.58
1175,4,stalk,pouncer,-10.48,6.08,8.05
1176,1,windup,swarm,-15.96,13.03,1.06
1176,2,strike,swarm,-16.51,11.65,0.64
1176,3,advance,bruiser,-13.15,9.77,3.57
1176,4,stalk,pouncer,-10.47,6.09,8.04
1177,1,windup,swarm,-15.96,13.03,1.06
1177,2,strike,swarm,-16.67,11.61,0.79
1177,3,advance,bruiser,-13.19,9.79,3.53
1177,4,stalk,pouncer,-10.44,6.15,8.03
1178,1,windup,swarm,-15.96,13.03,1.06
1178,2,recover,swarm,-16.71,11.60,0.83
1178,3,advance,bruiser,-13.20,9.80,3.52
1178,4,stalk,pouncer,-10.43,6.17,8.02
1179,1,windup,swarm,-15.96,13.03,1.06
1179,2,recover,swarm,-16.71,11.60,0.83
1179,3,advance,bruiser,-13.23,9.83,3.47
1179,4,stalk,pouncer,-10.39,6.22,8.01
1180,1,windup,swarm,-15.96,13.03,1.06
1180,2,recover,swarm,-16.71,11.60,0.83
1180,3,advance,bruiser,-13.24,9.83,3.46
1180,4,stalk,pouncer,-10.38,6.24,8.00
1181,1,windup,swarm,-15.96,13.03,1.06
1181,2,recover,swarm,-16.71,11.60,0.83
1181,3,advance,bruiser,-13.33,9.91,3.34
1181,4,stalk,pouncer,-10.28,6.40,7.96
1182,1,windup,swarm,-15.96,13.03,1.06
1182,2,recover,swarm,-16.71,11.60,0.83
1182,3,advance,bruiser,-13.34,9.91,3.33
1182,4,stalk,pouncer,-10.27,6.41,7.96
1183,1,windup,swarm,-15.96,13.03,1.06
1183,2,recover,swarm,-16.71,11.60,0.83
1183,3,advance,bruiser,-13.39,9.95,3.28
1183,4,stalk,pouncer,-10.22,6.49,7.94
1184,1,strike,swarm,-15.96,13.03,1.06
1184,2,recover,swarm,-16.71,11.60,0.83
1184,3,advance,bruiser,-13.40,9.95,3.27
1184,4,stalk,pouncer,-10.21,6.50,7.94
1185,1,strike,swarm,-15.96,12.83,0.86
1185,2,recover,swarm,-16.71,11.60,0.83
1185,3,advance,bruiser,-13.44,9.99,3.21
1185,4,stalk,pouncer,-10.16,6.58,7.92
1186,1,strike,swarm,-15.96,12.79,0.82
1186,2,recover,swarm,-16.71,11.60,0.83
1186,3,advance,bruiser,-13.45,10.00,3.20
1186,4,stalk,pouncer,-10.16,6.60,7.91
1187,1,strike,swarm,-15.96,12.57,0.60
1187,2,recover,swarm,-16.71,11.60,0.83
1187,3,advance,bruiser,-13.50,10.04,3.13
1187,4,stalk,pouncer,-10.11,6.68,7.89
1188,1,strike,swarm,-15.96,12.53,0.56
1188,2,recover,swarm,-16.71,11.60,0.83
1188,3,advance,bruiser,-13.51,10.04,3.12
1188,4,stalk,pouncer,-10.10,6.70,7.89
1189,1,strike,swarm,-15.93,12.36,0.39
1189,2,recover,swarm,-16.71,11.60,0.83
1189,3,advance,bruiser,-13.55,10.07,3.07
1189,4,stalk,pouncer,-10.06,6.76,7.87
1190,1,strike,swarm,-15.91,12.31,0.35
1190,2,recover,swarm,-16.71,11.60,0.83
1190,3,advance,bruiser,-13.56,10.08,3.06
1190,4,stalk,pouncer,-10.05,6.78,7.87
1191,1,strike,swarm,-15.80,12.10,0.21
1191,2,recover,swarm,-16.71,11.60,0.83
1191,3,advance,bruiser,-13.61,10.12,2.99
1191,4,stalk,pouncer,-9.99,6.88,7.85
1192,1,strike,swarm,-15.78,12.05,0.21
1192,2,recover,swarm,-16.71,11.60,0.83
1192,3,advance,bruiser,-13.62,10.13,2.98
1192,4,stalk,pouncer,-9.98,6.90,7.84
1193,1,strike,swarm,-15.59,11.75,0.44
1193,2,recover,swarm,-16.71,11.60,0.83
1193,3,advance,bruiser,-13.70,10.20,2.87
1193,4,stalk,pouncer,-9.90,7.04,7.81
1194,1,recover,swarm,-15.57,11.70,0.48
1194,2,recover,swarm,-16.71,11.60,0.83
1194,3,advance,bruiser,-13.71,10.20,2.86
1194,4,stalk,pouncer,-9.89,7.06,7.81
1195,1,recover,swarm,-15.57,11.70,0.48
1195,2,recover,swarm,-16.71,11.60,0.83
1195,3,advance,bruiser,-14.05,10.47,2.44
1195,4,stalk,pouncer,-9.58,7.66,7.70
1196,1,recover,swarm,-15.57,11.70,0.48
1196,2,recover,swarm,-16.71,11.60,0.83
1196,3,windup,bruiser,-14.05,10.47,2.44
1196,4,stalk,pouncer,-9.57,7.68,7.70
1197,1,recover,swarm,-15.57,11.70,0.48
1197,2,recover,swarm,-16.71,11.60,0.83
1197,3,windup,bruiser,-14.05,10.47,2.44
1197,4,stalk,pouncer,-9.55,7.74,7.69
1198,1,recover,swarm,-15.57,11.70,0.48
1198,2,recover,swarm,-16.71,11.60,0.83
1198,3,windup,bruiser,-14.05,10.47,2.44
1198,4,stalk,pouncer,-9.54,7.76,7.68
1199,1,recover,swarm,-15.57,11.70,0.48
1199,2,recover,swarm,-16.71,11.60,0.83
1199,3,windup,bruiser,-14.05,10.47,2.44
1199,4,stalk,pouncer,-9.52,7.82,7.67
1200,1,recover,swarm,-15.57,11.70,0.48
1200,2,chase,swarm,-16.71,11.60,0.83
1200,3,windup,bruiser,-14.05,10.47,2.44
1200,4,stalk,pouncer,-9.51,7.83,7.67
1201,1,recover,swarm,-15.57,11.70,0.48
1201,2,windup,swarm,-16.71,11.60,0.83
1201,3,windup,bruiser,-14.05,10.47,2.44
1201,4,stalk,pouncer,-9.49,7.88,7.66
1202,1,recover,swarm,-15.57,11.70,0.48
1202,2,windup,swarm,-16.71,11.60,0.83
1202,3,windup,bruiser,-14.05,10.47,2.44
1202,4,stalk,pouncer,-9.48,7.90,7.66
1203,1,recover,swarm,-15.57,11.70,0.48
1203,2,windup,swarm,-16.71,11.60,0.83
1203,3,windup,bruiser,-14.05,10.47,2.44
1203,4,stalk,pouncer,-9.46,7.95,7.65
1204,1,recover,swarm,-15.57,11.70,0.48
1204,2,windup,swarm,-16.71,11.60,0.83
1204,3,windup,bruiser,-14.05,10.47,2.44
1204,4,stalk,pouncer,-9.45,7.97,7.64
1205,1,recover,swarm,-15.57,11.70,0.48
1205,2,windup,swarm,-16.71,11.60,0.83
1205,3,windup,bruiser,-14.05,10.47,2.44
1205,4,stalk,pouncer,-9.43,8.02,7.63
1206,1,recover,swarm,-15.57,11.70,0.48
1206,2,windup,swarm,-16.71,11.60,0.83
1206,3,windup,bruiser,-14.05,10.47,2.44
1206,4,stalk,pouncer,-9.43,8.03,7.63
1207,1,recover,swarm,-15.57,11.70,0.48
1207,2,windup,swarm,-16.71,11.60,0.83
1207,3,windup,bruiser,-14.05,10.47,2.44
1207,4,stalk,pouncer,-9.39,8.12,7.62
1208,1,recover,swarm,-15.57,11.70,0.48
1208,2,windup,swarm,-16.71,11.60,0.83
1208,3,windup,bruiser,-14.05,10.47,2.44
1208,4,stalk,pouncer,-9.39,8.14,7.61
1209,1,recover,swarm,-15.57,11.70,0.48
1209,2,windup,swarm,-16.71,11.60,0.83
1209,3,windup,bruiser,-14.05,10.47,2.44
1209,4,stalk,pouncer,-9.37,8.19,7.60
1210,1,recover,swarm,-15.57,11.70,0.48
1210,2,windup,swarm,-16.71,11.60,0.83
1210,3,windup,bruiser,-14.05,10.47,2.44
1210,4,crouch,pouncer,-9.36,8.21,7.60
1211,1,recover,swarm,-15.57,11.70,0.48
1211,2,windup,swarm,-16.71,11.60,0.83
1211,3,windup,bruiser,-14.05,10.47,2.44
1211,4,crouch,pouncer,-9.36,8.21,7.60
1212,1,recover,swarm,-15.57,11.70,0.48
1212,2,windup,swarm,-16.71,11.60,0.83
1212,3,windup,bruiser,-14.05,10.47,2.44
1212,4,crouch,pouncer,-9.36,8.21,7.60
1213,1,recover,swarm,-15.57,11.70,0.48
1213,2,windup,swarm,-16.71,11.60,0.83
1213,3,windup,bruiser,-14.05,10.47,2.44
1213,4,crouch,pouncer,-9.36,8.21,7.60
1214,1,recover,swarm,-15.57,11.70,0.48
1214,2,windup,swarm,-16.71,11.60,0.83
1214,3,windup,bruiser,-14.05,10.47,2.44
1214,4,crouch,pouncer,-9.36,8.21,7.60
1215,1,recover,swarm,-15.57,11.70,0.48
1215,2,windup,swarm,-16.71,11.60,0.83
1215,3,windup,bruiser,-14.05,10.47,2.44
1215,4,crouch,pouncer,-9.36,8.21,7.60
1216,1,recover,swarm,-15.57,11.70,0.48
1216,2,windup,swarm,-16.71,11.60,0.83
1216,3,windup,bruiser,-14.05,10.47,2.44
1216,4,crouch,pouncer,-9.36,8.21,7.60
1217,1,recover,swarm,-15.57,11.70,0.48
1217,2,strike,swarm,-16.71,11.60,0.83
1217,3,windup,bruiser,-14.05,10.47,2.44
1217,4,crouch,pouncer,-9.36,8.21,7.60
1218,1,recover,swarm,-15.57,11.70,0.48
1218,2,strike,swarm,-16.68,11.62,0.80
1218,3,windup,bruiser,-14.05,10.47,2.44
1218,4,crouch,pouncer,-9.36,8.21,7.60
1219,1,recover,swarm,-15.57,11.70,0.48
1219,2,strike,swarm,-16.57,11.71,0.65
1219,3,windup,bruiser,-14.05,10.47,2.44
1219,4,crouch,pouncer,-9.36,8.21,7.60
1220,1,recover,swarm,-15.57,11.70,0.48
1220,2,strike,swarm,-16.55,11.74,0.63
1220,3,windup,bruiser,-14.05,10.47,2.44
1220,4,crouch,pouncer,-9.36,8.21,7.60
1221,1,recover,swarm,-15.57,11.70,0.48
1221,2,strike,swarm,-16.46,11.90,0.50
1221,3,windup,bruiser,-14.05,10.47,2.44
1221,4,crouch,pouncer,-9.36,8.21,7.60
1222,1,recover,swarm,-15.57,11.70,0.48
1222,2,strike,swarm,-16.45,11.93,0.49
1222,3,windup,bruiser,-14.05,10.47,2.44
1222,4,crouch,pouncer,-9.36,8.21,7.60
1223,1,recover,swarm,-15.57,11.70,0.48
1223,2,strike,swarm,-16.41,12.11,0.47
1223,3,windup,bruiser,-14.05,10.47,2.44
1223,4,crouch,pouncer,-9.36,8.21,7.60
1224,1,chase,swarm,-15.57,11.70,0.48
1224,2,strike,swarm,-16.40,12.14,0.47
1224,3,windup,bruiser,-14.05,10.47,2.44
1224,4,crouch,pouncer,-9.36,8.21,7.60
1225,1,windup,swarm,-15.57,11.70,0.48
1225,2,strike,swarm,-16.37,12.24,0.49
1225,3,windup,bruiser,-14.05,10.47,2.44
1225,4,crouch,pouncer,-9.36,8.21,7.60
1226,1,windup,swarm,-15.57,11.70,0.48
1226,2,strike,swarm,-16.35,12.28,0.50
1226,3,windup,bruiser,-14.05,10.47,2.44
1226,4,crouch,pouncer,-9.36,8.21,7.60
1227,1,windup,swarm,-15.57,11.70,0.48
1227,2,strike,swarm,-16.29,12.42,0.55
1227,3,windup,bruiser,-14.05,10.47,2.44
1227,4,crouch,pouncer,-9.36,8.21,7.60
1228,1,windup,swarm,-15.57,11.70,0.48
1228,2,strike,swarm,-16.28,12.45,0.57
1228,3,windup,bruiser,-14.05,10.47,2.44
1228,4,crouch,pouncer,-9.36,8.21,7.60
1229,1,windup,swarm,-15.57,11.70,0.48
1229,2,strike,swarm,-16.17,12.61,0.68
1229,3,windup,bruiser,-14.05,10.47,2.44
1229,4,crouch,pouncer,-9.36,8.21,7.60
1230,1,windup,swarm,-15.57,11.70,0.48
1230,2,strike,swarm,-16.15,12.64,0.69
1230,3,windup,bruiser,-14.05,10.47,2.44
1230,4,crouch,pouncer,-9.36,8.21,7.60
1231,1,windup,swarm,-15.57,11.70,0.48
1231,2,strike,swarm,-16.02,12.79,0.82
1231,3,windup,bruiser,-14.05,10.47,2.44
1231,4,crouch,pouncer,-9.36,8.21,7.60
1232,1,windup,swarm,-15.57,11.70,0.48
1232,2,recover,swarm,-16.00,12.81,0.84
1232,3,windup,bruiser,-14.05,10.47,2.44
1232,4,crouch,pouncer,-9.36,8.21,7.60
1233,1,windup,swarm,-15.57,11.70,0.48
1233,2,recover,swarm,-16.00,12.81,0.84
1233,3,windup,bruiser,-14.05,10.47,2.44
1233,4,crouch,pouncer,-9.36,8.21,7.60
1234,1,windup,swarm,-15.57,11.70,0.48
1234,2,recover,swarm,-16.00,12.81,0.84
1234,3,windup,bruiser,-14.05,10.47,2.44
1234,4,crouch,pouncer,-9.36,8.21,7.60
1235,1,windup,swarm,-15.57,11.70,0.48
1235,2,recover,swarm,-16.00,12.81,0.84
1235,3,windup,bruiser,-14.05,10.47,2.44
1235,4,crouch,pouncer,-9.36,8.21,7.60
1236,1,windup,swarm,-15.57,11.70,0.48
1236,2,recover,swarm,-16.00,12.81,0.84
1236,3,windup,bruiser,-14.05,10.47,2.44
1236,4,crouch,pouncer,-9.36,8.21,7.60
1237,1,windup,swarm,-15.57,11.70,0.48
1237,2,recover,swarm,-16.00,12.81,0.84
1237,3,strike,bruiser,-14.05,10.47,2.44
1237,4,crouch,pouncer,-9.36,8.21,7.60
1238,1,windup,swarm,-15.57,11.70,0.48
1238,2,recover,swarm,-16.00,12.81,0.84
1238,3,strike,bruiser,-14.07,10.49,2.40
1238,4,pounce,pouncer,-9.36,8.21,7.60
1239,1,windup,swarm,-15.57,11.70,0.48
1239,2,recover,swarm,-16.00,12.81,0.84
1239,3,strike,bruiser,-14.19,10.58,2.26
1239,4,pounce,pouncer,-9.59,8.33,7.34
1240,1,strike,swarm,-15.57,11.70,0.48
1240,2,recover,swarm,-16.00,12.81,0.84
1240,3,strike,bruiser,-14.21,10.60,2.23
1240,4,pounce,pouncer,-9.64,8.36,7.28
1241,1,strike,swarm,-15.71,11.77,0.33
1241,2,recover,swarm,-16.00,12.81,0.84
1241,3,strike,bruiser,-14.31,10.67,2.10
1241,4,pounce,pouncer,-9.84,8.48,7.05
1242,1,strike,swarm,-15.75,11.77,0.29
1242,2,recover,swarm,-16.00,12.81,0.84
1242,3,strike,bruiser,-14.34,10.70,2.06
1242,4,pounce,pouncer,-9.90,8.51,6.99
1243,1,strike,swarm,-15.91,11.79,0.19
1243,2,recover,swarm,-16.00,12.81,0.84
1243,3,strike,bruiser,-14.44,10.78,1.93
1243,4,pounce,pouncer,-10.10,8.62,6.76
1244,1,strike,swarm,-15.94,11.79,0.18
1244,2,recover,swarm,-16.00,12.81,0.84
1244,3,strike,bruiser,-14.47,10.80,1.90
1244,4,pounce,pouncer,-10.14,8.65,6.70
1245,1,strike,swarm,-16.12,11.79,0.23
1245,2,recover,swarm,-16.00,12.81,0.84
1245,3,strike,bruiser,-14.58,10.89,1.76
1245,4,pounce,pouncer,-10.37,8.78,6.44
1246,1,strike,swarm,-16.15,11.79,0.26
1246,2,recover,swarm,-16.00,12.81,0.84
1246,3,strike,bruiser,-14.61,10.90,1.73
1246,4,pounce,pouncer,-10.42,8.81,6.39
1247,1,strike,swarm,-16.30,11.80,0.38
1247,2,recover,swarm,-16.00,12.81,0.84
1247,3,strike,bruiser,-14.70,10.98,1.60
1247,4,pounce,pouncer,-10.61,8.92,6.16
1248,1,strike,swarm,-16.34,11.80,0.41
1248,2,recover,swarm,-16.00,12.81,0.84
1248,3,strike,bruiser,-14.73,11.00,1.57
1248,4,pounce,pouncer,-10.66,8.94,6.11
1249,1,strike,swarm,-16.52,11.82,0.58
1249,2,recover,swarm,-16.00,12.81,0.84
1249,3,strike,bruiser,-14.85,11.10,1.42
1249,4,pounce,pouncer,-10.90,9.08,5.83
1250,1,strike,swarm,-16.56,11.83,0.61
1250,2,recover,swarm,-16.00,12.81,0.84
1250,3,strike,bruiser,-14.87,11.11,1.39
1250,4,pounce,pouncer,-10.95,9.11,5.77
1251,1,strike,swarm,-16.68,11.86,0.72
1251,2,recover,swarm,-16.00,12.81,0.84
1251,3,strike,bruiser,-14.96,11.18,1.28
1251,4,pounce,pouncer,-11.11,9.20,5.59
1252,1,strike,swarm,-16.71,11.87,0.75
1252,2,recover,swarm,-16.00,12.81,0.84
1252,3,strike,bruiser,-14.98,11.19,1.26
1252,4,pounce,pouncer,-11.15,9.23,5.54
1253,1,strike,swarm,-16.87,11.93,0.91
1253,2,recover,swarm,-16.00,12.81,0.84
1253,3,strike,bruiser,-15.09,11.28,1.11
1253,4,pounce,pouncer,-11.38,9.36,5.28
1254,1,recover,swarm,-16.90,11.94,0.93
1254,2,recover,swarm,-16.00,12.81,0.84
1254,3,recover,bruiser,-15.11,11.30,1.09
1254,4,pounce,pouncer,-11.42,9.38,5.23
1255,1,recover,swarm,-16.90,11.94,0.93
1255,2,recover,swarm,-16.00,12.81,0.84
1255,3,recover,bruiser,-15.11,11.30,1.09
1255,4,pounce,pouncer,-11.60,9.48,5.02
1256,1,recover,swarm,-16.90,11.94,0.93
1256,2,recover,swarm,-16.00,12.81,0.84
1256,3,recover,bruiser,-15.11,11.30,1.09
1256,4,pounce,pouncer,-11.65,9.51,4.97
1257,1,recover,swarm,-16.90,11.94,0.93
1257,2,recover,swarm,-16.00,12.81,0.84
1257,3,recover,bruiser,-15.11,11.30,1.09
1257,4,pounce,pouncer,-11.87,9.64,4.71
1258,1,recover,swarm,-16.90,11.94,0.93
1258,2,recover,swarm,-16.00,12.81,0.84
1258,3,recover,bruiser,-15.11,11.30,1.09
1258,4,pounce,pouncer,-11.92,9.66,4.66
1259,1,recover,swarm,-16.90,11.94,0.93
1259,2,recover,swarm,-16.00,12.81,0.84
1259,3,recover,bruiser,-15.11,11.30,1.09
1259,4,pounce,pouncer,-12.10,9.77,4.45
1260,1,recover,swarm,-16.90,11.94,0.93
1260,2,recover,swarm,-16.00,12.81,0.84
1260,3,recover,bruiser,-15.11,11.30,1.09
1260,4,recover,pouncer,-12.14,9.79,4.40
1261,1,recover,swarm,-16.90,11.94,0.93
1261,2,recover,swarm,-16.00,12.81,0.84
1261,3,recover,bruiser,-15.11,11.30,1.09
1261,4,recover,pouncer,-12.14,9.79,4.40
1262,1,recover,swarm,-16.90,11.94,0.93
1262,2,recover,swarm,-16.00,12.81,0.84
1262,3,recover,bruiser,-15.11,11.30,1.09
1262,4,recover,pouncer,-12.14,9.79,4.40
1263,1,recover,swarm,-16.90,11.94,0.93
1263,2,recover,swarm,-16.00,12.81,0.84
1263,3,recover,bruiser,-15.11,11.30,1.09
1263,4,recover,pouncer,-12.14,9.79,4.40
1264,1,recover,swarm,-16.90,11.94,0.93
1264,2,recover,swarm,-16.00,12.81,0.84
1264,3,recover,bruiser,-15.11,11.30,1.09
1264,4,recover,pouncer,-12.14,9.79,4.40
1265,1,recover,swarm,-16.90,11.94,0.93
1265,2,recover,swarm,-16.00,12.81,0.84
1265,3,recover,bruiser,-15.11,11.30,1.09
1265,4,recover,pouncer,-12.14,9.79,4.40
1266,1,recover,swarm,-16.90,11.94,0.93
1266,2,recover,swarm,-16.00,12.81,0.84
1266,3,recover,bruiser,-15.11,11.30,1.09
1266,4,recover,pouncer,-12.14,9.79,4.40
1267,1,recover,swarm,-16.90,11.94,0.93
1267,2,recover,swarm,-16.00,12.81,0.84
1267,3,recover,bruiser,-15.11,11.30,1.09
1267,4,recover,pouncer,-12.14,9.79,4.40
1268,1,recover,swarm,-16.90,11.94,0.93
1268,2,recover,swarm,-16.00,12.81,0.84
1268,3,recover,bruiser,-15.11,11.30,1.09
1268,4,recover,pouncer,-12.14,9.79,4.40
1269,1,recover,swarm,-16.90,11.94,0.93
1269,2,recover,swarm,-16.00,12.81,0.84
1269,3,recover,bruiser,-15.11,11.30,1.09
1269,4,recover,pouncer,-12.14,9.79,4.40
1270,1,recover,swarm,-16.90,11.94,0.93
1270,2,recover,swarm,-16.00,12.81,0.84
1270,3,recover,bruiser,-15.11,11.30,1.09
1270,4,recover,pouncer,-12.14,9.79,4.40
1271,1,recover,swarm,-16.90,11.94,0.93
1271,2,recover,swarm,-16.00,12.81,0.84
1271,3,recover,bruiser,-15.11,11.30,1.09
1271,4,recover,pouncer,-12.14,9.79,4.40
1272,1,recover,swarm,-16.90,11.94,0.93
1272,2,recover,swarm,-16.00,12.81,0.84
1272,3,recover,bruiser,-15.11,11.30,1.09
1272,4,recover,pouncer,-12.14,9.79,4.40
1273,1,recover,swarm,-16.90,11.94,0.93
1273,2,recover,swarm,-16.00,12.81,0.84
1273,3,recover,bruiser,-15.11,11.30,1.09
1273,4,recover,pouncer,-12.14,9.79,4.40
1274,1,recover,swarm,-16.90,11.94,0.93
1274,2,chase,swarm,-16.00,12.81,0.84
1274,3,recover,bruiser,-15.11,11.30,1.09
1274,4,recover,pouncer,-12.14,9.79,4.40
1275,1,recover,swarm,-16.90,11.94,0.93
1275,2,windup,swarm,-16.00,12.81,0.84
1275,3,recover,bruiser,-15.11,11.30,1.09
1275,4,recover,pouncer,-12.14,9.79,4.40
1276,1,recover,swarm,-16.90,11.94,0.93
1276,2,windup,swarm,-16.00,12.81,0.84
1276,3,recover,bruiser,-15.11,11.30,1.09
1276,4,recover,pouncer,-12.14,9.79,4.40
1277,1,recover,swarm,-16.90,11.94,0.93
1277,2,windup,swarm,-16.00,12.81,0.84
1277,3,recover,bruiser,-15.11,11.30,1.09
1277,4,recover,pouncer,-12.14,9.79,4.40
1278,1,recover,swarm,-16.90,11.94,0.93
1278,2,windup,swarm,-16.00,12.81,0.84
1278,3,recover,bruiser,-15.11,11.30,1.09
1278,4,recover,pouncer,-12.14,9.79,4.40
1279,1,recover,swarm,-16.90,11.94,0.93
1279,2,windup,swarm,-16.00,12.81,0.84
1279,3,recover,bruiser,-15.11,11.30,1.09
1279,4,recover,pouncer,-12.14,9.79,4.40
1280,1,recover,swarm,-16.90,11.94,0.93
1280,2,windup,swarm,-16.00,12.81,0.84
1280,3,recover,bruiser,-15.11,11.30,1.09
1280,4,recover,pouncer,-12.14,9.79,4.40
1281,1,recover,swarm,-16.90,11.94,0.93
1281,2,windup,swarm,-16.00,12.81,0.84
1281,3,recover,bruiser,-15.11,11.30,1.09
1281,4,recover,pouncer,-12.14,9.79,4.40
1282,1,recover,swarm,-16.90,11.94,0.93
1282,2,windup,swarm,-16.00,12.81,0.84
1282,3,recover,bruiser,-15.11,11.30,1.09
1282,4,recover,pouncer,-12.14,9.79,4.40
1283,1,recover,swarm,-16.90,11.94,0.93
1283,2,windup,swarm,-16.00,12.81,0.84
1283,3,recover,bruiser,-15.11,11.30,1.09
1283,4,recover,pouncer,-12.14,9.79,4.40
1284,1,chase,swarm,-16.90,11.94,0.93
1284,2,strike,swarm,-16.00,12.81,0.84
1284,3,recover,bruiser,-15.11,11.30,1.09
1284,4,recover,pouncer,-12.14,9.79,4.40
1285,1,windup,swarm,-16.90,11.94,0.93
1285,2,strike,swarm,-15.98,12.63,0.66
1285,3,recover,bruiser,-15.11,11.30,1.09
1285,4,recover,pouncer,-12.14,9.79,4.40
1286,1,windup,swarm,-16.90,11.94,0.93
1286,2,strike,swarm,-15.97,12.60,0.63
1286,3,recover,bruiser,-15.11,11.30,1.09
1286,4,recover,pouncer,-12.14,9.79,4.40
1287,1,windup,swarm,-16.90,11.94,0.93
1287,2,strike,swarm,-15.92,12.49,0.52
1287,3,recover,bruiser,-15.11,11.30,1.09
1287,4,recover,pouncer,-12.14,9.79,4.40
1288,1,windup,swarm,-16.90,11.94,0.93
1288,2,strike,swarm,-15.91,12.45,0.49
1288,3,recover,bruiser,-15.11,11.30,1.09
1288,4,recover,pouncer,-12.14,9.79,4.40
1289,1,windup,swarm,-16.90,11.94,0.93
1289,2,strike,swarm,-15.79,12.19,0.28
1289,3,recover,bruiser,-15.11,11.30,1.09
1289,4,recover,pouncer,-12.14,9.79,4.40
1290,1,windup,swarm,-16.90,11.94,0.93
1290,2,strike,swarm,-15.78,12.16,0.26
1290,3,recover,bruiser,-15.11,11.30,1.09
1290,4,recover,pouncer,-12.14,9.79,4.40
1291,1,windup,swarm,-16.90,11.94,0.93
1291,2,strike,swarm,-15.76,12.02,0.21
1291,3,recover,bruiser,-15.11,11.30,1.09
1291,4,recover,pouncer,-12.14,9.79,4.40
1292,1,windup,swarm,-16.90,11.94,0.93
1292,2,strike,swarm,-15.76,11.98,0.20
1292,3,recover,bruiser,-15.11,11.30,1.09
1292,4,recover,pouncer,-12.14,9.79,4.40
1293,1,windup,swarm,-16.90,11.94,0.93
1293,2,strike,swarm,-15.80,11.84,0.21
1293,3,recover,bruiser,-15.11,11.30,1.09
1293,4,recover,pouncer,-12.14,9.79,4.40
1294,1,windup,swarm,-16.90,11.94,0.93
1294,2,strike,swarm,-15.81,11.81,0.22
1294,3,recover,bruiser,-15.11,11.30,1.09
1294,4,recover,pouncer,-12.14,9.79,4.40
1295,1,windup,swarm,-16.90,11.94,0.93
1295,2,strike,swarm,-15.87,11.68,0.30
1295,3,recover,bruiser,-15.11,11.30,1.09
1295,4,recover,pouncer,-12.14,9.79,4.40
1296,1,windup,swarm,-16.90,11.94,0.93
1296,2,strike,swarm,-15.88,11.66,0.32
1296,3,recover,bruiser,-15.11,11.30,1.09
1296,4,recover,pouncer,-12.14,9.79,4.40
1297,1,windup,swarm,-16.90,11.94,0.93
1297,2,strike,swarm,-15.96,11.47,0.50
1297,3,recover,bruiser,-15.11,11.30,1.09
1297,4,recover,pouncer,-12.14,9.79,4.40
1298,1,windup,swarm,-16.90,11.94,0.93
1298,2,recover,swarm,-15.97,11.44,0.53
1298,3,recover,bruiser,-15.11,11.30,1.09
1298,4,recover,pouncer,-12.14,9.79,4.40
1299,1,windup,swarm,-16.90,11.94,0.93
1299,2,recover,swarm,-15.97,11.44,0.53
1299,3,recover,bruiser,-15.11,11.30,1.09
1299,4,recover,pouncer,-12.14,9.79,4.40
1300,1,strike,swarm,-16.90,11.94,0.93
1300,2,recover,swarm,-15.97,11.44,0.53
1300,3,recover,bruiser,-15.11,11.30,1.09
1300,4,recover,pouncer,-12.14,9.79,4.40
1301,1,strike,swarm,-16.67,12.04,0.71
1301,2,recover,swarm,-15.97,11.44,0.53
1301,3,recover,bruiser,-15.11,11.30,1.09
1301,4,recover,pouncer,-12.14,9.79,4.40
1302,1,strike,swarm,-16.65,12.07,0.69
1302,2,recover,swarm,-15.97,11.44,0.53
1302,3,recover,bruiser,-15.11,11.30,1.09
1302,4,recover,pouncer,-12.14,9.79,4.40
1303,1,strike,swarm,-16.55,12.19,0.62
1303,2,recover,swarm,-15.97,11.44,0.53
1303,3,recover,bruiser,-15.11,11.30,1.09
1303,4,recover,pouncer,-12.14,9.79,4.40
1304,1,strike,swarm,-16.53,12.21,0.61
1304,2,recover,swarm,-15.97,11.44,0.53
1304,3,advance,bruiser,-15.11,11.30,1.09
1304,4,recover,pouncer,-12.14,9.79,4.40
1305,1,strike,swarm,-16.40,12.34,0.57
1305,2,recover,swarm,-15.97,11.44,0.53
1305,3,windup,bruiser,-15.11,11.30,1.09
1305,4,recover,pouncer,-12.14,9.79,4.40
1306,1,strike,swarm,-16.37,12.36,0.56
1306,2,recover,swarm,-15.97,11.44,0.53
1306,3,windup,bruiser,-15.11,11.30,1.09
1306,4,recover,pouncer,-12.14,9.79,4.40
1307,1,strike,swarm,-16.24,12.46,0.56
1307,2,recover,swarm,-15.97,11.44,0.53
1307,3,windup,bruiser,-15.11,11.30,1.09
1307,4,recover,pouncer,-12.14,9.79,4.40
1308,1,strike,swarm,-16.21,12.47,0.56
1308,2,recover,swarm,-15.97,11.44,0.53
1308,3,windup,bruiser,-15.11,11.30,1.09
1308,4,recover,pouncer,-12.14,9.79,4.40
1309,1,strike,swarm,-16.10,12.53,0.58
1309,2,recover,swarm,-15.97,11.44,0.53
1309,3,windup,bruiser,-15.11,11.30,1.09
1309,4,recover,pouncer,-12.14,9.79,4.40
1310,1,strike,swarm,-16.07,12.55,0.59
1310,2,recover,swarm,-15.97,11.44,0.53
1310,3,windup,bruiser,-15.11,11.30,1.09
1310,4,recover,pouncer,-12.14,9.79,4.40
1311,1,strike,swarm,-15.89,12.62,0.65
1311,2,recover,swarm,-15.97,11.44,0.53
1311,3,windup,bruiser,-15.11,11.30,1.09
1311,4,recover,pouncer,-12.14,9.79,4.40
1312,1,strike,swarm,-15.86,12.63,0.67
1312,2,recover,swarm,-15.97,11.44,0.53
1312,3,windup,bruiser,-15.11,11.30,1.09
1312,4,recover,pouncer,-12.14,9.79,4.40
1313,1,strike,swarm,-15.71,12.66,0.74
1313,2,recover,swarm,-15.97,11.44,0.53
1313,3,windup,bruiser,-15.11,11.30,1.09
1313,4,recover,pouncer,-12.14,9.79,4.40
1314,1,recover,swarm,-15.68,12.67,0.76
1314,2,recover,swarm,-15.97,11.44,0.53
1314,3,windup,bruiser,-15.11,11.30,1.09
1314,4,recover,pouncer,-12.14,9.79,4.40
1315,1,recover,swarm,-15.68,12.67,0.76
1315,2,recover,swarm,-15.97,11.44,0.53
1315,3,windup,bruiser,-15.11,11.30,1.09
1315,4,recover,pouncer,-12.14,9.79,4.40
1316,1,recover,swarm,-15.68,12.67,0.76
1316,2,recover,swarm,-15.97,11.44,0.53
1316,3,windup,bruiser,-15.11,11.30,1.09
1316,4,stalk,pouncer,-12.14,9.79,4.40
1317,1,recover,swarm,-15.68,12.67,0.76
1317,2,recover,swarm,-15.97,11.44,0.53
1317,3,windup,bruiser,-15.11,11.30,1.09
1317,4,crouch,pouncer,-12.10,9.83,4.42
1318,1,recover,swarm,-15.68,12.67,0.76
1318,2,recover,swarm,-15.97,11.44,0.53
1318,3,windup,bruiser,-15.11,11.30,1.09
1318,4,crouch,pouncer,-12.10,9.83,4.42
1319,1,recover,swarm,-15.68,12.67,0.76
1319,2,recover,swarm,-15.97,11.44,0.53
1319,3,windup,bruiser,-15.11,11.30,1.09
1319,4,crouch,pouncer,-12.10,9.83,4.42
1320,1,recover,swarm,-15.68,12.67,0.76
1320,2,recover,swarm,-15.97,11.44,0.53
1320,3,windup,bruiser,-15.11,11.30,1.09
1320,4,crouch,pouncer,-12.10,9.83,4.42
1321,1,recover,swarm,-15.68,12.67,0.76
1321,2,recover,swarm,-15.97,11.44,0.53
1321,3,windup,bruiser,-15.11,11.30,1.09
1321,4,crouch,pouncer,-12.10,9.83,4.42
1322,1,recover,swarm,-15.68,12.67,0.76
1322,2,recover,swarm,-15.97,11.44,0.53
1322,3,windup,bruiser,-15.11,11.30,1.09
1322,4,crouch,pouncer,-12.10,9.83,4.42
1323,1,recover,swarm,-15.68,12.67,0.76
1323,2,recover,swarm,-15.97,11.44,0.53
1323,3,windup,bruiser,-15.11,11.30,1.09
1323,4,crouch,pouncer,-12.10,9.83,4.42
1324,1,recover,swarm,-15.68,12.67,0.76
1324,2,recover,swarm,-15.97,11.44,0.53
1324,3,windup,bruiser,-15.11,11.30,1.09
1324,4,crouch,pouncer,-12.10,9.83,4.42
1325,1,recover,swarm,-15.68,12.67,0.76
1325,2,recover,swarm,-15.97,11.44,0.53
1325,3,windup,bruiser,-15.11,11.30,1.09
1325,4,crouch,pouncer,-12.10,9.83,4.42
1326,1,recover,swarm,-15.68,12.67,0.76
1326,2,recover,swarm,-15.97,11.44,0.53
1326,3,windup,bruiser,-15.11,11.30,1.09
1326,4,crouch,pouncer,-12.10,9.83,4.42
1327,1,recover,swarm,-15.68,12.67,0.76
1327,2,recover,swarm,-15.97,11.44,0.53
1327,3,windup,bruiser,-15.11,11.30,1.09
1327,4,crouch,pouncer,-12.10,9.83,4.42
1328,1,recover,swarm,-15.68,12.67,0.76
1328,2,recover,swarm,-15.97,11.44,0.53
1328,3,windup,bruiser,-15.11,11.30,1.09
1328,4,crouch,pouncer,-12.10,9.83,4.42
1329,1,recover,swarm,-15.68,12.67,0.76
1329,2,recover,swarm,-15.97,11.44,0.53
1329,3,windup,bruiser,-15.11,11.30,1.09
1329,4,crouch,pouncer,-12.10,9.83,4.42
1330,1,recover,swarm,-15.68,12.67,0.76
1330,2,recover,swarm,-15.97,11.44,0.53
1330,3,windup,bruiser,-15.11,11.30,1.09
1330,4,crouch,pouncer,-12.10,9.83,4.42
1331,1,recover,swarm,-15.68,12.67,0.76
1331,2,recover,swarm,-15.97,11.44,0.53
1331,3,windup,bruiser,-15.11,11.30,1.09
1331,4,crouch,pouncer,-12.10,9.83,4.42
1332,1,recover,swarm,-15.68,12.67,0.76
1332,2,recover,swarm,-15.97,11.44,0.53
1332,3,windup,bruiser,-15.11,11.30,1.09
1332,4,crouch,pouncer,-12.10,9.83,4.42
1333,1,recover,swarm,-15.68,12.67,0.76
1333,2,recover,swarm,-15.97,11.44,0.53
1333,3,windup,bruiser,-15.11,11.30,1.09
1333,4,crouch,pouncer,-12.10,9.83,4.42
1334,1,recover,swarm,-15.68,12.67,0.76
1334,2,recover,swarm,-15.97,11.44,0.53
1334,3,windup,bruiser,-15.11,11.30,1.09
1334,4,crouch,pouncer,-12.10,9.83,4.42
1335,1,recover,swarm,-15.68,12.67,0.76
1335,2,recover,swarm,-15.97,11.44,0.53
1335,3,windup,bruiser,-15.11,11.30,1.09
1335,4,crouch,pouncer,-12.10,9.83,4.42
1336,1,recover,swarm,-15.68,12.67,0.76
1336,2,recover,swarm,-15.97,11.44,0.53
1336,3,windup,bruiser,-15.11,11.30,1.09
1336,4,crouch,pouncer,-12.10,9.83,4.42
1337,1,recover,swarm,-15.68,12.67,0.76
1337,2,recover,swarm,-15.97,11.44,0.53
1337,3,windup,bruiser,-15.11,11.30,1.09
1337,4,crouch,pouncer,-12.10,9.83,4.42
1338,1,recover,swarm,-15.68,12.67,0.76
1338,2,recover,swarm,-15.97,11.44,0.53
1338,3,windup,bruiser,-15.11,11.30,1.09
1338,4,crouch,pouncer,-12.10,9.83,4.42
1339,1,recover,swarm,-15.68,12.67,0.76
1339,2,recover,swarm,-15.97,11.44,0.53
1339,3,windup,bruiser,-15.11,11.30,1.09
1339,4,crouch,pouncer,-12.10,9.83,4.42
1340,1,recover,swarm,-15.68,12.67,0.76
1340,2,recover,swarm,-15.97,11.44,0.53
1340,3,windup,bruiser,-15.11,11.30,1.09
1340,4,crouch,pouncer,-12.10,9.83,4.42
1341,1,recover,swarm,-15.68,12.67,0.76
1341,2,recover,swarm,-15.97,11.44,0.53
1341,3,windup,bruiser,-15.11,11.30,1.09
1341,4,crouch,pouncer,-12.10,9.83,4.42
1342,1,recover,swarm,-15.68,12.67,0.76
1342,2,recover,swarm,-15.97,11.44,0.53
1342,3,windup,bruiser,-15.11,11.30,1.09
1342,4,crouch,pouncer,-12.10,9.83,4.42
1343,1,recover,swarm,-15.68,12.67,0.76
1343,2,chase,swarm,-15.97,11.44,0.53
1343,3,windup,bruiser,-15.11,11.30,1.09
1343,4,crouch,pouncer,-12.10,9.83,4.42
1344,1,recover,swarm,-15.68,12.67,0.76
1344,2,windup,swarm,-15.97,11.44,0.53
1344,3,windup,bruiser,-15.11,11.30,1.09
1344,4,crouch,pouncer,-12.10,9.83,4.42
1345,1,recover,swarm,-15.68,12.67,0.76
1345,2,windup,swarm,-15.97,11.44,0.53
1345,3,windup,bruiser,-15.11,11.30,1.09
1345,4,crouch,pouncer,-12.10,9.83,4.42
1346,1,recover,swarm,-15.68,12.67,0.76
1346,2,windup,swarm,-15.97,11.44,0.53
1346,3,windup,bruiser,-15.11,11.30,1.09
1346,4,crouch,pouncer,-12.10,9.83,4.42
1347,1,recover,swarm,-15.68,12.67,0.76
1347,2,windup,swarm,-15.97,11.44,0.53
1347,3,strike,bruiser,-15.11,11.30,1.09
1347,4,pounce,pouncer,-12.10,9.83,4.42
1348,1,recover,swarm,-15.68,12.67,0.76
1348,2,windup,swarm,-15.97,11.44,0.53
1348,3,strike,bruiser,-15.10,11.39,1.04
1348,4,pounce,pouncer,-12.25,9.91,4.25
1349,1,recover,swarm,-15.68,12.67,0.76
1349,2,windup,swarm,-15.97,11.44,0.53
1349,3,strike,bruiser,-15.09,11.46,1.01
1349,4,pounce,pouncer,-12.36,9.97,4.12
1350,1,recover,swarm,-15.68,12.67,0.76
1350,2,windup,swarm,-15.97,11.44,0.53
1350,3,strike,bruiser,-15.08,11.55,0.98
1350,4,pounce,pouncer,-12.50,10.05,3.96
1351,1,recover,swarm,-15.68,12.67,0.76
1351,2,windup,swarm,-15.97,11.44,0.53
1351,3,strike,bruiser,-15.08,11.63,0.95
1351,4,pounce,pouncer,-12.62,10.12,3.82
1352,1,recover,swarm,-15.68,12.67,0.76
1352,2,windup,swarm,-15.97,11.44,0.53
1352,3,strike,bruiser,-15.07,11.71,0.94
1352,4,pounce,pouncer,-12.76,10.19,3.67
1353,1,recover,swarm,-15.68,12.67,0.76
1353,2,windup,swarm,-15.97,11.44,0.53
1353,3,strike,bruiser,-15.05,11.79,0.93
1353,4,pounce,pouncer,-12.88,10.26,3.52
1354,1,recover,swarm,-15.68,12.67,0.76
1354,2,windup,swarm,-15.97,11.44,0.53
1354,3,strike,bruiser,-15.04,11.88,0.93
1354,4,pounce,pouncer,-13.03,10.34,3.36
1355,1,recover,swarm,-15.68,12.67,0.76
1355,2,windup,swarm,-15.97,11.44,0.53
1355,3,strike,bruiser,-15.03,11.96,0.94
1355,4,pounce,pouncer,-13.15,10.41,3.22
1356,1,recover,swarm,-15.68,12.67,0.76
1356,2,windup,swarm,-15.97,11.44,0.53
1356,3,strike,bruiser,-15.01,12.04,0.96
1356,4,pounce,pouncer,-13.29,10.48,3.06
1357,1,recover,swarm,-15.68,12.67,0.76
1357,2,windup,swarm,-15.97,11.44,0.53
1357,3,strike,bruiser,-14.99,12.12,0.98
1357,4,pounce,pouncer,-13.41,10.55,2.92
1358,1,recover,swarm,-15.68,12.67,0.76
1358,2,windup,swarm,-15.97,11.44,0.53
1358,3,strike,bruiser,-14.97,12.21,1.02
1358,4,pounce,pouncer,-13.55,10.63,2.76
1359,1,recover,swarm,-15.68,12.67,0.76
1359,2,strike,swarm,-15.97,11.44,0.53
1359,3,strike,bruiser,-14.95,12.30,1.07
1359,4,pounce,pouncer,-13.71,10.72,2.58
1360,1,chase,swarm,-15.68,12.67,0.76
1360,2,strike,swarm,-15.97,11.52,0.45
1360,3,strike,bruiser,-14.92,12.37,1.12
1360,4,pounce,pouncer,-13.81,10.78,2.46
1361,1,windup,swarm,-15.68,12.67,0.76
1361,2,strike,swarm,-15.99,11.83,0.14
1361,3,strike,bruiser,-14.81,12.61,1.32
1361,4,pounce,pouncer,-14.23,11.01,1.99
1362,1,windup,swarm,-15.68,12.67,0.76
1362,2,strike,swarm,-16.01,11.85,0.13
1362,3,recover,bruiser,-14.81,12.63,1.33
1362,4,pounce,pouncer,-14.27,11.03,1.94
1363,1,windup,swarm,-15.68,12.67,0.76
1363,2,strike,swarm,-16.35,12.10,0.41
1363,3,recover,bruiser,-14.81,12.63,1.33
1363,4,pounce,pouncer,-14.82,11.33,1.31
1364,1,windup,swarm,-15.68,12.67,0.76
1364,2,strike,swarm,-16.38,12.12,0.44
1364,3,recover,bruiser,-14.81,12.63,1.33
1364,4,recover,pouncer,-14.87,11.36,1.26
1365,1,windup,swarm,-15.68,12.67,0.76
1365,2,strike,swarm,-16.50,12.21,0.59
1365,3,recover,bruiser,-14.81,12.63,1.33
1365,4,recover,pouncer,-14.87,11.36,1.26
1366,1,windup,swarm,-15.68,12.67,0.76
1366,2,strike,swarm,-16.53,12.24,0.62
1366,3,recover,bruiser,-14.81,12.63,1.33
1366,4,recover,pouncer,-14.87,11.36,1.26
1367,1,windup,swarm,-15.68,12.67,0.76
1367,2,strike,swarm,-16.76,12.50,0.95
1367,3,recover,bruiser,-14.81,12.63,1.33
1367,4,recover,pouncer,-14.87,11.36,1.26
1368,1,windup,swarm,-15.68,12.67,0.76
1368,2,recover,swarm,-16.77,12.52,0.97
1368,3,recover,bruiser,-14.81,12.63,1.33
1368,4,recover,pouncer,-14.87,11.36,1.26
1369,1,windup,swarm,-15.68,12.67,0.76
1369,2,recover,swarm,-16.77,12.52,0.97
1369,3,recover,bruiser,-14.81,12.63,1.33
1369,4,recover,pouncer,-14.87,11.36,1.26
1370,1,strike,swarm,-15.68,12.67,0.76
1370,2,recover,swarm,-16.77,12.52,0.97
1370,3,recover,bruiser,-14.81,12.63,1.33
1370,4,recover,pouncer,-14.87,11.36,1.26
1371,1,strike,swarm,-15.81,12.53,0.58
1371,2,recover,swarm,-16.77,12.52,0.97
1371,3,recover,bruiser,-14.81,12.63,1.33
1371,4,recover,pouncer,-14.87,11.36,1.26
1372,1,strike,swarm,-15.82,12.50,0.55
1372,2,recover,swarm,-16.77,12.52,0.97
1372,3,recover,bruiser,-14.81,12.63,1.33
1372,4,recover,pouncer,-14.87,11.36,1.26
1373,1,strike,swarm,-15.85,12.38,0.42
1373,2,recover,swarm,-16.77,12.52,0.97
1373,3,recover,bruiser,-14.81,12.63,1.33
1373,4,recover,pouncer,-14.87,11.36,1.26
1374,1,strike,swarm,-15.85,12.34,0.38
1374,2,recover,swarm,-16.77,12.52,0.97
1374,3,recover,bruiser,-14.81,12.63,1.33
1374,4,recover,pouncer,-14.87,11.36,1.26
1375,1,strike,swarm,-15.88,11.98,0.09
1375,2,recover,swarm,-16.77,12.52,0.97
1375,3,recover,bruiser,-14.81,12.63,1.33
1375,4,recover,pouncer,-14.87,11.36,1.26
1376,1,strike,swarm,-15.88,11.94,0.09
1376,2,recover,swarm,-16.77,12.52,0.97
1376,3,recover,bruiser,-14.81,12.63,1.33
1376,4,recover,pouncer,-14.87,11.36,1.26
1377,1,strike,swarm,-15.91,11.83,0.15
1377,2,recover,swarm,-16.77,12.52,0.97
1377,3,recover,bruiser,-14.81,12.63,1.33
1377,4,recover,pouncer,-14.87,11.36,1.26
1378,1,strike,swarm,-15.92,11.79,0.18
1378,2,recover,swarm,-16.77,12.52,0.97
1378,3,recover,bruiser,-14.81,12.63,1.33
1378,4,recover,pouncer,-14.87,11.36,1.26
1379,1,strike,swarm,-15.99,11.61,0.36
1379,2,recover,swarm,-16.77,12.52,0.97
1379,3,recover,bruiser,-14.81,12.63,1.33
1379,4,recover,pouncer,-14.87,11.36,1.26
1380,1,strike,swarm,-16.01,11.58,0.39
1380,2,recover,swarm,-16.77,12.52,0.97
1380,3,recover,bruiser,-14.81,12.63,1.33
1380,4,recover,pouncer,-14.87,11.36,1.26
1381,1,strike,swarm,-16.08,11.45,0.53
1381,2,recover,swarm,-16.77,12.52,0.97
1381,3,recover,bruiser,-14.81,12.63,1.33
1381,4,recover,pouncer,-14.87,11.36,1.26
1382,1,recover,swarm,-16.09,11.42,0.56
1382,2,recover,swarm,-16.77,12.52,0.97
1382,3,recover,bruiser,-14.81,12.63,1.33
1382,4,recover,pouncer,-14.87,11.36,1.26
1383,1,recover,swarm,-16.09,11.42,0.56
1383,2,recover,swarm,-16.77,12.52,0.97
1383,3,recover,bruiser,-14.81,12.63,1.33
1383,4,recover,pouncer,-14.87,11.36,1.26
1384,1,recover,swarm,-16.09,11.42,0.56
1384,2,recover,swarm,-16.77,12.52,0.97
1384,3,recover,bruiser,-14.81,12.63,1.33
1384,4,recover,pouncer,-14.87,11.36,1.26
1385,1,recover,swarm,-16.09,11.42,0.56
1385,2,recover,swarm,-16.77,12.52,0.97
1385,3,recover,bruiser,-14.81,12.63,1.33
1385,4,recover,pouncer,-14.87,11.36,1.26
1386,1,recover,swarm,-16.09,11.42,0.56
1386,2,recover,swarm,-16.77,12.52,0.97
1386,3,recover,bruiser,-14.81,12.63,1.33
1386,4,recover,pouncer,-14.87,11.36,1.26
1387,1,recover,swarm,-16.09,11.42,0.56
1387,2,recover,swarm,-16.77,12.52,0.97
1387,3,recover,bruiser,-14.81,12.63,1.33
1387,4,recover,pouncer,-14.87,11.36,1.26
1388,1,recover,swarm,-16.09,11.42,0.56
1388,2,recover,swarm,-16.77,12.52,0.97
1388,3,recover,bruiser,-14.81,12.63,1.33
1388,4,recover,pouncer,-14.87,11.36,1.26
1389,1,recover,swarm,-16.09,11.42,0.56
1389,2,recover,swarm,-16.77,12.52,0.97
1389,3,recover,bruiser,-14.81,12.63,1.33
1389,4,recover,pouncer,-14.87,11.36,1.26
1390,1,recover,swarm,-16.09,11.42,0.56
1390,2,recover,swarm,-16.77,12.52,0.97
1390,3,recover,bruiser,-14.81,12.63,1.33
1390,4,recover,pouncer,-14.87,11.36,1.26
1391,1,recover,swarm,-16.09,11.42,0.56
1391,2,recover,swarm,-16.77,12.52,0.97
1391,3,recover,bruiser,-14.81,12.63,1.33
1391,4,recover,pouncer,-14.87,11.36,1.26
1392,1,recover,swarm,-16.09,11.42,0.56
1392,2,recover,swarm,-16.77,12.52,0.97
1392,3,recover,bruiser,-14.81,12.63,1.33
1392,4,recover,pouncer,-14.87,11.36,1.26
1393,1,recover,swarm,-16.09,11.42,0.56
1393,2,recover,swarm,-16.77,12.52,0.97
1393,3,recover,bruiser,-14.81,12.63,1.33
1393,4,recover,pouncer,-14.87,11.36,1.26
1394,1,recover,swarm,-16.09,11.42,0.56
1394,2,recover,swarm,-16.77,12.52,0.97
1394,3,recover,bruiser,-14.81,12.63,1.33
1394,4,recover,pouncer,-14.87,11.36,1.26
1395,1,recover,swarm,-16.09,11.42,0.56
1395,2,recover,swarm,-16.77,12.52,0.97
1395,3,recover,bruiser,-14.81,12.63,1.33
1395,4,recover,pouncer,-14.87,11.36,1.26
1396,1,recover,swarm,-16.09,11.42,0.56
1396,2,recover,swarm,-16.77,12.52,0.97
1396,3,recover,bruiser,-14.81,12.63,1.33
1396,4,recover,pouncer,-14.87,11.36,1.26
1397,1,recover,swarm,-16.09,11.42,0.56
1397,2,recover,swarm,-16.77,12.52,0.97
1397,3,recover,bruiser,-14.81,12.63,1.33
1397,4,recover,pouncer,-14.87,11.36,1.26
1398,1,recover,swarm,-16.09,11.42,0.56
1398,2,recover,swarm,-16.77,12.52,0.97
1398,3,recover,bruiser,-14.81,12.63,1.33
1398,4,recover,pouncer,-14.87,11.36,1.26
1399,1,recover,swarm,-16.09,11.42,0.56
1399,2,recover,swarm,-16.77,12.52,0.97
1399,3,recover,bruiser,-14.81,12.63,1.33
1399,4,recover,pouncer,-14.87,11.36,1.26
1400,1,recover,swarm,-16.09,11.42,0.56
1400,2,recover,swarm,-16.77,12.52,0.97
1400,3,recover,bruiser,-14.81,12.63,1.33
1400,4,recover,pouncer,-14.87,11.36,1.26
1401,1,recover,swarm,-16.09,11.42,0.56
1401,2,recover,swarm,-16.77,12.52,0.97
1401,3,recover,bruiser,-14.81,12.63,1.33
1401,4,recover,pouncer,-14.87,11.36,1.26
1402,1,recover,swarm,-16.09,11.42,0.56
1402,2,recover,swarm,-16.77,12.52,0.97
1402,3,recover,bruiser,-14.81,12.63,1.33
1402,4,recover,pouncer,-14.87,11.36,1.26
1403,1,recover,swarm,-16.09,11.42,0.56
1403,2,recover,swarm,-16.77,12.52,0.97
1403,3,recover,bruiser,-14.81,12.63,1.33
1403,4,recover,pouncer,-14.87,11.36,1.26
1404,1,recover,swarm,-16.09,11.42,0.56
1404,2,recover,swarm,-16.77,12.52,0.97
1404,3,recover,bruiser,-14.81,12.63,1.33
1404,4,recover,pouncer,-14.87,11.36,1.26
1405,1,recover,swarm,-16.09,11.42,0.56
1405,2,recover,swarm,-16.77,12.52,0.97
1405,3,recover,bruiser,-14.81,12.63,1.33
1405,4,recover,pouncer,-14.87,11.36,1.26
1406,1,recover,swarm,-16.09,11.42,0.56
1406,2,recover,swarm,-16.77,12.52,0.97
1406,3,recover,bruiser,-14.81,12.63,1.33
1406,4,recover,pouncer,-14.87,11.36,1.26
1407,1,recover,swarm,-16.09,11.42,0.56
1407,2,recover,swarm,-16.77,12.52,0.97
1407,3,recover,bruiser,-14.81,12.63,1.33
1407,4,recover,pouncer,-14.87,11.36,1.26
1408,1,recover,swarm,-16.09,11.42,0.56
1408,2,chase,swarm,-16.77,12.52,0.97
1408,3,recover,bruiser,-14.81,12.63,1.33
1408,4,recover,pouncer,-14.87,11.36,1.26
1409,1,recover,swarm,-16.09,11.42,0.56
1409,2,windup,swarm,-16.77,12.52,0.97
1409,3,recover,bruiser,-14.81,12.63,1.33
1409,4,recover,pouncer,-14.87,11.36,1.26
1410,1,recover,swarm,-16.09,11.42,0.56
1410,2,windup,swarm,-16.77,12.52,0.97
1410,3,recover,bruiser,-14.81,12.63,1.33
1410,4,recover,pouncer,-14.87,11.36,1.26
1411,1,recover,swarm,-16.09,11.42,0.56
1411,2,windup,swarm,-16.77,12.52,0.97
1411,3,recover,bruiser,-14.81,12.63,1.33
1411,4,recover,pouncer,-14.87,11.36,1.26
1412,1,recover,swarm,-16.09,11.42,0.56
1412,2,windup,swarm,-16.77,12.52,0.97
1412,3,recover,bruiser,-14.81,12.63,1.33
1412,4,recover,pouncer,-14.87,11.36,1.26
1413,1,recover,swarm,-16.09,11.42,0.56
1413,2,windup,swarm,-16.77,12.52,0.97
1413,3,recover,bruiser,-14.81,12.63,1.33
1413,4,recover,pouncer,-14.87,11.36,1.26
1414,1,recover,swarm,-16.09,11.42,0.56
1414,2,windup,swarm,-16.77,12.52,0.97
1414,3,recover,bruiser,-14.81,12.63,1.33
1414,4,recover,pouncer,-14.87,11.36,1.26
1415,1,recover,swarm,-16.09,11.42,0.56
1415,2,windup,swarm,-16.77,12.52,0.97
1415,3,recover,bruiser,-14.81,12.63,1.33
1415,4,recover,pouncer,-14.87,11.36,1.26
1416,1,recover,swarm,-16.09,11.42,0.56
1416,2,windup,swarm,-16.77,12.52,0.97
1416,3,recover,bruiser,-14.81,12.63,1.33
1416,4,recover,pouncer,-14.87,11.36,1.26
1417,1,recover,swarm,-16.09,11.42,0.56
1417,2,windup,swarm,-16.77,12.52,0.97
1417,3,recover,bruiser,-14.81,12.63,1.33
1417,4,recover,pouncer,-14.87,11.36,1.26
1418,1,recover,swarm,-16.09,11.42,0.56
1418,2,windup,swarm,-16.77,12.52,0.97
1418,3,recover,bruiser,-14.81,12.63,1.33
1418,4,recover,pouncer,-14.87,11.36,1.26
1419,1,recover,swarm,-16.09,11.42,0.56
1419,2,windup,swarm,-16.77,12.52,0.97
1419,3,recover,bruiser,-14.81,12.63,1.33
1419,4,recover,pouncer,-14.87,11.36,1.26
1420,1,recover,swarm,-16.09,11.42,0.56
1420,2,windup,swarm,-16.77,12.52,0.97
1420,3,recover,bruiser,-14.81,12.63,1.33
1420,4,recover,pouncer,-14.87,11.36,1.26
1421,1,recover,swarm,-16.09,11.42,0.56
1421,2,windup,swarm,-16.77,12.52,0.97
1421,3,recover,bruiser,-14.81,12.63,1.33
1421,4,recover,pouncer,-14.87,11.36,1.26
1422,1,chase,swarm,-16.09,11.42,0.56
1422,2,strike,swarm,-16.77,12.52,0.97
1422,3,advance,bruiser,-14.81,12.63,1.33
1422,4,recover,pouncer,-14.87,11.36,1.26
1423,1,windup,swarm,-16.09,11.42,0.56
1423,2,strike,swarm,-16.67,12.46,0.86
1423,3,windup,bruiser,-14.81,12.63,1.33
1423,4,recover,pouncer,-14.87,11.36,1.26
1424,1,windup,swarm,-16.09,11.42,0.56
1424,2,strike,swarm,-16.64,12.44,0.82
1424,3,windup,bruiser,-14.81,12.63,1.33
1424,4,recover,pouncer,-14.87,11.36,1.26
1425,1,windup,swarm,-16.09,11.42,0.56
1425,2,strike,swarm,-16.54,12.39,0.71
1425,3,windup,bruiser,-14.81,12.63,1.33
1425,4,recover,pouncer,-14.87,11.36,1.26
1426,1,windup,swarm,-16.09,11.42,0.56
1426,2,strike,swarm,-16.50,12.39,0.68
1426,3,windup,bruiser,-14.81,12.63,1.33
1426,4,recover,pouncer,-14.87,11.36,1.26
1427,1,windup,swarm,-16.09,11.42,0.56
1427,2,strike,swarm,-16.35,12.36,0.55
1427,3,windup,bruiser,-14.81,12.63,1.33
1427,4,recover,pouncer,-14.87,11.36,1.26
1428,1,windup,swarm,-16.09,11.42,0.56
1428,2,strike,swarm,-16.31,12.36,0.53
1428,3,windup,bruiser,-14.81,12.63,1.33
1428,4,recover,pouncer,-14.87,11.36,1.26
1429,1,windup,swarm,-16.09,11.42,0.56
1429,2,strike,swarm,-16.15,12.38,0.45
1429,3,windup,bruiser,-14.81,12.63,1.33
1429,4,recover,pouncer,-14.87,11.36,1.26
1430,1,windup,swarm,-16.09,11.42,0.56
1430,2,strike,swarm,-16.11,12.39,0.44
1430,3,windup,bruiser,-14.81,12.63,1.33
1430,4,recover,pouncer,-14.87,11.36,1.26
1431,1,windup,swarm,-16.09,11.42,0.56
1431,2,strike,swarm,-15.97,12.41,0.44
1431,3,windup,bruiser,-14.81,12.63,1.33
1431,4,recover,pouncer,-14.87,11.36,1.26
1432,1,windup,swarm,-16.09,11.42,0.56
1432,2,strike,swarm,-15.93,12.41,0.44
1432,3,windup,bruiser,-14.81,12.63,1.33
1432,4,stalk,pouncer,-14.87,11.36,1.26
1433,1,windup,swarm,-16.09,11.42,0.56
1433,2,strike,swarm,-15.80,12.40,0.46
1433,3,windup,bruiser,-14.81,12.63,1.33
1433,4,crouch,pouncer,-14.85,11.31,1.30
1434,1,windup,swarm,-16.09,11.42,0.56
1434,2,strike,swarm,-15.76,12.39,0.46
1434,3,windup,bruiser,-14.81,12.63,1.33
1434,4,crouch,pouncer,-14.85,11.31,1.30
1435,1,windup,swarm,-16.09,11.42,0.56
1435,2,strike,swarm,-15.65,12.33,0.48
1435,3,windup,bruiser,-14.81,12.63,1.33
1435,4,crouch,pouncer,-14.85,11.31,1.30
1436,1,windup,swarm,-16.09,11.42,0.56
1436,2,strike,swarm,-15.63,12.31,0.48
1436,3,windup,bruiser,-14.81,12.63,1.33
1436,4,crouch,pouncer,-14.85,11.31,1.30
1437,1,windup,swarm,-16.09,11.42,0.56
1437,2,strike,swarm,-15.52,12.19,0.50
1437,3,windup,bruiser,-14.81,12.63,1.33
1437,4,crouch,pouncer,-14.85,11.31,1.30
1438,1,windup,swarm,-16.09,11.42,0.56
1438,2,recover,swarm,-15.50,12.17,0.51
1438,3,windup,bruiser,-14.81,12.63,1.33
1438,4,crouch,pouncer,-14.85,11.31,1.30
1439,1,windup,swarm,-16.09,11.42,0.56
1439,2,recover,swarm,-15.50,12.17,0.51
1439,3,windup,bruiser,-14.81,12.63,1.33
1439,4,crouch,pouncer,-14.85,11.31,1.30
1440,1,strike,swarm,-16.09,11.42,0.56
1440,2,recover,swarm,-15.50,12.17,0.51
1440,3,windup,bruiser,-14.81,12.63,1.33
1440,4,crouch,pouncer,-14.85,11.31,1.30
1441,1,strike,swarm,-16.20,11.58,0.45
1441,2,recover,swarm,-15.50,12.17,0.51
1441,3,windup,bruiser,-14.81,12.63,1.33
1441,4,crouch,pouncer,-14.85,11.31,1.30
1442,1,strike,swarm,-16.23,11.62,0.44
1442,2,recover,swarm,-15.50,12.17,0.51
1442,3,windup,bruiser,-14.81,12.63,1.33
1442,4,crouch,pouncer,-14.85,11.31,1.30
1443,1,strike,swarm,-16.34,11.77,0.43
1443,2,recover,swarm,-15.50,12.17,0.51
1443,3,windup,bruiser,-14.81,12.63,1.33
1443,4,crouch,pouncer,-14.85,11.31,1.30
1444,1,strike,swarm,-16.37,11.81,0.43
1444,2,recover,swarm,-15.50,12.17,0.51
1444,3,windup,bruiser,-14.81,12.63,1.33
1444,4,crouch,pouncer,-14.85,11.31,1.30
1445,1,strike,swarm,-16.46,11.96,0.49
1445,2,recover,swarm,-15.50,12.17,0.51
1445,3,windup,bruiser,-14.81,12.63,1.33
1445,4,crouch,pouncer,-14.85,11.31,1.30
1446,1,strike,swarm,-16.48,12.00,0.51
1446,2,recover,swarm,-15.50,12.17,0.51
1446,3,windup,bruiser,-14.81,12.63,1.33
1446,4,crouch,pouncer,-14.85,11.31,1.30
1447,1,strike,swarm,-16.54,12.15,0.61
1447,2,recover,swarm,-15.50,12.17,0.51
1447,3,windup,bruiser,-14.81,12.63,1.33
1447,4,crouch,pouncer,-14.85,11.31,1.30
1448,1,strike,swarm,-16.55,12.19,0.63
1448,2,recover,swarm,-15.50,12.17,0.51
1448,3,windup,bruiser,-14.81,12.63,1.33
1448,4,crouch,pouncer,-14.85,11.31,1.30
1449,1,strike,swarm,-16.67,12.64,0.97
1449,2,recover,swarm,-15.50,12.17,0.51
1449,3,windup,bruiser,-14.81,12.63,1.33
1449,4,crouch,pouncer,-14.85,11.31,1.30
1450,1,recover,swarm,-16.66,12.67,0.99
1450,2,recover,swarm,-15.50,12.17,0.51
1450,3,windup,bruiser,-14.81,12.63,1.33
1450,4,crouch,pouncer,-14.85,11.31,1.30
1451,1,recover,swarm,-16.66,12.67,0.99
1451,2,recover,swarm,-15.50,12.17,0.51
1451,3,windup,bruiser,-14.81,12.63,1.33
1451,4,crouch,pouncer,-14.85,11.31,1.30
1452,1,recover,swarm,-16.66,12.67,0.99
1452,2,recover,swarm,-15.50,12.17,0.51
1452,3,windup,bruiser,-14.81,12.63,1.33
1452,4,crouch,pouncer,-14.85,11.31,1.30
1453,1,recover,swarm,-16.66,12.67,0.99
1453,2,recover,swarm,-15.50,12.17,0.51
1453,3,windup,bruiser,-14.81,12.63,1.33
1453,4,crouch,pouncer,-14.85,11.31,1.30
1454,1,recover,swarm,-16.66,12.67,0.99
1454,2,recover,swarm,-15.50,12.17,0.51
1454,3,windup,bruiser,-14.81,12.63,1.33
1454,4,crouch,pouncer,-14.85,11.31,1.30
1455,1,recover,swarm,-16.66,12.67,0.99
1455,2,recover,swarm,-15.50,12.17,0.51
1455,3,windup,bruiser,-14.81,12.63,1.33
1455,4,crouch,pouncer,-14.85,11.31,1.30
1456,1,recover,swarm,-16.66,12.67,0.99
1456,2,recover,swarm,-15.50,12.17,0.51
1456,3,windup,bruiser,-14.81,12.63,1.33
1456,4,pounce,pouncer,-14.85,11.31,1.30
1457,1,recover,swarm,-16.66,12.67,0.99
1457,2,recover,swarm,-15.50,12.17,0.51
1457,3,windup,bruiser,-14.81,12.63,1.33
1457,4,pounce,pouncer,-15.20,11.40,0.95
1458,1,recover,swarm,-16.66,12.67,0.99
1458,2,recover,swarm,-15.50,12.17,0.51
1458,3,strike,bruiser,-14.81,12.63,1.33
1458,4,pounce,pouncer,-15.25,11.36,0.94
1459,1,recover,swarm,-16.66,12.67,0.99
1459,2,recover,swarm,-15.50,12.17,0.51
1459,3,strike,bruiser,-14.94,12.68,1.25
1459,4,pounce,pouncer,-15.47,11.23,0.89
1460,1,recover,swarm,-16.66,12.67,0.99
1460,2,recover,swarm,-15.50,12.17,0.51
1460,3,strike,bruiser,-14.95,12.71,1.26
1460,4,pounce,pouncer,-15.53,11.22,0.87
1461,1,recover,swarm,-16.66,12.67,0.99
1461,2,recover,swarm,-15.50,12.17,0.51
1461,3,strike,bruiser,-15.02,12.86,1.30
1461,4,pounce,pouncer,-15.80,11.16,0.83
1462,1,recover,swarm,-16.66,12.67,0.99
1462,2,recover,swarm,-15.50,12.17,0.51
1462,3,strike,bruiser,-15.04,12.88,1.29
1462,4,pounce,pouncer,-15.86,11.16,0.81
1463,1,recover,swarm,-16.66,12.67,0.99
1463,2,recover,swarm,-15.50,12.17,0.51
1463,3,strike,bruiser,-15.16,12.96,1.28
1463,4,pounce,pouncer,-16.12,11.18,0.80
1464,1,recover,swarm,-16.66,12.67,0.99
1464,2,recover,swarm,-15.50,12.17,0.51
1464,3,strike,bruiser,-15.19,12.98,1.28
1464,4,pounce,pouncer,-16.18,11.20,0.80
1465,1,recover,swarm,-16.66,12.67,0.99
1465,2,recover,swarm,-15.50,12.17,0.51
1465,3,strike,bruiser,-15.33,13.06,1.26
1465,4,pounce,pouncer,-16.45,11.29,0.83
1466,1,recover,swarm,-16.66,12.67,0.99
1466,2,recover,swarm,-15.50,12.17,0.51
1466,3,strike,bruiser,-15.36,13.07,1.26
1466,4,pounce,pouncer,-16.50,11.32,0.84
1467,1,recover,swarm,-16.66,12.67,0.99
1467,2,recover,swarm,-15.50,12.17,0.51
1467,3,strike,bruiser,-15.48,13.11,1.24
1467,4,pounce,pouncer,-16.70,11.44,0.91
1468,1,recover,swarm,-16.66,12.67,0.99
1468,2,recover,swarm,-15.50,12.17,0.51
1468,3,strike,bruiser,-15.51,13.12,1.24
1468,4,pounce,pouncer,-16.75,11.46,0.93
1469,1,recover,swarm,-16.66,12.67,0.99
1469,2,recover,swarm,-15.50,12.17,0.51
1469,3,strike,bruiser,-15.65,13.17,1.24
1469,4,pounce,pouncer,-16.99,11.56,1.11
1470,1,recover,swarm,-16.66,12.67,0.99
1470,2,recover,swarm,-15.50,12.17,0.51
1470,3,strike,bruiser,-15.68,13.18,1.24
1470,4,pounce,pouncer,-17.05,11.57,1.16
1471,1,recover,swarm,-16.66,12.67,0.99
1471,2,recover,swarm,-15.50,12.17,0.51
1471,3,strike,bruiser,-15.78,13.21,1.26
1471,4,pounce,pouncer,-17.24,11.62,1.32
1472,1,recover,swarm,-16.66,12.67,0.99
1472,2,recover,swarm,-15.50,12.17,0.51
1472,3,strike,bruiser,-15.81,13.22,1.26
1472,4,pounce,pouncer,-17.28,11.64,1.36
1473,1,recover,swarm,-16.66,12.67,0.99
1473,2,recover,swarm,-15.50,12.17,0.51
1473,3,strike,bruiser,-15.91,13.26,1.29
1473,4,pounce,pouncer,-17.47,11.71,1.53
1474,1,recover,swarm,-16.66,12.67,0.99
1474,2,recover,swarm,-15.50,12.17,0.51
1474,3,strike,bruiser,-15.94,13.27,1.30
1474,4,pounce,pouncer,-17.52,11.73,1.57
1475,1,recover,swarm,-16.66,12.67,0.99
1475,2,chase,swarm,-15.50,12.17,0.51
1475,3,strike,bruiser,-16.06,13.33,1.36
1475,4,pounce,pouncer,-17.74,11.85,1.78
1476,1,recover,swarm,-16.66,12.67,0.99
1476,2,windup,swarm,-15.50,12.17,0.51
1476,3,recover,bruiser,-16.09,13.34,1.37
1476,4,recover,pouncer,-17.79,11.88,1.82
1477,1,recover,swarm,-16.66,12.67,0.99
1477,2,windup,swarm,-15.50,12.17,0.51
1477,3,recover,bruiser,-16.09,13.34,1.37
1477,4,recover,pouncer,-17.79,11.88,1.82
1478,1,recover,swarm,-16.66,12.67,0.99
1478,2,windup,swarm,-15.50,12.17,0.51
1478,3,recover,bruiser,-16.09,13.34,1.37
1478,4,recover,pouncer,-17.79,11.88,1.82
1479,1,recover,swarm,-16.66,12.67,0.99
1479,2,windup,swarm,-15.50,12.17,0.51
1479,3,recover,bruiser,-16.09,13.34,1.37
1479,4,recover,pouncer,-17.79,11.88,1.82
1480,1,recover,swarm,-16.66,12.67,0.99
1480,2,windup,swarm,-15.50,12.17,0.51
1480,3,recover,bruiser,-16.09,13.34,1.37
1480,4,recover,pouncer,-17.79,11.88,1.82
1481,1,recover,swarm,-16.66,12.67,0.99
1481,2,windup,swarm,-15.50,12.17,0.51
1481,3,recover,bruiser,-16.09,13.34,1.37
1481,4,recover,pouncer,-17.79,11.88,1.82
1482,1,recover,swarm,-16.66,12.67,0.99
1482,2,windup,swarm,-15.50,12.17,0.51
1482,3,recover,bruiser,-16.09,13.34,1.37
1482,4,recover,pouncer,-17.79,11.88,1.82
1483,1,recover,swarm,-16.66,12.67,0.99
1483,2,windup,swarm,-15.50,12.17,0.51
1483,3,recover,bruiser,-16.09,13.34,1.37
1483,4,recover,pouncer,-17.79,11.88,1.82
1484,1,recover,swarm,-16.66,12.67,0.99
1484,2,windup,swarm,-15.50,12.17,0.51
1484,3,recover,bruiser,-16.09,13.34,1.37
1484,4,recover,pouncer,-17.79,11.88,1.82
1485,1,recover,swarm,-16.66,12.67,0.99
1485,2,windup,swarm,-15.50,12.17,0.51
1485,3,recover,bruiser,-16.09,13.34,1.37
1485,4,recover,pouncer,-17.79,11.88,1.82
1486,1,recover,swarm,-16.66,12.67,0.99
1486,2,windup,swarm,-15.50,12.17,0.51
1486,3,recover,bruiser,-16.09,13.34,1.37
1486,4,recover,pouncer,-17.79,11.88,1.82
1487,1,recover,swarm,-16.66,12.67,0.99
1487,2,windup,swarm,-15.50,12.17,0.51
1487,3,recover,bruiser,-16.09,13.34,1.37
1487,4,recover,pouncer,-17.79,11.88,1.82
1488,1,recover,swarm,-16.66,12.67,0.99
1488,2,windup,swarm,-15.50,12.17,0.51
1488,3,recover,bruiser,-16.09,13.34,1.37
1488,4,recover,pouncer,-17.79,11.88,1.82
1489,1,recover,swarm,-16.66,12.67,0.99
1489,2,windup,swarm,-15.50,12.17,0.51
1489,3,recover,bruiser,-16.09,13.34,1.37
1489,4,recover,pouncer,-17.79,11.88,1.82
1490,1,chase,swarm,-16.66,12.67,0.99
1490,2,strike,swarm,-15.50,12.17,0.51
1490,3,recover,bruiser,-16.09,13.34,1.37
1490,4,recover,pouncer,-17.79,11.88,1.82
1491,1,windup,swarm,-16.66,12.67,0.99
1491,2,strike,swarm,-15.63,12.10,0.36
1491,3,recover,bruiser,-16.09,13.34,1.37
1491,4,recover,pouncer,-17.79,11.88,1.82
1492,1,windup,swarm,-16.66,12.67,0.99
1492,2,strike,swarm,-15.67,12.08,0.32
1492,3,recover,bruiser,-16.09,13.34,1.37
1492,4,recover,pouncer,-17.79,11.88,1.82
1493,1,windup,swarm,-16.66,12.67,0.99
1493,2,strike,swarm,-15.78,11.99,0.18
1493,3,recover,bruiser,-16.09,13.34,1.37
1493,4,recover,pouncer,-17.79,11.88,1.82
1494,1,windup,swarm,-16.66,12.67,0.99
1494,2,strike,swarm,-15.81,11.97,0.16
1494,3,recover,bruiser,-16.09,13.34,1.37
1494,4,recover,pouncer,-17.79,11.88,1.82
1495,1,windup,swarm,-16.66,12.67,0.99
1495,2,strike,swarm,-15.93,11.85,0.13
1495,3,recover,bruiser,-16.09,13.34,1.37
1495,4,recover,pouncer,-17.79,11.88,1.82
1496,1,windup,swarm,-16.66,12.67,0.99
1496,2,strike,swarm,-15.95,11.82,0.15
1496,3,recover,bruiser,-16.09,13.34,1.37
1496,4,recover,pouncer,-17.79,11.88,1.82
1497,1,windup,swarm,-16.66,12.67,0.99
1497,2,strike,swarm,-16.06,11.72,0.27
1497,3,recover,bruiser,-16.09,13.34,1.37
1497,4,recover,pouncer,-17.79,11.88,1.82
1498,1,windup,swarm,-16.66,12.67,0.99
1498,2,strike,swarm,-16.08,11.70,0.30
1498,3,recover,bruiser,-16.09,13.34,1.37
1498,4,recover,pouncer,-17.79,11.88,1.82
1499,1,windup,swarm,-16.66,12.67,0.99
1499,2,strike,swarm,-16.22,11.57,0.47
1499,3,recover,bruiser,-16.09,13.34,1.37
1499,4,recover,pouncer,-17.79,11.88,1.82
1500,1,windup,swarm,-16.66,12.67,0.99
1500,2,strike,swarm,-16.24,11.56,0.50
1500,3,recover,bruiser,-16.09,13.34,1.37
1500,4,recover,pouncer,-17.79,11.88,1.82
1501,1,windup,swarm,-16.66,12.67,0.99
1501,2,strike,swarm,-16.48,11.39,0.77
1501,3,recover,bruiser,-16.09,13.34,1.37
1501,4,recover,pouncer,-17.79,11.88,1.82
1502,1,windup,swarm,-16.66,12.67,0.99
1502,2,strike,swarm,-16.51,11.38,0.80
1502,3,recover,bruiser,-16.09,13.34,1.37
1502,4,recover,pouncer,-17.79,11.88,1.82
1503,1,windup,swarm,-16.66,12.67,0.99
1503,2,recover,swarm,-16.68,11.31,0.98
1503,3,recover,bruiser,-16.09,13.34,1.37
1503,4,recover,pouncer,-17.79,11.88,1.82
1504,1,windup,swarm,-16.66,12.67,0.99
1504,2,recover,swarm,-16.68,11.31,0.98
1504,3,recover,bruiser,-16.09,13.34,1.37
1504,4,recover,pouncer,-17.79,11.88,1.82
1505,1,strike,swarm,-16.66,12.67,0.99
1505,2,recover,swarm,-16.68,11.31,0.98
1505,3,recover,bruiser,-16.09,13.34,1.37
1505,4,recover,pouncer,-17.79,11.88,1.82
1506,1,strike,swarm,-16.66,12.64,0.97
1506,2,recover,swarm,-16.68,11.31,0.98
1506,3,recover,bruiser,-16.09,13.34,1.37
1506,4,recover,pouncer,-17.79,11.88,1.82
1507,1,strike,swarm,-16.63,12.46,0.83
1507,2,recover,swarm,-16.68,11.31,0.98
1507,3,recover,bruiser,-16.09,13.34,1.37
1507,4,recover,pouncer,-17.79,11.88,1.82
1508,1,strike,swarm,-16.62,12.43,0.80
1508,2,recover,swarm,-16.68,11.31,0.98
1508,3,recover,bruiser,-16.09,13.34,1.37
1508,4,recover,pouncer,-17.79,11.88,1.82
1509,1,strike,swarm,-16.53,12.29,0.65
1509,2,recover,swarm,-16.68,11.31,0.98
1509,3,recover,bruiser,-16.09,13.34,1.37
1509,4,recover,pouncer,-17.79,11.88,1.82
1510,1,strike,swarm,-16.50,12.27,0.61
1510,2,recover,swarm,-16.68,11.31,0.98
1510,3,recover,bruiser,-16.09,13.34,1.37
1510,4,recover,pouncer,-17.79,11.88,1.82
1511,1,strike,swarm,-16.26,12.14,0.34
1511,2,recover,swarm,-16.68,11.31,0.98
1511,3,recover,bruiser,-16.09,13.34,1.37
1511,4,recover,pouncer,-17.79,11.88,1.82
1512,1,strike,swarm,-16.23,12.13,0.31
1512,2,recover,swarm,-16.68,11.31,0.98
1512,3,recover,bruiser,-16.09,13.34,1.37
1512,4,recover,pouncer,-17.79,11.88,1.82
1513,1,strike,swarm,-16.07,12.09,0.17
1513,2,recover,swarm,-16.68,11.31,0.98
1513,3,recover,bruiser,-16.09,13.34,1.37
1513,4,recover,pouncer,-17.79,11.88,1.82
1514,1,strike,swarm,-16.05,12.08,0.14
1514,2,recover,swarm,-16.68,11.31,0.98
1514,3,recover,bruiser,-16.09,13.34,1.37
1514,4,recover,pouncer,-17.79,11.88,1.82
1515,1,strike,swarm,-15.89,12.03,0.10
1515,2,recover,swarm,-16.68,11.31,0.98
1515,3,recover,bruiser,-16.09,13.34,1.37
1515,4,recover,pouncer,-17.79,11.88,1.82
1516,1,recover,swarm,-15.85,12.02,0.12
1516,2,recover,swarm,-16.68,11.31,0.98
1516,3,recover,bruiser,-16.09,13.34,1.37
1516,4,recover,pouncer,-17.79,11.88,1.82
1517,1,recover,swarm,-15.85,12.02,0.12
1517,2,recover,swarm,-16.68,11.31,0.98
1517,3,recover,bruiser,-16.09,13.34,1.37
1517,4,recover,pouncer,-17.79,11.88,1.82
1518,1,recover,swarm,-15.85,12.02,0.12
1518,2,recover,swarm,-16.68,11.31,0.98
1518,3,recover,bruiser,-16.09,13.34,1.37
1518,4,recover,pouncer,-17.79,11.88,1.82
1519,1,recover,swarm,-15.85,12.02,0.12
1519,2,recover,swarm,-16.68,11.31,0.98
1519,3,recover,bruiser,-16.09,13.34,1.37
1519,4,recover,pouncer,-17.79,11.88,1.82
1520,1,recover,swarm,-15.85,12.02,0.12
1520,2,recover,swarm,-16.68,11.31,0.98
1520,3,recover,bruiser,-16.09,13.34,1.37
1520,4,recover,pouncer,-17.79,11.88,1.82
1521,1,recover,swarm,-15.85,12.02,0.12
1521,2,recover,swarm,-16.68,11.31,0.98
1521,3,recover,bruiser,-16.09,13.34,1.37
1521,4,recover,pouncer,-17.79,11.88,1.82
1522,1,recover,swarm,-15.85,12.02,0.12
1522,2,recover,swarm,-16.68,11.31,0.98
1522,3,recover,bruiser,-16.09,13.34,1.37
1522,4,recover,pouncer,-17.79,11.88,1.82
1523,1,recover,swarm,-15.85,12.02,0.12
1523,2,recover,swarm,-16.68,11.31,0.98
1523,3,recover,bruiser,-16.09,13.34,1.37
1523,4,recover,pouncer,-17.79,11.88,1.82
1524,1,recover,swarm,-15.85,12.02,0.12
1524,2,recover,swarm,-16.68,11.31,0.98
1524,3,recover,bruiser,-16.09,13.34,1.37
1524,4,recover,pouncer,-17.79,11.88,1.82
1525,1,recover,swarm,-15.85,12.02,0.12
1525,2,recover,swarm,-16.68,11.31,0.98
1525,3,recover,bruiser,-16.09,13.34,1.37
1525,4,recover,pouncer,-17.79,11.88,1.82
1526,1,recover,swarm,-15.85,12.02,0.12
1526,2,recover,swarm,-16.68,11.31,0.98
1526,3,recover,bruiser,-16.09,13.34,1.37
1526,4,recover,pouncer,-17.79,11.88,1.82
1527,1,recover,swarm,-15.85,12.02,0.12
1527,2,recover,swarm,-16.68,11.31,0.98
1527,3,recover,bruiser,-16.09,13.34,1.37
1527,4,recover,pouncer,-17.79,11.88,1.82
1528,1,recover,swarm,-15.85,12.02,0.12
1528,2,recover,swarm,-16.68,11.31,0.98
1528,3,recover,bruiser,-16.09,13.34,1.37
1528,4,recover,pouncer,-17.79,11.88,1.82
1529,1,recover,swarm,-15.85,12.02,0.12
1529,2,recover,swarm,-16.68,11.31,0.98
1529,3,recover,bruiser,-16.09,13.34,1.37
1529,4,recover,pouncer,-17.79,11.88,1.82
1530,1,recover,swarm,-15.85,12.02,0.12
1530,2,recover,swarm,-16.68,11.31,0.98
1530,3,recover,bruiser,-16.09,13.34,1.37
1530,4,recover,pouncer,-17.79,11.88,1.82
1531,1,recover,swarm,-15.85,12.02,0.12
1531,2,recover,swarm,-16.68,11.31,0.98
1531,3,recover,bruiser,-16.09,13.34,1.37
1531,4,recover,pouncer,-17.79,11.88,1.82
1532,1,recover,swarm,-15.85,12.02,0.12
1532,2,recover,swarm,-16.68,11.31,0.98
1532,3,recover,bruiser,-16.09,13.34,1.37
1532,4,recover,pouncer,-17.79,11.88,1.82
1533,1,recover,swarm,-15.85,12.02,0.12
1533,2,recover,swarm,-16.68,11.31,0.98
1533,3,recover,bruiser,-16.09,13.34,1.37
1533,4,recover,pouncer,-17.79,11.88,1.82
1534,1,recover,swarm,-15.85,12.02,0.12
1534,2,recover,swarm,-16.68,11.31,0.98
1534,3,advance,bruiser,-16.09,13.34,1.37
1534,4,recover,pouncer,-17.79,11.88,1.82
1535,1,recover,swarm,-15.85,12.02,0.12
1535,2,recover,swarm,-16.68,11.31,0.98
1535,3,windup,bruiser,-16.09,13.34,1.37
1535,4,recover,pouncer,-17.79,11.88,1.82
1536,1,recover,swarm,-15.85,12.02,0.12
1536,2,recover,swarm,-16.68,11.31,0.98
1536,3,windup,bruiser,-16.09,13.34,1.37
1536,4,recover,pouncer,-17.79,11.88,1.82
1537,1,recover,swarm,-15.85,12.02,0.12
1537,2,recover,swarm,-16.68,11.31,0.98
1537,3,windup,bruiser,-16.09,13.34,1.37
1537,4,recover,pouncer,-17.79,11.88,1.82
1538,1,recover,swarm,-15.85,12.02,0.12
1538,2,chase,swarm,-16.68,11.31,0.98
1538,3,windup,bruiser,-16.09,13.34,1.37
1538,4,recover,pouncer,-17.79,11.88,1.82
1539,1,recover,swarm,-15.85,12.02,0.12
1539,2,windup,swarm,-16.68,11.31,0.98
1539,3,windup,bruiser,-16.09,13.34,1.37
1539,4,recover,pouncer,-17.79,11.88,1.82
1540,1,recover,swarm,-15.85,12.02,0.12
1540,2,windup,swarm,-16.68,11.31,0.98
1540,3,windup,bruiser,-16.09,13.34,1.37
1540,4,stalk,pouncer,-17.79,11.88,1.82
1541,1,recover,swarm,-15.85,12.02,0.12
1541,2,windup,swarm,-16.68,11.31,0.98
1541,3,windup,bruiser,-16.09,13.34,1.37
1541,4,crouch,pouncer,-17.83,11.92,1.86
1542,1,recover,swarm,-15.85,12.02,0.12
1542,2,windup,swarm,-16.68,11.31,0.98
1542,3,windup,bruiser,-16.09,13.34,1.37
1542,4,crouch,pouncer,-17.83,11.92,1.86
1543,1,recover,swarm,-15.85,12.02,0.12
1543,2,windup,swarm,-16.68,11.31,0.98
1543,3,windup,bruiser,-16.09,13.34,1.37
1543,4,crouch,pouncer,-17.83,11.92,1.86
1544,1,recover,swarm,-15.85,12.02,0.12
1544,2,windup,swarm,-16.68,11.31,0.98
1544,3,windup,bruiser,-16.09,13.34,1.37
1544,4,crouch,pouncer,-17.83,11.92,1.86
1545,1,recover,swarm,-15.85,12.02,0.12
1545,2,windup,swarm,-16.68,11.31,0.98
1545,3,windup,bruiser,-16.09,13.34,1.37
1545,4,crouch,pouncer,-17.83,11.92,1.86
1546,1,recover,swarm,-15.85,12.02,0.12
1546,2,windup,swarm,-16.68,11.31,0.98
1546,3,windup,bruiser,-16.09,13.34,1.37
1546,4,crouch,pouncer,-17.83,11.92,1.86
1547,1,recover,swarm,-15.85,12.02,0.12
1547,2,windup,swarm,-16.68,11.31,0.98
1547,3,windup,bruiser,-16.09,13.34,1.37
1547,4,crouch,pouncer,-17.83,11.92,1.86
1548,1,recover,swarm,-15.85,12.02,0.12
1548,2,windup,swarm,-16.68,11.31,0.98
1548,3,windup,bruiser,-16.09,13.34,1.37
1548,4,crouch,pouncer,-17.83,11.92,1.86
1549,1,recover,swarm,-15.85,12.02,0.12
1549,2,windup,swarm,-16.68,11.31,0.98
1549,3,windup,bruiser,-16.09,13.34,1.37
1549,4,crouch,pouncer,-17.83,11.92,1.86
1550,1,recover,swarm,-15.85,12.02,0.12
1550,2,windup,swarm,-16.68,11.31,0.98
1550,3,windup,bruiser,-16.09,13.34,1.37
1550,4,crouch,pouncer,-17.83,11.92,1.86
1551,1,recover,swarm,-15.85,12.02,0.12
1551,2,windup,swarm,-16.68,11.31,0.98
1551,3,windup,bruiser,-16.09,13.34,1.37
1551,4,crouch,pouncer,-17.83,11.92,1.86
1552,1,recover,swarm,-15.85,12.02,0.12
1552,2,windup,swarm,-16.68,11.31,0.98
1552,3,windup,bruiser,-16.09,13.34,1.37
1552,4,crouch,pouncer,-17.83,11.92,1.86
1553,1,recover,swarm,-15.85,12.02,0.12
1553,2,windup,swarm,-16.68,11.31,0.98
1553,3,windup,bruiser,-16.09,13.34,1.37
1553,4,crouch,pouncer,-17.83,11.92,1.86
1554,1,recover,swarm,-15.85,12.02,0.12
1554,2,windup,swarm,-16.68,11.31,0.98
1554,3,windup,bruiser,-16.09,13.34,1.37
1554,4,crouch,pouncer,-17.83,11.92,1.86
1555,1,recover,swarm,-15.85,12.02,0.12
1555,2,strike,swarm,-16.68,11.31,0.98
1555,3,windup,bruiser,-16.09,13.34,1.37
1555,4,crouch,pouncer,-17.83,11.92,1.86
1556,1,chase,swarm,-15.85,12.02,0.12
1556,2,strike,swarm,-16.66,11.33,0.95
1556,3,windup,bruiser,-16.09,13.34,1.37
1556,4,crouch,pouncer,-17.83,11.92,1.86
1557,1,windup,swarm,-15.85,12.02,0.12
1557,2,strike,swarm,-16.54,11.45,0.78
1557,3,windup,bruiser,-16.09,13.34,1.37
1557,4,crouch,pouncer,-17.83,11.92,1.86
1558,1,windup,swarm,-15.85,12.02,0.12
1558,2,strike,swarm,-16.52,11.47,0.75
1558,3,windup,bruiser,-16.09,13.34,1.37
1558,4,crouch,pouncer,-17.83,11.92,1.86
1559,1,windup,swarm,-15.85,12.02,0.12
1559,2,strike,swarm,-16.45,11.61,0.60
1559,3,windup,bruiser,-16.09,13.34,1.37
1559,4,crouch,pouncer,-17.83,11.92,1.86
1560,1,windup,swarm,-15.85,12.02,0.12
1560,2,strike,swarm,-16.49,11.62,0.63
1560,3,windup,bruiser,-16.09,13.34,1.37
1560,4,crouch,pouncer,-17.83,11.92,1.86
1561,1,windup,swarm,-15.85,12.02,0.12
1561,2,strike,swarm,-16.65,11.70,0.73
1561,3,windup,bruiser,-16.09,13.34,1.37
1561,4,crouch,pouncer,-17.83,11.92,1.86
1562,1,windup,swarm,-15.85,12.02,0.12
1562,2,strike,swarm,-16.63,11.74,0.71
1562,3,windup,bruiser,-16.09,13.34,1.37
1562,4,crouch,pouncer,-17.83,11.92,1.86
1563,1,windup,swarm,-15.85,12.02,0.12
1563,2,strike,swarm,-16.61,11.99,0.65
1563,3,windup,bruiser,-16.09,13.34,1.37
1563,4,crouch,pouncer,-17.83,11.92,1.86
1564,1,windup,swarm,-15.85,12.02,0.12
1564,2,strike,swarm,-16.62,12.02,0.66
1564,3,windup,bruiser,-16.09,13.34,1.37
1564,4,crouch,pouncer,-17.83,11.92,1.86
1565,1,windup,swarm,-15.85,12.02,0.12
1565,2,strike,swarm,-16.69,12.34,0.81
1565,3,windup,bruiser,-16.09,13.34,1.37
1565,4,crouch,pouncer,-17.83,11.92,1.86
1566,1,windup,swarm,-15.85,12.02,0.12
1566,2,recover,swarm,-16.69,12.38,0.83
1566,3,windup,bruiser,-16.09,13.34,1.37
1566,4,crouch,pouncer,-17.83,11.92,1.86
1567,1,windup,swarm,-15.85,12.02,0.12
1567,2,recover,swarm,-16.69,12.38,0.83
1567,3,windup,bruiser,-16.09,13.34,1.37
1567,4,pounce,pouncer,-17.83,11.92,1.86
1568,1,strike,swarm,-15.85,12.02,0.12
1568,2,recover,swarm,-16.69,12.38,0.83
1568,3,windup,bruiser,-16.09,13.34,1.37
1568,4,pounce,pouncer,-17.77,11.92,1.81
1569,1,strike,swarm,-15.98,11.59,0.37
1569,2,recover,swarm,-16.69,12.38,0.83
1569,3,windup,bruiser,-16.09,13.34,1.37
1569,4,pounce,pouncer,-17.11,11.86,1.15
1570,1,strike,swarm,-15.99,11.55,0.42
1570,2,recover,swarm,-16.69,12.38,0.83
1570,3,strike,bruiser,-16.09,13.34,1.37
1570,4,pounce,pouncer,-17.11,11.79,1.16
1571,1,strike,swarm,-16.09,11.33,0.65
1571,2,recover,swarm,-16.69,12.38,0.83
1571,3,strike,bruiser,-16.02,13.15,1.18
1571,4,pounce,pouncer,-17.10,11.43,1.26
1572,1,strike,swarm,-16.11,11.28,0.70
1572,2,recover,swarm,-16.69,12.38,0.83
1572,3,strike,bruiser,-15.99,13.11,1.14
1572,4,pounce,pouncer,-17.06,11.36,1.25
1573,1,strike,swarm,-16.16,11.11,0.89
1573,2,recover,swarm,-16.69,12.38,0.83
1573,3,strike,bruiser,-15.89,13.00,1.03
1573,4,pounce,pouncer,-16.93,11.12,1.29
1574,1,strike,swarm,-16.15,11.07,0.92
1574,2,recover,swarm,-16.69,12.38,0.83
1574,3,strike,bruiser,-15.87,12.97,1.01
1574,4,pounce,pouncer,-16.99,11.13,1.33
1575,1,strike,swarm,-16.15,10.90,1.09
1575,2,recover,swarm,-16.69,12.38,0.83
1575,3,strike,bruiser,-15.78,12.86,0.91
1575,4,pounce,pouncer,-16.79,11.29,1.07
1576,1,strike,swarm,-16.15,10.86,1.12
1576,2,recover,swarm,-16.69,12.38,0.83
1576,3,strike,bruiser,-15.76,12.84,0.89
1576,4,pounce,pouncer,-16.79,11.34,1.03
1577,1,strike,swarm,-16.16,10.82,1.16
1577,2,recover,swarm,-16.69,12.38,0.83
1577,3,strike,bruiser,-15.74,12.81,0.87
1577,4,pounce,pouncer,-16.74,11.38,0.97
1578,1,strike,swarm,-16.18,10.70,1.29
1578,2,recover,swarm,-16.69,12.38,0.83
1578,3,strike,bruiser,-15.68,12.73,0.81
1578,4,pounce,pouncer,-16.56,11.45,0.79
1579,1,recover,swarm,-16.24,10.55,1.44
1579,2,recover,swarm,-16.69,12.38,0.83
1579,3,strike,bruiser,-15.61,12.62,0.74
1579,4,pounce,pouncer,-16.33,11.49,0.60
1580,1,recover,swarm,-16.24,10.55,1.44
1580,2,recover,swarm,-16.69,12.38,0.83
1580,3,strike,bruiser,-15.59,12.58,0.72
1580,4,pounce,pouncer,-16.26,11.50,0.56
1581,1,recover,swarm,-16.24,10.55,1.44
1581,2,recover,swarm,-16.69,12.38,0.83
1581,3,strike,bruiser,-15.54,12.48,0.67
1581,4,pounce,pouncer,-16.07,11.52,0.46
1582,1,recover,swarm,-16.24,10.55,1.44
1582,2,recover,swarm,-16.69,12.38,0.83
1582,3,strike,bruiser,-15.52,12.46,0.66
1582,4,recover,pouncer,-16.01,11.51,0.46
1583,1,recover,swarm,-16.24,10.55,1.44
1583,2,recover,swarm,-16.69,12.38,0.83
1583,3,strike,bruiser,-15.35,12.29,0.69
1583,4,recover,pouncer,-16.01,11.51,0.46
1584,1,recover,swarm,-16.24,10.55,1.44
1584,2,recover,swarm,-16.69,12.38,0.83
1584,3,strike,bruiser,-15.33,12.26,0.70
1584,4,recover,pouncer,-16.01,11.51,0.46
1585,1,recover,swarm,-16.24,10.55,1.44
1585,2,recover,swarm,-16.69,12.38,0.83
1585,3,strike,bruiser,-15.25,12.17,0.74
1585,4,recover,pouncer,-16.01,11.51,0.46
1586,1,recover,swarm,-16.24,10.55,1.44
1586,2,recover,swarm,-16.69,12.38,0.83
1586,3,recover,bruiser,-15.22,12.14,0.76
1586,4,recover,pouncer,-16.01,11.51,0.46
1587,1,recover,swarm,-16.24,10.55,1.44
1587,2,recover,swarm,-16.69,12.38,0.83
1587,3,recover,bruiser,-15.22,12.14,0.76
1587,4,recover,pouncer,-16.01,11.51,0.46
1588,1,recover,swarm,-16.24,10.55,1.44
1588,2,recover,swarm,-16.69,12.38,0.83
1588,3,recover,bruiser,-15.22,12.14,0.76
1588,4,recover,pouncer,-16.01,11.51,0.46
1589,1,recover,swarm,-16.24,10.55,1.44
1589,2,recover,swarm,-16.69,12.38,0.83
1589,3,recover,bruiser,-15.22,12.14,0.76
1589,4,recover,pouncer,-16.01,11.51,0.46
1590,1,recover,swarm,-16.24,10.55,1.44
1590,2,recover,swarm,-16.69,12.38,0.83
1590,3,recover,bruiser,-15.22,12.14,0.76
1590,4,recover,pouncer,-16.01,11.51,0.46
1591,1,recover,swarm,-16.24,10.55,1.44
1591,2,recover,swarm,-16.69,12.38,0.83
1591,3,recover,bruiser,-15.22,12.14,0.76
1591,4,recover,pouncer,-16.01,11.51,0.46
1592,1,recover,swarm,-16.24,10.55,1.44
1592,2,recover,swarm,-16.69,12.38,0.83
1592,3,recover,bruiser,-15.22,12.14,0.76
1592,4,recover,pouncer,-16.01,11.51,0.46
1593,1,recover,swarm,-16.24,10.55,1.44
1593,2,recover,swarm,-16.69,12.38,0.83
1593,3,recover,bruiser,-15.22,12.14,0.76
1593,4,recover,pouncer,-16.01,11.51,0.46
1594,1,recover,swarm,-16.24,10.55,1.44
1594,2,recover,swarm,-16.69,12.38,0.83
1594,3,recover,bruiser,-15.22,12.14,0.76
1594,4,recover,pouncer,-16.01,11.51,0.46
1595,1,recover,swarm,-16.24,10.55,1.44
1595,2,recover,swarm,-16.69,12.38,0.83
1595,3,recover,bruiser,-15.22,12.14,0.76
1595,4,recover,pouncer,-16.01,11.51,0.46
1596,1,recover,swarm,-16.24,10.55,1.44
1596,2,recover,swarm,-16.69,12.38,0.83
1596,3,recover,bruiser,-15.22,12.14,0.76
1596,4,recover,pouncer,-16.01,11.51,0.46
1597,1,recover,swarm,-16.24,10.55,1.44
1597,2,recover,swarm,-16.69,12.38,0.83
1597,3,recover,bruiser,-15.22,12.14,0.76
1597,4,recover,pouncer,-16.01,11.51,0.46
1598,1,recover,swarm,-16.24,10.55,1.44
1598,2,recover,swarm,-16.69,12.38,0.83
1598,3,recover,bruiser,-15.22,12.14,0.76
1598,4,recover,pouncer,-16.01,11.51,0.46
1599,1,recover,swarm,-16.24,10.55,1.44
1599,2,recover,swarm,-16.69,12.38,0.83
1599,3,recover,bruiser,-15.22,12.14,0.76
1599,4,recover,pouncer,-16.01,11.51,0.46
1600,1,recover,swarm,-16.24,10.55,1.44
1600,2,recover,swarm,-16.69,12.38,0.83
1600,3,recover,bruiser,-15.22,12.14,0.76
1600,4,recover,pouncer,-16.01,11.51,0.46
1601,1,recover,swarm,-16.24,10.55,1.44
1601,2,recover,swarm,-16.69,12.38,0.83
1601,3,recover,bruiser,-15.22,12.14,0.76
1601,4,recover,pouncer,-16.01,11.51,0.46
1602,1,recover,swarm,-16.24,10.55,1.44
1602,2,chase,swarm,-16.69,12.38,0.83
1602,3,recover,bruiser,-15.22,12.14,0.76
1602,4,recover,pouncer,-16.01,11.51,0.46
1603,1,recover,swarm,-16.24,10.55,1.44
1603,2,windup,swarm,-16.69,12.38,0.83
1603,3,recover,bruiser,-15.22,12.14,0.76
1603,4,recover,pouncer,-16.01,11.51,0.46
1604,1,recover,swarm,-16.24,10.55,1.44
1604,2,windup,swarm,-16.69,12.38,0.83
1604,3,recover,bruiser,-15.22,12.14,0.76
1604,4,recover,pouncer,-16.01,11.51,0.46
1605,1,recover,swarm,-16.24,10.55,1.44
1605,2,windup,swarm,-16.69,12.38,0.83
1605,3,recover,bruiser,-15.22,12.14,0.76
1605,4,recover,pouncer,-16.01,11.51,0.46
1606,1,recover,swarm,-16.24,10.55,1.44
1606,2,windup,swarm,-16.69,12.38,0.83
1606,3,recover,bruiser,-15.22,12.14,0.76
1606,4,recover,pouncer,-16.01,11.51,0.46
1607,1,recover,swarm,-16.24,10.55,1.44
1607,2,windup,swarm,-16.69,12.38,0.83
1607,3,recover,bruiser,-15.22,12.14,0.76
1607,4,recover,pouncer,-16.01,11.51,0.46
1608,1,recover,swarm,-16.24,10.55,1.44
1608,2,windup,swarm,-16.69,12.38,0.83
1608,3,recover,bruiser,-15.22,12.14,0.76
1608,4,recover,pouncer,-16.01,11.51,0.46
1609,1,recover,swarm,-16.24,10.55,1.44
1609,2,windup,swarm,-16.69,12.38,0.83
1609,3,recover,bruiser,-15.22,12.14,0.76
1609,4,recover,pouncer,-16.01,11.51,0.46
1610,1,recover,swarm,-16.24,10.55,1.44
1610,2,windup,swarm,-16.69,12.38,0.83
1610,3,recover,bruiser,-15.22,12.14,0.76
1610,4,recover,pouncer,-16.01,11.51,0.46
1611,1,recover,swarm,-16.24,10.55,1.44
1611,2,windup,swarm,-16.69,12.38,0.83
1611,3,recover,bruiser,-15.22,12.14,0.76
1611,4,recover,pouncer,-16.01,11.51,0.46
1612,1,recover,swarm,-16.24,10.55,1.44
1612,2,windup,swarm,-16.69,12.38,0.83
1612,3,recover,bruiser,-15.22,12.14,0.76
1612,4,recover,pouncer,-16.01,11.51,0.46
1613,1,recover,swarm,-16.24,10.55,1.44
1613,2,windup,swarm,-16.69,12.38,0.83
1613,3,recover,bruiser,-15.22,12.14,0.76
1613,4,recover,pouncer,-16.01,11.51,0.46
1614,1,recover,swarm,-16.24,10.55,1.44
1614,2,windup,swarm,-16.69,12.38,0.83
1614,3,recover,bruiser,-15.22,12.14,0.76
1614,4,recover,pouncer,-16.01,11.51,0.46
1615,1,recover,swarm,-16.24,10.55,1.44
1615,2,windup,swarm,-16.69,12.38,0.83
1615,3,recover,bruiser,-15.22,12.14,0.76
1615,4,recover,pouncer,-16.01,11.51,0.46
1616,1,recover,swarm,-16.24,10.55,1.44
1616,2,windup,swarm,-16.69,12.38,0.83
1616,3,recover,bruiser,-15.22,12.14,0.76
1616,4,recover,pouncer,-16.01,11.51,0.46
1617,1,recover,swarm,-16.24,10.55,1.44
1617,2,windup,swarm,-16.69,12.38,0.83
1617,3,recover,bruiser,-15.22,12.14,0.76
1617,4,recover,pouncer,-16.01,11.51,0.46
1618,1,recover,swarm,-16.24,10.55,1.44
1618,2,strike,swarm,-16.69,12.38,0.83
1618,3,recover,bruiser,-15.22,12.14,0.76
1618,4,recover,pouncer,-16.01,11.51,0.46
1619,1,recover,swarm,-16.24,10.55,1.44
1619,2,strike,swarm,-16.56,12.34,0.70
1619,3,recover,bruiser,-15.22,12.14,0.76
1619,4,recover,pouncer,-16.01,11.51,0.46
1620,1,chase,swarm,-16.24,10.55,1.44
1620,2,strike,swarm,-16.52,12.34,0.67
1620,3,recover,bruiser,-15.22,12.14,0.76
1620,4,recover,pouncer,-16.01,11.51,0.46
1621,1,windup,swarm,-16.24,10.55,1.44
1621,2,strike,swarm,-16.41,12.36,0.59
1621,3,recover,bruiser,-15.22,12.14,0.76
1621,4,recover,pouncer,-16.01,11.51,0.46
1622,1,windup,swarm,-16.24,10.55,1.44
1622,2,strike,swarm,-16.38,12.37,0.58
1622,3,recover,bruiser,-15.22,12.14,0.76
1622,4,recover,pouncer,-16.01,11.51,0.46
1623,1,windup,swarm,-16.24,10.55,1.44
1623,2,strike,swarm,-16.26,12.45,0.56
1623,3,recover,bruiser,-15.22,12.14,0.76
1623,4,recover,pouncer,-16.01,11.51,0.46
1624,1,windup,swarm,-16.24,10.55,1.44
1624,2,strike,swarm,-16.23,12.47,0.57
1624,3,recover,bruiser,-15.22,12.14,0.76
1624,4,recover,pouncer,-16.01,11.51,0.46
1625,1,windup,swarm,-16.24,10.55,1.44
1625,2,strike,swarm,-16.03,12.67,0.70
1625,3,recover,bruiser,-15.22,12.14,0.76
1625,4,recover,pouncer,-16.01,11.51,0.46
1626,1,windup,swarm,-16.24,10.55,1.44
1626,2,strike,swarm,-15.99,12.69,0.72
1626,3,recover,bruiser,-15.22,12.14,0.76
1626,4,recover,pouncer,-16.01,11.51,0.46
1627,1,windup,swarm,-16.24,10.55,1.44
1627,2,strike,swarm,-15.87,12.76,0.79
1627,3,recover,bruiser,-15.22,12.14,0.76
1627,4,recover,pouncer,-16.01,11.51,0.46
1628,1,windup,swarm,-16.24,10.55,1.44
1628,2,strike,swarm,-15.84,12.77,0.81
1628,3,recover,bruiser,-15.22,12.14,0.76
1628,4,recover,pouncer,-16.01,11.51,0.46
1629,1,windup,swarm,-16.24,10.55,1.44
1629,2,strike,swarm,-15.81,12.79,0.84
1629,3,recover,bruiser,-15.22,12.14,0.76
1629,4,recover,pouncer,-16.01,11.51,0.46
1630,1,windup,swarm,-16.24,10.55,1.44
1630,2,strike,swarm,-15.68,12.86,0.93
1630,3,recover,bruiser,-15.22,12.14,0.76
1630,4,recover,pouncer,-16.01,11.51,0.46
1631,1,windup,swarm,-16.24,10.55,1.44
1631,2,strike,swarm,-15.52,12.96,1.09
1631,3,recover,bruiser,-15.22,12.14,0.76
1631,4,recover,pouncer,-16.01,11.51,0.46
1632,1,windup,swarm,-16.24,10.55,1.44
1632,2,recover,swarm,-15.49,12.98,1.12
1632,3,recover,bruiser,-15.22,12.14,0.76
1632,4,recover,pouncer,-16.01,11.51,0.46
1633,1,windup,swarm,-16.24,10.55,1.44
1633,2,recover,swarm,-15.49,12.98,1.12
1633,3,recover,bruiser,-15.22,12.14,0.76
1633,4,recover,pouncer,-16.01,11.51,0.46
1634,1,windup,swarm,-16.24,10.55,1.44
1634,2,recover,swarm,-15.49,12.98,1.12
1634,3,recover,bruiser,-15.22,12.14,0.76
1634,4,recover,pouncer,-16.01,11.51,0.46
1635,1,windup,swarm,-16.24,10.55,1.44
1635,2,recover,swarm,-15.49,12.98,1.12
1635,3,recover,bruiser,-15.22,12.14,0.76
1635,4,recover,pouncer,-16.01,11.51,0.46
1636,1,strike,swarm,-16.24,10.55,1.44
1636,2,recover,swarm,-15.49,12.98,1.12
1636,3,recover,bruiser,-15.22,12.14,0.76
1636,4,recover,pouncer,-16.01,11.51,0.46
1637,1,strike,swarm,-16.23,10.59,1.41
1637,2,recover,swarm,-15.49,12.98,1.12
1637,3,recover,bruiser,-15.22,12.14,0.76
1637,4,recover,pouncer,-16.01,11.51,0.46
1638,1,strike,swarm,-16.22,10.82,1.18
1638,2,recover,swarm,-15.49,12.98,1.12
1638,3,recover,bruiser,-15.22,12.14,0.76
1638,4,recover,pouncer,-16.01,11.51,0.46
1639,1,strike,swarm,-16.49,10.57,1.49
1639,2,recover,swarm,-15.49,12.98,1.12
1639,3,recover,bruiser,-15.22,12.14,0.76
1639,4,recover,pouncer,-16.01,11.51,0.46
1640,1,strike,swarm,-16.50,10.61,1.46
1640,2,recover,swarm,-15.49,12.98,1.12
1640,3,recover,bruiser,-15.22,12.14,0.76
1640,4,recover,pouncer,-16.01,11.51,0.46
1641,1,strike,swarm,-16.54,10.98,1.15
1641,2,recover,swarm,-15.49,12.98,1.12
1641,3,recover,bruiser,-15.22,12.14,0.76
1641,4,recover,pouncer,-16.01,11.51,0.46
1642,1,strike,swarm,-16.57,10.99,1.15
1642,2,recover,swarm,-15.49,12.98,1.12
1642,3,recover,bruiser,-15.22,12.14,0.76
1642,4,recover,pouncer,-16.01,11.51,0.46
1643,1,strike,swarm,-16.92,11.14,1.26
1643,2,recover,swarm,-15.49,12.98,1.12
1643,3,recover,bruiser,-15.22,12.14,0.76
1643,4,recover,pouncer,-16.01,11.51,0.46
1644,1,recover,swarm,-16.94,11.17,1.26
1644,2,recover,swarm,-15.49,12.98,1.12
1644,3,recover,bruiser,-15.22,12.14,0.76
1644,4,recover,pouncer,-16.01,11.51,0.46
1645,1,recover,swarm,-16.94,11.17,1.26
1645,2,recover,swarm,-15.49,12.98,1.12
1645,3,recover,bruiser,-15.22,12.14,0.76
1645,4,recover,pouncer,-16.01,11.51,0.46
1646,1,recover,swarm,-16.94,11.17,1.26
1646,2,recover,swarm,-15.49,12.98,1.12
1646,3,advance,bruiser,-15.22,12.14,0.76
1646,4,stalk,pouncer,-16.01,11.51,0.46
1647,1,recover,swarm,-16.94,11.17,1.26
1647,2,recover,swarm,-15.49,12.98,1.12
1647,3,windup,bruiser,-15.22,12.14,0.76
1647,4,crouch,pouncer,-15.93,11.42,0.55
1648,1,recover,swarm,-16.94,11.17,1.26
1648,2,recover,swarm,-15.49,12.98,1.12
1648,3,windup,bruiser,-15.22,12.14,0.76
1648,4,crouch,pouncer,-15.93,11.42,0.55
1649,1,recover,swarm,-16.94,11.17,1.26
1649,2,recover,swarm,-15.49,12.98,1.12
1649,3,windup,bruiser,-15.22,12.14,0.76
1649,4,crouch,pouncer,-15.93,11.42,0.55
1650,1,recover,swarm,-16.94,11.17,1.26
1650,2,recover,swarm,-15.49,12.98,1.12
1650,3,windup,bruiser,-15.22,12.14,0.76
1650,4,crouch,pouncer,-15.93,11.42,0.55
1651,1,recover,swarm,-16.94,11.17,1.26
1651,2,recover,swarm,-15.49,12.98,1.12
1651,3,windup,bruiser,-15.22,12.14,0.76
1651,4,crouch,pouncer,-15.93,11.42,0.55
1652,1,recover,swarm,-16.94,11.17,1.26
1652,2,recover,swarm,-15.49,12.98,1.12
1652,3,windup,bruiser,-15.22,12.14,0.76
1652,4,crouch,pouncer,-15.93,11.42,0.55
1653,1,recover,swarm,-16.94,11.17,1.26
1653,2,recover,swarm,-15.49,12.98,1.12
1653,3,windup,bruiser,-15.22,12.14,0.76
1653,4,crouch,pouncer,-15.93,11.42,0.55
1654,1,recover,swarm,-16.94,11.17,1.26
1654,2,recover,swarm,-15.49,12.98,1.12
1654,3,windup,bruiser,-15.22,12.14,0.76
1654,4,crouch,pouncer,-15.93,11.42,0.55
1655,1,recover,swarm,-16.94,11.17,1.26
1655,2,recover,swarm,-15.49,12.98,1.12
1655,3,windup,bruiser,-15.22,12.14,0.76
1655,4,crouch,pouncer,-15.93,11.42,0.55
1656,1,recover,swarm,-16.94,11.17,1.26
1656,2,recover,swarm,-15.49,12.98,1.12
1656,3,windup,bruiser,-15.22,12.14,0.76
1656,4,crouch,pouncer,-15.93,11.42,0.55
1657,1,recover,swarm,-16.94,11.17,1.26
1657,2,recover,swarm,-15.49,12.98,1.12
1657,3,windup,bruiser,-15.22,12.14,0.76
1657,4,crouch,pouncer,-15.93,11.42,0.55
1658,1,recover,swarm,-16.94,11.17,1.26
1658,2,recover,swarm,-15.49,12.98,1.12
1658,3,windup,bruiser,-15.22,12.14,0.76
1658,4,crouch,pouncer,-15.93,11.42,0.55
1659,1,recover,swarm,-16.94,11.17,1.26
1659,2,recover,swarm,-15.49,12.98,1.12
1659,3,windup,bruiser,-15.22,12.14,0.76
1659,4,crouch,pouncer,-15.93,11.42,0.55
1660,1,recover,swarm,-16.94,11.17,1.26
1660,2,recover,swarm,-15.49,12.98,1.12
1660,3,windup,bruiser,-15.22,12.14,0.76
1660,4,crouch,pouncer,-15.93,11.42,0.55
1661,1,recover,swarm,-16.94,11.17,1.26
1661,2,recover,swarm,-15.49,12.98,1.12
1661,3,windup,bruiser,-15.22,12.14,0.76
1661,4,crouch,pouncer,-15.93,11.42,0.55
1662,1,recover,swarm,-16.94,11.17,1.26
1662,2,recover,swarm,-15.49,12.98,1.12
1662,3,windup,bruiser,-15.22,12.14,0.76
1662,4,crouch,pouncer,-15.93,11.42,0.55
1663,1,recover,swarm,-16.94,11.17,1.26
1663,2,recover,swarm,-15.49,12.98,1.12
1663,3,windup,bruiser,-15.22,12.14,0.76
1663,4,crouch,pouncer,-15.93,11.42,0.55
1664,1,recover,swarm,-16.94,11.17,1.26
1664,2,chase,swarm,-15.49,12.98,1.12
1664,3,windup,bruiser,-15.22,12.14,0.76
1664,4,crouch,pouncer,-15.93,11.42,0.55
1665,1,recover,swarm,-16.94,11.17,1.26
1665,2,windup,swarm,-15.49,12.98,1.12
1665,3,windup,bruiser,-15.22,12.14,0.76
1665,4,crouch,pouncer,-15.93,11.42,0.55
1666,1,recover,swarm,-16.94,11.17,1.26
1666,2,windup,swarm,-15.49,12.98,1.12
1666,3,windup,bruiser,-15.22,12.14,0.76
1666,4,crouch,pouncer,-15.93,11.42,0.55
1667,1,recover,swarm,-16.94,11.17,1.26
1667,2,windup,swarm,-15.49,12.98,1.12
1667,3,windup,bruiser,-15.22,12.14,0.76
1667,4,crouch,pouncer,-15.93,11.42,0.55
1668,1,recover,swarm,-16.94,11.17,1.26
1668,2,windup,swarm,-15.49,12.98,1.12
1668,3,windup,bruiser,-15.22,12.14,0.76
1668,4,pounce,pouncer,-15.93,11.42,0.55
1669,1,recover,swarm,-16.94,11.17,1.26
1669,2,windup,swarm,-15.49,12.98,1.12
1669,3,windup,bruiser,-15.22,12.14,0.76
1669,4,pounce,pouncer,-15.92,11.68,0.29
1670,1,recover,swarm,-16.94,11.17,1.26
1670,2,windup,swarm,-15.49,12.98,1.12
1670,3,windup,bruiser,-15.22,12.14,0.76
1670,4,pounce,pouncer,-15.96,11.73,0.24
1671,1,recover,swarm,-16.94,11.17,1.26
1671,2,windup,swarm,-15.49,12.98,1.12
1671,3,windup,bruiser,-15.22,12.14,0.76
1671,4,pounce,pouncer,-16.24,12.08,0.29
1672,1,recover,swarm,-16.94,11.17,1.26
1672,2,windup,swarm,-15.49,12.98,1.12
1672,3,windup,bruiser,-15.22,12.14,0.76
1672,4,pounce,pouncer,-16.26,12.12,0.33
1673,1,recover,swarm,-16.94,11.17,1.26
1673,2,windup,swarm,-15.49,12.98,1.12
1673,3,windup,bruiser,-15.22,12.14,0.76
1673,4,pounce,pouncer,-16.38,12.31,0.54
1674,1,recover,swarm,-16.94,11.17,1.26
1674,2,windup,swarm,-15.49,12.98,1.12
1674,3,windup,bruiser,-15.22,12.14,0.76
1674,4,pounce,pouncer,-16.41,12.35,0.59
1675,1,recover,swarm,-16.94,11.17,1.26
1675,2,windup,swarm,-15.49,12.98,1.12
1675,3,windup,bruiser,-15.22,12.14,0.76
1675,4,pounce,pouncer,-16.53,12.53,0.80
1676,1,chase,swarm,-16.94,11.17,1.26
1676,2,windup,swarm,-15.49,12.98,1.12
1676,3,windup,bruiser,-15.22,12.14,0.76
1676,4,pounce,pouncer,-16.55,12.58,0.85
1677,1,windup,swarm,-16.94,11.17,1.26
1677,2,strike,swarm,-15.49,12.98,1.12
1677,3,windup,bruiser,-15.22,12.14,0.76
1677,4,pounce,pouncer,-16.72,12.97,1.25
1678,1,windup,swarm,-16.94,11.17,1.26
1678,2,strike,swarm,-15.52,12.97,1.10
1678,3,strike,bruiser,-15.22,12.14,0.76
1678,4,pounce,pouncer,-16.73,13.02,1.30
1679,1,windup,swarm,-16.94,11.17,1.26
1679,2,strike,swarm,-15.70,12.93,0.99
1679,3,strike,bruiser,-15.31,12.01,0.65
1679,4,pounce,pouncer,-16.80,13.29,1.56
1680,1,windup,swarm,-16.94,11.17,1.26
1680,2,strike,swarm,-15.73,12.90,0.96
1680,3,strike,bruiser,-15.34,11.99,0.63
1680,4,pounce,pouncer,-16.82,13.35,1.62
1681,1,windup,swarm,-16.94,11.17,1.26
1681,2,strike,swarm,-15.90,12.73,0.76
1681,3,strike,bruiser,-15.47,11.84,0.51
1681,4,pounce,pouncer,-16.91,13.70,1.97
1682,1,windup,swarm,-16.94,11.17,1.26
1682,2,strike,swarm,-15.94,12.71,0.74
1682,3,strike,bruiser,-15.49,11.82,0.50
1682,4,pounce,pouncer,-16.91,13.76,2.02
1683,1,windup,swarm,-16.94,11.17,1.26
1683,2,strike,swarm,-16.02,12.66,0.70
1683,3,strike,bruiser,-15.55,11.76,0.47
1683,4,pounce,pouncer,-16.92,13.90,2.16
1684,1,windup,swarm,-16.94,11.17,1.26
1684,2,strike,swarm,-16.05,12.65,0.68
1684,3,strike,bruiser,-15.57,11.73,0.46
1684,4,pounce,pouncer,-16.93,13.95,2.21
1685,1,windup,swarm,-16.94,11.17,1.26
1685,2,strike,swarm,-16.18,12.56,0.63
1685,3,strike,bruiser,-15.66,11.65,0.44
1685,4,pounce,pouncer,-16.94,14.18,2.42
1686,1,windup,swarm,-16.94,11.17,1.26
1686,2,strike,swarm,-16.21,12.54,0.62
1686,3,strike,bruiser,-15.68,11.63,0.44
1686,4,pounce,pouncer,-16.95,14.24,2.47
1687,1,windup,swarm,-16.94,11.17,1.26
1687,2,strike,swarm,-16.51,12.33,0.65
1687,3,strike,bruiser,-15.91,11.42,0.55
1687,4,pounce,pouncer,-16.98,14.79,3.00
1688,1,strike,swarm,-16.94,11.17,1.26
1688,2,recover,swarm,-16.55,12.30,0.67
1688,3,strike,bruiser,-15.93,11.39,0.58
1688,4,recover,pouncer,-16.99,14.86,3.07
1689,1,strike,swarm,-16.25,12.50,0.60
1689,2,recover,swarm,-16.55,12.30,0.67
1689,3,strike,bruiser,-16.48,10.26,1.78
1689,4,recover,pouncer,-16.99,14.86,3.07
1690,1,recover,swarm,-16.21,12.52,0.61
1690,2,recover,swarm,-16.55,12.30,0.67
1690,3,recover,bruiser,-16.51,10.26,1.80
1690,4,recover,pouncer,-16.99,14.86,3.07
1691,1,recover,swarm,-16.21,12.52,0.61
1691,2,recover,swarm,-16.55,12.30,0.67
1691,3,recover,bruiser,-16.51,10.26,1.80
1691,4,recover,pouncer,-16.99,14.86,3.07
1692,1,recover,swarm,-16.21,12.52,0.61
1692,2,recover,swarm,-16.55,12.30,0.67
1692,3,recover,bruiser,-16.51,10.26,1.80
1692,4,recover,pouncer,-16.99,14.86,3.07
1693,1,recover,swarm,-16.21,12.52,0.61
1693,2,recover,swarm,-16.55,12.30,0.67
1693,3,recover,bruiser,-16.51,10.26,1.80
1693,4,recover,pouncer,-16.99,14.86,3.07
1694,1,recover,swarm,-16.21,12.52,0.61
1694,2,recover,swarm,-16.55,12.30,0.67
1694,3,recover,bruiser,-16.51,10.26,1.80
1694,4,recover,pouncer,-16.99,14.86,3.07
1695,1,recover,swarm,-16.21,12.52,0.61
1695,2,recover,swarm,-16.55,12.30,0.67
1695,3,recover,bruiser,-16.51,10.26,1.80
1695,4,recover,pouncer,-16.99,14.86,3.07
1696,1,recover,swarm,-16.21,12.52,0.61
1696,2,recover,swarm,-16.55,12.30,0.67
1696,3,recover,bruiser,-16.51,10.26,1.80
1696,4,recover,pouncer,-16.99,14.86,3.07
1697,1,recover,swarm,-16.21,12.52,0.61
1697,2,recover,swarm,-16.55,12.30,0.67
1697,3,recover,bruiser,-16.51,10.26,1.80
1697,4,recover,pouncer,-16.99,14.86,3.07
1698,1,recover,swarm,-16.21,12.52,0.61
1698,2,recover,swarm,-16.55,12.30,0.67
1698,3,recover,bruiser,-16.51,10.26,1.80
1698,4,recover,pouncer,-16.99,14.86,3.07
1699,1,recover,swarm,-16.21,12.52,0.61
1699,2,recover,swarm,-16.55,12.30,0.67
1699,3,recover,bruiser,-16.51,10.26,1.80
1699,4,recover,pouncer,-16.99,14.86,3.07
1700,1,recover,swarm,-16.21,12.52,0.61
1700,2,recover,swarm,-16.55,12.30,0.67
1700,3,recover,bruiser,-16.51,10.26,1.80
1700,4,recover,pouncer,-16.99,14.86,3.07
1701,1,recover,swarm,-16.21,12.52,0.61
1701,2,recover,swarm,-16.55,12.30,0.67
1701,3,recover,bruiser,-16.51,10.26,1.80
1701,4,recover,pouncer,-16.99,14.86,3.07
1702,1,recover,swarm,-16.21,12.52,0.61
1702,2,recover,swarm,-16.55,12.30,0.67
1702,3,recover,bruiser,-16.51,10.26,1.80
1702,4,recover,pouncer,-16.99,14.86,3.07
1703,1,recover,swarm,-16.21,12.52,0.61
1703,2,recover,swarm,-16.55,12.30,0.67
1703,3,recover,bruiser,-16.51,10.26,1.80
1703,4,recover,pouncer,-16.99,14.86,3.07
1704,1,recover,swarm,-16.21,12.52,0.61
1704,2,recover,swarm,-16.55,12.30,0.67
1704,3,recover,bruiser,-16.51,10.26,1.80
1704,4,recover,pouncer,-16.99,14.86,3.07
1705,1,recover,swarm,-16.21,12.52,0.61
1705,2,recover,swarm,-16.55,12.30,0.67
1705,3,recover,bruiser,-16.51,10.26,1.80
1705,4,recover,pouncer,-16.99,14.86,3.07
1706,1,recover,swarm,-16.21,12.52,0.61
1706,2,recover,swarm,-16.55,12.30,0.67
1706,3,recover,bruiser,-16.51,10.26,1.80
1706,4,recover,pouncer,-16.99,14.86,3.07
1707,1,recover,swarm,-16.21,12.52,0.61
1707,2,recover,swarm,-16.55,12.30,0.67
1707,3,recover,bruiser,-16.51,10.26,1.80
1707,4,recover,pouncer,-16.99,14.86,3.07
1708,1,recover,swarm,-16.21,12.52,0.61
1708,2,recover,swarm,-16.55,12.30,0.67
1708,3,recover,bruiser,-16.51,10.26,1.80
1708,4,recover,pouncer,-16.99,14.86,3.07
1709,1,recover,swarm,-16.21,12.52,0.61
1709,2,recover,swarm,-16.55,12.30,0.67
1709,3,recover,bruiser,-16.51,10.26,1.80
1709,4,recover,pouncer,-16.99,14.86,3.07
1710,1,recover,swarm,-16.21,12.52,0.61
1710,2,recover,swarm,-16.55,12.30,0.67
1710,3,recover,bruiser,-16.51,10.26,1.80
1710,4,recover,pouncer,-16.99,14.86,3.07
1711,1,recover,swarm,-16.21,12.52,0.61
1711,2,recover,swarm,-16.55,12.30,0.67
1711,3,recover,bruiser,-16.51,10.26,1.80
1711,4,recover,pouncer,-16.99,14.86,3.07
1712,1,recover,swarm,-16.21,12.52,0.61
1712,2,recover,swarm,-16.55,12.30,0.67
1712,3,recover,bruiser,-16.51,10.26,1.80
1712,4,recover,pouncer,-16.99,14.86,3.07
1713,1,recover,swarm,-16.21,12.52,0.61
1713,2,recover,swarm,-16.55,12.30,0.67
1713,3,recover,bruiser,-16.51,10.26,1.80
1713,4,recover,pouncer,-16.99,14.86,3.07
1714,1,recover,swarm,-16.21,12.52,0.61
1714,2,recover,swarm,-16.55,12.30,0.67
1714,3,recover,bruiser,-16.51,10.26,1.80
1714,4,recover,pouncer,-16.99,14.86,3.07
1715,1,recover,swarm,-16.21,12.52,0.61
1715,2,recover,swarm,-16.55,12.30,0.67
1715,3,recover,bruiser,-16.51,10.26,1.80
1715,4,recover,pouncer,-16.99,14.86,3.07
1716,1,recover,swarm,-16.21,12.52,0.61
1716,2,recover,swarm,-16.55,12.30,0.67
1716,3,recover,bruiser,-16.51,10.26,1.80
1716,4,recover,pouncer,-16.99,14.86,3.07
1717,1,recover,swarm,-16.21,12.52,0.61
1717,2,recover,swarm,-16.55,12.30,0.67
1717,3,recover,bruiser,-16.51,10.26,1.80
1717,4,recover,pouncer,-16.99,14.86,3.07
1718,1,recover,swarm,-16.21,12.52,0.61
1718,2,recover,swarm,-16.55,12.30,0.67
1718,3,recover,bruiser,-16.51,10.26,1.80
1718,4,recover,pouncer,-16.99,14.86,3.07
1719,1,recover,swarm,-16.21,12.52,0.61
1719,2,recover,swarm,-16.55,12.30,0.67
1719,3,recover,bruiser,-16.51,10.26,1.80
1719,4,recover,pouncer,-16.99,14.86,3.07
1720,1,recover,swarm,-16.21,12.52,0.61
1720,2,chase,swarm,-16.55,12.30,0.67
1720,3,recover,bruiser,-16.51,10.26,1.80
1720,4,recover,pouncer,-16.99,14.86,3.07
1721,1,recover,swarm,-16.21,12.52,0.61
1721,2,windup,swarm,-16.55,12.30,0.67
1721,3,recover,bruiser,-16.51,10.26,1.80
1721,4,recover,pouncer,-16.99,14.86,3.07
1722,1,recover,swarm,-16.21,12.52,0.61
1722,2,windup,swarm,-16.55,12.30,0.67
1722,3,recover,bruiser,-16.51,10.26,1.80
1722,4,recover,pouncer,-16.99,14.86,3.07
1723,1,recover,swarm,-16.21,12.52,0.61
1723,2,windup,swarm,-16.55,12.30,0.67
1723,3,recover,bruiser,-16.51,10.26,1.80
1723,4,recover,pouncer,-16.99,14.86,3.07
1724,1,recover,swarm,-16.21,12.52,0.61
1724,2,windup,swarm,-16.55,12.30,0.67
1724,3,recover,bruiser,-16.51,10.26,1.80
1724,4,recover,pouncer,-16.99,14.86,3.07
1725,1,recover,swarm,-16.21,12.52,0.61
1725,2,windup,swarm,-16.55,12.30,0.67
1725,3,recover,bruiser,-16.51,10.26,1.80
1725,4,recover,pouncer,-16.99,14.86,3.07
1726,1,recover,swarm,-16.21,12.52,0.61
1726,2,windup,swarm,-16.55,12.30,0.67
1726,3,recover,bruiser,-16.51,10.26,1.80
1726,4,recover,pouncer,-16.99,14.86,3.07
1727,1,recover,swarm,-16.21,12.52,0.61
1727,2,windup,swarm,-16.55,12.30,0.67
1727,3,recover,bruiser,-16.51,10.26,1.80
1727,4,recover,pouncer,-16.99,14.86,3.07
1728,1,recover,swarm,-16.21,12.52,0.61
1728,2,windup,swarm,-16.55,12.30,0.67
1728,3,recover,bruiser,-16.51,10.26,1.80
1728,4,recover,pouncer,-16.99,14.86,3.07
1729,1,recover,swarm,-16.21,12.52,0.61
1729,2,windup,swarm,-16.55,12.30,0.67
1729,3,recover,bruiser,-16.51,10.26,1.80
1729,4,recover,pouncer,-16.99,14.86,3.07
1730,1,recover,swarm,-16.21,12.52,0.61
1730,2,windup,swarm,-16.55,12.30,0.67
1730,3,recover,bruiser,-16.51,10.26,1.80
1730,4,recover,pouncer,-16.99,14.86,3.07
1731,1,recover,swarm,-16.21,12.52,0.61
1731,2,windup,swarm,-16.55,12.30,0.67
1731,3,recover,bruiser,-16.51,10.26,1.80
1731,4,recover,pouncer,-16.99,14.86,3.07
1732,1,recover,swarm,-16.21,12.52,0.61
1732,2,windup,swarm,-16.55,12.30,0.67
1732,3,recover,bruiser,-16.51,10.26,1.80
1732,4,recover,pouncer,-16.99,14.86,3.07
1733,1,recover,swarm,-16.21,12.52,0.61
1733,2,windup,swarm,-16.55,12.30,0.67
1733,3,recover,bruiser,-16.51,10.26,1.80
1733,4,recover,pouncer,-16.99,14.86,3.07
1734,1,recover,swarm,-16.21,12.52,0.61
1734,2,windup,swarm,-16.55,12.30,0.67
1734,3,recover,bruiser,-16.51,10.26,1.80
1734,4,recover,pouncer,-16.99,14.86,3.07
1735,1,recover,swarm,-16.21,12.52,0.61
1735,2,windup,swarm,-16.55,12.30,0.67
1735,3,recover,bruiser,-16.51,10.26,1.80
1735,4,recover,pouncer,-16.99,14.86,3.07
1736,1,chase,swarm,-16.21,12.52,0.61
1736,2,windup,swarm,-16.55,12.30,0.67
1736,3,recover,bruiser,-16.51,10.26,1.80
1736,4,recover,pouncer,-16.99,14.86,3.07
1737,1,windup,swarm,-16.21,12.52,0.61
1737,2,strike,swarm,-16.55,12.30,0.67
1737,3,recover,bruiser,-16.51,10.26,1.80
1737,4,recover,pouncer,-16.99,14.86,3.07
1738,1,windup,swarm,-16.21,12.52,0.61
1738,2,strike,swarm,-16.59,12.19,0.67
1738,3,recover,bruiser,-16.51,10.26,1.80
1738,4,recover,pouncer,-16.99,14.86,3.07
1739,1,windup,swarm,-16.21,12.52,0.61
1739,2,strike,swarm,-16.61,12.11,0.66
1739,3,recover,bruiser,-16.51,10.26,1.80
1739,4,recover,pouncer,-16.99,14.86,3.07
1740,1,windup,swarm,-16.21,12.52,0.61
1740,2,strike,swarm,-16.62,12.00,0.66
1740,3,recover,bruiser,-16.51,10.26,1.80
1740,4,recover,pouncer,-16.99,14.86,3.07
1741,1,windup,swarm,-16.21,12.52,0.61
1741,2,strike,swarm,-16.62,11.91,0.65
1741,3,recover,bruiser,-16.51,10.26,1.80
1741,4,recover,pouncer,-16.99,14.86,3.07
1742,1,windup,swarm,-16.21,12.52,0.61
1742,2,strike,swarm,-16.60,11.81,0.65
1742,3,recover,bruiser,-16.51,10.26,1.80
1742,4,recover,pouncer,-16.99,14.86,3.07
1743,1,windup,swarm,-16.21,12.52,0.61
1743,2,strike,swarm,-16.57,11.71,0.66
1743,3,recover,bruiser,-16.51,10.26,1.80
1743,4,recover,pouncer,-16.99,14.86,3.07
1744,1,windup,swarm,-16.21,12.52,0.61
1744,2,strike,swarm,-16.53,11.62,0.66
1744,3,recover,bruiser,-16.51,10.26,1.80
1744,4,recover,pouncer,-16.99,14.86,3.07
1745,1,windup,swarm,-16.21,12.52,0.61
1745,2,strike,swarm,-16.48,11.53,0.67
1745,3,recover,bruiser,-16.51,10.26,1.80
1745,4,recover,pouncer,-16.99,14.86,3.07
1746,1,windup,swarm,-16.21,12.52,0.61
1746,2,strike,swarm,-16.42,11.45,0.69
1746,3,recover,bruiser,-16.51,10.26,1.80
1746,4,recover,pouncer,-16.99,14.86,3.07
1747,1,windup,swarm,-16.21,12.52,0.61
1747,2,strike,swarm,-16.35,11.39,0.69
1747,3,recover,bruiser,-16.51,10.26,1.80
1747,4,recover,pouncer,-16.99,14.86,3.07
1748,1,windup,swarm,-16.21,12.52,0.61
1748,2,strike,swarm,-16.25,11.34,0.70
1748,3,recover,bruiser,-16.51,10.26,1.80
1748,4,recover,pouncer,-16.99,14.86,3.07
1749,1,windup,swarm,-16.21,12.52,0.61
1749,2,strike,swarm,-16.16,11.30,0.69
1749,3,recover,bruiser,-16.51,10.26,1.80
1749,4,recover,pouncer,-16.99,14.86,3.07
1750,1,windup,swarm,-16.21,12.52,0.61
1750,2,strike,swarm,-16.07,11.28,0.70
1750,3,recover,bruiser,-16.51,10.26,1.80
1750,4,recover,pouncer,-16.99,14.86,3.07
1751,1,windup,swarm,-16.21,12.52,0.61
1751,2,recover,swarm,-15.97,11.26,0.71
1751,3,recover,bruiser,-16.51,10.26,1.80
1751,4,stalk,pouncer,-16.99,14.86,3.07
1752,1,strike,swarm,-16.21,12.52,0.61
1752,2,recover,swarm,-15.97,11.26,0.71
1752,3,recover,bruiser,-16.51,10.26,1.80
1752,4,crouch,pouncer,-17.04,14.87,3.09
1753,1,strike,swarm,-16.18,12.44,0.52
1753,2,recover,swarm,-15.97,11.26,0.71
1753,3,recover,bruiser,-16.51,10.26,1.80
1753,4,crouch,pouncer,-17.04,14.87,3.09
1754,1,strike,swarm,-16.13,12.35,0.41
1754,2,recover,swarm,-15.97,11.26,0.71
1754,3,recover,bruiser,-16.51,10.26,1.80
1754,4,crouch,pouncer,-17.04,14.87,3.09
1755,1,strike,swarm,-16.08,12.27,0.32
1755,2,recover,swarm,-15.97,11.26,0.71
1755,3,recover,bruiser,-16.51,10.26,1.80
1755,4,crouch,pouncer,-17.04,14.87,3.09
1756,1,strike,swarm,-16.00,12.19,0.23
1756,2,recover,swarm,-15.97,11.26,0.71
1756,3,recover,bruiser,-16.51,10.26,1.80
1756,4,crouch,pouncer,-17.04,14.87,3.09
1757,1,strike,swarm,-15.91,12.15,0.19
1757,2,recover,swarm,-15.97,11.26,0.71
1757,3,recover,bruiser,-16.51,10.26,1.80
1757,4,crouch,pouncer,-17.04,14.87,3.09
1758,1,strike,swarm,-15.82,12.13,0.22
1758,2,recover,swarm,-15.97,11.26,0.71
1758,3,recover,bruiser,-16.51,10.26,1.80
1758,4,crouch,pouncer,-17.04,14.87,3.09
1759,1,strike,swarm,-15.72,12.11,0.28
1759,2,recover,swarm,-15.97,11.26,0.71
1759,3,recover,bruiser,-16.51,10.26,1.80
1759,4,crouch,pouncer,-17.04,14.87,3.09
1760,1,strike,swarm,-15.62,12.09,0.37
1760,2,recover,swarm,-15.97,11.26,0.71
1760,3,advance,bruiser,-16.51,10.26,1.80
1760,4,crouch,pouncer,-17.04,14.87,3.09
1761,1,strike,swarm,-15.53,12.07,0.45
1761,2,recover,swarm,-15.97,11.26,0.71
1761,3,windup,bruiser,-16.51,10.26,1.80
1761,4,crouch,pouncer,-17.04,14.87,3.09
1762,1,strike,swarm,-14.10,11.59,1.90
1762,2,recover,swarm,-15.97,11.26,0.71
1762,3,windup,bruiser,-16.51,10.26,1.80
1762,4,crouch,pouncer,-17.04,14.87,3.09
1763,1,recover,swarm,-14.09,11.56,1.92
1763,2,recover,swarm,-15.97,11.26,0.71
1763,3,windup,bruiser,-16.51,10.26,1.80
1763,4,crouch,pouncer,-17.04,14.87,3.09
1764,1,recover,swarm,-14.09,11.56,1.92
1764,2,recover,swarm,-15.97,11.26,0.71
1764,3,windup,bruiser,-16.51,10.26,1.80
1764,4,crouch,pouncer,-17.04,14.87,3.09
1765,1,recover,swarm,-14.09,11.56,1.92
1765,2,recover,swarm,-15.97,11.26,0.71
1765,3,windup,bruiser,-16.51,10.26,1.80
1765,4,pounce,pouncer,-17.04,14.87,3.09
1766,1,recover,swarm,-14.09,11.56,1.92
1766,2,recover,swarm,-15.97,11.26,0.71
1766,3,windup,bruiser,-16.51,10.26,1.80
1766,4,pounce,pouncer,-17.02,14.83,3.05
1767,1,recover,swarm,-14.09,11.56,1.92
1767,2,recover,swarm,-15.97,11.26,0.71
1767,3,windup,bruiser,-16.51,10.26,1.80
1767,4,pounce,pouncer,-16.94,14.62,2.82
1768,1,recover,swarm,-14.09,11.56,1.92
1768,2,recover,swarm,-15.97,11.26,0.71
1768,3,windup,bruiser,-16.51,10.26,1.80
1768,4,pounce,pouncer,-16.92,14.57,2.77
1769,1,recover,swarm,-14.09,11.56,1.92
1769,2,recover,swarm,-15.97,11.26,0.71
1769,3,windup,bruiser,-16.51,10.26,1.80
1769,4,pounce,pouncer,-16.84,14.33,2.52
1770,1,recover,swarm,-14.09,11.56,1.92
1770,2,recover,swarm,-15.97,11.26,0.71
1770,3,windup,bruiser,-16.51,10.26,1.80
1770,4,pounce,pouncer,-16.82,14.29,2.47
1771,1,recover,swarm,-14.09,11.56,1.92
1771,2,recover,swarm,-15.97,11.26,0.71
1771,3,windup,bruiser,-16.51,10.26,1.80
1771,4,pounce,pouncer,-16.69,13.93,2.09
1772,1,recover,swarm,-14.09,11.56,1.92
1772,2,recover,swarm,-15.97,11.26,0.71
1772,3,windup,bruiser,-16.51,10.26,1.80
1772,4,pounce,pouncer,-16.67,13.89,2.04
1773,1,recover,swarm,-14.09,11.56,1.92
1773,2,recover,swarm,-15.97,11.26,0.71
1773,3,windup,bruiser,-16.51,10.26,1.80
1773,4,pounce,pouncer,-16.58,13.65,1.79
1774,1,recover,swarm,-14.09,11.56,1.92
1774,2,recover,swarm,-15.97,11.26,0.71
1774,3,windup,bruiser,-16.51,10.26,1.80
1774,4,pounce,pouncer,-16.57,13.60,1.73
1775,1,recover,swarm,-14.09,11.56,1.92
1775,2,recover,swarm,-15.97,11.26,0.71
1775,3,windup,bruiser,-16.51,10.26,1.80
1775,4,pounce,pouncer,-16.49,13.38,1.50
1776,1,recover,swarm,-14.09,11.56,1.92
1776,2,recover,swarm,-15.97,11.26,0.71
1776,3,windup,bruiser,-16.51,10.26,1.80
1776,4,pounce,pouncer,-16.47,13.33,1.45
1777,1,recover,swarm,-14.09,11.56,1.92
1777,2,recover,swarm,-15.97,11.26,0.71
1777,3,windup,bruiser,-16.51,10.26,1.80
1777,4,pounce,pouncer,-16.38,13.09,1.19
1778,1,recover,swarm,-14.09,11.56,1.92
1778,2,chase,swarm,-15.97,11.26,0.71
1778,3,windup,bruiser,-16.51,10.26,1.80
1778,4,pounce,pouncer,-16.36,13.03,1.14
1779,1,recover,swarm,-14.09,11.56,1.92
1779,2,windup,swarm,-15.97,11.26,0.71
1779,3,windup,bruiser,-16.51,10.26,1.80
1779,4,pounce,pouncer,-16.27,12.80,0.88
1780,1,recover,swarm,-14.09,11.56,1.92
1780,2,windup,swarm,-15.97,11.26,0.71
1780,3,windup,bruiser,-16.51,10.26,1.80
1780,4,pounce,pouncer,-16.25,12.74,0.83
1781,1,recover,swarm,-14.09,11.56,1.92
1781,2,windup,swarm,-15.97,11.26,0.71
1781,3,windup,bruiser,-16.51,10.26,1.80
1781,4,pounce,pouncer,-16.19,12.58,0.65
1782,1,recover,swarm,-14.09,11.56,1.92
1782,2,windup,swarm,-15.97,11.26,0.71
1782,3,windup,bruiser,-16.51,10.26,1.80
1782,4,pounce,pouncer,-16.17,12.53,0.60
1783,1,recover,swarm,-14.09,11.56,1.92
1783,2,windup,swarm,-15.97,11.26,0.71
1783,3,windup,bruiser,-16.51,10.26,1.80
1783,4,pounce,pouncer,-16.11,12.36,0.42
1784,1,recover,swarm,-14.09,11.56,1.92
1784,2,windup,swarm,-15.97,11.26,0.71
1784,3,windup,bruiser,-16.51,10.26,1.80
1784,4,pounce,pouncer,-16.08,12.31,0.36
1785,1,recover,swarm,-14.09,11.56,1.92
1785,2,windup,swarm,-15.97,11.26,0.71
1785,3,windup,bruiser,-16.51,10.26,1.80
1785,4,pounce,pouncer,-15.97,12.14,0.17
1786,1,recover,swarm,-14.09,11.56,1.92
1786,2,windup,swarm,-15.97,11.26,0.71
1786,3,strike,bruiser,-16.51,10.26,1.80
1786,4,recover,pouncer,-15.92,12.12,0.16
1787,1,recover,swarm,-14.09,11.56,1.92
1787,2,windup,swarm,-15.97,11.26,0.71
1787,3,strike,bruiser,-16.49,10.35,1.70
1787,4,recover,pouncer,-15.92,12.12,0.16
1788,1,recover,swarm,-14.09,11.56,1.92
1788,2,windup,swarm,-15.97,11.26,0.71
1788,3,strike,bruiser,-16.49,10.38,1.68
1788,4,recover,pouncer,-15.92,12.12,0.16
1789,1,recover,swarm,-14.09,11.56,1.92
1789,2,windup,swarm,-15.97,11.26,0.71
1789,3,strike,bruiser,-16.48,10.48,1.57
1789,4,recover,pouncer,-15.92,12.12,0.16
1790,1,recover,swarm,-14.09,11.56,1.92
1790,2,windup,swarm,-15.97,11.26,0.71
1790,3,strike,bruiser,-16.49,10.52,1.55
1790,4,recover,pouncer,-15.92,12.12,0.16
1791,1,recover,swarm,-14.09,11.56,1.92
1791,2,windup,swarm,-15.97,11.26,0.71
1791,3,strike,bruiser,-16.53,10.60,1.49
1791,4,recover,pouncer,-15.92,12.12,0.16
1792,1,recover,swarm,-14.09,11.56,1.92
1792,2,windup,swarm,-15.97,11.26,0.71
1792,3,strike,bruiser,-16.55,10.61,1.48
1792,4,recover,pouncer,-15.92,12.12,0.16
1793,1,recover,swarm,-14.09,11.56,1.92
1793,2,windup,swarm,-15.97,11.26,0.71
1793,3,strike,bruiser,-16.63,10.70,1.43
1793,4,recover,pouncer,-15.92,12.12,0.16
1794,1,recover,swarm,-14.09,11.56,1.92
1794,2,windup,swarm,-15.97,11.26,0.71
1794,3,strike,bruiser,-16.65,10.72,1.42
1794,4,recover,pouncer,-15.92,12.12,0.16
1795,1,recover,swarm,-14.09,11.56,1.92
1795,2,windup,swarm,-15.97,11.26,0.71
1795,3,strike,bruiser,-16.70,10.78,1.40
1795,4,recover,pouncer,-15.92,12.12,0.16
1796,1,recover,swarm,-14.09,11.56,1.92
1796,2,windup,swarm,-15.97,11.26,0.71
1796,3,strike,bruiser,-16.76,10.84,1.38
1796,4,recover,pouncer,-15.92,12.12,0.16
1797,1,recover,swarm,-14.09,11.56,1.92
1797,2,strike,swarm,-15.97,11.26,0.71
1797,3,strike,bruiser,-16.80,10.90,1.36
1797,4,recover,pouncer,-15.92,12.12,0.16
1798,1,recover,swarm,-14.09,11.56,1.92
1798,2,strike,swarm,-15.89,11.31,0.66
1798,3,strike,bruiser,-16.85,10.98,1.33
1798,4,recover,pouncer,-15.92,12.12,0.16
1799,1,recover,swarm,-14.09,11.56,1.92
1799,2,strike,swarm,-15.79,11.34,0.65
1799,3,strike,bruiser,-16.87,11.05,1.29
1799,4,recover,pouncer,-15.92,12.12,0.16
1800,1,recover,swarm,-14.09,11.56,1.92
1800,2,strike,swarm,-15.69,11.36,0.67
1800,3,strike,bruiser,-16.88,11.14,1.23
1800,4,recover,pouncer,-15.92,12.12,0.16
1801,1,recover,swarm,-14.09,11.56,1.92
1801,2,strike,swarm,-15.59,11.38,0.70
1801,3,strike,bruiser,-16.87,11.22,1.17
1801,4,recover,pouncer,-15.92,12.12,0.16
1802,1,recover,swarm,-14.09,11.56,1.92
1802,2,strike,swarm,-15.50,11.40,0.74
1802,3,strike,bruiser,-16.84,11.30,1.10
1802,4,recover,pouncer,-15.92,12.12,0.16
1803,1,recover,swarm,-14.09,11.56,1.92
1803,2,strike,swarm,-15.40,11.44,0.77
1803,3,strike,bruiser,-16.83,11.38,1.04
1803,4,recover,pouncer,-15.92,12.12,0.16
1804,1,recover,swarm,-14.09,11.56,1.92
1804,2,strike,swarm,-15.31,11.49,0.81
1804,3,strike,bruiser,-16.82,11.47,0.99
1804,4,recover,pouncer,-15.92,12.12,0.16
1805,1,recover,swarm,-14.09,11.56,1.92
1805,2,strike,swarm,-15.24,11.55,0.84
1805,3,strike,bruiser,-16.82,11.55,0.95
1805,4,recover,pouncer,-15.92,12.12,0.16
1806,1,recover,swarm,-14.09,11.56,1.92
1806,2,strike,swarm,-15.17,11.64,0.86
1806,3,recover,bruiser,-16.83,11.64,0.92
1806,4,recover,pouncer,-15.92,12.12,0.16
1807,1,chase,swarm,-14.09,11.56,1.92
1807,2,strike,swarm,-15.14,11.72,0.86
1807,3,recover,bruiser,-16.83,11.64,0.92
1807,4,recover,pouncer,-15.92,12.12,0.16
1808,1,chase,swarm,-14.09,11.64,1.90
1808,2,strike,swarm,-15.10,11.82,0.88
1808,3,recover,bruiser,-16.83,11.64,0.92
1808,4,recover,pouncer,-15.92,12.12,0.16
1809,1,chase,swarm,-14.09,11.71,1.90
1809,2,strike,swarm,-15.07,11.91,0.90
1809,3,recover,bruiser,-16.83,11.64,0.92
1809,4,recover,pouncer,-15.92,12.12,0.16
1810,1,chase,swarm,-14.09,11.78,1.89
1810,2,strike,swarm,-15.04,12.01,0.92
1810,3,recover,bruiser,-16.83,11.64,0.92
1810,4,recover,pouncer,-15.92,12.12,0.16
1811,1,chase,swarm,-14.08,11.86,1.89
1811,2,recover,swarm,-15.02,12.11,0.95
1811,3,recover,bruiser,-16.83,11.64,0.92
1811,4,recover,pouncer,-15.92,12.12,0.16
1812,1,chase,swarm,-14.08,11.93,1.89
1812,2,recover,swarm,-15.02,12.11,0.95
1812,3,recover,bruiser,-16.83,11.64,0.92
1812,4,recover,pouncer,-15.92,12.12,0.16
1813,1,chase,swarm,-14.08,12.00,1.89
1813,2,recover,swarm,-15.02,12.11,0.95
1813,3,recover,bruiser,-16.83,11.64,0.92
1813,4,recover,pouncer,-15.92,12.12,0.16
1814,1,chase,swarm,-14.07,12.07,1.89
1814,2,recover,swarm,-15.02,12.11,0.95
1814,3,recover,bruiser,-16.83,11.64,0.92
1814,4,recover,pouncer,-15.92,12.12,0.16
1815,1,chase,swarm,-14.07,12.15,1.90
1815,2,recover,swarm,-15.02,12.11,0.95
1815,3,recover,bruiser,-16.83,11.64,0.92
1815,4,recover,pouncer,-15.92,12.12,0.16
1816,1,chase,swarm,-14.08,12.22,1.91
1816,2,recover,swarm,-15.02,12.11,0.95
1816,3,recover,bruiser,-16.83,11.64,0.92
1816,4,recover,pouncer,-15.92,12.12,0.16
1817,1,chase,swarm,-14.08,12.29,1.91
1817,2,recover,swarm,-15.02,12.11,0.95
1817,3,recover,bruiser,-16.83,11.64,0.92
1817,4,recover,pouncer,-15.92,12.12,0.16
1818,1,chase,swarm,-14.09,12.37,1.91
1818,2,recover,swarm,-15.02,12.11,0.95
1818,3,recover,bruiser,-16.83,11.64,0.92
1818,4,recover,pouncer,-15.92,12.12,0.16
1819,1,chase,swarm,-14.11,12.44,1.92
1819,2,recover,swarm,-15.02,12.11,0.95
1819,3,recover,bruiser,-16.83,11.64,0.92
1819,4,recover,pouncer,-15.92,12.12,0.16
1820,1,chase,swarm,-14.13,12.51,1.92
1820,2,recover,swarm,-15.02,12.11,0.95
1820,3,recover,bruiser,-16.83,11.64,0.92
1820,4,recover,pouncer,-15.92,12.12,0.16
1821,1,chase,swarm,-14.15,12.58,1.91
1821,2,recover,swarm,-15.02,12.11,0.95
1821,3,recover,bruiser,-16.83,11.64,0.92
1821,4,recover,pouncer,-15.92,12.12,0.16
1822,1,chase,swarm,-14.18,12.65,1.91
1822,2,recover,swarm,-15.02,12.11,0.95
1822,3,recover,bruiser,-16.83,11.64,0.92
1822,4,recover,pouncer,-15.92,12.12,0.16
1823,1,chase,swarm,-14.22,12.71,1.90
1823,2,recover,swarm,-15.02,12.11,0.95
1823,3,recover,bruiser,-16.83,11.64,0.92
1823,4,recover,pouncer,-15.92,12.12,0.16
1824,1,chase,swarm,-14.25,12.77,1.89
1824,2,recover,swarm,-15.02,12.11,0.95
1824,3,recover,bruiser,-16.83,11.64,0.92
1824,4,recover,pouncer,-15.92,12.12,0.16
1825,1,chase,swarm,-14.30,12.83,1.88
1825,2,recover,swarm,-15.02,12.11,0.95
1825,3,recover,bruiser,-16.83,11.64,0.92
1825,4,recover,pouncer,-15.92,12.12,0.16
1826,1,chase,swarm,-14.35,12.89,1.86
1826,2,recover,swarm,-15.02,12.11,0.95
1826,3,recover,bruiser,-16.83,11.64,0.92
1826,4,recover,pouncer,-15.92,12.12,0.16
1827,1,chase,swarm,-14.40,12.94,1.84
1827,2,recover,swarm,-15.02,12.11,0.95
1827,3,recover,bruiser,-16.83,11.64,0.92
1827,4,recover,pouncer,-15.92,12.12,0.16
1828,1,chase,swarm,-14.45,12.99,1.82
1828,2,recover,swarm,-15.02,12.11,0.95
1828,3,recover,bruiser,-16.83,11.64,0.92
1828,4,recover,pouncer,-15.92,12.12,0.16
1829,1,chase,swarm,-14.52,13.03,1.80
1829,2,recover,swarm,-15.02,12.11,0.95
1829,3,recover,bruiser,-16.83,11.64,0.92
1829,4,recover,pouncer,-15.92,12.12,0.16
1830,1,chase,swarm,-14.62,13.09,1.75
1830,2,recover,swarm,-15.02,12.11,0.95
1830,3,recover,bruiser,-16.83,11.64,0.92
1830,4,recover,pouncer,-15.92,12.12,0.16
1831,1,chase,swarm,-14.64,13.10,1.74
1831,2,recover,swarm,-15.02,12.11,0.95
1831,3,recover,bruiser,-16.83,11.64,0.92
1831,4,recover,pouncer,-15.92,12.12,0.16
1832,1,chase,swarm,-14.79,13.16,1.67
1832,2,recover,swarm,-15.02,12.11,0.95
1832,3,recover,bruiser,-16.83,11.64,0.92
1832,4,recover,pouncer,-15.92,12.12,0.16
1833,1,chase,swarm,-14.81,13.16,1.66
1833,2,recover,swarm,-15.02,12.11,0.95
1833,3,recover,bruiser,-16.83,11.64,0.92
1833,4,recover,pouncer,-15.92,12.12,0.16
1834,1,chase,swarm,-14.93,13.18,1.59
1834,2,recover,swarm,-15.02,12.11,0.95
1834,3,recover,bruiser,-16.83,11.64,0.92
1834,4,recover,pouncer,-15.92,12.12,0.16
1835,1,chase,swarm,-14.96,13.18,1.58
1835,2,recover,swarm,-15.02,12.11,0.95
1835,3,recover,bruiser,-16.83,11.64,0.92
1835,4,recover,pouncer,-15.92,12.12,0.16
1836,1,chase,swarm,-15.07,13.18,1.51
1836,2,recover,swarm,-15.02,12.11,0.95
1836,3,recover,bruiser,-16.83,11.64,0.92
1836,4,recover,pouncer,-15.92,12.12,0.16
1837,1,chase,swarm,-15.09,13.18,1.49
1837,2,recover,swarm,-15.02,12.11,0.95
1837,3,recover,bruiser,-16.83,11.64,0.92
1837,4,recover,pouncer,-15.92,12.12,0.16
1838,1,windup,swarm,-15.09,13.18,1.49
1838,2,recover,swarm,-15.02,12.11,0.95
1838,3,recover,bruiser,-16.83,11.64,0.92
1838,4,recover,pouncer,-15.92,12.12,0.16
1839,1,windup,swarm,-15.09,13.18,1.49
1839,2,recover,swarm,-15.02,12.11,0.95
1839,3,recover,bruiser,-16.83,11.64,0.92
1839,4,recover,pouncer,-15.92,12.12,0.16
1840,1,windup,swarm,-15.09,13.18,1.49
1840,2,recover,swarm,-15.02,12.11,0.95
1840,3,recover,bruiser,-16.83,11.64,0.92
1840,4,recover,pouncer,-15.92,12.12,0.16
1841,1,windup,swarm,-15.09,13.18,1.49
1841,2,recover,swarm,-15.02,12.11,0.95
1841,3,recover,bruiser,-16.83,11.64,0.92
1841,4,recover,pouncer,-15.92,12.12,0.16
1842,1,windup,swarm,-15.09,13.18,1.49
1842,2,recover,swarm,-15.02,12.11,0.95
1842,3,recover,bruiser,-16.83,11.64,0.92
1842,4,recover,pouncer,-15.92,12.12,0.16
1843,1,windup,swarm,-15.09,13.18,1.49
1843,2,recover,swarm,-15.02,12.11,0.95
1843,3,recover,bruiser,-16.83,11.64,0.92
1843,4,recover,pouncer,-15.92,12.12,0.16
1844,1,windup,swarm,-15.09,13.18,1.49
1844,2,recover,swarm,-15.02,12.11,0.95
1844,3,recover,bruiser,-16.83,11.64,0.92
1844,4,recover,pouncer,-15.92,12.12,0.16
1845,1,windup,swarm,-15.09,13.18,1.49
1845,2,recover,swarm,-15.02,12.11,0.95
1845,3,recover,bruiser,-16.83,11.64,0.92
1845,4,recover,pouncer,-15.92,12.12,0.16
1846,1,windup,swarm,-15.09,13.18,1.49
1846,2,recover,swarm,-15.02,12.11,0.95
1846,3,recover,bruiser,-16.83,11.64,0.92
1846,4,recover,pouncer,-15.92,12.12,0.16
1847,1,windup,swarm,-15.09,13.18,1.49
1847,2,recover,swarm,-15.02,12.11,0.95
1847,3,recover,bruiser,-16.83,11.64,0.92
1847,4,recover,pouncer,-15.92,12.12,0.16
1848,1,windup,swarm,-15.09,13.18,1.49
1848,2,recover,swarm,-15.02,12.11,0.95
1848,3,recover,bruiser,-16.83,11.64,0.92
1848,4,recover,pouncer,-15.92,12.12,0.16
1849,1,windup,swarm,-15.09,13.18,1.49
1849,2,recover,swarm,-15.02,12.11,0.95
1849,3,recover,bruiser,-16.83,11.64,0.92
1849,4,recover,pouncer,-15.92,12.12,0.16
1850,1,windup,swarm,-15.09,13.18,1.49
1850,2,recover,swarm,-15.02,12.11,0.95
1850,3,recover,bruiser,-16.83,11.64,0.92
1850,4,recover,pouncer,-15.92,12.12,0.16
1851,1,windup,swarm,-15.09,13.18,1.49
1851,2,recover,swarm,-15.02,12.11,0.95
1851,3,recover,bruiser,-16.83,11.64,0.92
1851,4,recover,pouncer,-15.92,12.12,0.16
1852,1,windup,swarm,-15.09,13.18,1.49
1852,2,recover,swarm,-15.02,12.11,0.95
1852,3,recover,bruiser,-16.83,11.64,0.92
1852,4,recover,pouncer,-15.92,12.12,0.16
1853,1,strike,swarm,-15.09,13.18,1.49
1853,2,chase,swarm,-15.02,12.11,0.95
1853,3,recover,bruiser,-16.83,11.64,0.92
1853,4,recover,pouncer,-15.92,12.12,0.16
1854,1,strike,swarm,-15.27,13.08,1.31
1854,2,windup,swarm,-15.02,12.11,0.95
1854,3,recover,bruiser,-16.83,11.64,0.92
1854,4,recover,pouncer,-15.92,12.12,0.16
1855,1,strike,swarm,-15.30,13.08,1.29
1855,2,windup,swarm,-15.02,12.11,0.95
1855,3,recover,bruiser,-16.83,11.64,0.92
1855,4,recover,pouncer,-15.92,12.12,0.16
1856,1,strike,swarm,-15.45,13.08,1.23
1856,2,windup,swarm,-15.02,12.11,0.95
1856,3,recover,bruiser,-16.83,11.64,0.92
1856,4,recover,pouncer,-15.92,12.12,0.16
1857,1,strike,swarm,-15.48,13.09,1.22
1857,2,windup,swarm,-15.02,12.11,0.95
1857,3,recover,bruiser,-16.83,11.64,0.92
1857,4,recover,pouncer,-15.92,12.12,0.16
1858,1,strike,swarm,-15.59,13.09,1.18
1858,2,windup,swarm,-15.02,12.11,0.95
1858,3,recover,bruiser,-16.83,11.64,0.92
1858,4,recover,pouncer,-15.92,12.12,0.16
1859,1,strike,swarm,-15.65,13.09,1.17
1859,2,windup,swarm,-15.02,12.11,0.95
1859,3,recover,bruiser,-16.83,11.64,0.92
1859,4,recover,pouncer,-15.92,12.12,0.16
1860,1,strike,swarm,-17.15,13.05,1.60
1860,2,windup,swarm,-15.02,12.11,0.95
1860,3,recover,bruiser,-16.83,11.64,0.92
1860,4,recover,pouncer,-15.92,12.12,0.16
1861,1,recover,swarm,-17.18,13.01,1.60
1861,2,strike,swarm,-15.02,12.11,0.95
1861,3,advance,bruiser,-16.83,11.64,0.92
1861,4,stalk,pouncer,-15.92,12.12,0.16
1862,1,recover,swarm,-17.18,13.01,1.60
1862,2,strike,swarm,-15.30,11.89,0.67
1862,3,windup,bruiser,-16.83,11.64,0.92
1862,4,crouch,pouncer,-15.83,12.25,0.31
1863,1,recover,swarm,-17.18,13.01,1.60
1863,2,strike,swarm,-15.28,11.76,0.71
1863,3,windup,bruiser,-16.83,11.64,0.92
1863,4,crouch,pouncer,-15.83,12.25,0.31
1864,1,recover,swarm,-17.18,13.01,1.60
1864,2,strike,swarm,-15.29,11.72,0.72
1864,3,windup,bruiser,-16.83,11.64,0.92
1864,4,crouch,pouncer,-15.83,12.25,0.31
1865,1,recover,swarm,-17.18,13.01,1.60
1865,2,strike,swarm,-15.32,11.60,0.74
1865,3,windup,bruiser,-16.83,11.64,0.92
1865,4,crouch,pouncer,-15.83,12.25,0.31
1866,1,recover,swarm,-17.18,13.01,1.60
1866,2,strike,swarm,-15.33,11.57,0.75
1866,3,windup,bruiser,-16.83,11.64,0.92
1866,4,crouch,pouncer,-15.83,12.25,0.31
1867,1,recover,swarm,-17.18,13.01,1.60
1867,2,strike,swarm,-15.39,11.46,0.77
1867,3,windup,bruiser,-16.83,11.64,0.92
1867,4,crouch,pouncer,-15.83,12.25,0.31
1868,1,recover,swarm,-17.18,13.01,1.60
1868,2,strike,swarm,-15.42,11.42,0.78
1868,3,windup,bruiser,-16.83,11.64,0.92
1868,4,crouch,pouncer,-15.83,12.25,0.31
1869,1,recover,swarm,-17.18,13.01,1.60
1869,2,strike,swarm,-15.51,11.30,0.81
1869,3,windup,bruiser,-16.83,11.64,0.92
1869,4,crouch,pouncer,-15.83,12.25,0.31
1870,1,recover,swarm,-17.18,13.01,1.60
1870,2,strike,swarm,-15.55,11.27,0.81
1870,3,windup,bruiser,-16.83,11.64,0.92
1870,4,crouch,pouncer,-15.83,12.25,0.31
1871,1,recover,swarm,-17.18,13.01,1.60
1871,2,strike,swarm,-15.65,11.19,0.84
1871,3,windup,bruiser,-16.83,11.64,0.92
1871,4,crouch,pouncer,-15.83,12.25,0.31
1872,1,recover,swarm,-17.18,13.01,1.60
1872,2,strike,swarm,-15.68,11.16,0.85
1872,3,windup,bruiser,-16.83,11.64,0.92
1872,4,crouch,pouncer,-15.83,12.25,0.31
1873,1,recover,swarm,-17.18,13.01,1.60
1873,2,strike,swarm,-16.00,10.94,1.03
1873,3,windup,bruiser,-16.83,11.64,0.92
1873,4,crouch,pouncer,-15.83,12.25,0.31
1874,1,recover,swarm,-17.18,13.01,1.60
1874,2,recover,swarm,-16.04,10.91,1.06
1874,3,windup,bruiser,-16.83,11.64,0.92
1874,4,crouch,pouncer,-15.83,12.25,0.31
1875,1,recover,swarm,-17.18,13.01,1.60
1875,2,recover,swarm,-16.04,10.91,1.06
1875,3,windup,bruiser,-16.83,11.64,0.92
1875,4,crouch,pouncer,-15.83,12.25,0.31
1876,1,recover,swarm,-17.18,13.01,1.60
1876,2,recover,swarm,-16.04,10.91,1.06
1876,3,windup,bruiser,-16.83,11.64,0.92
1876,4,crouch,pouncer,-15.83,12.25,0.31
1877,1,recover,swarm,-17.18,13.01,1.60
1877,2,recover,swarm,-16.04,10.91,1.06
1877,3,windup,bruiser,-16.83,11.64,0.92
1877,4,crouch,pouncer,-15.83,12.25,0.31
1878,1,recover,swarm,-17.18,13.01,1.60
1878,2,recover,swarm,-16.04,10.91,1.06
1878,3,windup,bruiser,-16.83,11.64,0.92
1878,4,crouch,pouncer,-15.83,12.25,0.31
1879,1,recover,swarm,-17.18,13.01,1.60
1879,2,recover,swarm,-16.04,10.91,1.06
1879,3,windup,bruiser,-16.83,11.64,0.92
1879,4,crouch,pouncer,-15.83,12.25,0.31
1880,1,recover,swarm,-17.18,13.01,1.60
1880,2,recover,swarm,-16.04,10.91,1.06
1880,3,windup,bruiser,-16.83,11.64,0.92
1880,4,crouch,pouncer,-15.83,12.25,0.31
1881,1,recover,swarm,-17.18,13.01,1.60
1881,2,recover,swarm,-16.04,10.91,1.06
1881,3,windup,bruiser,-16.83,11.64,0.92
1881,4,crouch,pouncer,-15.83,12.25,0.31
1882,1,recover,swarm,-17.18,13.01,1.60
1882,2,recover,swarm,-16.04,10.91,1.06
1882,3,windup,bruiser,-16.83,11.64,0.92
1882,4,crouch,pouncer,-15.83,12.25,0.31
1883,1,recover,swarm,-17.18,13.01,1.60
1883,2,recover,swarm,-16.04,10.91,1.06
1883,3,windup,bruiser,-16.83,11.64,0.92
1883,4,crouch,pouncer,-15.83,12.25,0.31
1884,1,recover,swarm,-17.18,13.01,1.60
1884,2,recover,swarm,-16.04,10.91,1.06
1884,3,windup,bruiser,-16.83,11.64,0.92
1884,4,crouch,pouncer,-15.83,12.25,0.31
1885,1,recover,swarm,-17.18,13.01,1.60
1885,2,recover,swarm,-16.04,10.91,1.06
1885,3,windup,bruiser,-16.83,11.64,0.92
1885,4,crouch,pouncer,-15.83,12.25,0.31
1886,1,recover,swarm,-17.18,13.01,1.60
1886,2,recover,swarm,-16.04,10.91,1.06
1886,3,windup,bruiser,-16.83,11.64,0.92
1886,4,pounce,pouncer,-15.83,12.25,0.31
1887,1,recover,swarm,-17.18,13.01,1.60
1887,2,recover,swarm,-16.04,10.91,1.06
1887,3,windup,bruiser,-16.83,11.64,0.92
1887,4,pounce,pouncer,-15.91,11.97,0.06
1888,1,recover,swarm,-17.18,13.01,1.60
1888,2,recover,swarm,-16.04,10.91,1.06
1888,3,windup,bruiser,-16.83,11.64,0.92
1888,4,pounce,pouncer,-15.86,11.93,0.11
1889,1,recover,swarm,-17.18,13.01,1.60
1889,2,recover,swarm,-16.04,10.91,1.06
1889,3,windup,bruiser,-16.83,11.64,0.92
1889,4,pounce,pouncer,-15.74,11.81,0.27
1890,1,recover,swarm,-17.18,13.01,1.60
1890,2,recover,swarm,-16.04,10.91,1.06
1890,3,windup,bruiser,-16.83,11.64,0.92
1890,4,pounce,pouncer,-15.70,11.77,0.33
1891,1,recover,swarm,-17.18,13.01,1.60
1891,2,recover,swarm,-16.04,10.91,1.06
1891,3,windup,bruiser,-16.83,11.64,0.92
1891,4,pounce,pouncer,-15.56,11.63,0.53
1892,1,recover,swarm,-17.18,13.01,1.60
1892,2,recover,swarm,-16.04,10.91,1.06
1892,3,windup,bruiser,-16.83,11.64,0.92
1892,4,pounce,pouncer,-15.53,11.59,0.58
1893,1,recover,swarm,-17.18,13.01,1.60
1893,2,recover,swarm,-16.04,10.91,1.06
1893,3,windup,bruiser,-16.83,11.64,0.92
1893,4,pounce,pouncer,-15.40,11.40,0.80
1894,1,recover,swarm,-17.18,13.01,1.60
1894,2,recover,swarm,-16.04,10.91,1.06
1894,3,windup,bruiser,-16.83,11.64,0.92
1894,4,pounce,pouncer,-15.36,11.37,0.85
1895,1,recover,swarm,-17.18,13.01,1.60
1895,2,recover,swarm,-16.04,10.91,1.06
1895,3,windup,bruiser,-16.83,11.64,0.92
1895,4,pounce,pouncer,-15.17,11.18,1.12
1896,1,recover,swarm,-17.18,13.01,1.60
1896,2,recover,swarm,-16.04,10.91,1.06
1896,3,windup,bruiser,-16.83,11.64,0.92
1896,4,pounce,pouncer,-15.14,11.13,1.17
1897,1,recover,swarm,-17.18,13.01,1.60
1897,2,recover,swarm,-16.04,10.91,1.06
1897,3,windup,bruiser,-16.83,11.64,0.92
1897,4,pounce,pouncer,-15.05,10.91,1.40
1898,1,recover,swarm,-17.18,13.01,1.60
1898,2,recover,swarm,-16.04,10.91,1.06
1898,3,windup,bruiser,-16.83,11.64,0.92
1898,4,pounce,pouncer,-15.04,10.85,1.45
1899,1,recover,swarm,-17.18,13.01,1.60
1899,2,recover,swarm,-16.04,10.91,1.06
1899,3,strike,bruiser,-16.83,11.64,0.92
1899,4,pounce,pouncer,-14.99,10.58,1.70
1900,1,recover,swarm,-17.18,13.01,1.60
1900,2,recover,swarm,-16.04,10.91,1.06
1900,3,strike,bruiser,-16.80,11.67,0.89
1900,4,pounce,pouncer,-14.99,10.51,1.76
1901,1,chase,swarm,-17.18,13.01,1.60
1901,2,recover,swarm,-16.04,10.91,1.06
1901,3,strike,bruiser,-16.73,11.75,0.79
1901,4,pounce,pouncer,-15.01,10.31,1.92
1902,1,chase,swarm,-17.17,12.98,1.58
1902,2,recover,swarm,-16.04,10.91,1.06
1902,3,strike,bruiser,-16.71,11.78,0.76
1902,4,pounce,pouncer,-15.03,10.25,1.96
1903,1,chase,swarm,-17.15,12.86,1.48
1903,2,recover,swarm,-16.04,10.91,1.06
1903,3,strike,bruiser,-16.60,11.88,0.64
1903,4,pounce,pouncer,-15.10,10.00,2.15
1904,1,windup,swarm,-17.15,12.86,1.48
1904,2,recover,swarm,-16.04,10.91,1.06
1904,3,strike,bruiser,-16.57,11.89,0.61
1904,4,pounce,pouncer,-15.12,9.95,2.19
1905,1,windup,swarm,-17.15,12.86,1.48
1905,2,recover,swarm,-16.04,10.91,1.06
1905,3,strike,bruiser,-16.47,11.93,0.50
1905,4,pounce,pouncer,-15.21,9.77,2.33
1906,1,windup,swarm,-17.15,12.86,1.48
1906,2,recover,swarm,-16.04,10.91,1.06
1906,3,strike,bruiser,-16.44,11.95,0.47
1906,4,pounce,pouncer,-15.24,9.71,2.37
1907,1,windup,swarm,-17.15,12.86,1.48
1907,2,recover,swarm,-16.04,10.91,1.06
1907,3,strike,bruiser,-16.32,12.01,0.35
1907,4,pounce,pouncer,-15.34,9.50,2.55
1908,1,windup,swarm,-17.15,12.86,1.48
1908,2,recover,swarm,-16.04,10.91,1.06
1908,3,strike,bruiser,-16.29,12.02,0.33
1908,4,recover,pouncer,-15.37,9.44,2.60
1909,1,windup,swarm,-17.15,12.86,1.48
1909,2,recover,swarm,-16.04,10.91,1.06
1909,3,strike,bruiser,-16.17,12.09,0.23
1909,4,recover,pouncer,-15.37,9.44,2.60
1910,1,windup,swarm,-17.15,12.86,1.48
1910,2,recover,swarm,-16.04,10.91,1.06
1910,3,strike,bruiser,-16.14,12.10,0.22
1910,4,recover,pouncer,-15.37,9.44,2.60
1911,1,windup,swarm,-17.15,12.86,1.48
1911,2,recover,swarm,-16.04,10.91,1.06
1911,3,strike,bruiser,-16.03,12.16,0.20
1911,4,recover,pouncer,-15.37,9.44,2.60
1912,1,windup,swarm,-17.15,12.86,1.48
1912,2,recover,swarm,-16.04,10.91,1.06
1912,3,strike,bruiser,-16.00,12.17,0.21
1912,4,recover,pouncer,-15.37,9.44,2.60
1913,1,windup,swarm,-17.15,12.86,1.48
1913,2,recover,swarm,-16.04,10.91,1.06
1913,3,strike,bruiser,-15.87,12.24,0.28
1913,4,recover,pouncer,-15.37,9.44,2.60
1914,1,windup,swarm,-17.15,12.86,1.48
1914,2,recover,swarm,-16.04,10.91,1.06
1914,3,strike,bruiser,-15.84,12.25,0.31
1914,4,recover,pouncer,-15.37,9.44,2.60
1915,1,windup,swarm,-17.15,12.86,1.48
1915,2,recover,swarm,-16.04,10.91,1.06
1915,3,strike,bruiser,-15.72,12.29,0.40
1915,4,recover,pouncer,-15.37,9.44,2.60
1916,1,windup,swarm,-17.15,12.86,1.48
1916,2,recover,swarm,-16.04,10.91,1.06
1916,3,recover,bruiser,-15.69,12.30,0.43
1916,4,recover,pouncer,-15.37,9.44,2.60
1917,1,windup,swarm,-17.15,12.86,1.48
1917,2,recover,swarm,-16.04,10.91,1.06
1917,3,recover,bruiser,-15.69,12.30,0.43
1917,4,recover,pouncer,-15.37,9.44,2.60
1918,1,windup,swarm,-17.15,12.86,1.48
1918,2,chase,swarm,-16.04,10.91,1.06
1918,3,recover,bruiser,-15.69,12.30,0.43
1918,4,recover,pouncer,-15.37,9.44,2.60
1919,1,windup,swarm,-17.15,12.86,1.48
1919,2,windup,swarm,-16.04,10.91,1.06
1919,3,recover,bruiser,-15.69,12.30,0.43
1919,4,recover,pouncer,-15.37,9.44,2.60
1920,1,strike,swarm,-17.15,12.86,1.48
1920,2,windup,swarm,-16.04,10.91,1.06
1920,3,recover,bruiser,-15.69,12.30,0.43
1920,4,recover,pouncer,-15.37,9.44,2.60
1921,1,strike,swarm,-17.04,12.78,1.35
1921,2,windup,swarm,-16.04,10.91,1.06
1921,3,recover,bruiser,-15.69,12.30,0.43
1921,4,recover,pouncer,-15.37,9.44,2.60
1922,1,strike,swarm,-17.02,12.76,1.32
1922,2,windup,swarm,-16.04,10.91,1.06
1922,3,recover,bruiser,-15.69,12.30,0.43
1922,4,recover,pouncer,-15.37,9.44,2.60
1923,1,strike,swarm,-16.87,12.65,1.13
1923,2,windup,swarm,-16.04,10.91,1.06
1923,3,recover,bruiser,-15.69,12.30,0.43
1923,4,recover,pouncer,-15.37,9.44,2.60
1924,1,strike,swarm,-16.84,12.63,1.09
1924,2,windup,swarm,-16.04,10.91,1.06
1924,3,recover,bruiser,-15.69,12.30,0.43
1924,4,recover,pouncer,-15.37,9.44,2.60
1925,1,strike,swarm,-16.72,12.51,0.93
1925,2,windup,swarm,-16.04,10.91,1.06
1925,3,recover,bruiser,-15.69,12.30,0.43
1925,4,recover,pouncer,-15.37,9.44,2.60
1926,1,strike,swarm,-16.70,12.49,0.90
1926,2,windup,swarm,-16.04,10.91,1.06
1926,3,recover,bruiser,-15.69,12.30,0.43
1926,4,recover,pouncer,-15.37,9.44,2.60
1927,1,strike,swarm,-16.63,12.35,0.77
1927,2,windup,swarm,-16.04,10.91,1.06
1927,3,recover,bruiser,-15.69,12.30,0.43
1927,4,recover,pouncer,-15.37,9.44,2.60
1928,1,strike,swarm,-16.63,12.32,0.75
1928,2,windup,swarm,-16.04,10.91,1.06
1928,3,recover,bruiser,-15.69,12.30,0.43
1928,4,recover,pouncer,-15.37,9.44,2.60
1929,1,strike,swarm,-16.61,12.21,0.69
1929,2,windup,swarm,-16.04,10.91,1.06
1929,3,recover,bruiser,-15.69,12.30,0.43
1929,4,recover,pouncer,-15.37,9.44,2.60
1930,1,strike,swarm,-16.61,12.17,0.68
1930,2,windup,swarm,-16.04,10.91,1.06
1930,3,recover,bruiser,-15.69,12.30,0.43
1930,4,recover,pouncer,-15.37,9.44,2.60
1931,1,strike,swarm,-16.60,12.01,0.63
1931,2,windup,swarm,-16.04,10.91,1.06
1931,3,recover,bruiser,-15.69,12.30,0.43
1931,4,recover,pouncer,-15.37,9.44,2.60
1932,1,strike,swarm,-16.59,11.97,0.63
1932,2,windup,swarm,-16.04,10.91,1.06
1932,3,recover,bruiser,-15.69,12.30,0.43
1932,4,recover,pouncer,-15.37,9.44,2.60
1933,1,strike,swarm,-16.58,11.81,0.63
1933,2,windup,swarm,-16.04,10.91,1.06
1933,3,recover,bruiser,-15.69,12.30,0.43
1933,4,recover,pouncer,-15.37,9.44,2.60
1934,1,recover,swarm,-16.58,11.77,0.64
1934,2,windup,swarm,-16.04,10.91,1.06
1934,3,recover,bruiser,-15.69,12.30,0.43
1934,4,recover,pouncer,-15.37,9.44,2.60
1935,1,recover,swarm,-16.58,11.77,0.64
1935,2,windup,swarm,-16.04,10.91,1.06
1935,3,recover,bruiser,-15.69,12.30,0.43
1935,4,recover,pouncer,-15.37,9.44,2.60
1936,1,recover,swarm,-16.58,11.77,0.64
1936,2,strike,swarm,-16.04,10.91,1.06
1936,3,recover,bruiser,-15.69,12.30,0.43
1936,4,recover,pouncer,-15.37,9.44,2.60
1937,1,recover,swarm,-16.58,11.77,0.64
1937,2,strike,swarm,-15.92,11.07,0.90
1937,3,recover,bruiser,-15.69,12.30,0.43
1937,4,recover,pouncer,-15.37,9.44,2.60
1938,1,recover,swarm,-16.58,11.77,0.64
1938,2,strike,swarm,-15.89,11.09,0.88
1938,3,recover,bruiser,-15.69,12.30,0.43
1938,4,recover,pouncer,-15.37,9.44,2.60
1939,1,recover,swarm,-16.58,11.77,0.64
1939,2,strike,swarm,-15.77,11.18,0.81
1939,3,recover,bruiser,-15.69,12.30,0.43
1939,4,recover,pouncer,-15.37,9.44,2.60
1940,1,recover,swarm,-16.58,11.77,0.64
1940,2,strike,swarm,-15.75,11.19,0.81
1940,3,recover,bruiser,-15.69,12.30,0.43
1940,4,recover,pouncer,-15.37,9.44,2.60
1941,1,recover,swarm,-16.58,11.77,0.64
1941,2,strike,swarm,-15.59,11.28,0.79
1941,3,recover,bruiser,-15.69,12.30,0.43
1941,4,recover,pouncer,-15.37,9.44,2.60
1942,1,recover,swarm,-16.58,11.77,0.64
1942,2,strike,swarm,-15.56,11.29,0.79
1942,3,recover,bruiser,-15.69,12.30,0.43
1942,4,recover,pouncer,-15.37,9.44,2.60
1943,1,recover,swarm,-16.58,11.77,0.64
1943,2,strike,swarm,-15.42,11.38,0.80
1943,3,recover,bruiser,-15.69,12.30,0.43
1943,4,recover,pouncer,-15.37,9.44,2.60
1944,1,recover,swarm,-16.58,11.77,0.64
1944,2,strike,swarm,-15.39,11.40,0.81
1944,3,recover,bruiser,-15.69,12.30,0.43
1944,4,recover,pouncer,-15.37,9.44,2.60
1945,1,recover,swarm,-16.58,11.77,0.64
1945,2,strike,swarm,-15.24,11.51,0.86
1945,3,recover,bruiser,-15.69,12.30,0.43
1945,4,recover,pouncer,-15.37,9.44,2.60
1946,1,recover,swarm,-16.58,11.77,0.64
1946,2,strike,swarm,-15.20,11.54,0.88
1946,3,recover,bruiser,-15.69,12.30,0.43
1946,4,recover,pouncer,-15.37,9.44,2.60
1947,1,recover,swarm,-16.58,11.77,0.64
1947,2,strike,swarm,-15.06,11.63,0.96
1947,3,recover,bruiser,-15.69,12.30,0.43
1947,4,recover,pouncer,-15.37,9.44,2.60
1948,1,recover,swarm,-16.58,11.77,0.64
1948,2,strike,swarm,-15.02,11.67,0.99
1948,3,recover,bruiser,-15.69,12.30,0.43
1948,4,recover,pouncer,-15.37,9.44,2.60
1949,1,recover,swarm,-16.58,11.77,0.64
1949,2,strike,swarm,-14.88,11.77,1.10
1949,3,recover,bruiser,-15.69,12.30,0.43
1949,4,recover,pouncer,-15.37,9.44,2.60
1950,1,recover,swarm,-16.58,11.77,0.64
1950,2,recover,swarm,-14.85,11.81,1.13
1950,3,recover,bruiser,-15.69,12.30,0.43
1950,4,recover,pouncer,-15.37,9.44,2.60
1951,1,recover,swarm,-16.58,11.77,0.64
1951,2,recover,swarm,-14.85,11.81,1.13
1951,3,recover,bruiser,-15.69,12.30,0.43
1951,4,recover,pouncer,-15.37,9.44,2.60
1952,1,recover,swarm,-16.58,11.77,0.64
1952,2,recover,swarm,-14.85,11.81,1.13
1952,3,recover,bruiser,-15.69,12.30,0.43
1952,4,recover,pouncer,-15.37,9.44,2.60
1953,1,recover,swarm,-16.58,11.77,0.64
1953,2,recover,swarm,-14.85,11.81,1.13
1953,3,recover,bruiser,-15.69,12.30,0.43
1953,4,recover,pouncer,-15.37,9.44,2.60
1954,1,recover,swarm,-16.58,11.77,0.64
1954,2,recover,swarm,-14.85,11.81,1.13
1954,3,recover,bruiser,-15.69,12.30,0.43
1954,4,recover,pouncer,-15.37,9.44,2.60
1955,1,recover,swarm,-16.58,11.77,0.64
1955,2,recover,swarm,-14.85,11.81,1.13
1955,3,recover,bruiser,-15.69,12.30,0.43
1955,4,recover,pouncer,-15.37,9.44,2.60
1956,1,recover,swarm,-16.58,11.77,0.64
1956,2,recover,swarm,-14.85,11.81,1.13
1956,3,recover,bruiser,-15.69,12.30,0.43
1956,4,recover,pouncer,-15.37,9.44,2.60
1957,1,recover,swarm,-16.58,11.77,0.64
1957,2,recover,swarm,-14.85,11.81,1.13
1957,3,recover,bruiser,-15.69,12.30,0.43
1957,4,recover,pouncer,-15.37,9.44,2.60
1958,1,recover,swarm,-16.58,11.77,0.64
1958,2,recover,swarm,-14.85,11.81,1.13
1958,3,recover,bruiser,-15.69,12.30,0.43
1958,4,recover,pouncer,-15.37,9.44,2.60
1959,1,recover,swarm,-16.58,11.77,0.64
1959,2,recover,swarm,-14.85,11.81,1.13
1959,3,recover,bruiser,-15.69,12.30,0.43
1959,4,recover,pouncer,-15.37,9.44,2.60
1960,1,recover,swarm,-16.58,11.77,0.64
1960,2,recover,swarm,-14.85,11.81,1.13
1960,3,recover,bruiser,-15.69,12.30,0.43
1960,4,recover,pouncer,-15.37,9.44,2.60
1961,1,recover,swarm,-16.58,11.77,0.64
1961,2,recover,swarm,-14.85,11.81,1.13
1961,3,recover,bruiser,-15.69,12.30,0.43
1961,4,recover,pouncer,-15.37,9.44,2.60
1962,1,recover,swarm,-16.58,11.77,0.64
1962,2,recover,swarm,-14.85,11.81,1.13
1962,3,recover,bruiser,-15.69,12.30,0.43
1962,4,recover,pouncer,-15.37,9.44,2.60
1963,1,recover,swarm,-16.58,11.77,0.64
1963,2,recover,swarm,-14.85,11.81,1.13
1963,3,recover,bruiser,-15.69,12.30,0.43
1963,4,recover,pouncer,-15.37,9.44,2.60
1964,1,recover,swarm,-16.58,11.77,0.64
1964,2,recover,swarm,-14.85,11.81,1.13
1964,3,recover,bruiser,-15.69,12.30,0.43
1964,4,recover,pouncer,-15.37,9.44,2.60
1965,1,recover,swarm,-16.58,11.77,0.64
1965,2,recover,swarm,-14.85,11.81,1.13
1965,3,recover,bruiser,-15.69,12.30,0.43
1965,4,recover,pouncer,-15.37,9.44,2.60
1966,1,recover,swarm,-16.58,11.77,0.64
1966,2,recover,swarm,-14.85,11.81,1.13
1966,3,recover,bruiser,-15.69,12.30,0.43
1966,4,recover,pouncer,-15.37,9.44,2.60
1967,1,recover,swarm,-16.58,11.77,0.64
1967,2,recover,swarm,-14.85,11.81,1.13
1967,3,recover,bruiser,-15.69,12.30,0.43
1967,4,recover,pouncer,-15.37,9.44,2.60
1968,1,recover,swarm,-16.58,11.77,0.64
1968,2,recover,swarm,-14.85,11.81,1.13
1968,3,recover,bruiser,-15.69,12.30,0.43
1968,4,recover,pouncer,-15.37,9.44,2.60
1969,1,recover,swarm,-16.58,11.77,0.64
1969,2,recover,swarm,-14.85,11.81,1.13
1969,3,recover,bruiser,-15.69,12.30,0.43
1969,4,recover,pouncer,-15.37,9.44,2.60
1970,1,recover,swarm,-16.58,11.77,0.64
1970,2,recover,swarm,-14.85,11.81,1.13
1970,3,recover,bruiser,-15.69,12.30,0.43
1970,4,recover,pouncer,-15.37,9.44,2.60
1971,1,recover,swarm,-16.58,11.77,0.64
1971,2,recover,swarm,-14.85,11.81,1.13
1971,3,recover,bruiser,-15.69,12.30,0.43
1971,4,recover,pouncer,-15.37,9.44,2.60
1972,1,recover,swarm,-16.58,11.77,0.64
1972,2,recover,swarm,-14.85,11.81,1.13
1972,3,recover,bruiser,-15.69,12.30,0.43
1972,4,recover,pouncer,-15.37,9.44,2.60
1973,1,recover,swarm,-16.58,11.77,0.64
1973,2,recover,swarm,-14.85,11.81,1.13
1973,3,recover,bruiser,-15.69,12.30,0.43
1973,4,recover,pouncer,-15.37,9.44,2.60
1974,1,chase,swarm,-16.58,11.77,0.64
1974,2,recover,swarm,-14.85,11.81,1.13
1974,3,advance,bruiser,-15.69,12.30,0.43
1974,4,stalk,pouncer,-15.37,9.44,2.60
1975,1,windup,swarm,-16.58,11.77,0.64
1975,2,recover,swarm,-14.85,11.81,1.13
1975,3,windup,bruiser,-15.69,12.30,0.43
1975,4,crouch,pouncer,-15.28,9.42,2.64
1976,1,windup,swarm,-16.58,11.77,0.64
1976,2,recover,swarm,-14.85,11.81,1.13
1976,3,windup,bruiser,-15.69,12.30,0.43
1976,4,crouch,pouncer,-15.28,9.42,2.64
1977,1,windup,swarm,-16.58,11.77,0.64
1977,2,recover,swarm,-14.85,11.81,1.13
1977,3,windup,bruiser,-15.69,12.30,0.43
1977,4,crouch,pouncer,-15.28,9.42,2.64
1978,1,windup,swarm,-16.58,11.77,0.64
1978,2,chase,swarm,-14.85,11.81,1.13
1978,3,windup,bruiser,-15.69,12.30,0.43
1978,4,crouch,pouncer,-15.28,9.42,2.64
1979,1,windup,swarm,-16.58,11.77,0.64
1979,2,windup,swarm,-14.85,11.81,1.13
1979,3,windup,bruiser,-15.69,12.30,0.43
1979,4,crouch,pouncer,-15.28,9.42,2.64
1980,1,windup,swarm,-16.58,11.77,0.64
1980,2,windup,swarm,-14.85,11.81,1.13
1980,3,windup,bruiser,-15.69,12.30,0.43
1980,4,crouch,pouncer,-15.28,9.42,2.64
1981,1,windup,swarm,-16.58,11.77,0.64
1981,2,windup,swarm,-14.85,11.81,1.13
1981,3,windup,bruiser,-15.69,12.30,0.43
1981,4,crouch,pouncer,-15.28,9.42,2.64
1982,1,windup,swarm,-16.58,11.77,0.64
1982,2,windup,swarm,-14.85,11.81,1.13
1982,3,windup,bruiser,-15.69,12.30,0.43
1982,4,crouch,pouncer,-15.28,9.42,2.64
1983,1,windup,swarm,-16.58,11.77,0.64
1983,2,windup,swarm,-14.85,11.81,1.13
1983,3,windup,bruiser,-15.69,12.30,0.43
1983,4,crouch,pouncer,-15.28,9.42,2.64
1984,1,windup,swarm,-16.58,11.77,0.64
1984,2,windup,swarm,-14.85,11.81,1.13
1984,3,windup,bruiser,-15.69,12.30,0.43
1984,4,crouch,pouncer,-15.28,9.42,2.64
1985,1,windup,swarm,-16.58,11.77,0.64
1985,2,windup,swarm,-14.85,11.81,1.13
1985,3,windup,bruiser,-15.69,12.30,0.43
1985,4,crouch,pouncer,-15.28,9.42,2.64
1986,1,windup,swarm,-16.58,11.77,0.64
1986,2,windup,swarm,-14.85,11.81,1.13
1986,3,windup,bruiser,-15.69,12.30,0.43
1986,4,crouch,pouncer,-15.28,9.42,2.64
1987,1,windup,swarm,-16.58,11.77,0.64
1987,2,windup,swarm,-14.85,11.81,1.13
1987,3,windup,bruiser,-15.69,12.30,0.43
1987,4,crouch,pouncer,-15.28,9.42,2.64
1988,1,windup,swarm,-16.58,11.77,0.64
1988,2,windup,swarm,-14.85,11.81,1.13
1988,3,windup,bruiser,-15.69,12.30,0.43
1988,4,crouch,pouncer,-15.28,9.42,2.64
1989,1,windup,swarm,-16.58,11.77,0.64
1989,2,windup,swarm,-14.85,11.81,1.13
1989,3,windup,bruiser,-15.69,12.30,0.43
1989,4,crouch,pouncer,-15.28,9.42,2.64
1990,1,strike,swarm,-16.58,11.77,0.64
1990,2,windup,swarm,-14.85,11.81,1.13
1990,3,windup,bruiser,-15.69,12.30,0.43
1990,4,crouch,pouncer,-15.28,9.42,2.64
1991,1,strike,swarm,-16.44,11.78,0.51
1991,2,windup,swarm,-14.85,11.81,1.13
1991,3,windup,bruiser,-15.69,12.30,0.43
1991,4,crouch,pouncer,-15.28,9.42,2.64
1992,1,strike,swarm,-16.40,11.76,0.49
1992,2,windup,swarm,-14.85,11.81,1.13
1992,3,windup,bruiser,-15.69,12.30,0.43
1992,4,crouch,pouncer,-15.28,9.42,2.64
1993,1,strike,swarm,-16.28,11.69,0.42
1993,2,windup,swarm,-14.85,11.81,1.13
1993,3,windup,bruiser,-15.69,12.30,0.43
1993,4,crouch,pouncer,-15.28,9.42,2.64
1994,1,strike,swarm,-16.25,11.66,0.42
1994,2,strike,swarm,-14.85,11.81,1.13
1994,3,windup,bruiser,-15.69,12.30,0.43
1994,4,crouch,pouncer,-15.28,9.42,2.64
1995,1,strike,swarm,-16.14,11.54,0.46
1995,2,strike,swarm,-15.00,11.74,0.99
1995,3,windup,bruiser,-15.69,12.30,0.43
1995,4,crouch,pouncer,-15.28,9.42,2.64
1996,1,strike,swarm,-16.12,11.51,0.49
1996,2,strike,swarm,-15.01,11.70,0.99
1996,3,windup,bruiser,-15.69,12.30,0.43
1996,4,crouch,pouncer,-15.28,9.42,2.64
1997,1,strike,swarm,-16.02,11.33,0.65
1997,2,strike,swarm,-15.05,11.51,1.03
1997,3,windup,bruiser,-15.69,12.30,0.43
1997,4,crouch,pouncer,-15.28,9.42,2.64
1998,1,strike,swarm,-16.01,11.30,0.67
1998,2,strike,swarm,-15.06,11.47,1.04
1998,3,windup,bruiser,-15.69,12.30,0.43
1998,4,crouch,pouncer,-15.28,9.42,2.64
1999,1,strike,swarm,-15.93,11.15,0.82
1999,2,strike,swarm,-15.09,11.31,1.10
1999,3,windup,bruiser,-15.69,12.30,0.43
1999,4,crouch,pouncer,-15.28,9.42,2.64
2000,1,strike,swarm,-15.92,11.12,0.85
2000,2,strike,swarm,-15.08,11.34,1.09
2000,3,windup,bruiser,-15.69,12.30,0.43
2000,4,crouch,pouncer,-15.28,9.42,2.64
2001,1,strike,swarm,-15.83,11.03,0.95
2001,2,strike,swarm,-15.07,11.47,1.03
2001,3,windup,bruiser,-15.69,12.30,0.43
2001,4,crouch,pouncer,-15.28,9.42,2.64
2002,1,strike,swarm,-15.80,11.01,0.98
2002,2,strike,swarm,-15.06,11.50,1.02
2002,3,windup,bruiser,-15.69,12.30,0.43
2002,4,pounce,pouncer,-15.28,9.42,2.64
2003,1,strike,swarm,-15.67,10.94,1.08
2003,2,strike,swarm,-15.02,11.65,0.99
2003,3,windup,bruiser,-15.69,12.30,0.43
2003,4,pounce,pouncer,-15.34,9.64,2.41
2004,1,recover,swarm,-15.63,10.92,1.10
2004,2,strike,swarm,-15.03,11.69,0.98
2004,3,windup,bruiser,-15.69,12.30,0.43
2004,4,pounce,pouncer,-15.36,9.70,2.35
2005,1,recover,swarm,-15.63,10.92,1.10
2005,2,strike,swarm,-15.03,11.86,0.94
2005,3,windup,bruiser,-15.69,12.30,0.43
2005,4,pounce,pouncer,-15.42,9.94,2.10
2006,1,recover,swarm,-15.63,10.92,1.10
2006,2,strike,swarm,-15.02,11.83,0.96
2006,3,windup,bruiser,-15.69,12.30,0.43
2006,4,pounce,pouncer,-15.44,9.99,2.04
2007,1,recover,swarm,-15.63,10.92,1.10
2007,2,strike,swarm,-14.95,11.64,1.07
2007,3,windup,bruiser,-15.69,12.30,0.43
2007,4,pounce,pouncer,-15.57,10.28,1.73
2008,1,recover,swarm,-15.63,10.92,1.10
2008,2,recover,swarm,-14.96,11.66,1.05
2008,3,windup,bruiser,-15.69,12.30,0.43
2008,4,pounce,pouncer,-15.59,10.24,1.77
2009,1,recover,swarm,-15.63,10.92,1.10
2009,2,recover,swarm,-14.96,11.66,1.05
2009,3,windup,bruiser,-15.69,12.30,0.43
2009,4,pounce,pouncer,-15.62,10.19,1.81
2010,1,recover,swarm,-15.63,10.92,1.10
2010,2,recover,swarm,-14.96,11.66,1.05
2010,3,windup,bruiser,-15.69,12.30,0.43
2010,4,pounce,pouncer,-15.89,10.00,1.97
2011,1,recover,swarm,-15.63,10.92,1.10
2011,2,recover,swarm,-14.96,11.66,1.05
2011,3,windup,bruiser,-15.69,12.30,0.43
2011,4,pounce,pouncer,-16.09,10.14,1.84
2012,1,recover,swarm,-15.63,10.92,1.10
2012,2,recover,swarm,-14.96,11.66,1.05
2012,3,windup,bruiser,-15.69,12.30,0.43
2012,4,pounce,pouncer,-16.14,10.16,1.82
2013,1,recover,swarm,-15.63,10.92,1.10
2013,2,recover,swarm,-14.96,11.66,1.05
2013,3,windup,bruiser,-15.69,12.30,0.43
2013,4,pounce,pouncer,-16.32,10.25,1.76
2014,1,recover,swarm,-15.63,10.92,1.10
2014,2,recover,swarm,-14.96,11.66,1.05
2014,3,strike,bruiser,-15.69,12.30,0.43
2014,4,pounce,pouncer,-16.37,10.28,1.74
2015,1,recover,swarm,-15.63,10.92,1.10
2015,2,recover,swarm,-14.96,11.66,1.05
2015,3,strike,bruiser,-15.85,12.25,0.31
2015,4,pounce,pouncer,-16.60,10.45,1.64
2016,1,recover,swarm,-15.63,10.92,1.10
2016,2,recover,swarm,-14.96,11.66,1.05
2016,3,strike,bruiser,-15.87,12.24,0.29
2016,4,pounce,pouncer,-16.64,10.49,1.62
2017,1,recover,swarm,-15.63,10.92,1.10
2017,2,recover,swarm,-14.96,11.66,1.05
2017,3,strike,bruiser,-15.97,12.19,0.22
2017,4,pounce,pouncer,-16.76,10.65,1.54
2018,1,recover,swarm,-15.63,10.92,1.10
2018,2,recover,swarm,-14.96,11.66,1.05
2018,3,strike,bruiser,-16.00,12.17,0.20
2018,4,pounce,pouncer,-16.79,10.70,1.51
2019,1,recover,swarm,-15.63,10.92,1.10
2019,2,recover,swarm,-14.96,11.66,1.05
2019,3,strike,bruiser,-16.09,12.11,0.18
2019,4,pounce,pouncer,-16.88,10.88,1.43
2020,1,recover,swarm,-15.63,10.92,1.10
2020,2,recover,swarm,-14.96,11.66,1.05
2020,3,strike,bruiser,-16.11,12.09,0.19
2020,4,pounce,pouncer,-16.90,10.92,1.40
2021,1,recover,swarm,-15.63,10.92,1.10
2021,2,recover,swarm,-14.96,11.66,1.05
2021,3,strike,bruiser,-16.20,12.02,0.24
2021,4,pounce,pouncer,-16.96,11.11,1.31
2022,1,recover,swarm,-15.63,10.92,1.10
2022,2,recover,swarm,-14.96,11.66,1.05
2022,3,strike,bruiser,-16.21,12.00,0.25
2022,4,pounce,pouncer,-16.98,11.15,1.30
2023,1,recover,swarm,-15.63,10.92,1.10
2023,2,recover,swarm,-14.96,11.66,1.05
2023,3,strike,bruiser,-16.23,11.99,0.27
2023,4,pounce,pouncer,-17.00,11.19,1.30
2024,1,recover,swarm,-15.63,10.92,1.10
2024,2,recover,swarm,-14.96,11.66,1.05
2024,3,strike,bruiser,-16.36,11.88,0.41
2024,4,pounce,pouncer,-17.19,11.43,1.33
2025,1,recover,swarm,-15.63,10.92,1.10
2025,2,recover,swarm,-14.96,11.66,1.05
2025,3,strike,bruiser,-16.41,11.77,0.48
2025,4,recover,pouncer,-17.36,11.56,1.46
2026,1,recover,swarm,-15.63,10.92,1.10
2026,2,recover,swarm,-14.96,11.66,1.05
2026,3,strike,bruiser,-16.42,11.74,0.50
2026,4,recover,pouncer,-17.36,11.56,1.46
2027,1,recover,swarm,-15.63,10.92,1.10
2027,2,recover,swarm,-14.96,11.66,1.05
2027,3,strike,bruiser,-16.43,11.72,0.52
2027,4,recover,pouncer,-17.36,11.56,1.46
2028,1,recover,swarm,-15.63,10.92,1.10
2028,2,recover,swarm,-14.96,11.66,1.05
2028,3,strike,bruiser,-16.47,11.63,0.61
2028,4,recover,pouncer,-17.36,11.56,1.46
2029,1,recover,swarm,-15.63,10.92,1.10
2029,2,recover,swarm,-14.96,11.66,1.05
2029,3,strike,bruiser,-16.51,11.49,0.73
2029,4,recover,pouncer,-17.36,11.56,1.46
2030,1,recover,swarm,-15.63,10.92,1.10
2030,2,recover,swarm,-14.96,11.66,1.05
2030,3,strike,bruiser,-16.52,11.47,0.75
2030,4,recover,pouncer,-17.36,11.56,1.46
2031,1,recover,swarm,-15.63,10.92,1.10
2031,2,recover,swarm,-14.96,11.66,1.05
2031,3,strike,bruiser,-16.56,11.31,0.89
2031,4,recover,pouncer,-17.36,11.56,1.46
2032,1,recover,swarm,-15.63,10.92,1.10
2032,2,recover,swarm,-14.96,11.66,1.05
2032,3,recover,bruiser,-16.57,11.29,0.91
2032,4,recover,pouncer,-17.36,11.56,1.46
2033,1,recover,swarm,-15.63,10.92,1.10
2033,2,recover,swarm,-14.96,11.66,1.05
2033,3,recover,bruiser,-16.57,11.29,0.91
2033,4,recover,pouncer,-17.36,11.56,1.46
2034,1,recover,swarm,-15.63,10.92,1.10
2034,2,recover,swarm,-14.96,11.66,1.05
2034,3,recover,bruiser,-16.57,11.29,0.91
2034,4,recover,pouncer,-17.36,11.56,1.46
2035,1,recover,swarm,-15.63,10.92,1.10
2035,2,recover,swarm,-14.96,11.66,1.05
2035,3,recover,bruiser,-16.57,11.29,0.91
2035,4,recover,pouncer,-17.36,11.56,1.46
2036,1,recover,swarm,-15.63,10.92,1.10
2036,2,recover,swarm,-14.96,11.66,1.05
2036,3,recover,bruiser,-16.57,11.29,0.91
2036,4,recover,pouncer,-17.36,11.56,1.46
2037,1,recover,swarm,-15.63,10.92,1.10
2037,2,recover,swarm,-14.96,11.66,1.05
2037,3,recover,bruiser,-16.57,11.29,0.91
2037,4,recover,pouncer,-17.36,11.56,1.46
2038,1,recover,swarm,-15.63,10.92,1.10
2038,2,recover,swarm,-14.96,11.66,1.05
2038,3,recover,bruiser,-16.57,11.29,0.91
2038,4,recover,pouncer,-17.36,11.56,1.46
2039,1,recover,swarm,-15.63,10.92,1.10
2039,2,recover,swarm,-14.96,11.66,1.05
2039,3,recover,bruiser,-16.57,11.29,0.91
2039,4,recover,pouncer,-17.36,11.56,1.46
2040,1,recover,swarm,-15.63,10.92,1.10
2040,2,recover,swarm,-14.96,11.66,1.05
2040,3,recover,bruiser,-16.57,11.29,0.91
2040,4,recover,pouncer,-17.36,11.56,1.46
2041,1,recover,swarm,-15.63,10.92,1.10
2041,2,recover,swarm,-14.96,11.66,1.05
2041,3,recover,bruiser,-16.57,11.29,0.91
2041,4,recover,pouncer,-17.36,11.56,1.46
2042,1,recover,swarm,-15.63,10.92,1.10
2042,2,recover,swarm,-14.96,11.66,1.05
2042,3,recover,bruiser,-16.57,11.29,0.91
2042,4,recover,pouncer,-17.36,11.56,1.46
2043,1,recover,swarm,-15.63,10.92,1.10
2043,2,recover,swarm,-14.96,11.66,1.05
2043,3,recover,bruiser,-16.57,11.29,0.91
2043,4,recover,pouncer,-17.36,11.56,1.46
2044,1,recover,swarm,-15.63,10.92,1.10
2044,2,recover,swarm,-14.96,11.66,1.05
2044,3,recover,bruiser,-16.57,11.29,0.91
2044,4,recover,pouncer,-17.36,11.56,1.46
2045,1,recover,swarm,-15.63,10.92,1.10
2045,2,recover,swarm,-14.96,11.66,1.05
2045,3,recover,bruiser,-16.57,11.29,0.91
2045,4,recover,pouncer,-17.36,11.56,1.46
2046,1,chase,swarm,-15.63,10.92,1.10
2046,2,recover,swarm,-14.96,11.66,1.05
2046,3,recover,bruiser,-16.57,11.29,0.91
2046,4,recover,pouncer,-17.36,11.56,1.46
2047,1,windup,swarm,-15.63,10.92,1.10
2047,2,recover,swarm,-14.96,11.66,1.05
2047,3,recover,bruiser,-16.57,11.29,0.91
2047,4,recover,pouncer,-17.36,11.56,1.46
2048,1,windup,swarm,-15.63,10.92,1.10
2048,2,recover,swarm,-14.96,11.66,1.05
2048,3,recover,bruiser,-16.57,11.29,0.91
2048,4,recover,pouncer,-17.36,11.56,1.46
2049,1,windup,swarm,-15.63,10.92,1.10
2049,2,recover,swarm,-14.96,11.66,1.05
2049,3,recover,bruiser,-16.57,11.29,0.91
2049,4,recover,pouncer,-17.36,11.56,1.46
2050,1,windup,swarm,-15.63,10.92,1.10
2050,2,recover,swarm,-14.96,11.66,1.05
2050,3,recover,bruiser,-16.57,11.29,0.91
2050,4,recover,pouncer,-17.36,11.56,1.46
2051,1,windup,swarm,-15.63,10.92,1.10
2051,2,recover,swarm,-14.96,11.66,1.05
2051,3,recover,bruiser,-16.57,11.29,0.91
2051,4,recover,pouncer,-17.36,11.56,1.46
2052,1,windup,swarm,-15.63,10.92,1.10
2052,2,chase,swarm,-14.96,11.66,1.05
2052,3,recover,bruiser,-16.57,11.29,0.91
2052,4,recover,pouncer,-17.36,11.56,1.46
2053,1,windup,swarm,-15.63,10.92,1.10
2053,2,windup,swarm,-14.96,11.66,1.05
2053,3,recover,bruiser,-16.57,11.29,0.91
2053,4,recover,pouncer,-17.36,11.56,1.46
2054,1,windup,swarm,-15.63,10.92,1.10
2054,2,windup,swarm,-14.96,11.66,1.05
2054,3,recover,bruiser,-16.57,11.29,0.91
2054,4,recover,pouncer,-17.36,11.56,1.46
2055,1,windup,swarm,-15.63,10.92,1.10
2055,2,windup,swarm,-14.96,11.66,1.05
2055,3,recover,bruiser,-16.57,11.29,0.91
2055,4,recover,pouncer,-17.36,11.56,1.46
2056,1,windup,swarm,-15.63,10.92,1.10
2056,2,windup,swarm,-14.96,11.66,1.05
2056,3,recover,bruiser,-16.57,11.29,0.91
2056,4,recover,pouncer,-17.36,11.56,1.46
2057,1,windup,swarm,-15.63,10.92,1.10
2057,2,windup,swarm,-14.96,11.66,1.05
2057,3,recover,bruiser,-16.57,11.29,0.91
2057,4,recover,pouncer,-17.36,11.56,1.46
2058,1,windup,swarm,-15.63,10.92,1.10
2058,2,windup,swarm,-14.96,11.66,1.05
2058,3,recover,bruiser,-16.57,11.29,0.91
2058,4,recover,pouncer,-17.36,11.56,1.46
2059,1,windup,swarm,-15.63,10.92,1.10
2059,2,windup,swarm,-14.96,11.66,1.05
2059,3,recover,bruiser,-16.57,11.29,0.91
2059,4,recover,pouncer,-17.36,11.56,1.46
2060,1,windup,swarm,-15.63,10.92,1.10
2060,2,windup,swarm,-14.96,11.66,1.05
2060,3,recover,bruiser,-16.57,11.29,0.91
2060,4,recover,pouncer,-17.36,11.56,1.46
2061,1,windup,swarm,-15.63,10.92,1.10
2061,2,windup,swarm,-14.96,11.66,1.05
2061,3,recover,bruiser,-16.57,11.29,0.91
2061,4,recover,pouncer,-17.36,11.56,1.46
2062,1,windup,swarm,-15.63,10.92,1.10
2062,2,windup,swarm,-14.96,11.66,1.05
2062,3,recover,bruiser,-16.57,11.29,0.91
2062,4,recover,pouncer,-17.36,11.56,1.46
2063,1,strike,swarm,-15.63,10.92,1.10
2063,2,windup,swarm,-14.96,11.66,1.05
2063,3,recover,bruiser,-16.57,11.29,0.91
2063,4,recover,pouncer,-17.36,11.56,1.46
2064,1,strike,swarm,-15.64,10.95,1.07
2064,2,windup,swarm,-14.96,11.66,1.05
2064,3,recover,bruiser,-16.57,11.29,0.91
2064,4,recover,pouncer,-17.36,11.56,1.46
2065,1,strike,swarm,-15.78,11.21,0.78
2065,2,windup,swarm,-14.96,11.66,1.05
2065,3,recover,bruiser,-16.57,11.29,0.91
2065,4,recover,pouncer,-17.36,11.56,1.46
2066,1,strike,swarm,-15.78,11.25,0.75
2066,2,windup,swarm,-14.96,11.66,1.05
2066,3,recover,bruiser,-16.57,11.29,0.91
2066,4,recover,pouncer,-17.36,11.56,1.46
2067,1,strike,swarm,-15.77,11.40,0.60
2067,2,strike,swarm,-14.96,11.66,1.05
2067,3,recover,bruiser,-16.57,11.29,0.91
2067,4,recover,pouncer,-17.36,11.56,1.46
2068,1,strike,swarm,-15.78,11.43,0.57
2068,2,strike,swarm,-14.97,11.70,1.04
2068,3,recover,bruiser,-16.57,11.29,0.91
2068,4,recover,pouncer,-17.36,11.56,1.46
2069,1,strike,swarm,-15.86,11.81,0.19
2069,2,strike,swarm,-15.04,12.08,0.93
2069,3,recover,bruiser,-16.57,11.29,0.91
2069,4,recover,pouncer,-17.36,11.56,1.46
2070,1,strike,swarm,-15.87,11.84,0.16
2070,2,strike,swarm,-15.05,12.11,0.93
2070,3,recover,bruiser,-16.57,11.29,0.91
2070,4,recover,pouncer,-17.36,11.56,1.46
2071,1,strike,swarm,-15.95,12.04,0.07
2071,2,strike,swarm,-15.10,12.32,0.94
2071,3,recover,bruiser,-16.57,11.29,0.91
2071,4,recover,pouncer,-17.36,11.56,1.46
2072,1,recover,swarm,-15.97,12.07,0.10
2072,2,strike,swarm,-15.11,12.35,0.94
2072,3,recover,bruiser,-16.57,11.29,0.91
2072,4,recover,pouncer,-17.36,11.56,1.46
2073,1,recover,swarm,-15.97,12.07,0.10
2073,2,strike,swarm,-15.23,12.67,1.01
2073,3,recover,bruiser,-16.57,11.29,0.91
2073,4,recover,pouncer,-17.36,11.56,1.46
2074,1,recover,swarm,-15.97,12.07,0.10
2074,2,strike,swarm,-15.25,12.70,1.02
2074,3,recover,bruiser,-16.57,11.29,0.91
2074,4,recover,pouncer,-17.36,11.56,1.46
2075,1,recover,swarm,-15.97,12.07,0.10
2075,2,strike,swarm,-15.32,12.83,1.07
2075,3,recover,bruiser,-16.57,11.29,0.91
2075,4,recover,pouncer,-17.36,11.56,1.46
2076,1,recover,swarm,-15.97,12.07,0.10
2076,2,recover,swarm,-15.34,12.86,1.08
2076,3,recover,bruiser,-16.57,11.29,0.91
2076,4,recover,pouncer,-17.36,11.56,1.46
2077,1,recover,swarm,-15.97,12.07,0.10
2077,2,recover,swarm,-15.34,12.86,1.08
2077,3,recover,bruiser,-16.57,11.29,0.91
2077,4,recover,pouncer,-17.36,11.56,1.46
2078,1,recover,swarm,-15.97,12.07,0.10
2078,2,recover,swarm,-15.34,12.86,1.08
2078,3,recover,bruiser,-16.57,11.29,0.91
2078,4,recover,pouncer,-17.36,11.56,1.46
2079,1,recover,swarm,-15.97,12.07,0.10
2079,2,recover,swarm,-15.34,12.86,1.08
2079,3,recover,bruiser,-16.57,11.29,0.91
2079,4,recover,pouncer,-17.36,11.56,1.46
2080,1,recover,swarm,-15.97,12.07,0.10
2080,2,recover,swarm,-15.34,12.86,1.08
2080,3,recover,bruiser,-16.57,11.29,0.91
2080,4,recover,pouncer,-17.36,11.56,1.46
2081,1,recover,swarm,-15.97,12.07,0.10
2081,2,recover,swarm,-15.34,12.86,1.08
2081,3,recover,bruiser,-16.57,11.29,0.91
2081,4,recover,pouncer,-17.36,11.56,1.46
2082,1,recover,swarm,-15.97,12.07,0.10
2082,2,recover,swarm,-15.34,12.86,1.08
2082,3,recover,bruiser,-16.57,11.29,0.91
2082,4,recover,pouncer,-17.36,11.56,1.46
2083,1,recover,swarm,-15.97,12.07,0.10
2083,2,recover,swarm,-15.34,12.86,1.08
2083,3,recover,bruiser,-16.57,11.29,0.91
2083,4,recover,pouncer,-17.36,11.56,1.46
2084,1,recover,swarm,-15.97,12.07,0.10
2084,2,recover,swarm,-15.34,12.86,1.08
2084,3,recover,bruiser,-16.57,11.29,0.91
2084,4,recover,pouncer,-17.36,11.56,1.46
2085,1,recover,swarm,-15.97,12.07,0.10
2085,2,recover,swarm,-15.34,12.86,1.08
2085,3,recover,bruiser,-16.57,11.29,0.91
2085,4,recover,pouncer,-17.36,11.56,1.46
2086,1,recover,swarm,-15.97,12.07,0.10
2086,2,recover,swarm,-15.34,12.86,1.08
2086,3,recover,bruiser,-16.57,11.29,0.91
2086,4,recover,pouncer,-17.36,11.56,1.46
2087,1,recover,swarm,-15.97,12.07,0.10
2087,2,recover,swarm,-15.34,12.86,1.08
2087,3,recover,bruiser,-16.57,11.29,0.91
2087,4,recover,pouncer,-17.36,11.56,1.46
2088,1,recover,swarm,-15.97,12.07,0.10
2088,2,recover,swarm,-15.34,12.86,1.08
2088,3,recover,bruiser,-16.57,11.29,0.91
2088,4,recover,pouncer,-17.36,11.56,1.46
2089,1,recover,swarm,-15.97,12.07,0.10
2089,2,recover,swarm,-15.34,12.86,1.08
2089,3,recover,bruiser,-16.57,11.29,0.91
2089,4,recover,pouncer,-17.36,11.56,1.46
2090,1,recover,swarm,-15.97,12.07,0.10
2090,2,recover,swarm,-15.34,12.86,1.08
2090,3,recover,bruiser,-16.57,11.29,0.91
2090,4,recover,pouncer,-17.36,11.56,1.46
2091,1,recover,swarm,-15.97,12.07,0.10
2091,2,recover,swarm,-15.34,12.86,1.08
2091,3,recover,bruiser,-16.57,11.29,0.91
2091,4,recover,pouncer,-17.36,11.56,1.46
2092,1,recover,swarm,-15.97,12.07,0.10
2092,2,recover,swarm,-15.34,12.86,1.08
2092,3,recover,bruiser,-16.57,11.29,0.91
2092,4,recover,pouncer,-17.36,11.56,1.46
2093,1,recover,swarm,-15.97,12.07,0.10
2093,2,recover,swarm,-15.34,12.86,1.08
2093,3,recover,bruiser,-16.57,11.29,0.91
2093,4,recover,pouncer,-17.36,11.56,1.46
2094,1,recover,swarm,-15.97,12.07,0.10
2094,2,recover,swarm,-15.34,12.86,1.08
2094,3,recover,bruiser,-16.57,11.29,0.91
2094,4,stalk,pouncer,-17.36,11.56,1.46
2095,1,recover,swarm,-15.97,12.07,0.10
2095,2,recover,swarm,-15.34,12.86,1.08
2095,3,recover,bruiser,-16.57,11.29,0.91
2095,4,crouch,pouncer,-17.43,11.52,1.53
2096,1,recover,swarm,-15.97,12.07,0.10
2096,2,recover,swarm,-15.34,12.86,1.08
2096,3,advance,bruiser,-16.57,11.29,0.91
2096,4,crouch,pouncer,-17.43,11.52,1.53
2097,1,recover,swarm,-15.97,12.07,0.10
2097,2,recover,swarm,-15.34,12.86,1.08
2097,3,windup,bruiser,-16.57,11.29,0.91
2097,4,crouch,pouncer,-17.43,11.52,1.53
2098,1,recover,swarm,-15.97,12.07,0.10
2098,2,recover,swarm,-15.34,12.86,1.08
2098,3,windup,bruiser,-16.57,11.29,0.91
2098,4,crouch,pouncer,-17.43,11.52,1.53
2099,1,recover,swarm,-15.97,12.07,0.10
2099,2,recover,swarm,-15.34,12.86,1.08
2099,3,windup,bruiser,-16.57,11.29,0.91
2099,4,crouch,pouncer,-17.43,11.52,1.53
2100,1,recover,swarm,-15.97,12.07,0.10
2100,2,recover,swarm,-15.34,12.86,1.08
2100,3,windup,bruiser,-16.57,11.29,0.91
2100,4,crouch,pouncer,-17.43,11.52,1.53
2101,1,recover,swarm,-15.97,12.07,0.10
2101,2,recover,swarm,-15.34,12.86,1.08
2101,3,windup,bruiser,-16.57,11.29,0.91
2101,4,crouch,pouncer,-17.43,11.52,1.53
2102,1,recover,swarm,-15.97,12.07,0.10
2102,2,recover,swarm,-15.34,12.86,1.08
2102,3,windup,bruiser,-16.57,11.29,0.91
2102,4,crouch,pouncer,-17.43,11.52,1.53
2103,1,recover,swarm,-15.97,12.07,0.10
2103,2,recover,swarm,-15.34,12.86,1.08
2103,3,windup,bruiser,-16.57,11.29,0.91
2103,4,crouch,pouncer,-17.43,11.52,1.53
2104,1,recover,swarm,-15.97,12.07,0.10
2104,2,recover,swarm,-15.34,12.86,1.08
2104,3,windup,bruiser,-16.57,11.29,0.91
2104,4,crouch,pouncer,-17.43,11.52,1.53
2105,1,recover,swarm,-15.97,12.07,0.10
2105,2,recover,swarm,-15.34,12.86,1.08
2105,3,windup,bruiser,-16.57,11.29,0.91
2105,4,crouch,pouncer,-17.43,11.52,1.53
2106,1,recover,swarm,-15.97,12.07,0.10
2106,2,recover,swarm,-15.34,12.86,1.08
2106,3,windup,bruiser,-16.57,11.29,0.91
2106,4,crouch,pouncer,-17.43,11.52,1.53
2107,1,recover,swarm,-15.97,12.07,0.10
2107,2,recover,swarm,-15.34,12.86,1.08
2107,3,windup,bruiser,-16.57,11.29,0.91
2107,4,crouch,pouncer,-17.43,11.52,1.53
2108,1,recover,swarm,-15.97,12.07,0.10
2108,2,recover,swarm,-15.34,12.86,1.08
2108,3,windup,bruiser,-16.57,11.29,0.91
2108,4,crouch,pouncer,-17.43,11.52,1.53
2109,1,recover,swarm,-15.97,12.07,0.10
2109,2,recover,swarm,-15.34,12.86,1.08
2109,3,windup,bruiser,-16.57,11.29,0.91
2109,4,crouch,pouncer,-17.43,11.52,1.53
2110,1,recover,swarm,-15.97,12.07,0.10
2110,2,recover,swarm,-15.34,12.86,1.08
2110,3,windup,bruiser,-16.57,11.29,0.91
2110,4,crouch,pouncer,-17.43,11.52,1.53
2111,1,recover,swarm,-15.97,12.07,0.10
2111,2,recover,swarm,-15.34,12.86,1.08
2111,3,windup,bruiser,-16.57,11.29,0.91
2111,4,crouch,pouncer,-17.43,11.52,1.53
2112,1,recover,swarm,-15.97,12.07,0.10
2112,2,recover,swarm,-15.34,12.86,1.08
2112,3,windup,bruiser,-16.57,11.29,0.91
2112,4,crouch,pouncer,-17.43,11.52,1.53
2113,1,recover,swarm,-15.97,12.07,0.10
2113,2,recover,swarm,-15.34,12.86,1.08
2113,3,windup,bruiser,-16.57,11.29,0.91
2113,4,crouch,pouncer,-17.43,11.52,1.53
2114,1,chase,swarm,-15.97,12.07,0.10
2114,2,recover,swarm,-15.34,12.86,1.08
2114,3,windup,bruiser,-16.57,11.29,0.91
2114,4,crouch,pouncer,-17.43,11.52,1.53
2115,1,windup,swarm,-15.97,12.07,0.10
2115,2,recover,swarm,-15.34,12.86,1.08
2115,3,windup,bruiser,-16.57,11.29,0.91
2115,4,crouch,pouncer,-17.43,11.52,1.53
2116,1,windup,swarm,-15.97,12.07,0.10
2116,2,recover,swarm,-15.34,12.86,1.08
2116,3,windup,bruiser,-16.57,11.29,0.91
2116,4,crouch,pouncer,-17.43,11.52,1.53
2117,1,windup,swarm,-15.97,12.07,0.10
2117,2,recover,swarm,-15.34,12.86,1.08
2117,3,windup,bruiser,-16.57,11.29,0.91
2117,4,crouch,pouncer,-17.43,11.52,1.53
2118,1,windup,swarm,-15.97,12.07,0.10
2118,2,recover,swarm,-15.34,12.86,1.08
2118,3,windup,bruiser,-16.57,11.29,0.91
2118,4,crouch,pouncer,-17.43,11.52,1.53
2119,1,windup,swarm,-15.97,12.07,0.10
2119,2,recover,swarm,-15.34,12.86,1.08
2119,3,windup,bruiser,-16.57,11.29,0.91
2119,4,crouch,pouncer,-17.43,11.52,1.53
2120,1,windup,swarm,-15.97,12.07,0.10
2120,2,chase,swarm,-15.34,12.86,1.08
2120,3,windup,bruiser,-16.57,11.29,0.91
2120,4,crouch,pouncer,-17.43,11.52,1.53
2121,1,windup,swarm,-15.97,12.07,0.10
2121,2,windup,swarm,-15.34,12.86,1.08
2121,3,windup,bruiser,-16.57,11.29,0.91
2121,4,crouch,pouncer,-17.43,11.52,1.53
2122,1,windup,swarm,-15.97,12.07,0.10
2122,2,windup,swarm,-15.34,12.86,1.08
2122,3,windup,bruiser,-16.57,11.29,0.91
2122,4,pounce,pouncer,-17.43,11.52,1.53
2123,1,windup,swarm,-15.97,12.07,0.10
2123,2,windup,swarm,-15.34,12.86,1.08
2123,3,windup,bruiser,-16.57,11.29,0.91
2123,4,pounce,pouncer,-17.37,11.71,1.42
2124,1,windup,swarm,-15.97,12.07,0.10
2124,2,windup,swarm,-15.34,12.86,1.08
2124,3,windup,bruiser,-16.57,11.29,0.91
2124,4,pounce,pouncer,-17.35,11.77,1.39
2125,1,windup,swarm,-15.97,12.07,0.10
2125,2,windup,swarm,-15.34,12.86,1.08
2125,3,windup,bruiser,-16.57,11.29,0.91
2125,4,pounce,pouncer,-17.23,12.04,1.27
2126,1,windup,swarm,-15.97,12.07,0.10
2126,2,windup,swarm,-15.34,12.86,1.08
2126,3,windup,bruiser,-16.57,11.29,0.91
2126,4,pounce,pouncer,-17.20,12.09,1.24
2127,1,windup,swarm,-15.97,12.07,0.10
2127,2,windup,swarm,-15.34,12.86,1.08
2127,3,windup,bruiser,-16.57,11.29,0.91
2127,4,pounce,pouncer,-17.08,12.28,1.16
2128,1,windup,swarm,-15.97,12.07,0.10
2128,2,windup,swarm,-15.34,12.86,1.08
2128,3,windup,bruiser,-16.57,11.29,0.91
2128,4,pounce,pouncer,-17.04,12.33,1.14
2129,1,windup,swarm,-15.97,12.07,0.10
2129,2,windup,swarm,-15.34,12.86,1.08
2129,3,windup,bruiser,-16.57,11.29,0.91
2129,4,pounce,pouncer,-16.89,12.55,1.10
2130,1,strike,swarm,-15.97,12.07,0.10
2130,2,windup,swarm,-15.34,12.86,1.08
2130,3,windup,bruiser,-16.57,11.29,0.91
2130,4,pounce,pouncer,-16.86,12.59,1.09
2131,1,strike,swarm,-15.91,11.93,0.07
2131,2,windup,swarm,-15.34,12.86,1.08
2131,3,windup,bruiser,-16.57,11.29,0.91
2131,4,pounce,pouncer,-16.70,12.78,1.09
2132,1,strike,swarm,-15.89,11.89,0.10
2132,2,windup,swarm,-15.34,12.86,1.08
2132,3,windup,bruiser,-16.57,11.29,0.91
2132,4,pounce,pouncer,-16.66,12.80,1.08
2133,1,strike,swarm,-15.80,11.74,0.28
2133,2,windup,swarm,-15.34,12.86,1.08
2133,3,windup,bruiser,-16.57,11.29,0.91
2133,4,pounce,pouncer,-16.42,12.94,1.07
2134,1,strike,swarm,-15.78,11.71,0.32
2134,2,windup,swarm,-15.34,12.86,1.08
2134,3,windup,bruiser,-16.57,11.29,0.91
2134,4,pounce,pouncer,-16.37,12.97,1.08
2135,1,strike,swarm,-15.67,11.59,0.48
2135,2,strike,swarm,-15.34,12.86,1.08
2135,3,strike,bruiser,-16.57,11.29,0.91
2135,4,pounce,pouncer,-16.18,13.12,1.17
2136,1,strike,swarm,-15.65,11.57,0.51
2136,2,strike,swarm,-15.34,12.83,1.06
2136,3,strike,bruiser,-16.57,11.31,0.89
2136,4,pounce,pouncer,-16.17,13.17,1.21
2137,1,strike,swarm,-15.43,11.31,0.85
2137,2,strike,swarm,-15.29,12.49,0.86
2137,3,strike,bruiser,-16.57,11.59,0.71
2137,4,pounce,pouncer,-16.00,13.64,1.67
2138,1,strike,swarm,-15.42,11.27,0.88
2138,2,strike,swarm,-15.31,12.47,0.82
2138,3,strike,bruiser,-16.55,11.62,0.68
2138,4,pounce,pouncer,-15.94,13.65,1.68
2139,1,strike,swarm,-15.39,11.12,1.03
2139,2,strike,swarm,-15.42,12.35,0.66
2139,3,strike,bruiser,-16.49,11.74,0.57
2139,4,pounce,pouncer,-15.72,13.72,1.77
2140,1,strike,swarm,-15.39,11.09,1.06
2140,2,strike,swarm,-15.44,12.32,0.63
2140,3,strike,bruiser,-16.47,11.76,0.55
2140,4,pounce,pouncer,-15.67,13.74,1.79
2141,1,strike,swarm,-15.38,10.96,1.17
2141,2,strike,swarm,-15.51,12.22,0.52
2141,3,strike,bruiser,-16.42,11.85,0.47
2141,4,pounce,pouncer,-15.49,13.79,1.88
2142,1,recover,swarm,-15.38,10.93,1.20
2142,2,strike,swarm,-15.51,12.18,0.51
2142,3,strike,bruiser,-16.41,11.88,0.46
2142,4,recover,pouncer,-15.44,13.81,1.91
2143,1,recover,swarm,-15.38,10.93,1.20
2143,2,strike,swarm,-15.47,11.90,0.50
2143,3,strike,bruiser,-16.41,12.12,0.47
2143,4,recover,pouncer,-15.44,13.81,1.91
2144,1,recover,swarm,-15.38,10.93,1.20
2144,2,strike,swarm,-15.47,11.85,0.51
2144,3,strike,bruiser,-16.41,12.16,0.48
2144,4,recover,pouncer,-15.44,13.81,1.91
2145,1,recover,swarm,-15.38,10.93,1.20
2145,2,strike,swarm,-15.49,11.74,0.53
2145,3,strike,bruiser,-16.40,12.25,0.52
2145,4,recover,pouncer,-15.44,13.81,1.91
2146,1,recover,swarm,-15.38,10.93,1.20
2146,2,recover,swarm,-15.52,11.73,0.51
2146,3,strike,bruiser,-16.39,12.28,0.53
2146,4,recover,pouncer,-15.44,13.81,1.91
2147,1,recover,swarm,-15.38,10.93,1.20
2147,2,recover,swarm,-15.52,11.73,0.51
2147,3,strike,bruiser,-16.34,12.53,0.67
2147,4,recover,pouncer,-15.44,13.81,1.91
2148,1,recover,swarm,-15.38,10.93,1.20
2148,2,recover,swarm,-15.52,11.73,0.51
2148,3,recover,bruiser,-16.33,12.55,0.69
2148,4,recover,pouncer,-15.44,13.81,1.91
2149,1,recover,swarm,-15.38,10.93,1.20
2149,2,recover,swarm,-15.52,11.73,0.51
2149,3,recover,bruiser,-16.33,12.55,0.69
2149,4,recover,pouncer,-15.44,13.81,1.91
2150,1,recover,swarm,-15.38,10.93,1.20
2150,2,recover,swarm,-15.52,11.73,0.51
2150,3,recover,bruiser,-16.33,12.55,0.69
2150,4,recover,pouncer,-15.44,13.81,1.91
2151,1,recover,swarm,-15.38,10.93,1.20
2151,2,recover,swarm,-15.52,11.73,0.51
2151,3,recover,bruiser,-16.33,12.55,0.69
2151,4,recover,pouncer,-15.44,13.81,1.91
2152,1,recover,swarm,-15.38,10.93,1.20
2152,2,recover,swarm,-15.52,11.73,0.51
2152,3,recover,bruiser,-16.33,12.55,0.69
2152,4,recover,pouncer,-15.44,13.81,1.91
2153,1,recover,swarm,-15.38,10.93,1.20
2153,2,recover,swarm,-15.52,11.73,0.51
2153,3,recover,bruiser,-16.33,12.55,0.69
2153,4,recover,pouncer,-15.44,13.81,1.91
2154,1,recover,swarm,-15.38,10.93,1.20
2154,2,recover,swarm,-15.52,11.73,0.51
2154,3,recover,bruiser,-16.33,12.55,0.69
2154,4,recover,pouncer,-15.44,13.81,1.91
2155,1,recover,swarm,-15.38,10.93,1.20
2155,2,recover,swarm,-15.52,11.73,0.51
2155,3,recover,bruiser,-16.33,12.55,0.69
2155,4,recover,pouncer,-15.44,13.81,1.91
2156,1,recover,swarm,-15.38,10.93,1.20
2156,2,recover,swarm,-15.52,11.73,0.51
2156,3,recover,bruiser,-16.33,12.55,0.69
2156,4,recover,pouncer,-15.44,13.81,1.91
2157,1,recover,swarm,-15.38,10.93,1.20
2157,2,recover,swarm,-15.52,11.73,0.51
2157,3,recover,bruiser,-16.33,12.55,0.69
2157,4,recover,pouncer,-15.44,13.81,1.91
2158,1,recover,swarm,-15.38,10.93,1.20
2158,2,recover,swarm,-15.52,11.73,0.51
2158,3,recover,bruiser,-16.33,12.55,0.69
2158,4,recover,pouncer,-15.44,13.81,1.91
2159,1,recover,swarm,-15.38,10.93,1.20
2159,2,recover,swarm,-15.52,11.73,0.51
2159,3,recover,bruiser,-16.33,12.55,0.69
2159,4,recover,pouncer,-15.44,13.81,1.91
2160,1,recover,swarm,-15.38,10.93,1.20
2160,2,recover,swarm,-15.52,11.73,0.51
2160,3,recover,bruiser,-16.33,12.55,0.69
2160,4,recover,pouncer,-15.44,13.81,1.91
2161,1,recover,swarm,-15.38,10.93,1.20
2161,2,recover,swarm,-15.52,11.73,0.51
2161,3,recover,bruiser,-16.33,12.55,0.69
2161,4,recover,pouncer,-15.44,13.81,1.91
2162,1,recover,swarm,-15.38,10.93,1.20
2162,2,recover,swarm,-15.52,11.73,0.51
2162,3,recover,bruiser,-16.33,12.55,0.69
2162,4,recover,pouncer,-15.44,13.81,1.91
2163,1,recover,swarm,-15.38,10.93,1.20
2163,2,recover,swarm,-15.52,11.73,0.51
2163,3,recover,bruiser,-16.33,12.55,0.69
2163,4,recover,pouncer,-15.44,13.81,1.91
2164,1,recover,swarm,-15.38,10.93,1.20
2164,2,recover,swarm,-15.52,11.73,0.51
2164,3,recover,bruiser,-16.33,12.55,0.69
2164,4,recover,pouncer,-15.44,13.81,1.91
2165,1,recover,swarm,-15.38,10.93,1.20
2165,2,recover,swarm,-15.52,11.73,0.51
2165,3,recover,bruiser,-16.33,12.55,0.69
2165,4,recover,pouncer,-15.44,13.81,1.91
2166,1,recover,swarm,-15.38,10.93,1.20
2166,2,recover,swarm,-15.52,11.73,0.51
2166,3,recover,bruiser,-16.33,12.55,0.69
2166,4,recover,pouncer,-15.44,13.81,1.91
2167,1,recover,swarm,-15.38,10.93,1.20
2167,2,recover,swarm,-15.52,11.73,0.51
2167,3,recover,bruiser,-16.33,12.55,0.69
2167,4,recover,pouncer,-15.44,13.81,1.91
2168,1,recover,swarm,-15.38,10.93,1.20
2168,2,recover,swarm,-15.52,11.73,0.51
2168,3,recover,bruiser,-16.33,12.55,0.69
2168,4,recover,pouncer,-15.44,13.81,1.91
2169,1,recover,swarm,-15.38,10.93,1.20
2169,2,recover,swarm,-15.52,11.73,0.51
2169,3,recover,bruiser,-16.33,12.55,0.69
2169,4,recover,pouncer,-15.44,13.81,1.91
2170,1,recover,swarm,-15.38,10.93,1.20
2170,2,recover,swarm,-15.52,11.73,0.51
2170,3,recover,bruiser,-16.33,12.55,0.69
2170,4,recover,pouncer,-15.44,13.81,1.91
2171,1,recover,swarm,-15.38,10.93,1.20
2171,2,recover,swarm,-15.52,11.73,0.51
2171,3,recover,bruiser,-16.33,12.55,0.69
2171,4,recover,pouncer,-15.44,13.81,1.91
2172,1,recover,swarm,-15.38,10.93,1.20
2172,2,recover,swarm,-15.52,11.73,0.51
2172,3,recover,bruiser,-16.33,12.55,0.69
2172,4,recover,pouncer,-15.44,13.81,1.91
2173,1,recover,swarm,-15.38,10.93,1.20
2173,2,recover,swarm,-15.52,11.73,0.51
2173,3,recover,bruiser,-16.33,12.55,0.69
2173,4,recover,pouncer,-15.44,13.81,1.91
2174,1,recover,swarm,-15.38,10.93,1.20
2174,2,recover,swarm,-15.52,11.73,0.51
2174,3,recover,bruiser,-16.33,12.55,0.69
2174,4,recover,pouncer,-15.44,13.81,1.91
2175,1,recover,swarm,-15.38,10.93,1.20
2175,2,recover,swarm,-15.52,11.73,0.51
2175,3,recover,bruiser,-16.33,12.55,0.69
2175,4,recover,pouncer,-15.44,13.81,1.91
2176,1,recover,swarm,-15.38,10.93,1.20
2176,2,recover,swarm,-15.52,11.73,0.51
2176,3,recover,bruiser,-16.33,12.55,0.69
2176,4,recover,pouncer,-15.44,13.81,1.91
2177,1,recover,swarm,-15.38,10.93,1.20
2177,2,recover,swarm,-15.52,11.73,0.51
2177,3,recover,bruiser,-16.33,12.55,0.69
2177,4,recover,pouncer,-15.44,13.81,1.91
2178,1,recover,swarm,-15.38,10.93,1.20
2178,2,recover,swarm,-15.52,11.73,0.51
2178,3,recover,bruiser,-16.33,12.55,0.69
2178,4,recover,pouncer,-15.44,13.81,1.91
2179,1,recover,swarm,-15.38,10.93,1.20
2179,2,recover,swarm,-15.52,11.73,0.51
2179,3,recover,bruiser,-16.33,12.55,0.69
2179,4,recover,pouncer,-15.44,13.81,1.91
2180,1,chase,swarm,-15.38,10.93,1.20
2180,2,recover,swarm,-15.52,11.73,0.51
2180,3,recover,bruiser,-16.33,12.55,0.69
2180,4,recover,pouncer,-15.44,13.81,1.91
2181,1,windup,swarm,-15.38,10.93,1.20
2181,2,recover,swarm,-15.52,11.73,0.51
2181,3,recover,bruiser,-16.33,12.55,0.69
2181,4,recover,pouncer,-15.44,13.81,1.91
2182,1,windup,swarm,-15.38,10.93,1.20
2182,2,recover,swarm,-15.52,11.73,0.51
2182,3,recover,bruiser,-16.33,12.55,0.69
2182,4,recover,pouncer,-15.44,13.81,1.91
2183,1,windup,swarm,-15.38,10.93,1.20
2183,2,recover,swarm,-15.52,11.73,0.51
2183,3,recover,bruiser,-16.33,12.55,0.69
2183,4,recover,pouncer,-15.44,13.81,1.91
2184,1,windup,swarm,-15.38,10.93,1.20
2184,2,chase,swarm,-15.52,11.73,0.51
2184,3,recover,bruiser,-16.33,12.55,0.69
2184,4,recover,pouncer,-15.44,13.81,1.91
2185,1,windup,swarm,-15.38,10.93,1.20
2185,2,windup,swarm,-15.52,11.73,0.51
2185,3,recover,bruiser,-16.33,12.55,0.69
2185,4,recover,pouncer,-15.44,13.81,1.91
2186,1,windup,swarm,-15.38,10.93,1.20
2186,2,windup,swarm,-15.52,11.73,0.51
2186,3,recover,bruiser,-16.33,12.55,0.69
2186,4,recover,pouncer,-15.44,13.81,1.91
2187,1,windup,swarm,-15.38,10.93,1.20
2187,2,windup,swarm,-15.52,11.73,0.51
2187,3,recover,bruiser,-16.33,12.55,0.69
2187,4,recover,pouncer,-15.44,13.81,1.91
2188,1,windup,swarm,-15.38,10.93,1.20
2188,2,windup,swarm,-15.52,11.73,0.51
2188,3,recover,bruiser,-16.33,12.55,0.69
2188,4,recover,pouncer,-15.44,13.81,1.91
2189,1,windup,swarm,-15.38,10.93,1.20
2189,2,windup,swarm,-15.52,11.73,0.51
2189,3,recover,bruiser,-16.33,12.55,0.69
2189,4,recover,pouncer,-15.44,13.81,1.91
2190,1,windup,swarm,-15.38,10.93,1.20
2190,2,windup,swarm,-15.52,11.73,0.51
2190,3,recover,bruiser,-16.33,12.55,0.69
2190,4,recover,pouncer,-15.44,13.81,1.91
2191,1,windup,swarm,-15.38,10.93,1.20
2191,2,windup,swarm,-15.52,11.73,0.51
2191,3,recover,bruiser,-16.33,12.55,0.69
2191,4,recover,pouncer,-15.44,13.81,1.91
2192,1,windup,swarm,-15.38,10.93,1.20
2192,2,windup,swarm,-15.52,11.73,0.51
2192,3,recover,bruiser,-16.33,12.55,0.69
2192,4,recover,pouncer,-15.44,13.81,1.91
2193,1,windup,swarm,-15.38,10.93,1.20
2193,2,windup,swarm,-15.52,11.73,0.51
2193,3,recover,bruiser,-16.33,12.55,0.69
2193,4,recover,pouncer,-15.44,13.81,1.91
2194,1,strike,swarm,-15.38,10.93,1.20
2194,2,windup,swarm,-15.52,11.73,0.51
2194,3,recover,bruiser,-16.33,12.55,0.69
2194,4,recover,pouncer,-15.44,13.81,1.91
2195,1,strike,swarm,-15.63,10.86,1.16
2195,2,windup,swarm,-15.52,11.73,0.51
2195,3,recover,bruiser,-16.33,12.55,0.69
2195,4,recover,pouncer,-15.44,13.81,1.91
2196,1,strike,swarm,-15.67,10.86,1.15
2196,2,strike,swarm,-15.52,11.73,0.51
2196,3,recover,bruiser,-16.33,12.55,0.69
2196,4,recover,pouncer,-15.44,13.81,1.91
2197,1,strike,swarm,-16.04,10.89,1.09
2197,2,strike,swarm,-15.69,12.06,0.30
2197,3,recover,bruiser,-16.33,12.55,0.69
2197,4,recover,pouncer,-15.44,13.81,1.91
2198,1,strike,swarm,-16.06,10.91,1.06
2198,2,strike,swarm,-15.72,12.07,0.27
2198,3,recover,bruiser,-16.33,12.55,0.69
2198,4,recover,pouncer,-15.44,13.81,1.91
2199,1,strike,swarm,-16.22,11.12,0.89
2199,2,strike,swarm,-15.94,12.21,0.24
2199,3,recover,bruiser,-16.33,12.55,0.69
2199,4,recover,pouncer,-15.44,13.81,1.91
2200,1,strike,swarm,-16.25,11.14,0.87
2200,2,strike,swarm,-15.91,12.19,0.23
2200,3,recover,bruiser,-16.33,12.55,0.69
2200,4,recover,pouncer,-15.44,13.81,1.91
2201,1,strike,swarm,-16.46,11.31,0.82
2201,2,strike,swarm,-15.65,12.11,0.34
2201,3,recover,bruiser,-16.33,12.55,0.69
2201,4,recover,pouncer,-15.44,13.81,1.91
2202,1,strike,swarm,-16.49,11.33,0.82
2202,2,strike,swarm,-15.62,12.14,0.38
2202,3,recover,bruiser,-16.33,12.55,0.69
2202,4,stalk,pouncer,-15.44,13.81,1.91
2203,1,recover,swarm,-16.73,11.53,0.88
2203,2,strike,swarm,-15.43,12.38,0.67
2203,3,advance,bruiser,-16.33,12.55,0.69
2203,4,crouch,pouncer,-15.31,13.85,1.99
2204,1,recover,swarm,-16.73,11.53,0.88
2204,2,recover,swarm,-15.45,12.42,0.68
2204,3,windup,bruiser,-16.33,12.55,0.69
2204,4,crouch,pouncer,-15.31,13.85,1.99
2205,1,recover,swarm,-16.73,11.53,0.88
2205,2,recover,swarm,-15.45,12.42,0.68
2205,3,windup,bruiser,-16.33,12.55,0.69
2205,4,crouch,pouncer,-15.31,13.85,1.99
2206,1,recover,swarm,-16.73,11.53,0.88
2206,2,recover,swarm,-15.45,12.42,0.68
2206,3,windup,bruiser,-16.33,12.55,0.69
2206,4,crouch,pouncer,-15.31,13.85,1.99
2207,1,recover,swarm,-16.73,11.53,0.88
2207,2,recover,swarm,-15.45,12.42,0.68
2207,3,windup,bruiser,-16.33,12.55,0.69
2207,4,crouch,pouncer,-15.31,13.85,1.99
2208,1,recover,swarm,-16.73,11.53,0.88
2208,2,recover,swarm,-15.45,12.42,0.68
2208,3,windup,bruiser,-16.33,12.55,0.69
2208,4,crouch,pouncer,-15.31,13.85,1.99
2209,1,recover,swarm,-16.73,11.53,0.88
2209,2,recover,swarm,-15.45,12.42,0.68
2209,3,windup,bruiser,-16.33,12.55,0.69
2209,4,crouch,pouncer,-15.31,13.85,1.99
2210,1,recover,swarm,-16.73,11.53,0.88
2210,2,recover,swarm,-15.45,12.42,0.68
2210,3,windup,bruiser,-16.33,12.55,0.69
2210,4,crouch,pouncer,-15.31,13.85,1.99
2211,1,recover,swarm,-16.73,11.53,0.88
2211,2,recover,swarm,-15.45,12.42,0.68
2211,3,windup,bruiser,-16.33,12.55,0.69
2211,4,crouch,pouncer,-15.31,13.85,1.99
2212,1,recover,swarm,-16.73,11.53,0.88
2212,2,recover,swarm,-15.45,12.42,0.68
2212,3,windup,bruiser,-16.33,12.55,0.69
2212,4,crouch,pouncer,-15.31,13.85,1.99
2213,1,recover,swarm,-16.73,11.53,0.88
2213,2,recover,swarm,-15.45,12.42,0.68
2213,3,windup,bruiser,-16.33,12.55,0.69
2213,4,crouch,pouncer,-15.31,13.85,1.99
2214,1,recover,swarm,-16.73,11.53,0.88
2214,2,recover,swarm,-15.45,12.42,0.68
2214,3,windup,bruiser,-16.33,12.55,0.69
2214,4,crouch,pouncer,-15.31,13.85,1.99
2215,1,recover,swarm,-16.73,11.53,0.88
2215,2,recover,swarm,-15.45,12.42,0.68
2215,3,windup,bruiser,-16.33,12.55,0.69
2215,4,crouch,pouncer,-15.31,13.85,1.99
2216,1,recover,swarm,-16.73,11.53,0.88
2216,2,recover,swarm,-15.45,12.42,0.68
2216,3,windup,bruiser,-16.33,12.55,0.69
2216,4,crouch,pouncer,-15.31,13.85,1.99
2217,1,recover,swarm,-16.73,11.53,0.88
2217,2,recover,swarm,-15.45,12.42,0.68
2217,3,windup,bruiser,-16.33,12.55,0.69
2217,4,crouch,pouncer,-15.31,13.85,1.99
2218,1,recover,swarm,-16.73,11.53,0.88
2218,2,recover,swarm,-15.45,12.42,0.68
2218,3,windup,bruiser,-16.33,12.55,0.69
2218,4,crouch,pouncer,-15.31,13.85,1.99
2219,1,recover,swarm,-16.73,11.53,0.88
2219,2,recover,swarm,-15.45,12.42,0.68
2219,3,windup,bruiser,-16.33,12.55,0.69
2219,4,crouch,pouncer,-15.31,13.85,1.99
2220,1,recover,swarm,-16.73,11.53,0.88
2220,2,recover,swarm,-15.45,12.42,0.68
2220,3,windup,bruiser,-16.33,12.55,0.69
2220,4,crouch,pouncer,-15.31,13.85,1.99
2221,1,recover,swarm,-16.73,11.53,0.88
2221,2,recover,swarm,-15.45,12.42,0.68
2221,3,windup,bruiser,-16.33,12.55,0.69
2221,4,crouch,pouncer,-15.31,13.85,1.99
2222,1,recover,swarm,-16.73,11.53,0.88
2222,2,recover,swarm,-15.45,12.42,0.68
2222,3,windup,bruiser,-16.33,12.55,0.69
2222,4,crouch,pouncer,-15.31,13.85,1.99
2223,1,recover,swarm,-16.73,11.53,0.88
2223,2,recover,swarm,-15.45,12.42,0.68
2223,3,windup,bruiser,-16.33,12.55,0.69
2223,4,crouch,pouncer,-15.31,13.85,1.99
2224,1,recover,swarm,-16.73,11.53,0.88
2224,2,recover,swarm,-15.45,12.42,0.68
2224,3,windup,bruiser,-16.33,12.55,0.69
2224,4,pounce,pouncer,-15.31,13.85,1.99
2225,1,recover,swarm,-16.73,11.53,0.88
2225,2,recover,swarm,-15.45,12.42,0.68
2225,3,windup,bruiser,-16.33,12.55,0.69
2225,4,pounce,pouncer,-15.42,13.55,1.68
2226,1,recover,swarm,-16.73,11.53,0.88
2226,2,recover,swarm,-15.45,12.42,0.68
2226,3,windup,bruiser,-16.33,12.55,0.69
2226,4,pounce,pouncer,-15.44,13.50,1.62
2227,1,recover,swarm,-16.73,11.53,0.88
2227,2,recover,swarm,-15.45,12.42,0.68
2227,3,windup,bruiser,-16.33,12.55,0.69
2227,4,pounce,pouncer,-15.68,13.13,1.20
2228,1,recover,swarm,-16.73,11.53,0.88
2228,2,recover,swarm,-15.45,12.42,0.68
2228,3,windup,bruiser,-16.33,12.55,0.69
2228,4,pounce,pouncer,-15.68,13.20,1.26
2229,1,recover,swarm,-16.73,11.53,0.88
2229,2,recover,swarm,-15.45,12.42,0.68
2229,3,windup,bruiser,-16.33,12.55,0.69
2229,4,pounce,pouncer,-15.71,13.46,1.51
2230,1,recover,swarm,-16.73,11.53,0.88
2230,2,recover,swarm,-15.45,12.42,0.68
2230,3,windup,bruiser,-16.33,12.55,0.69
2230,4,pounce,pouncer,-15.76,13.41,1.46
2231,1,recover,swarm,-16.73,11.53,0.88
2231,2,recover,swarm,-15.45,12.42,0.68
2231,3,windup,bruiser,-16.33,12.55,0.69
2231,4,pounce,pouncer,-16.26,13.39,1.45
2232,1,recover,swarm,-16.73,11.53,0.88
2232,2,recover,swarm,-15.45,12.42,0.68
2232,3,windup,bruiser,-16.33,12.55,0.69
2232,4,pounce,pouncer,-16.34,13.40,1.47
2233,1,recover,swarm,-16.73,11.53,0.88
2233,2,recover,swarm,-15.45,12.42,0.68
2233,3,windup,bruiser,-16.33,12.55,0.69
2233,4,pounce,pouncer,-16.57,13.38,1.53
2234,1,chase,swarm,-16.73,11.53,0.88
2234,2,recover,swarm,-15.45,12.42,0.68
2234,3,strike,bruiser,-16.33,12.55,0.69
2234,4,pounce,pouncer,-16.65,13.36,1.55
2235,1,windup,swarm,-16.73,11.53,0.88
2235,2,recover,swarm,-15.45,12.42,0.68
2235,3,strike,bruiser,-16.30,12.39,0.54
2235,4,pounce,pouncer,-16.93,13.30,1.64
2236,1,windup,swarm,-16.73,11.53,0.88
2236,2,chase,swarm,-15.45,12.42,0.68
2236,3,strike,bruiser,-16.29,12.35,0.51
2236,4,pounce,pouncer,-16.98,13.25,1.63
2237,1,windup,swarm,-16.73,11.53,0.88
2237,2,windup,swarm,-15.45,12.42,0.68
2237,3,strike,bruiser,-16.23,12.16,0.32
2237,4,pounce,pouncer,-17.21,12.96,1.59
2238,1,windup,swarm,-16.73,11.53,0.88
2238,2,windup,swarm,-15.45,12.42,0.68
2238,3,strike,bruiser,-16.21,12.14,0.29
2238,4,pounce,pouncer,-17.23,12.91,1.58
2239,1,windup,swarm,-16.73,11.53,0.88
2239,2,windup,swarm,-15.45,12.42,0.68
2239,3,strike,bruiser,-16.13,12.01,0.17
2239,4,pounce,pouncer,-17.33,12.66,1.53
2240,1,windup,swarm,-16.73,11.53,0.88
2240,2,windup,swarm,-15.45,12.42,0.68
2240,3,strike,bruiser,-16.10,11.98,0.14
2240,4,recover,pouncer,-17.35,12.59,1.52
2241,1,windup,swarm,-16.73,11.53,0.88
2241,2,windup,swarm,-15.45,12.42,0.68
2241,3,strike,bruiser,-16.00,11.83,0.14
2241,4,recover,pouncer,-17.35,12.59,1.52
2242,1,windup,swarm,-16.73,11.53,0.88
2242,2,windup,swarm,-15.45,12.42,0.68
2242,3,strike,bruiser,-15.97,11.79,0.18
2242,4,recover,pouncer,-17.35,12.59,1.52
2243,1,windup,swarm,-16.73,11.53,0.88
2243,2,windup,swarm,-15.45,12.42,0.68
2243,3,strike,bruiser,-15.87,11.64,0.34
2243,4,recover,pouncer,-17.35,12.59,1.52
2244,1,windup,swarm,-16.73,11.53,0.88
2244,2,windup,swarm,-15.45,12.42,0.68
2244,3,strike,bruiser,-15.85,11.61,0.38
2244,4,recover,pouncer,-17.35,12.59,1.52
2245,1,windup,swarm,-16.73,11.53,0.88
2245,2,windup,swarm,-15.45,12.42,0.68
2245,3,strike,bruiser,-15.83,11.58,0.41
2245,4,recover,pouncer,-17.35,12.59,1.52
2246,1,windup,swarm,-16.73,11.53,0.88
2246,2,windup,swarm,-15.45,12.42,0.68
2246,3,strike,bruiser,-15.66,11.33,0.70
2246,4,recover,pouncer,-17.35,12.59,1.52
2247,1,strike,swarm,-16.73,11.53,0.88
2247,2,windup,swarm,-15.45,12.42,0.68
2247,3,recover,bruiser,-14.97,10.30,1.95
2247,4,recover,pouncer,-17.35,12.59,1.52
2248,1,recover,swarm,-16.69,11.55,0.84
2248,2,strike,swarm,-15.45,12.42,0.68
2248,3,recover,bruiser,-14.97,10.30,1.95
2248,4,recover,pouncer,-17.35,12.59,1.52
2249,1,recover,swarm,-16.69,11.55,0.84
2249,2,strike,swarm,-15.63,12.26,0.44
2249,3,recover,bruiser,-14.97,10.30,1.95
2249,4,recover,pouncer,-17.35,12.59,1.52
2250,1,recover,swarm,-16.69,11.55,0.84
2250,2,strike,swarm,-15.66,12.23,0.40
2250,3,recover,bruiser,-14.97,10.30,1.95
2250,4,recover,pouncer,-17.35,12.59,1.52
2251,1,recover,swarm,-16.69,11.55,0.84
2251,2,strike,swarm,-16.10,11.84,0.19
2251,3,recover,bruiser,-14.97,10.30,1.95
2251,4,recover,pouncer,-17.35,12.59,1.52
2252,1,recover,swarm,-16.69,11.55,0.84
2252,2,strike,swarm,-16.05,11.83,0.16
2252,3,recover,bruiser,-14.97,10.30,1.95
2252,4,recover,pouncer,-17.35,12.59,1.52
2253,1,recover,swarm,-16.69,11.55,0.84
2253,2,strike,swarm,-15.84,11.72,0.28
2253,3,recover,bruiser,-14.97,10.30,1.95
2253,4,recover,pouncer,-17.35,12.59,1.52
2254,1,recover,swarm,-16.69,11.55,0.84
2254,2,strike,swarm,-15.83,11.68,0.32
2254,3,recover,bruiser,-14.97,10.30,1.95
2254,4,recover,pouncer,-17.35,12.59,1.52
2255,1,recover,swarm,-16.69,11.55,0.84
2255,2,strike,swarm,-15.80,11.50,0.50
2255,3,recover,bruiser,-14.97,10.30,1.95
2255,4,recover,pouncer,-17.35,12.59,1.52
2256,1,recover,swarm,-16.69,11.55,0.84
2256,2,recover,swarm,-15.79,11.46,0.54
2256,3,recover,bruiser,-14.97,10.30,1.95
2256,4,recover,pouncer,-17.35,12.59,1.52
2257,1,recover,swarm,-16.69,11.55,0.84
2257,2,recover,swarm,-15.79,11.46,0.54
2257,3,recover,bruiser,-14.97,10.30,1.95
2257,4,recover,pouncer,-17.35,12.59,1.52
2258,1,recover,swarm,-16.69,11.55,0.84
2258,2,recover,swarm,-15.79,11.46,0.54
2258,3,recover,bruiser,-14.97,10.30,1.95
2258,4,recover,pouncer,-17.35,12.59,1.52
2259,1,recover,swarm,-16.69,11.55,0.84
2259,2,recover,swarm,-15.79,11.46,0.54
2259,3,recover,bruiser,-14.97,10.30,1.95
2259,4,recover,pouncer,-17.35,12.59,1.52
2260,1,recover,swarm,-16.69,11.55,0.84
2260,2,recover,swarm,-15.79,11.46,0.54
2260,3,recover,bruiser,-14.97,10.30,1.95
2260,4,recover,pouncer,-17.35,12.59,1.52
2261,1,recover,swarm,-16.69,11.55,0.84
2261,2,recover,swarm,-15.79,11.46,0.54
2261,3,recover,bruiser,-14.97,10.30,1.95
2261,4,recover,pouncer,-17.35,12.59,1.52
2262,1,recover,swarm,-16.69,11.55,0.84
2262,2,recover,swarm,-15.79,11.46,0.54
2262,3,recover,bruiser,-14.97,10.30,1.95
2262,4,recover,pouncer,-17.35,12.59,1.52
2263,1,recover,swarm,-16.69,11.55,0.84
2263,2,recover,swarm,-15.79,11.46,0.54
2263,3,recover,bruiser,-14.97,10.30,1.95
2263,4,recover,pouncer,-17.35,12.59,1.52
2264,1,recover,swarm,-16.69,11.55,0.84
2264,2,recover,swarm,-15.79,11.46,0.54
2264,3,recover,bruiser,-14.97,10.30,1.95
2264,4,recover,pouncer,-17.35,12.59,1.52
2265,1,recover,swarm,-16.69,11.55,0.84
2265,2,recover,swarm,-15.79,11.46,0.54
2265,3,recover,bruiser,-14.97,10.30,1.95
2265,4,recover,pouncer,-17.35,12.59,1.52
2266,1,recover,swarm,-16.69,11.55,0.84
2266,2,recover,swarm,-15.79,11.46,0.54
2266,3,recover,bruiser,-14.97,10.30,1.95
2266,4,recover,pouncer,-17.35,12.59,1.52
2267,1,recover,swarm,-16.69,11.55,0.84
2267,2,recover,swarm,-15.79,11.46,0.54
2267,3,recover,bruiser,-14.97,10.30,1.95
2267,4,recover,pouncer,-17.35,12.59,1.52
2268,1,recover,swarm,-16.69,11.55,0.84
2268,2,recover,swarm,-15.79,11.46,0.54
2268,3,recover,bruiser,-14.97,10.30,1.95
2268,4,recover,pouncer,-17.35,12.59,1.52
2269,1,recover,swarm,-16.69,11.55,0.84
2269,2,recover,swarm,-15.79,11.46,0.54
2269,3,recover,bruiser,-14.97,10.30,1.95
2269,4,recover,pouncer,-17.35,12.59,1.52
2270,1,recover,swarm,-16.69,11.55,0.84
2270,2,recover,swarm,-15.79,11.46,0.54
2270,3,recover,bruiser,-14.97,10.30,1.95
2270,4,recover,pouncer,-17.35,12.59,1.52
2271,1,recover,swarm,-16.69,11.55,0.84
2271,2,recover,swarm,-15.79,11.46,0.54
2271,3,recover,bruiser,-14.97,10.30,1.95
2271,4,recover,pouncer,-17.35,12.59,1.52
2272,1,recover,swarm,-16.69,11.55,0.84
2272,2,recover,swarm,-15.79,11.46,0.54
2272,3,recover,bruiser,-14.97,10.30,1.95
2272,4,recover,pouncer,-17.35,12.59,1.52
2273,1,recover,swarm,-16.69,11.55,0.84
2273,2,recover,swarm,-15.79,11.46,0.54
2273,3,recover,bruiser,-14.97,10.30,1.95
2273,4,recover,pouncer,-17.35,12.59,1.52
2274,1,recover,swarm,-16.69,11.55,0.84
2274,2,recover,swarm,-15.79,11.46,0.54
2274,3,recover,bruiser,-14.97,10.30,1.95
2274,4,recover,pouncer,-17.35,12.59,1.52
2275,1,recover,swarm,-16.69,11.55,0.84
2275,2,recover,swarm,-15.79,11.46,0.54
2275,3,recover,bruiser,-14.97,10.30,1.95
2275,4,recover,pouncer,-17.35,12.59,1.52
2276,1,recover,swarm,-16.69,11.55,0.84
2276,2,recover,swarm,-15.79,11.46,0.54
2276,3,recover,bruiser,-14.97,10.30,1.95
2276,4,recover,pouncer,-17.35,12.59,1.52
2277,1,recover,swarm,-16.69,11.55,0.84
2277,2,recover,swarm,-15.79,11.46,0.54
2277,3,recover,bruiser,-14.97,10.30,1.95
2277,4,recover,pouncer,-17.35,12.59,1.52
2278,1,recover,swarm,-16.69,11.55,0.84
2278,2,recover,swarm,-15.79,11.46,0.54
2278,3,recover,bruiser,-14.97,10.30,1.95
2278,4,recover,pouncer,-17.35,12.59,1.52
2279,1,recover,swarm,-16.69,11.55,0.84
2279,2,recover,swarm,-15.79,11.46,0.54
2279,3,recover,bruiser,-14.97,10.30,1.95
2279,4,recover,pouncer,-17.35,12.59,1.52
2280,1,recover,swarm,-16.69,11.55,0.84
2280,2,recover,swarm,-15.79,11.46,0.54
2280,3,recover,bruiser,-14.97,10.30,1.95
2280,4,recover,pouncer,-17.35,12.59,1.52
2281,1,recover,swarm,-16.69,11.55,0.84
2281,2,recover,swarm,-15.79,11.46,0.54
2281,3,recover,bruiser,-14.97,10.30,1.95
2281,4,recover,pouncer,-17.35,12.59,1.52
2282,1,recover,swarm,-16.69,11.55,0.84
2282,2,recover,swarm,-15.79,11.46,0.54
2282,3,recover,bruiser,-14.97,10.30,1.95
2282,4,recover,pouncer,-17.35,12.59,1.52
2283,1,chase,swarm,-16.69,11.55,0.84
2283,2,recover,swarm,-15.79,11.46,0.54
2283,3,recover,bruiser,-14.97,10.30,1.95
2283,4,recover,pouncer,-17.35,12.59,1.52
2284,1,windup,swarm,-16.69,11.55,0.84
2284,2,recover,swarm,-15.79,11.46,0.54
2284,3,recover,bruiser,-14.97,10.30,1.95
2284,4,recover,pouncer,-17.35,12.59,1.52
2285,1,windup,swarm,-16.69,11.55,0.84
2285,2,recover,swarm,-15.79,11.46,0.54
2285,3,recover,bruiser,-14.97,10.30,1.95
2285,4,recover,pouncer,-17.35,12.59,1.52
2286,1,windup,swarm,-16.69,11.55,0.84
2286,2,recover,swarm,-15.79,11.46,0.54
2286,3,recover,bruiser,-14.97,10.30,1.95
2286,4,recover,pouncer,-17.35,12.59,1.52
2287,1,windup,swarm,-16.69,11.55,0.84
2287,2,recover,swarm,-15.79,11.46,0.54
2287,3,recover,bruiser,-14.97,10.30,1.95
2287,4,recover,pouncer,-17.35,12.59,1.52
2288,1,windup,swarm,-16.69,11.55,0.84
2288,2,recover,swarm,-15.79,11.46,0.54
2288,3,recover,bruiser,-14.97,10.30,1.95
2288,4,stalk,pouncer,-17.35,12.59,1.52
2289,1,windup,swarm,-16.69,11.55,0.84
2289,2,recover,swarm,-15.79,11.46,0.54
2289,3,recover,bruiser,-14.97,10.30,1.95
2289,4,crouch,pouncer,-17.37,12.65,1.56
2290,1,windup,swarm,-16.69,11.55,0.84
2290,2,recover,swarm,-15.79,11.46,0.54
2290,3,recover,bruiser,-14.97,10.30,1.95
2290,4,crouch,pouncer,-17.37,12.65,1.56
2291,1,windup,swarm,-16.69,11.55,0.84
2291,2,recover,swarm,-15.79,11.46,0.54
2291,3,recover,bruiser,-14.97,10.30,1.95
2291,4,crouch,pouncer,-17.37,12.65,1.56
2292,1,windup,swarm,-16.69,11.55,0.84
2292,2,recover,swarm,-15.79,11.46,0.54
2292,3,advance,bruiser,-14.97,10.30,1.95
2292,4,crouch,pouncer,-17.37,12.65,1.56
2293,1,windup,swarm,-16.69,11.55,0.84
2293,2,recover,swarm,-15.79,11.46,0.54
2293,3,windup,bruiser,-14.97,10.30,1.95
2293,4,crouch,pouncer,-17.37,12.65,1.56
2294,1,windup,swarm,-16.69,11.55,0.84
2294,2,recover,swarm,-15.79,11.46,0.54
2294,3,windup,bruiser,-14.97,10.30,1.95
2294,4,crouch,pouncer,-17.37,12.65,1.56
2295,1,windup,swarm,-16.69,11.55,0.84
2295,2,recover,swarm,-15.79,11.46,0.54
2295,3,windup,bruiser,-14.97,10.30,1.95
2295,4,crouch,pouncer,-17.37,12.65,1.56
2296,1,windup,swarm,-16.69,11.55,0.84
2296,2,chase,swarm,-15.79,11.46,0.54
2296,3,windup,bruiser,-14.97,10.30,1.95
2296,4,crouch,pouncer,-17.37,12.65,1.56
2297,1,windup,swarm,-16.69,11.55,0.84
2297,2,windup,swarm,-15.79,11.46,0.54
2297,3,windup,bruiser,-14.97,10.30,1.95
2297,4,crouch,pouncer,-17.37,12.65,1.56
2298,1,strike,swarm,-16.69,11.55,0.84
2298,2,windup,swarm,-15.79,11.46,0.54
2298,3,windup,bruiser,-14.97,10.30,1.95
2298,4,crouch,pouncer,-17.37,12.65,1.56
2299,1,strike,swarm,-16.67,11.68,0.76
2299,2,windup,swarm,-15.79,11.46,0.54
2299,3,windup,bruiser,-14.97,10.30,1.95
2299,4,crouch,pouncer,-17.37,12.65,1.56
2300,1,strike,swarm,-16.65,11.74,0.72
2300,2,windup,swarm,-15.79,11.46,0.54
2300,3,windup,bruiser,-14.97,10.30,1.95
2300,4,crouch,pouncer,-17.37,12.65,1.56
2301,1,strike,swarm,-16.56,11.91,0.60
2301,2,windup,swarm,-15.79,11.46,0.54
2301,3,windup,bruiser,-14.97,10.30,1.95
2301,4,crouch,pouncer,-17.37,12.65,1.56
2302,1,strike,swarm,-16.53,11.95,0.57
2302,2,windup,swarm,-15.79,11.46,0.54
2302,3,windup,bruiser,-14.97,10.30,1.95
2302,4,crouch,pouncer,-17.37,12.65,1.56
2303,1,strike,swarm,-16.37,12.18,0.45
2303,2,windup,swarm,-15.79,11.46,0.54
2303,3,windup,bruiser,-14.97,10.30,1.95
2303,4,crouch,pouncer,-17.37,12.65,1.56
2304,1,strike,swarm,-16.34,12.21,0.45
2304,2,windup,swarm,-15.79,11.46,0.54
2304,3,windup,bruiser,-14.97,10.30,1.95
2304,4,crouch,pouncer,-17.37,12.65,1.56
2305,1,strike,swarm,-16.26,12.32,0.45
2305,2,windup,swarm,-15.79,11.46,0.54
2305,3,windup,bruiser,-14.97,10.30,1.95
2305,4,crouch,pouncer,-17.37,12.65,1.56
2306,1,strike,swarm,-16.23,12.35,0.46
2306,2,windup,swarm,-15.79,11.46,0.54
2306,3,windup,bruiser,-14.97,10.30,1.95
2306,4,crouch,pouncer,-17.37,12.65,1.56
2307,1,strike,swarm,-15.95,12.69,0.72
2307,2,windup,swarm,-15.79,11.46,0.54
2307,3,windup,bruiser,-14.97,10.30,1.95
2307,4,crouch,pouncer,-17.37,12.65,1.56
2308,1,recover,swarm,-15.91,12.72,0.75
2308,2,strike,swarm,-15.79,11.46,0.54
2308,3,windup,bruiser,-14.97,10.30,1.95
2308,4,crouch,pouncer,-17.37,12.65,1.56
2309,1,recover,swarm,-15.91,12.72,0.75
2309,2,strike,swarm,-15.85,11.61,0.38
2309,3,windup,bruiser,-14.97,10.30,1.95
2309,4,crouch,pouncer,-17.37,12.65,1.56
2310,1,recover,swarm,-15.91,12.72,0.75
2310,2,strike,swarm,-15.87,11.65,0.33
2310,3,windup,bruiser,-14.97,10.30,1.95
2310,4,pounce,pouncer,-17.37,12.65,1.56
2311,1,recover,swarm,-15.91,12.72,0.75
2311,2,strike,swarm,-15.95,11.78,0.19
2311,3,windup,bruiser,-14.97,10.30,1.95
2311,4,pounce,pouncer,-17.18,12.55,1.34
2312,1,recover,swarm,-15.91,12.72,0.75
2312,2,strike,swarm,-15.98,11.80,0.17
2312,3,windup,bruiser,-14.97,10.30,1.95
2312,4,pounce,pouncer,-17.12,12.52,1.28
2313,1,recover,swarm,-15.91,12.72,0.75
2313,2,strike,swarm,-16.16,11.88,0.21
2313,3,windup,bruiser,-14.97,10.30,1.95
2313,4,pounce,pouncer,-16.87,12.37,0.99
2314,1,recover,swarm,-15.91,12.72,0.75
2314,2,strike,swarm,-16.14,11.84,0.22
2314,3,windup,bruiser,-14.97,10.30,1.95
2314,4,pounce,pouncer,-16.95,12.34,1.05
2315,1,recover,swarm,-15.91,12.72,0.75
2315,2,strike,swarm,-15.60,10.43,1.58
2315,3,windup,bruiser,-14.97,10.30,1.95
2315,4,pounce,pouncer,-17.52,10.17,2.38
2316,1,recover,swarm,-15.91,12.72,0.75
2316,2,recover,swarm,-15.64,10.46,1.54
2316,3,strike,bruiser,-14.97,10.30,1.95
2316,4,pounce,pouncer,-17.45,10.13,2.36
2317,1,recover,swarm,-15.91,12.72,0.75
2317,2,recover,swarm,-15.64,10.46,1.54
2317,3,strike,bruiser,-14.84,10.41,1.93
2317,4,pounce,pouncer,-17.17,10.00,2.31
2318,1,recover,swarm,-15.91,12.72,0.75
2318,2,recover,swarm,-15.64,10.46,1.54
2318,3,strike,bruiser,-14.82,10.43,1.92
2318,4,recover,pouncer,-17.12,9.97,2.30
2319,1,recover,swarm,-15.91,12.72,0.75
2319,2,recover,swarm,-15.64,10.46,1.54
2319,3,strike,bruiser,-14.78,10.51,1.88
2319,4,recover,pouncer,-17.12,9.97,2.30
2320,1,recover,swarm,-15.91,12.72,0.75
2320,2,recover,swarm,-15.64,10.46,1.54
2320,3,strike,bruiser,-14.77,10.54,1.87
2320,4,recover,pouncer,-17.12,9.97,2.30
2321,1,recover,swarm,-15.91,12.72,0.75
2321,2,recover,swarm,-15.64,10.46,1.54
2321,3,strike,bruiser,-14.71,10.69,1.79
2321,4,recover,pouncer,-17.12,9.97,2.30
2322,1,recover,swarm,-15.91,12.72,0.75
2322,2,recover,swarm,-15.64,10.46,1.54
2322,3,strike,bruiser,-14.71,10.72,1.77
2322,4,recover,pouncer,-17.12,9.97,2.30
2323,1,recover,swarm,-15.91,12.72,0.75
2323,2,recover,swarm,-15.64,10.46,1.54
2323,3,strike,bruiser,-14.69,10.84,1.70
2323,4,recover,pouncer,-17.12,9.97,2.30
2324,1,recover,swarm,-15.91,12.72,0.75
2324,2,recover,swarm,-15.64,10.46,1.54
2324,3,strike,bruiser,-14.69,10.88,1.68
2324,4,recover,pouncer,-17.12,9.97,2.30
2325,1,recover,swarm,-15.91,12.72,0.75
2325,2,recover,swarm,-15.64,10.46,1.54
2325,3,strike,bruiser,-14.70,11.03,1.58
2325,4,recover,pouncer,-17.12,9.97,2.30
2326,1,recover,swarm,-15.91,12.72,0.75
2326,2,recover,swarm,-15.64,10.46,1.54
2326,3,strike,bruiser,-14.70,11.06,1.56
2326,4,recover,pouncer,-17.12,9.97,2.30
2327,1,recover,swarm,-15.91,12.72,0.75
2327,2,recover,swarm,-15.64,10.46,1.54
2327,3,strike,bruiser,-14.72,11.19,1.46
2327,4,recover,pouncer,-17.12,9.97,2.30
2328,1,recover,swarm,-15.91,12.72,0.75
2328,2,recover,swarm,-15.64,10.46,1.54
2328,3,strike,bruiser,-14.73,11.22,1.44
2328,4,recover,pouncer,-17.12,9.97,2.30
2329,1,recover,swarm,-15.91,12.72,0.75
2329,2,recover,swarm,-15.64,10.46,1.54
2329,3,strike,bruiser,-14.77,11.34,1.35
2329,4,recover,pouncer,-17.12,9.97,2.30
2330,1,recover,swarm,-15.91,12.72,0.75
2330,2,recover,swarm,-15.64,10.46,1.54
2330,3,strike,bruiser,-14.78,11.37,1.33
2330,4,recover,pouncer,-17.12,9.97,2.30
2331,1,recover,swarm,-15.91,12.72,0.75
2331,2,recover,swarm,-15.64,10.46,1.54
2331,3,strike,bruiser,-14.85,11.51,1.20
2331,4,recover,pouncer,-17.12,9.97,2.30
2332,1,recover,swarm,-15.91,12.72,0.75
2332,2,recover,swarm,-15.64,10.46,1.54
2332,3,strike,bruiser,-14.87,11.54,1.18
2332,4,recover,pouncer,-17.12,9.97,2.30
2333,1,recover,swarm,-15.91,12.72,0.75
2333,2,recover,swarm,-15.64,10.46,1.54
2333,3,recover,bruiser,-14.94,11.67,1.07
2333,4,recover,pouncer,-17.12,9.97,2.30
2334,1,recover,swarm,-15.91,12.72,0.75
2334,2,recover,swarm,-15.64,10.46,1.54
2334,3,recover,bruiser,-14.94,11.67,1.07
2334,4,recover,pouncer,-17.12,9.97,2.30
2335,1,recover,swarm,-15.91,12.72,0.75
2335,2,recover,swarm,-15.64,10.46,1.54
2335,3,recover,bruiser,-14.94,11.67,1.07
2335,4,recover,pouncer,-17.12,9.97,2.30
2336,1,chase,swarm,-15.91,12.72,0.75
2336,2,recover,swarm,-15.64,10.46,1.54
2336,3,recover,bruiser,-14.94,11.67,1.07
2336,4,recover,pouncer,-17.12,9.97,2.30
2337,1,windup,swarm,-15.91,12.72,0.75
2337,2,recover,swarm,-15.64,10.46,1.54
2337,3,recover,bruiser,-14.94,11.67,1.07
2337,4,recover,pouncer,-17.12,9.97,2.30
2338,1,windup,swarm,-15.91,12.72,0.75
2338,2,recover,swarm,-15.64,10.46,1.54
2338,3,recover,bruiser,-14.94,11.67,1.07
2338,4,recover,pouncer,-17.12,9.97,2.30
2339,1,windup,swarm,-15.91,12.72,0.75
2339,2,recover,swarm,-15.64,10.46,1.54
2339,3,recover,bruiser,-14.94,11.67,1.07
2339,4,recover,pouncer,-17.12,9.97,2.30
2340,1,windup,swarm,-15.91,12.72,0.75
2340,2,recover,swarm,-15.64,10.46,1.54
2340,3,recover,bruiser,-14.94,11.67,1.07
2340,4,recover,pouncer,-17.12,9.97,2.30
2341,1,windup,swarm,-15.91,12.72,0.75
2341,2,recover,swarm,-15.64,10.46,1.54
2341,3,recover,bruiser,-14.94,11.67,1.07
2341,4,recover,pouncer,-17.12,9.97,2.30
2342,1,windup,swarm,-15.91,12.72,0.75
2342,2,recover,swarm,-15.64,10.46,1.54
2342,3,recover,bruiser,-14.94,11.67,1.07
2342,4,recover,pouncer,-17.12,9.97,2.30
2343,1,windup,swarm,-15.91,12.72,0.75
2343,2,recover,swarm,-15.64,10.46,1.54
2343,3,recover,bruiser,-14.94,11.67,1.07
2343,4,recover,pouncer,-17.12,9.97,2.30
2344,1,windup,swarm,-15.91,12.72,0.75
2344,2,recover,swarm,-15.64,10.46,1.54
2344,3,recover,bruiser,-14.94,11.67,1.07
2344,4,recover,pouncer,-17.12,9.97,2.30
2345,1,windup,swarm,-15.91,12.72,0.75
2345,2,recover,swarm,-15.64,10.46,1.54
2345,3,recover,bruiser,-14.94,11.67,1.07
2345,4,recover,pouncer,-17.12,9.97,2.30
2346,1,windup,swarm,-15.91,12.72,0.75
2346,2,recover,swarm,-15.64,10.46,1.54
2346,3,recover,bruiser,-14.94,11.67,1.07
2346,4,recover,pouncer,-17.12,9.97,2.30
2347,1,windup,swarm,-15.91,12.72,0.75
2347,2,recover,swarm,-15.64,10.46,1.54
2347,3,recover,bruiser,-14.94,11.67,1.07
2347,4,recover,pouncer,-17.12,9.97,2.30
2348,1,windup,swarm,-15.91,12.72,0.75
2348,2,recover,swarm,-15.64,10.46,1.54
2348,3,recover,bruiser,-14.94,11.67,1.07
2348,4,recover,pouncer,-17.12,9.97,2.30
2349,1,windup,swarm,-15.91,12.72,0.75
2349,2,recover,swarm,-15.64,10.46,1.54
2349,3,recover,bruiser,-14.94,11.67,1.07
2349,4,recover,pouncer,-17.12,9.97,2.30
2350,1,windup,swarm,-15.91,12.72,0.75
2350,2,recover,swarm,-15.64,10.46,1.54
2350,3,recover,bruiser,-14.94,11.67,1.07
2350,4,recover,pouncer,-17.12,9.97,2.30
2351,1,windup,swarm,-15.91,12.72,0.75
2351,2,recover,swarm,-15.64,10.46,1.54
2351,3,recover,bruiser,-14.94,11.67,1.07
2351,4,recover,pouncer,-17.12,9.97,2.30
2352,1,windup,swarm,-15.91,12.72,0.75
2352,2,recover,swarm,-15.64,10.46,1.54
2352,3,recover,bruiser,-14.94,11.67,1.07
2352,4,recover,pouncer,-17.12,9.97,2.30
2353,1,strike,swarm,-15.91,12.72,0.75
2353,2,recover,swarm,-15.64,10.46,1.54
2353,3,recover,bruiser,-14.94,11.67,1.07
2353,4,recover,pouncer,-17.12,9.97,2.30
2354,1,strike,swarm,-15.92,12.68,0.72
2354,2,recover,swarm,-15.64,10.46,1.54
2354,3,recover,bruiser,-14.94,11.67,1.07
2354,4,recover,pouncer,-17.12,9.97,2.30
2355,1,strike,swarm,-15.93,12.50,0.53
2355,2,recover,swarm,-15.64,10.46,1.54
2355,3,recover,bruiser,-14.94,11.67,1.07
2355,4,recover,pouncer,-17.12,9.97,2.30
2356,1,strike,swarm,-15.93,12.46,0.50
2356,2,recover,swarm,-15.64,10.46,1.54
2356,3,recover,bruiser,-14.94,11.67,1.07
2356,4,recover,pouncer,-17.12,9.97,2.30
2357,1,strike,swarm,-15.96,12.27,0.30
2357,2,recover,swarm,-15.64,10.46,1.54
2357,3,recover,bruiser,-14.94,11.67,1.07
2357,4,recover,pouncer,-17.12,9.97,2.30
2358,1,strike,swarm,-15.97,12.22,0.25
2358,2,chase,swarm,-15.64,10.46,1.54
2358,3,recover,bruiser,-14.94,11.67,1.07
2358,4,recover,pouncer,-17.12,9.97,2.30
2359,1,strike,swarm,-16.03,12.04,0.10
2359,2,chase,swarm,-15.65,10.60,1.40
2359,3,recover,bruiser,-14.94,11.67,1.07
2359,4,recover,pouncer,-17.12,9.97,2.30
2360,1,strike,swarm,-16.05,12.00,0.09
2360,2,windup,swarm,-15.65,10.60,1.40
2360,3,recover,bruiser,-14.94,11.67,1.07
2360,4,recover,pouncer,-17.12,9.97,2.30
2361,1,strike,swarm,-16.15,11.72,0.31
2361,2,windup,swarm,-15.65,10.60,1.40
2361,3,recover,bruiser,-14.94,11.67,1.07
2361,4,recover,pouncer,-17.12,9.97,2.30
2362,1,strike,swarm,-16.17,11.68,0.35
2362,2,windup,swarm,-15.65,10.60,1.40
2362,3,recover,bruiser,-14.94,11.67,1.07
2362,4,recover,pouncer,-17.12,9.97,2.30
2363,1,strike,swarm,-16.23,11.53,0.51
2363,2,windup,swarm,-15.65,10.60,1.40
2363,3,recover,bruiser,-14.94,11.67,1.07
2363,4,recover,pouncer,-17.12,9.97,2.30
2364,1,recover,swarm,-16.24,11.49,0.55
2364,2,windup,swarm,-15.65,10.60,1.40
2364,3,recover,bruiser,-14.94,11.67,1.07
2364,4,recover,pouncer,-17.12,9.97,2.30
2365,1,recover,swarm,-16.24,11.49,0.55
2365,2,windup,swarm,-15.65,10.60,1.40
2365,3,recover,bruiser,-14.94,11.67,1.07
2365,4,recover,pouncer,-17.12,9.97,2.30
2366,1,recover,swarm,-16.24,11.49,0.55
2366,2,windup,swarm,-15.65,10.60,1.40
2366,3,recover,bruiser,-14.94,11.67,1.07
2366,4,recover,pouncer,-17.12,9.97,2.30
2367,1,recover,swarm,-16.24,11.49,0.55
2367,2,windup,swarm,-15.65,10.60,1.40
2367,3,recover,bruiser,-14.94,11.67,1.07
2367,4,recover,pouncer,-17.12,9.97,2.30
2368,1,recover,swarm,-16.24,11.49,0.55
2368,2,windup,swarm,-15.65,10.60,1.40
2368,3,recover,bruiser,-14.94,11.67,1.07
2368,4,recover,pouncer,-17.12,9.97,2.30
2369,1,recover,swarm,-16.24,11.49,0.55
2369,2,windup,swarm,-15.65,10.60,1.40
2369,3,recover,bruiser,-14.94,11.67,1.07
2369,4,recover,pouncer,-17.12,9.97,2.30
2370,1,recover,swarm,-16.24,11.49,0.55
2370,2,windup,swarm,-15.65,10.60,1.40
2370,3,recover,bruiser,-14.94,11.67,1.07
2370,4,recover,pouncer,-17.12,9.97,2.30
2371,1,recover,swarm,-16.24,11.49,0.55
2371,2,windup,swarm,-15.65,10.60,1.40
2371,3,recover,bruiser,-14.94,11.67,1.07
2371,4,recover,pouncer,-17.12,9.97,2.30
2372,1,recover,swarm,-16.24,11.49,0.55
2372,2,windup,swarm,-15.65,10.60,1.40
2372,3,recover,bruiser,-14.94,11.67,1.07
2372,4,recover,pouncer,-17.12,9.97,2.30
2373,1,recover,swarm,-16.24,11.49,0.55
2373,2,windup,swarm,-15.65,10.60,1.40
2373,3,recover,bruiser,-14.94,11.67,1.07
2373,4,recover,pouncer,-17.12,9.97,2.30
2374,1,recover,swarm,-16.24,11.49,0.55
2374,2,strike,swarm,-15.65,10.60,1.40
2374,3,recover,bruiser,-14.94,11.67,1.07
2374,4,recover,pouncer,-17.12,9.97,2.30
2375,1,recover,swarm,-16.24,11.49,0.55
2375,2,strike,swarm,-15.65,10.76,1.25
2375,3,recover,bruiser,-14.94,11.67,1.07
2375,4,recover,pouncer,-17.12,9.97,2.30
2376,1,recover,swarm,-16.24,11.49,0.55
2376,2,strike,swarm,-15.64,10.79,1.22
2376,3,recover,bruiser,-14.94,11.67,1.07
2376,4,recover,pouncer,-17.12,9.97,2.30
2377,1,recover,swarm,-16.24,11.49,0.55
2377,2,strike,swarm,-15.58,10.95,1.09
2377,3,recover,bruiser,-14.94,11.67,1.07
2377,4,recover,pouncer,-17.12,9.97,2.30
2378,1,recover,swarm,-16.24,11.49,0.55
2378,2,strike,swarm,-15.58,10.92,1.12
2378,3,recover,bruiser,-14.94,11.67,1.07
2378,4,recover,pouncer,-17.12,9.97,2.30
2379,1,recover,swarm,-16.24,11.49,0.55
2379,2,strike,swarm,-15.57,10.76,1.27
2379,3,recover,bruiser,-14.94,11.67,1.07
2379,4,recover,pouncer,-17.12,9.97,2.30
2380,1,recover,swarm,-16.24,11.49,0.55
2380,2,strike,swarm,-15.58,10.80,1.23
2380,3,recover,bruiser,-14.94,11.67,1.07
2380,4,recover,pouncer,-17.12,9.97,2.30
2381,1,recover,swarm,-16.24,11.49,0.55
2381,2,strike,swarm,-15.60,10.96,1.07
2381,3,recover,bruiser,-14.94,11.67,1.07
2381,4,recover,pouncer,-17.12,9.97,2.30
2382,1,recover,swarm,-16.24,11.49,0.55
2382,2,strike,swarm,-15.59,10.92,1.11
2382,3,recover,bruiser,-14.94,11.67,1.07
2382,4,recover,pouncer,-17.12,9.97,2.30
2383,1,recover,swarm,-16.24,11.49,0.55
2383,2,strike,swarm,-15.55,10.77,1.27
2383,3,recover,bruiser,-14.94,11.67,1.07
2383,4,recover,pouncer,-17.12,9.97,2.30
2384,1,recover,swarm,-16.24,11.49,0.55
2384,2,strike,swarm,-15.56,10.81,1.23
2384,3,recover,bruiser,-14.94,11.67,1.07
2384,4,recover,pouncer,-17.12,9.97,2.30
2385,1,recover,swarm,-16.24,11.49,0.55
2385,2,strike,swarm,-15.60,10.95,1.08
2385,3,recover,bruiser,-14.94,11.67,1.07
2385,4,recover,pouncer,-17.12,9.97,2.30
2386,1,recover,swarm,-16.24,11.49,0.55
2386,2,strike,swarm,-15.59,10.91,1.12
2386,3,recover,bruiser,-14.94,11.67,1.07
2386,4,recover,pouncer,-17.12,9.97,2.30
2387,1,recover,swarm,-16.24,11.49,0.55
2387,2,strike,swarm,-15.56,10.80,1.24
2387,3,recover,bruiser,-14.94,11.67,1.07
2387,4,stalk,pouncer,-17.12,9.97,2.30
2388,1,recover,swarm,-16.24,11.49,0.55
2388,2,recover,swarm,-15.57,10.84,1.20
2388,3,recover,bruiser,-14.94,11.67,1.07
2388,4,crouch,pouncer,-17.11,9.96,2.31
2389,1,recover,swarm,-16.24,11.49,0.55
2389,2,recover,swarm,-15.57,10.84,1.20
2389,3,recover,bruiser,-14.94,11.67,1.07
2389,4,crouch,pouncer,-17.11,9.96,2.31
2390,1,recover,swarm,-16.24,11.49,0.55
2390,2,recover,swarm,-15.57,10.84,1.20
2390,3,recover,bruiser,-14.94,11.67,1.07
2390,4,crouch,pouncer,-17.11,9.96,2.31
2391,1,recover,swarm,-16.24,11.49,0.55
2391,2,recover,swarm,-15.57,10.84,1.20
2391,3,recover,bruiser,-14.94,11.67,1.07
2391,4,crouch,pouncer,-17.11,9.96,2.31
2392,1,recover,swarm,-16.24,11.49,0.55
2392,2,recover,swarm,-15.57,10.84,1.20
2392,3,recover,bruiser,-14.94,11.67,1.07
2392,4,crouch,pouncer,-17.11,9.96,2.31
2393,1,recover,swarm,-16.24,11.49,0.55
2393,2,recover,swarm,-15.57,10.84,1.20
2393,3,recover,bruiser,-14.94,11.67,1.07
2393,4,crouch,pouncer,-17.11,9.96,2.31
2394,1,recover,swarm,-16.24,11.49,0.55
2394,2,recover,swarm,-15.57,10.84,1.20
2394,3,recover,bruiser,-14.94,11.67,1.07
2394,4,crouch,pouncer,-17.11,9.96,2.31
2395,1,recover,swarm,-16.24,11.49,0.55
2395,2,recover,swarm,-15.57,10.84,1.20
2395,3,recover,bruiser,-14.94,11.67,1.07
2395,4,crouch,pouncer,-17.11,9.96,2.31
2396,1,recover,swarm,-16.24,11.49,0.55
2396,2,recover,swarm,-15.57,10.84,1.20
2396,3,advance,bruiser,-14.94,11.67,1.07
2396,4,crouch,pouncer,-17.11,9.96,2.31
2397,1,recover,swarm,-16.24,11.49,0.55
2397,2,recover,swarm,-15.57,10.84,1.20
2397,3,windup,bruiser,-14.94,11.67,1.07
2397,4,crouch,pouncer,-17.11,9.96,2.31
2398,1,recover,swarm,-16.24,11.49,0.55
2398,2,recover,swarm,-15.57,10.84,1.20
2398,3,windup,bruiser,-14.94,11.67,1.07
2398,4,crouch,pouncer,-17.11,9.96,2.31
2399,1,recover,swarm,-16.24,11.49,0.55
2399,2,recover,swarm,-15.57,10.84,1.20
2399,3,windup,bruiser,-14.94,11.67,1.07
2399,4,crouch,pouncer,-17.11,9.96,2.31
2400,1,recover,swarm,-16.24,11.49,0.55
2400,2,recover,swarm,-15.57,10.84,1.20
2400,3,windup,bruiser,-14.94,11.67,1.07
2400,4,crouch,pouncer,-17.11,9.96,2.31
2401,1,recover,swarm,-16.24,11.49,0.55
2401,2,recover,swarm,-15.57,10.84,1.20
2401,3,windup,bruiser,-14.94,11.67,1.07
2401,4,crouch,pouncer,-17.11,9.96,2.31
