frame,enemy,state,archetype,x,z,dist
1,1,patrol,swarm,-7.00,-6.00,17.46
1,2,patrol,swarm,-4.00,-9.00,19.42
1,3,patrol,bruiser,9.00,-8.00,20.12
1,4,patrol,pouncer,3.00,-14.00,24.19
2,1,patrol,swarm,-7.03,-5.99,17.47
2,2,patrol,swarm,-4.01,-8.98,19.40
2,3,patrol,bruiser,9.02,-8.00,20.14
2,4,patrol,pouncer,2.99,-13.97,24.16
3,1,patrol,swarm,-7.23,-5.95,17.51
3,2,patrol,swarm,-4.13,-8.81,19.25
3,3,patrol,bruiser,9.15,-8.04,20.23
3,4,patrol,pouncer,2.90,-13.75,23.92
4,1,patrol,swarm,-7.24,-5.95,17.51
4,2,patrol,swarm,-4.14,-8.80,19.25
4,3,patrol,bruiser,9.16,-8.04,20.23
4,4,patrol,pouncer,2.90,-13.73,23.91
5,1,patrol,swarm,-7.24,-5.95,17.51
5,2,patrol,swarm,-4.14,-8.79,19.24
5,3,patrol,bruiser,9.16,-8.04,20.23
5,4,patrol,pouncer,2.89,-13.73,23.90
6,1,patrol,swarm,-7.25,-5.94,17.51
6,2,patrol,swarm,-4.14,-8.79,19.24
6,3,patrol,bruiser,9.17,-8.04,20.24
6,4,patrol,pouncer,2.89,-13.72,23.90
7,1,patrol,swarm,-7.25,-5.94,17.52
7,2,patrol,swarm,-4.14,-8.78,19.23
7,3,patrol,bruiser,9.17,-8.04,20.24
7,4,patrol,pouncer,2.89,-13.72,23.89
8,1,patrol,swarm,-7.26,-5.94,17.52
8,2,patrol,swarm,-4.15,-8.78,19.23
8,3,patrol,bruiser,9.17,-8.04,20.24
8,4,patrol,pouncer,2.89,-13.71,23.89
9,1,patrol,swarm,-7.27,-5.94,17.52
9,2,patrol,swarm,-4.15,-8.77,19.22
9,3,patrol,bruiser,9.18,-8.04,20.24
9,4,patrol,pouncer,2.88,-13.70,23.88
10,1,patrol,swarm,-7.28,-5.94,17.52
10,2,patrol,swarm,-4.16,-8.76,19.22
10,3,patrol,bruiser,9.19,-8.05,20.25
10,4,patrol,pouncer,2.88,-13.69,23.86
11,1,patrol,swarm,-7.30,-5.93,17.53
11,2,patrol,swarm,-4.17,-8.74,19.20
11,3,patrol,bruiser,9.20,-8.05,20.26
11,4,patrol,pouncer,2.87,-13.66,23.84
12,1,patrol,swarm,-7.32,-5.93,17.53
12,2,patrol,swarm,-4.18,-8.73,19.19
12,3,patrol,bruiser,9.21,-8.05,20.27
12,4,patrol,pouncer,2.86,-13.64,23.82
13,1,patrol,swarm,-7.34,-5.92,17.53
13,2,patrol,swarm,-4.19,-8.71,19.17
13,3,patrol,bruiser,9.22,-8.06,20.28
13,4,patrol,pouncer,2.85,-13.62,23.79
14,1,patrol,swarm,-7.36,-5.92,17.54
14,2,patrol,swarm,-4.20,-8.69,19.16
14,3,patrol,bruiser,9.24,-8.06,20.28
14,4,patrol,pouncer,2.84,-13.60,23.77
15,1,patrol,swarm,-7.38,-5.92,17.54
15,2,patrol,swarm,-4.21,-8.68,19.15
15,3,patrol,bruiser,9.25,-8.06,20.29
15,4,patrol,pouncer,2.84,-13.58,23.75
16,1,patrol,swarm,-7.40,-5.91,17.55
16,2,patrol,swarm,-4.23,-8.66,19.13
16,3,patrol,bruiser,9.26,-8.07,20.30
16,4,patrol,pouncer,2.83,-13.56,23.73
17,1,patrol,swarm,-7.42,-5.91,17.55
17,2,patrol,swarm,-4.24,-8.64,19.12
17,3,patrol,bruiser,9.28,-8.07,20.31
17,4,patrol,pouncer,2.82,-13.53,23.70
18,1,patrol,swarm,-7.44,-5.90,17.55
18,2,patrol,swarm,-4.25,-8.63,19.11
18,3,patrol,bruiser,9.29,-8.07,20.32
18,4,patrol,pouncer,2.81,-13.51,23.68
19,1,patrol,swarm,-7.46,-5.90,17.56
19,2,patrol,swarm,-4.26,-8.61,19.09
19,3,patrol,bruiser,9.30,-8.08,20.33
19,4,patrol,pouncer,2.80,-13.49,23.66
20,1,patrol,swarm,-7.47,-5.89,17.56
20,2,patrol,swarm,-4.27,-8.60,19.08
20,3,patrol,bruiser,9.31,-8.08,20.34
20,4,patrol,pouncer,2.79,-13.47,23.64
21,1,patrol,swarm,-7.49,-5.89,17.57
21,2,patrol,swarm,-4.28,-8.58,19.07
21,3,patrol,bruiser,9.33,-8.08,20.35
21,4,patrol,pouncer,2.79,-13.45,23.62
22,1,patrol,swarm,-7.51,-5.88,17.57
22,2,patrol,swarm,-4.29,-8.56,19.05
22,3,patrol,bruiser,9.34,-8.09,20.36
22,4,patrol,pouncer,2.78,-13.43,23.59
23,1,patrol,swarm,-7.53,-5.88,17.58
23,2,patrol,swarm,-4.30,-8.55,19.04
23,3,patrol,bruiser,9.35,-8.09,20.36
23,4,patrol,pouncer,2.77,-13.41,23.57
24,1,patrol,swarm,-7.55,-5.88,17.58
24,2,patrol,swarm,-4.31,-8.53,19.03
24,3,patrol,bruiser,9.37,-8.09,20.37
24,4,patrol,pouncer,2.76,-13.39,23.55
25,1,patrol,swarm,-7.57,-5.87,17.59
25,2,patrol,swarm,-4.32,-8.51,19.01
25,3,patrol,bruiser,9.38,-8.09,20.38
25,4,patrol,pouncer,2.75,-13.36,23.53
26,1,patrol,swarm,-7.59,-5.87,17.59
26,2,patrol,swarm,-4.33,-8.50,19.00
26,3,patrol,bruiser,9.39,-8.10,20.39
26,4,patrol,pouncer,2.75,-13.35,23.51
27,1,patrol,swarm,-7.61,-5.86,17.59
27,2,patrol,swarm,-4.35,-8.48,18.99
27,3,patrol,bruiser,9.40,-8.10,20.40
27,4,patrol,pouncer,2.74,-13.32,23.48
28,1,patrol,swarm,-7.63,-5.86,17.60
28,2,patrol,swarm,-4.36,-8.47,18.97
28,3,patrol,bruiser,9.42,-8.10,20.41
28,4,patrol,pouncer,2.73,-13.30,23.46
29,1,patrol,swarm,-7.64,-5.86,17.60
29,2,patrol,swarm,-4.37,-8.45,18.96
29,3,patrol,bruiser,9.43,-8.11,20.41
29,4,patrol,pouncer,2.72,-13.28,23.44
30,1,patrol,swarm,-7.66,-5.85,17.61
30,2,patrol,swarm,-4.38,-8.43,18.95
30,3,patrol,bruiser,9.44,-8.11,20.42
30,4,patrol,pouncer,2.71,-13.26,23.42
31,1,patrol,swarm,-7.68,-5.85,17.61
31,2,patrol,swarm,-4.39,-8.42,18.94
31,3,patrol,bruiser,9.45,-8.11,20.43
31,4,patrol,pouncer,2.70,-13.24,23.40
32,1,patrol,swarm,-7.70,-5.84,17.62
32,2,patrol,swarm,-4.40,-8.40,18.92
32,3,patrol,bruiser,9.46,-8.12,20.44
32,4,patrol,pouncer,2.70,-13.22,23.38
33,1,patrol,swarm,-7.72,-5.84,17.62
33,2,patrol,swarm,-4.41,-8.39,18.91
33,3,patrol,bruiser,9.48,-8.12,20.45
33,4,patrol,pouncer,2.69,-13.20,23.36
34,1,patrol,swarm,-7.74,-5.83,17.62
34,2,patrol,swarm,-4.42,-8.37,18.90
34,3,patrol,bruiser,9.49,-8.12,20.46
34,4,patrol,pouncer,2.68,-13.18,23.33
35,1,patrol,swarm,-7.76,-5.83,17.63
35,2,patrol,swarm,-4.43,-8.35,18.88
35,3,patrol,bruiser,9.50,-8.13,20.47
35,4,patrol,pouncer,2.67,-13.16,23.31
36,1,patrol,swarm,-7.77,-5.83,17.63
36,2,patrol,swarm,-4.44,-8.34,18.87
36,3,patrol,bruiser,9.51,-8.13,20.47
36,4,patrol,pouncer,2.66,-13.14,23.29
37,1,patrol,swarm,-7.79,-5.82,17.64
37,2,patrol,swarm,-4.45,-8.32,18.86
37,3,patrol,bruiser,9.52,-8.13,20.48
37,4,patrol,pouncer,2.66,-13.12,23.27
38,1,patrol,swarm,-7.81,-5.82,17.64
38,2,patrol,swarm,-4.46,-8.31,18.84
38,3,patrol,bruiser,9.54,-8.13,20.49
38,4,patrol,pouncer,2.65,-13.10,23.25
39,1,patrol,swarm,-7.83,-5.81,17.65
39,2,patrol,swarm,-4.47,-8.29,18.83
39,3,patrol,bruiser,9.55,-8.14,20.50
39,4,patrol,pouncer,2.64,-13.08,23.23
40,1,patrol,swarm,-7.85,-5.81,17.65
40,2,patrol,swarm,-4.48,-8.28,18.82
40,3,patrol,bruiser,9.56,-8.14,20.51
40,4,patrol,pouncer,2.63,-13.06,23.21
41,1,patrol,swarm,-7.87,-5.81,17.66
41,2,patrol,swarm,-4.49,-8.26,18.80
41,3,patrol,bruiser,9.57,-8.14,20.52
41,4,patrol,pouncer,2.62,-13.03,23.18
42,1,patrol,swarm,-7.89,-5.80,17.66
42,2,patrol,swarm,-4.50,-8.24,18.79
42,3,patrol,bruiser,9.59,-8.15,20.52
42,4,patrol,pouncer,2.62,-13.01,23.16
43,1,patrol,swarm,-7.90,-5.80,17.66
43,2,patrol,swarm,-4.51,-8.23,18.78
43,3,patrol,bruiser,9.60,-8.15,20.53
43,4,patrol,pouncer,2.61,-12.99,23.14
44,1,patrol,swarm,-7.92,-5.79,17.67
44,2,patrol,swarm,-4.52,-8.21,18.77
44,3,patrol,bruiser,9.61,-8.15,20.54
44,4,patrol,pouncer,2.60,-12.97,23.12
45,1,patrol,swarm,-7.94,-5.79,17.67
45,2,patrol,swarm,-4.53,-8.20,18.75
45,3,patrol,bruiser,9.62,-8.16,20.55
45,4,patrol,pouncer,2.59,-12.95,23.10
46,1,patrol,swarm,-7.96,-5.78,17.68
46,2,patrol,swarm,-4.54,-8.18,18.74
46,3,patrol,bruiser,9.64,-8.16,20.56
46,4,patrol,pouncer,2.58,-12.93,23.08
47,1,patrol,swarm,-7.98,-5.78,17.68
47,2,patrol,swarm,-4.56,-8.17,18.73
47,3,patrol,bruiser,9.65,-8.16,20.57
47,4,patrol,pouncer,2.58,-12.91,23.06
48,1,patrol,swarm,-7.99,-5.78,17.69
48,2,patrol,swarm,-4.57,-8.15,18.72
48,3,patrol,bruiser,9.66,-8.17,20.57
48,4,patrol,pouncer,2.57,-12.89,23.04
49,1,patrol,swarm,-8.01,-5.77,17.69
49,2,patrol,swarm,-4.58,-8.14,18.70
49,3,patrol,bruiser,9.67,-8.17,20.58
49,4,patrol,pouncer,2.56,-12.87,23.02
50,1,patrol,swarm,-8.03,-5.77,17.70
50,2,patrol,swarm,-4.59,-8.12,18.69
50,3,patrol,bruiser,9.68,-8.17,20.59
50,4,patrol,pouncer,2.55,-12.85,22.99
51,1,patrol,swarm,-8.05,-5.76,17.70
51,2,patrol,swarm,-4.60,-8.11,18.68
51,3,patrol,bruiser,9.70,-8.17,20.60
51,4,patrol,pouncer,2.54,-12.83,22.97
52,1,patrol,swarm,-8.07,-5.76,17.71
52,2,patrol,swarm,-4.61,-8.09,18.67
52,3,patrol,bruiser,9.71,-8.18,20.61
52,4,patrol,pouncer,2.54,-12.81,22.95
53,1,patrol,swarm,-8.09,-5.76,17.71
53,2,patrol,swarm,-4.62,-8.07,18.65
53,3,patrol,bruiser,9.72,-8.18,20.62
53,4,patrol,pouncer,2.53,-12.79,22.93
54,1,patrol,swarm,-8.11,-5.75,17.71
54,2,patrol,swarm,-4.63,-8.06,18.64
54,3,patrol,bruiser,9.73,-8.18,20.62
54,4,patrol,pouncer,2.52,-12.77,22.91
55,1,patrol,swarm,-8.12,-5.75,17.72
55,2,patrol,swarm,-4.64,-8.04,18.63
55,3,patrol,bruiser,9.74,-8.19,20.63
55,4,patrol,pouncer,2.51,-12.75,22.89
56,1,patrol,swarm,-8.14,-5.74,17.72
56,2,patrol,swarm,-4.65,-8.03,18.62
56,3,patrol,bruiser,9.76,-8.19,20.64
56,4,patrol,pouncer,2.50,-12.73,22.87
57,1,patrol,swarm,-8.16,-5.74,17.73
57,2,patrol,swarm,-4.66,-8.01,18.60
57,3,patrol,bruiser,9.77,-8.19,20.65
57,4,patrol,pouncer,2.50,-12.71,22.85
58,1,patrol,swarm,-8.18,-5.74,17.73
58,2,patrol,swarm,-4.67,-8.00,18.59
58,3,patrol,bruiser,9.78,-8.20,20.66
58,4,patrol,pouncer,2.49,-12.69,22.82
59,1,patrol,swarm,-8.19,-5.73,17.74
59,2,patrol,swarm,-4.68,-7.98,18.58
59,3,patrol,bruiser,9.79,-8.20,20.66
59,4,patrol,pouncer,2.48,-12.67,22.81
60,1,patrol,swarm,-8.21,-5.73,17.74
60,2,patrol,swarm,-4.69,-7.97,18.57
60,3,patrol,bruiser,9.80,-8.20,20.67
60,4,patrol,pouncer,2.47,-12.65,22.79
61,1,patrol,swarm,-8.23,-5.72,17.75
61,2,patrol,swarm,-4.70,-7.95,18.56
61,3,patrol,bruiser,9.82,-8.20,20.68
61,4,patrol,pouncer,2.47,-12.63,22.76
62,1,patrol,swarm,-8.25,-5.72,17.75
62,2,patrol,swarm,-4.71,-7.93,18.54
62,3,patrol,bruiser,9.83,-8.21,20.69
62,4,patrol,pouncer,2.46,-12.61,22.74
63,1,patrol,swarm,-8.26,-5.72,17.76
63,2,patrol,swarm,-4.72,-7.92,18.53
63,3,patrol,bruiser,9.84,-8.21,20.70
63,4,patrol,pouncer,2.45,-12.59,22.72
64,1,patrol,swarm,-8.29,-5.71,17.76
64,2,patrol,swarm,-4.73,-7.90,18.52
64,3,patrol,bruiser,9.85,-8.21,20.71
64,4,patrol,pouncer,2.44,-12.57,22.70
65,1,patrol,swarm,-8.30,-5.71,17.77
65,2,patrol,swarm,-4.74,-7.89,18.51
65,3,patrol,bruiser,9.86,-8.22,20.71
65,4,patrol,pouncer,2.44,-12.55,22.68
66,1,patrol,swarm,-8.32,-5.70,17.77
66,2,patrol,swarm,-4.75,-7.87,18.49
66,3,patrol,bruiser,9.88,-8.22,20.72
66,4,patrol,pouncer,2.43,-12.53,22.66
67,1,patrol,swarm,-8.34,-5.70,17.78
67,2,patrol,swarm,-4.76,-7.86,18.48
67,3,patrol,bruiser,9.88,-8.22,20.73
67,4,patrol,pouncer,2.42,-12.51,22.64
68,1,patrol,swarm,-8.36,-5.69,17.78
68,2,patrol,swarm,-4.77,-7.84,18.46
68,3,patrol,bruiser,9.90,-8.23,20.74
68,4,patrol,pouncer,2.41,-12.48,22.61
69,1,patrol,swarm,-8.37,-5.69,17.79
69,2,patrol,swarm,-4.78,-7.83,18.46
69,3,patrol,bruiser,9.91,-8.23,20.75
69,4,patrol,pouncer,2.40,-12.47,22.60
70,1,patrol,swarm,-8.39,-5.69,17.79
70,2,patrol,swarm,-4.79,-7.81,18.45
70,3,patrol,bruiser,9.92,-8.23,20.76
70,4,patrol,pouncer,2.39,-12.45,22.58
71,1,patrol,swarm,-8.41,-5.68,17.79
71,2,patrol,swarm,-4.80,-7.80,18.44
71,3,patrol,bruiser,9.93,-8.23,20.76
71,4,patrol,pouncer,2.39,-12.43,22.56
72,1,patrol,swarm,-8.43,-5.68,17.80
72,2,patrol,swarm,-4.81,-7.78,18.42
72,3,patrol,bruiser,9.95,-8.24,20.77
72,4,patrol,pouncer,2.38,-12.41,22.54
73,1,patrol,swarm,-8.44,-5.68,17.80
73,2,patrol,swarm,-4.82,-7.77,18.41
73,3,patrol,bruiser,9.96,-8.24,20.78
73,4,patrol,pouncer,2.37,-12.39,22.52
74,1,patrol,swarm,-8.46,-5.67,17.81
74,2,patrol,swarm,-4.83,-7.76,18.40
74,3,patrol,bruiser,9.97,-8.24,20.79
74,4,patrol,pouncer,2.37,-12.37,22.50
75,1,patrol,swarm,-8.48,-5.67,17.81
75,2,patrol,swarm,-4.84,-7.74,18.39
75,3,patrol,bruiser,9.98,-8.25,20.80
75,4,patrol,pouncer,2.36,-12.36,22.48
76,1,patrol,swarm,-8.50,-5.66,17.82
76,2,patrol,swarm,-4.85,-7.72,18.38
76,3,patrol,bruiser,9.99,-8.25,20.80
76,4,patrol,pouncer,2.35,-12.33,22.46
77,1,patrol,swarm,-8.51,-5.66,17.82
77,2,patrol,swarm,-4.86,-7.71,18.36
77,3,patrol,bruiser,10.00,-8.25,20.81
77,4,patrol,pouncer,2.34,-12.32,22.44
78,1,patrol,swarm,-8.53,-5.66,17.83
78,2,patrol,swarm,-4.87,-7.69,18.35
78,3,patrol,bruiser,10.02,-8.25,20.82
78,4,patrol,pouncer,2.33,-12.29,22.41
79,1,patrol,swarm,-8.55,-5.65,17.83
79,2,patrol,swarm,-4.88,-7.68,18.34
79,3,patrol,bruiser,10.03,-8.26,20.83
79,4,patrol,pouncer,2.33,-12.28,22.40
80,1,patrol,swarm,-8.57,-5.65,17.84
80,2,patrol,swarm,-4.89,-7.66,18.33
80,3,patrol,bruiser,10.04,-8.26,20.84
80,4,patrol,pouncer,2.32,-12.26,22.38
81,1,patrol,swarm,-8.58,-5.64,17.84
81,2,patrol,swarm,-4.90,-7.65,18.32
81,3,patrol,bruiser,10.05,-8.26,20.84
81,4,patrol,pouncer,2.31,-12.24,22.36
82,1,patrol,swarm,-8.60,-5.64,17.85
82,2,patrol,swarm,-4.91,-7.63,18.31
82,3,patrol,bruiser,10.06,-8.27,20.85
82,4,patrol,pouncer,2.30,-12.22,22.34
83,1,patrol,swarm,-8.62,-5.64,17.85
83,2,patrol,swarm,-4.92,-7.62,18.29
83,3,patrol,bruiser,10.07,-8.27,20.86
83,4,patrol,pouncer,2.30,-12.20,22.32
84,1,patrol,swarm,-8.64,-5.63,17.86
84,2,patrol,swarm,-4.93,-7.60,18.28
84,3,patrol,bruiser,10.09,-8.27,20.87
84,4,patrol,pouncer,2.29,-12.17,22.29
85,1,patrol,swarm,-8.65,-5.63,17.86
85,2,patrol,swarm,-4.94,-7.59,18.27
85,3,patrol,bruiser,10.09,-8.27,20.88
85,4,patrol,pouncer,2.28,-12.16,22.28
86,1,patrol,swarm,-8.68,-5.62,17.87
86,2,patrol,swarm,-4.95,-7.57,18.25
86,3,patrol,bruiser,10.11,-8.28,20.89
86,4,patrol,pouncer,2.27,-12.13,22.25
87,1,patrol,swarm,-8.69,-5.62,17.87
87,2,patrol,swarm,-4.96,-7.56,18.25
87,3,patrol,bruiser,10.12,-8.28,20.89
87,4,patrol,pouncer,2.27,-12.12,22.24
88,1,patrol,swarm,-8.71,-5.62,17.88
88,2,patrol,swarm,-4.97,-7.54,18.23
88,3,patrol,bruiser,10.13,-8.28,20.90
88,4,patrol,pouncer,2.26,-12.10,22.21
89,1,patrol,swarm,-8.72,-5.61,17.88
89,2,patrol,swarm,-4.98,-7.53,18.23
89,3,patrol,bruiser,10.14,-8.29,20.91
89,4,patrol,pouncer,2.25,-12.08,22.20
90,1,patrol,swarm,-8.75,-5.61,17.89
90,2,patrol,swarm,-4.99,-7.51,18.21
90,3,patrol,bruiser,10.16,-8.29,20.92
90,4,patrol,pouncer,2.24,-12.05,22.17
91,1,patrol,swarm,-8.76,-5.61,17.89
91,2,patrol,swarm,-5.00,-7.50,18.20
91,3,patrol,bruiser,10.16,-8.29,20.93
91,4,patrol,pouncer,2.24,-12.04,22.16
92,1,patrol,swarm,-8.77,-5.60,17.90
92,2,patrol,swarm,-5.01,-7.49,18.19
92,3,patrol,bruiser,10.18,-8.29,20.93
92,4,patrol,pouncer,2.23,-12.02,22.14
93,1,patrol,swarm,-8.79,-5.60,17.90
93,2,patrol,swarm,-5.02,-7.47,18.18
93,3,patrol,bruiser,10.19,-8.30,20.94
93,4,patrol,pouncer,2.22,-12.01,22.12
94,1,patrol,swarm,-8.81,-5.59,17.91
94,2,patrol,swarm,-5.03,-7.46,18.17
94,3,patrol,bruiser,10.20,-8.30,20.95
94,4,patrol,pouncer,2.21,-11.99,22.10
95,1,patrol,swarm,-8.82,-5.59,17.91
95,2,patrol,swarm,-5.04,-7.44,18.16
95,3,patrol,bruiser,10.21,-8.30,20.96
95,4,patrol,pouncer,2.21,-11.97,22.08
96,1,patrol,swarm,-8.85,-5.59,17.92
96,2,patrol,swarm,-5.05,-7.42,18.14
96,3,patrol,bruiser,10.22,-8.31,20.97
96,4,patrol,pouncer,2.20,-11.94,22.05
97,1,patrol,swarm,-8.86,-5.58,17.92
97,2,patrol,swarm,-5.06,-7.41,18.13
97,3,patrol,bruiser,10.23,-8.31,20.97
97,4,patrol,pouncer,2.19,-11.93,22.04
98,1,patrol,swarm,-8.88,-5.58,17.93
98,2,patrol,swarm,-5.07,-7.39,18.12
98,3,patrol,bruiser,10.25,-8.31,20.99
98,4,patrol,pouncer,2.18,-11.90,22.01
99,1,patrol,swarm,-8.89,-5.58,17.93
99,2,patrol,swarm,-5.08,-7.39,18.11
99,3,patrol,bruiser,10.25,-8.31,20.99
99,4,patrol,pouncer,2.18,-11.89,22.00
100,1,patrol,swarm,-9.15,-5.52,18.01
100,2,patrol,swarm,-5.22,-7.17,17.94
100,3,patrol,bruiser,10.42,-8.36,21.11
100,4,patrol,pouncer,2.07,-11.61,21.71
101,1,patrol,swarm,-9.15,-5.52,18.01
101,2,patrol,swarm,-5.22,-7.17,17.95
101,3,patrol,bruiser,10.43,-8.36,21.11
101,4,patrol,pouncer,2.07,-11.60,21.70
102,1,patrol,swarm,-9.18,-5.51,17.95
102,2,patrol,swarm,-5.19,-7.19,17.87
102,3,patrol,bruiser,10.44,-8.36,21.04
102,4,patrol,pouncer,2.06,-11.58,21.58
103,1,patrol,swarm,-9.18,-5.51,17.94
103,2,patrol,swarm,-5.19,-7.19,17.86
103,3,patrol,bruiser,10.44,-8.36,21.02
103,4,patrol,pouncer,2.05,-11.57,21.56
104,1,patrol,swarm,-9.20,-5.51,17.88
104,2,patrol,swarm,-5.17,-7.21,17.80
104,3,patrol,bruiser,10.46,-8.37,20.96
104,4,patrol,pouncer,2.04,-11.55,21.46
105,1,patrol,swarm,-9.22,-5.50,17.83
105,2,patrol,swarm,-5.15,-7.22,17.73
105,3,patrol,bruiser,10.45,-8.35,20.87
105,4,patrol,pouncer,2.04,-11.53,21.36
106,1,patrol,swarm,-9.23,-5.50,17.82
106,2,patrol,swarm,-5.14,-7.22,17.72
106,3,patrol,bruiser,10.45,-8.35,20.85
106,4,patrol,pouncer,2.03,-11.52,21.33
107,1,patrol,swarm,-9.25,-5.50,17.76
107,2,patrol,swarm,-5.12,-7.24,17.65
107,3,patrol,bruiser,10.45,-8.33,20.76
107,4,patrol,pouncer,2.02,-11.50,21.23
108,1,patrol,swarm,-9.25,-5.49,17.75
108,2,patrol,swarm,-5.12,-7.24,17.64
108,3,patrol,bruiser,10.45,-8.33,20.74
108,4,patrol,pouncer,2.02,-11.49,21.21
109,1,patrol,swarm,-9.27,-5.49,17.69
109,2,patrol,swarm,-5.10,-7.26,17.57
109,3,patrol,bruiser,10.44,-8.31,20.64
109,4,patrol,pouncer,2.01,-11.47,21.09
110,1,patrol,swarm,-9.28,-5.49,17.68
110,2,patrol,swarm,-5.09,-7.26,17.55
110,3,patrol,bruiser,10.44,-8.30,20.62
110,4,patrol,pouncer,2.01,-11.46,21.06
111,1,patrol,swarm,-9.31,-5.48,17.60
111,2,patrol,swarm,-5.06,-7.28,17.47
111,3,patrol,bruiser,10.44,-8.28,20.49
111,4,patrol,pouncer,2.00,-11.43,20.92
112,1,patrol,swarm,-9.31,-5.48,17.59
112,2,patrol,swarm,-5.06,-7.29,17.45
112,3,patrol,bruiser,10.44,-8.28,20.47
112,4,patrol,pouncer,2.00,-11.42,20.90
113,1,patrol,swarm,-9.34,-5.47,17.52
113,2,patrol,swarm,-5.03,-7.31,17.36
113,3,patrol,bruiser,10.43,-8.26,20.35
113,4,patrol,pouncer,1.98,-11.39,20.76
114,1,patrol,swarm,-9.35,-5.47,17.50
114,2,patrol,swarm,-5.03,-7.31,17.35
114,3,patrol,bruiser,10.43,-8.25,20.32
114,4,patrol,pouncer,1.98,-11.39,20.73
115,1,patrol,swarm,-9.37,-5.47,17.45
115,2,patrol,swarm,-5.01,-7.33,17.29
115,3,patrol,bruiser,10.42,-8.24,20.24
115,4,patrol,pouncer,1.97,-11.36,20.63
116,1,patrol,swarm,-9.37,-5.47,17.43
116,2,patrol,swarm,-5.00,-7.33,17.26
116,3,patrol,bruiser,10.42,-8.23,20.21
116,4,patrol,pouncer,1.97,-11.36,20.59
117,1,patrol,swarm,-9.40,-5.46,17.37
117,2,patrol,swarm,-4.97,-7.35,17.18
117,3,patrol,bruiser,10.42,-8.21,20.09
117,4,patrol,pouncer,1.96,-11.33,20.46
118,1,patrol,swarm,-9.41,-5.46,17.35
118,2,patrol,swarm,-4.97,-7.35,17.16
118,3,patrol,bruiser,10.42,-8.20,20.07
118,4,patrol,pouncer,1.95,-11.32,20.43
119,1,patrol,swarm,-9.44,-5.45,17.28
119,2,patrol,swarm,-4.94,-7.38,17.07
119,3,patrol,bruiser,10.41,-8.18,19.94
119,4,patrol,pouncer,1.94,-11.29,20.28
120,1,patrol,swarm,-9.44,-5.45,17.26
120,2,patrol,swarm,-4.93,-7.38,17.05
120,3,patrol,bruiser,10.41,-8.18,19.91
120,4,patrol,pouncer,1.94,-11.28,20.25
121,1,patrol,swarm,-9.46,-5.45,17.21
121,2,patrol,swarm,-4.91,-7.40,16.99
121,3,patrol,bruiser,10.40,-8.16,19.83
121,4,patrol,pouncer,1.93,-11.26,20.16
122,1,patrol,swarm,-9.47,-5.45,17.20
122,2,patrol,swarm,-4.91,-7.40,16.98
122,3,patrol,bruiser,10.40,-8.16,19.81
122,4,patrol,pouncer,1.93,-11.25,20.13
123,1,patrol,swarm,-9.49,-5.44,17.15
123,2,patrol,swarm,-4.89,-7.41,16.92
123,3,patrol,bruiser,10.40,-8.14,19.72
123,4,patrol,pouncer,1.92,-11.23,20.03
124,1,patrol,swarm,-9.49,-5.44,17.14
124,2,patrol,swarm,-4.88,-7.42,16.90
124,3,patrol,bruiser,10.40,-8.14,19.70
124,4,patrol,pouncer,1.92,-11.23,20.01
125,1,patrol,swarm,-9.52,-5.43,17.07
125,2,patrol,swarm,-4.85,-7.44,16.81
125,3,patrol,bruiser,10.39,-8.11,19.57
125,4,patrol,pouncer,1.91,-11.19,19.86
126,1,patrol,swarm,-9.53,-5.43,17.05
126,2,patrol,swarm,-4.85,-7.44,16.79
126,3,patrol,bruiser,10.39,-8.11,19.55
126,4,patrol,pouncer,1.90,-11.19,19.83
127,1,patrol,swarm,-9.56,-5.43,16.97
127,2,patrol,swarm,-4.82,-7.47,16.69
127,3,patrol,bruiser,10.38,-8.08,19.41
127,4,patrol,pouncer,1.89,-11.15,19.67
128,1,patrol,swarm,-9.56,-5.42,16.96
128,2,patrol,swarm,-4.81,-7.47,16.68
128,3,patrol,bruiser,10.38,-8.08,19.39
128,4,patrol,pouncer,1.89,-11.15,19.65
129,1,patrol,swarm,-9.59,-5.42,16.89
129,2,patrol,swarm,-4.78,-7.49,16.59
129,3,patrol,bruiser,10.38,-8.06,19.26
129,4,patrol,pouncer,1.87,-11.11,19.50
130,1,patrol,swarm,-9.59,-5.42,16.88
130,2,patrol,swarm,-4.78,-7.49,16.58
130,3,patrol,bruiser,10.38,-8.05,19.24
130,4,patrol,pouncer,1.87,-11.11,19.48
131,1,patrol,swarm,-9.61,-5.41,16.83
131,2,patrol,swarm,-4.76,-7.51,16.51
131,3,patrol,bruiser,10.37,-8.04,19.15
131,4,patrol,pouncer,1.86,-11.09,19.38
132,1,patrol,swarm,-9.62,-5.41,16.82
132,2,patrol,swarm,-4.75,-7.51,16.50
132,3,patrol,bruiser,10.37,-8.03,19.13
132,4,patrol,pouncer,1.86,-11.08,19.35
133,1,patrol,swarm,-9.64,-5.41,16.78
133,2,patrol,swarm,-4.74,-7.52,16.44
133,3,patrol,bruiser,10.37,-8.02,19.05
133,4,patrol,pouncer,1.85,-11.06,19.26
134,1,patrol,swarm,-9.64,-5.41,16.77
134,2,patrol,swarm,-4.73,-7.53,16.43
134,3,patrol,bruiser,10.37,-8.02,19.03
134,4,patrol,pouncer,1.85,-11.06,19.24
135,1,patrol,swarm,-9.66,-5.40,16.72
135,2,patrol,swarm,-4.71,-7.54,16.36
135,3,patrol,bruiser,10.36,-8.00,18.94
135,4,patrol,pouncer,1.84,-11.03,19.14
136,1,patrol,swarm,-9.67,-5.40,16.71
136,2,patrol,swarm,-4.71,-7.55,16.35
136,3,patrol,bruiser,10.36,-8.00,18.92
136,4,patrol,pouncer,1.84,-11.03,19.11
137,1,patrol,swarm,-9.68,-5.40,16.67
137,2,patrol,swarm,-4.69,-7.56,16.30
137,3,patrol,bruiser,10.36,-7.99,18.86
137,4,patrol,pouncer,1.84,-11.01,19.04
138,1,patrol,swarm,-9.70,-5.39,16.63
138,2,patrol,swarm,-4.68,-7.57,16.25
138,3,patrol,bruiser,10.35,-7.97,18.79
138,4,patrol,pouncer,1.83,-11.00,18.96
139,1,patrol,swarm,-9.71,-5.39,16.60
139,2,patrol,swarm,-4.66,-7.58,16.20
139,3,patrol,bruiser,10.35,-7.96,18.72
139,4,patrol,pouncer,1.82,-10.98,18.88
140,1,patrol,swarm,-9.73,-5.39,16.56
140,2,patrol,swarm,-4.64,-7.59,16.15
140,3,patrol,bruiser,10.35,-7.95,18.64
140,4,patrol,pouncer,1.81,-10.96,18.79
141,1,patrol,swarm,-9.74,-5.38,16.52
141,2,patrol,swarm,-4.63,-7.60,16.10
141,3,patrol,bruiser,10.34,-7.93,18.58
141,4,patrol,pouncer,1.81,-10.94,18.71
142,1,patrol,swarm,-9.76,-5.38,16.48
142,2,patrol,swarm,-4.61,-7.62,16.04
142,3,patrol,bruiser,10.34,-7.92,18.49
142,4,patrol,pouncer,1.80,-10.92,18.61
143,1,patrol,swarm,-9.78,-5.38,16.45
143,2,patrol,swarm,-4.60,-7.63,16.00
143,3,patrol,bruiser,10.34,-7.91,18.44
143,4,patrol,pouncer,1.79,-10.91,18.55
144,1,patrol,swarm,-9.79,-5.37,16.41
144,2,patrol,swarm,-4.58,-7.64,15.94
144,3,patrol,bruiser,10.33,-7.89,18.36
144,4,patrol,pouncer,1.79,-10.89,18.46
145,1,patrol,swarm,-9.81,-5.37,16.37
145,2,patrol,swarm,-4.56,-7.65,15.90
145,3,patrol,bruiser,10.33,-7.88,18.30
145,4,patrol,pouncer,1.78,-10.87,18.39
146,1,patrol,swarm,-9.82,-5.37,16.33
146,2,patrol,swarm,-4.55,-7.66,15.84
146,3,patrol,bruiser,10.33,-7.87,18.22
146,4,patrol,pouncer,1.77,-10.85,18.30
147,1,patrol,swarm,-9.84,-5.36,16.30
147,2,patrol,swarm,-4.53,-7.68,15.80
147,3,patrol,bruiser,10.32,-7.86,18.16
147,4,patrol,pouncer,1.77,-10.84,18.23
148,1,patrol,swarm,-9.86,-5.36,16.26
148,2,patrol,swarm,-4.52,-7.69,15.74
148,3,patrol,bruiser,10.32,-7.84,18.08
148,4,patrol,pouncer,1.76,-10.82,18.14
149,1,patrol,swarm,-9.87,-5.36,16.23
149,2,patrol,swarm,-4.50,-7.70,15.70
149,3,patrol,bruiser,10.32,-7.83,18.02
149,4,patrol,pouncer,1.75,-10.80,18.06
150,1,patrol,swarm,-9.89,-5.35,16.19
150,2,patrol,swarm,-4.48,-7.71,15.64
150,3,patrol,bruiser,10.31,-7.82,17.94
150,4,patrol,pouncer,1.75,-10.78,17.97
151,1,patrol,swarm,-9.90,-5.35,16.16
151,2,patrol,swarm,-4.47,-7.72,15.59
151,3,patrol,bruiser,10.31,-7.80,17.88
151,4,patrol,pouncer,1.74,-10.77,17.90
152,1,patrol,swarm,-9.92,-5.34,16.12
152,2,patrol,swarm,-4.45,-7.74,15.54
152,3,patrol,bruiser,10.31,-7.79,17.80
152,4,patrol,pouncer,1.73,-10.75,17.81
153,1,patrol,swarm,-9.93,-5.34,16.09
153,2,patrol,swarm,-4.44,-7.75,15.49
153,3,patrol,bruiser,10.30,-7.78,17.74
153,4,patrol,pouncer,1.73,-10.73,17.74
154,1,patrol,swarm,-9.95,-5.34,16.05
154,2,patrol,swarm,-4.42,-7.76,15.44
154,3,patrol,bruiser,10.30,-7.76,17.66
154,4,patrol,pouncer,1.72,-10.71,17.65
155,1,patrol,swarm,-9.96,-5.33,16.02
155,2,patrol,swarm,-4.40,-7.77,15.39
155,3,patrol,bruiser,10.30,-7.75,17.60
155,4,patrol,pouncer,1.71,-10.70,17.58
156,1,patrol,swarm,-9.98,-5.33,15.98
156,2,patrol,swarm,-4.39,-7.78,15.34
156,3,patrol,bruiser,10.29,-7.74,17.52
156,4,patrol,pouncer,1.70,-10.68,17.49
157,1,patrol,swarm,-10.00,-5.33,15.95
157,2,patrol,swarm,-4.37,-7.79,15.29
157,3,patrol,bruiser,10.29,-7.73,17.46
157,4,patrol,pouncer,1.70,-10.66,17.41
158,1,patrol,swarm,-10.03,-5.32,15.88
158,2,patrol,swarm,-4.34,-7.82,15.18
158,3,patrol,bruiser,10.28,-7.70,17.31
158,4,patrol,pouncer,1.68,-10.63,17.24
159,1,patrol,swarm,-10.03,-5.32,15.87
159,2,patrol,swarm,-4.33,-7.82,15.17
159,3,patrol,bruiser,10.28,-7.70,17.30
159,4,patrol,pouncer,1.68,-10.62,17.23
160,1,patrol,swarm,-10.05,-5.32,15.83
160,2,patrol,swarm,-4.31,-7.84,15.11
160,3,patrol,bruiser,10.28,-7.68,17.21
160,4,patrol,pouncer,1.67,-10.60,17.13
161,1,patrol,swarm,-10.06,-5.31,15.82
161,2,patrol,swarm,-4.31,-7.84,15.09
161,3,patrol,bruiser,10.28,-7.68,17.18
161,4,patrol,pouncer,1.67,-10.59,17.09
162,1,patrol,swarm,-10.08,-5.31,15.77
162,2,patrol,swarm,-4.28,-7.86,15.02
162,3,patrol,bruiser,10.27,-7.66,17.08
162,4,patrol,pouncer,1.66,-10.57,16.98
163,1,patrol,swarm,-10.09,-5.31,15.75
163,2,patrol,swarm,-4.27,-7.87,14.99
163,3,patrol,bruiser,10.27,-7.65,17.04
163,4,patrol,pouncer,1.66,-10.56,16.93
164,1,patrol,swarm,-10.11,-5.30,15.71
164,2,patrol,swarm,-4.25,-7.88,14.92
164,3,patrol,bruiser,10.27,-7.63,16.95
164,4,patrol,pouncer,1.65,-10.54,16.82
165,1,patrol,swarm,-10.12,-5.30,15.69
165,2,patrol,swarm,-4.24,-7.89,14.88
165,3,patrol,bruiser,10.26,-7.62,16.90
165,4,patrol,pouncer,1.64,-10.52,16.77
166,1,patrol,swarm,-10.14,-5.30,15.65
166,2,patrol,swarm,-4.22,-7.90,14.82
166,3,patrol,bruiser,10.26,-7.61,16.82
166,4,patrol,pouncer,1.64,-10.50,16.67
167,1,patrol,swarm,-10.15,-5.29,15.62
167,2,patrol,swarm,-4.21,-7.92,14.78
167,3,patrol,bruiser,10.26,-7.60,16.76
167,4,patrol,pouncer,1.63,-10.49,16.59
168,1,patrol,swarm,-10.17,-5.29,15.57
168,2,patrol,swarm,-4.18,-7.93,14.70
168,3,patrol,bruiser,10.25,-7.58,16.66
168,4,patrol,pouncer,1.62,-10.46,16.48
169,1,patrol,swarm,-10.18,-5.29,15.56
169,2,patrol,swarm,-4.18,-7.94,14.68
169,3,patrol,bruiser,10.25,-7.57,16.62
169,4,patrol,pouncer,1.62,-10.45,16.44
170,1,patrol,swarm,-10.41,-5.23,15.12
170,2,patrol,swarm,-3.93,-8.12,13.92
170,3,patrol,bruiser,10.20,-7.38,15.61
170,4,patrol,pouncer,1.52,-10.20,15.23
171,1,patrol,swarm,-10.42,-5.23,15.11
171,2,patrol,swarm,-3.93,-8.12,13.91
171,3,patrol,bruiser,10.20,-7.38,15.58
171,4,patrol,pouncer,1.52,-10.21,15.21
172,1,patrol,swarm,-10.45,-5.23,15.06
172,2,patrol,swarm,-3.90,-8.14,13.81
172,3,patrol,bruiser,10.19,-7.35,15.45
172,4,patrol,pouncer,1.55,-10.24,15.13
173,1,patrol,swarm,-10.47,-5.22,15.02
173,2,patrol,swarm,-3.88,-8.16,13.74
173,3,patrol,bruiser,10.19,-7.34,15.36
173,4,patrol,pouncer,1.57,-10.27,15.07
174,1,patrol,swarm,-10.47,-5.22,15.02
174,2,patrol,swarm,-3.87,-8.16,13.72
174,3,patrol,bruiser,10.19,-7.33,15.34
174,4,patrol,pouncer,1.58,-10.27,15.05
175,1,patrol,swarm,-10.49,-5.22,14.98
175,2,patrol,swarm,-3.85,-8.18,13.66
175,3,patrol,bruiser,10.18,-7.32,15.26
175,4,patrol,pouncer,1.59,-10.29,15.00
176,1,patrol,swarm,-10.50,-5.22,14.97
176,2,patrol,swarm,-3.84,-8.18,13.64
176,3,patrol,bruiser,10.18,-7.31,15.23
176,4,patrol,pouncer,1.60,-10.30,14.98
177,1,patrol,swarm,-10.51,-5.21,14.94
177,2,patrol,swarm,-3.82,-8.20,13.58
177,3,patrol,bruiser,10.18,-7.30,15.15
177,4,patrol,pouncer,1.62,-10.32,14.93
178,1,patrol,swarm,-10.52,-5.21,14.93
178,2,patrol,swarm,-3.82,-8.20,13.56
178,3,patrol,bruiser,10.18,-7.29,15.13
178,4,patrol,pouncer,1.62,-10.33,14.91
179,1,patrol,swarm,-10.54,-5.21,14.90
179,2,patrol,swarm,-3.80,-8.22,13.49
179,3,patrol,bruiser,10.17,-7.28,15.03
179,4,patrol,pouncer,1.64,-10.36,14.85
180,1,patrol,swarm,-10.54,-5.20,14.89
180,2,patrol,swarm,-3.79,-8.22,13.48
180,3,patrol,bruiser,10.17,-7.27,15.01
180,4,patrol,pouncer,1.65,-10.36,14.84
181,1,patrol,swarm,-10.56,-5.20,14.86
181,2,patrol,swarm,-3.77,-8.24,13.42
181,3,patrol,bruiser,10.17,-7.26,14.93
181,4,patrol,pouncer,1.67,-10.38,14.78
182,1,patrol,swarm,-10.57,-5.20,14.85
182,2,patrol,swarm,-3.77,-8.24,13.40
182,3,patrol,bruiser,10.17,-7.25,14.91
182,4,patrol,pouncer,1.67,-10.39,14.77
183,1,patrol,swarm,-10.61,-5.19,14.79
183,2,patrol,swarm,-3.72,-8.27,13.26
183,3,patrol,bruiser,10.16,-7.22,14.73
183,4,patrol,pouncer,1.71,-10.44,14.65
184,1,patrol,swarm,-10.61,-5.19,14.78
184,2,patrol,swarm,-3.71,-8.28,13.24
184,3,patrol,bruiser,10.16,-7.21,14.70
184,4,patrol,pouncer,1.72,-10.45,14.63
185,1,patrol,swarm,-10.64,-5.18,14.74
185,2,patrol,swarm,-3.69,-8.30,13.15
185,3,patrol,bruiser,10.15,-7.19,14.59
185,4,patrol,pouncer,1.74,-10.48,14.55
186,1,patrol,swarm,-10.64,-5.18,14.73
186,2,patrol,swarm,-3.68,-8.30,13.14
186,3,patrol,bruiser,10.15,-7.19,14.57
186,4,patrol,pouncer,1.75,-10.48,14.54
187,1,patrol,swarm,-10.67,-5.18,14.70
187,2,patrol,swarm,-3.66,-8.32,13.06
187,3,patrol,bruiser,10.14,-7.17,14.47
187,4,patrol,pouncer,1.77,-10.51,14.47
188,1,patrol,swarm,-10.67,-5.18,14.69
188,2,patrol,swarm,-3.65,-8.32,13.05
188,3,patrol,bruiser,10.14,-7.17,14.45
188,4,patrol,pouncer,1.77,-10.52,14.46
189,1,patrol,swarm,-10.69,-5.17,14.66
189,2,patrol,swarm,-3.63,-8.34,12.98
189,3,patrol,bruiser,10.14,-7.15,14.36
189,4,patrol,pouncer,1.80,-10.54,14.40
190,1,patrol,swarm,-10.70,-5.17,14.65
190,2,patrol,swarm,-3.63,-8.34,12.96
190,3,patrol,bruiser,10.14,-7.15,14.34
190,4,patrol,pouncer,1.80,-10.55,14.38
191,1,patrol,swarm,-10.91,-5.12,14.36
191,2,patrol,swarm,-3.38,-8.52,12.21
191,3,patrol,bruiser,10.09,-6.97,13.38
191,4,alert,pouncer,1.80,-10.55,13.44
192,1,patrol,swarm,-10.92,-5.12,14.35
192,2,patrol,swarm,-3.38,-8.53,12.19
192,3,patrol,bruiser,10.09,-6.96,13.35
192,4,alert,pouncer,1.80,-10.55,13.41
193,1,patrol,swarm,-10.95,-5.11,14.32
193,2,patrol,swarm,-3.35,-8.55,12.10
193,3,patrol,bruiser,10.08,-6.94,13.24
193,4,alert,pouncer,1.80,-10.55,13.30
194,1,patrol,swarm,-10.95,-5.11,14.32
194,2,patrol,swarm,-3.34,-8.55,12.08
194,3,patrol,bruiser,10.08,-6.94,13.22
194,4,alert,pouncer,1.80,-10.55,13.28
195,1,patrol,swarm,-10.97,-5.11,14.30
195,2,patrol,swarm,-3.32,-8.57,12.02
195,3,patrol,bruiser,10.08,-6.92,13.14
195,4,alert,pouncer,1.80,-10.55,13.20
196,1,patrol,swarm,-10.97,-5.11,14.29
196,2,patrol,swarm,-3.32,-8.57,12.00
196,3,patrol,bruiser,10.08,-6.92,13.12
196,4,alert,pouncer,1.80,-10.55,13.18
197,1,patrol,swarm,-11.00,-5.10,14.26
197,2,alert,swarm,-3.32,-8.57,11.90
197,3,patrol,bruiser,10.07,-6.90,13.00
197,4,alert,pouncer,1.80,-10.55,13.06
198,1,patrol,swarm,-11.00,-5.10,14.26
198,2,alert,swarm,-3.32,-8.57,11.88
198,3,patrol,bruiser,10.07,-6.89,12.98
198,4,alert,pouncer,1.80,-10.55,13.04
199,1,patrol,swarm,-11.03,-5.10,14.23
199,2,alert,swarm,-3.32,-8.57,11.79
199,3,patrol,bruiser,10.07,-6.87,12.87
199,4,alert,pouncer,1.80,-10.55,12.93
200,1,patrol,swarm,-11.03,-5.10,14.23
200,2,alert,swarm,-3.32,-8.57,11.77
200,3,patrol,bruiser,10.06,-6.87,12.85
200,4,alert,pouncer,1.80,-10.55,12.91
201,1,patrol,swarm,-11.06,-5.09,14.20
201,2,alert,swarm,-3.32,-8.57,11.68
201,3,patrol,bruiser,10.06,-6.85,12.75
201,4,alert,pouncer,1.80,-10.55,12.80
202,1,patrol,swarm,-11.06,-5.09,14.20
202,2,alert,swarm,-3.32,-8.57,11.66
202,3,patrol,bruiser,10.06,-6.84,12.73
202,4,alert,pouncer,1.80,-10.55,12.78
203,1,patrol,swarm,-11.08,-5.09,14.18
203,2,alert,swarm,-3.32,-8.57,11.59
203,3,patrol,bruiser,10.05,-6.83,12.65
203,4,alert,pouncer,1.80,-10.55,12.70
204,1,patrol,swarm,-11.08,-5.08,14.17
204,2,alert,swarm,-3.32,-8.57,11.57
204,3,patrol,bruiser,10.05,-6.82,12.63
204,4,alert,pouncer,1.80,-10.55,12.68
205,1,patrol,swarm,-11.10,-5.08,14.16
205,2,alert,swarm,-3.32,-8.57,11.50
205,3,patrol,bruiser,10.05,-6.81,12.56
205,4,alert,pouncer,1.80,-10.55,12.60
206,1,patrol,swarm,-11.11,-5.08,14.15
206,2,alert,swarm,-3.32,-8.57,11.49
206,3,patrol,bruiser,10.05,-6.81,12.54
206,4,stalk,pouncer,1.80,-10.55,12.58
207,1,patrol,swarm,-11.13,-5.08,14.14
207,2,alert,swarm,-3.32,-8.57,11.41
207,3,patrol,bruiser,10.04,-6.79,12.46
207,4,stalk,pouncer,1.75,-10.51,12.46
208,1,patrol,swarm,-11.13,-5.07,14.13
208,2,alert,swarm,-3.32,-8.57,11.40
208,3,patrol,bruiser,10.04,-6.79,12.44
208,4,stalk,pouncer,1.76,-10.50,12.43
209,1,patrol,swarm,-11.16,-5.07,14.11
209,2,alert,swarm,-3.32,-8.57,11.29
209,3,patrol,bruiser,10.04,-6.76,12.32
209,4,stalk,pouncer,1.83,-10.44,12.25
210,1,patrol,swarm,-11.16,-5.07,14.11
210,2,alert,swarm,-3.32,-8.57,11.28
210,3,patrol,bruiser,10.04,-6.76,12.30
210,4,stalk,pouncer,1.84,-10.43,12.22
211,1,patrol,swarm,-11.18,-5.06,14.09
211,2,alert,swarm,-3.32,-8.57,11.21
211,3,patrol,bruiser,10.03,-6.75,12.22
211,4,stalk,pouncer,1.88,-10.39,12.10
212,1,patrol,swarm,-11.18,-5.06,14.09
212,2,alert,swarm,-3.32,-8.57,11.19
212,3,patrol,bruiser,10.03,-6.74,12.21
212,4,stalk,pouncer,1.89,-10.38,12.07
213,1,patrol,swarm,-11.20,-5.06,14.07
213,2,alert,swarm,-3.32,-8.57,11.12
213,3,patrol,bruiser,10.03,-6.73,12.13
213,4,stalk,pouncer,1.93,-10.34,11.95
214,1,patrol,swarm,-11.21,-5.06,14.07
214,2,alert,swarm,-3.32,-8.57,11.10
214,3,patrol,bruiser,10.03,-6.72,12.11
214,4,stalk,pouncer,1.94,-10.33,11.92
215,1,patrol,swarm,-11.22,-5.05,14.06
215,2,alert,swarm,-3.32,-8.57,11.03
215,3,patrol,bruiser,10.02,-6.71,12.03
215,4,stalk,pouncer,1.98,-10.29,11.80
216,1,patrol,swarm,-11.23,-5.05,14.05
216,2,alert,swarm,-3.32,-8.57,11.02
216,3,patrol,bruiser,10.02,-6.71,12.01
216,4,stalk,pouncer,1.99,-10.28,11.77
217,1,patrol,swarm,-11.24,-5.05,14.04
217,2,alert,swarm,-3.32,-8.57,10.95
217,3,patrol,bruiser,10.02,-6.69,11.94
217,4,stalk,pouncer,2.03,-10.24,11.67
218,1,patrol,swarm,-11.25,-5.05,14.04
218,2,alert,swarm,-3.32,-8.57,10.94
218,3,patrol,bruiser,10.02,-6.69,11.93
218,4,stalk,pouncer,2.04,-10.23,11.64
219,1,patrol,swarm,-11.43,-5.01,13.94
219,2,alert,swarm,-3.32,-8.57,10.27
219,3,patrol,bruiser,9.98,-6.54,11.19
219,4,stalk,pouncer,2.50,-9.89,10.52
220,1,patrol,swarm,-11.44,-5.01,13.94
220,2,chase,swarm,-3.32,-8.57,10.23
220,3,patrol,bruiser,9.98,-6.53,11.15
220,4,stalk,pouncer,2.52,-9.87,10.47
221,1,patrol,swarm,-11.45,-5.00,13.93
221,2,chase,swarm,-3.27,-8.48,10.06
221,3,patrol,bruiser,9.97,-6.52,11.07
221,4,stalk,pouncer,2.57,-9.83,10.35
222,1,patrol,swarm,-11.46,-5.00,13.93
222,2,chase,swarm,-3.25,-8.46,10.01
222,3,patrol,bruiser,9.97,-6.51,11.05
222,4,stalk,pouncer,2.59,-9.82,10.31
223,1,patrol,swarm,-11.48,-5.00,13.92
223,2,chase,swarm,-3.21,-8.35,9.81
223,3,patrol,bruiser,9.97,-6.50,10.96
223,4,stalk,pouncer,2.64,-9.78,10.18
224,1,patrol,swarm,-11.49,-5.00,13.92
224,2,chase,swarm,-3.20,-8.32,9.77
224,3,patrol,bruiser,9.97,-6.49,10.94
224,4,stalk,pouncer,2.66,-9.77,10.15
225,1,patrol,swarm,-11.51,-4.99,13.91
225,2,chase,swarm,-3.16,-8.19,9.53
225,3,patrol,bruiser,9.96,-6.47,10.84
225,4,stalk,pouncer,2.73,-9.72,9.98
226,1,patrol,swarm,-11.52,-4.99,13.91
226,2,chase,swarm,-3.15,-8.15,9.47
226,3,patrol,bruiser,9.96,-6.47,10.81
226,4,stalk,pouncer,2.75,-9.70,9.94
227,1,patrol,swarm,-11.54,-4.99,13.91
227,2,chase,swarm,-3.13,-8.06,9.31
227,3,patrol,bruiser,9.95,-6.45,10.74
227,4,stalk,pouncer,2.79,-9.67,9.83
228,1,patrol,swarm,-11.54,-4.98,13.90
228,2,chase,swarm,-3.13,-8.03,9.27
228,3,patrol,bruiser,9.95,-6.45,10.72
228,4,stalk,pouncer,2.81,-9.66,9.80
229,1,patrol,swarm,-11.57,-4.98,13.90
229,2,chase,swarm,-3.11,-7.90,9.06
229,3,patrol,bruiser,9.95,-6.43,10.62
229,4,stalk,pouncer,2.87,-9.62,9.66
230,1,patrol,swarm,-11.57,-4.98,13.90
230,2,chase,swarm,-3.11,-7.88,9.02
230,3,patrol,bruiser,9.95,-6.42,10.61
230,4,stalk,pouncer,2.89,-9.61,9.63
231,1,patrol,swarm,-11.59,-4.97,13.90
231,2,chase,swarm,-3.11,-7.76,8.84
231,3,patrol,bruiser,9.94,-6.40,10.52
231,4,stalk,pouncer,2.95,-9.57,9.49
232,1,patrol,swarm,-11.60,-4.97,13.90
232,2,chase,swarm,-3.10,-7.74,8.80
232,3,patrol,bruiser,9.94,-6.40,10.50
232,4,stalk,pouncer,2.96,-9.56,9.47
233,1,patrol,swarm,-11.61,-4.97,13.89
233,2,chase,swarm,-3.11,-7.65,8.67
233,3,patrol,bruiser,9.94,-6.39,10.44
233,4,stalk,pouncer,3.00,-9.53,9.37
234,1,patrol,swarm,-11.62,-4.97,13.89
234,2,chase,swarm,-3.11,-7.62,8.63
234,3,patrol,bruiser,9.94,-6.38,10.42
234,4,stalk,pouncer,3.02,-9.52,9.34
235,1,patrol,swarm,-11.64,-4.96,13.89
235,2,chase,swarm,-3.11,-7.50,8.45
235,3,patrol,bruiser,9.93,-6.37,10.34
235,4,stalk,pouncer,3.08,-9.48,9.21
236,1,patrol,swarm,-11.64,-4.96,13.89
236,2,chase,swarm,-3.11,-7.48,8.41
236,3,patrol,bruiser,9.93,-6.36,10.32
236,4,stalk,pouncer,3.09,-9.47,9.18
237,1,patrol,swarm,-11.67,-4.96,13.89
237,2,chase,swarm,-3.13,-7.35,8.23
237,3,patrol,bruiser,9.93,-6.34,10.22
237,4,stalk,pouncer,3.16,-9.43,9.04
238,1,patrol,swarm,-11.67,-4.96,13.89
238,2,chase,swarm,-3.13,-7.31,8.18
238,3,patrol,bruiser,9.93,-6.34,10.20
238,4,stalk,pouncer,3.18,-9.42,9.00
239,1,patrol,swarm,-11.70,-4.95,13.89
239,2,chase,swarm,-3.14,-7.19,8.01
239,3,patrol,bruiser,9.92,-6.32,10.11
239,4,stalk,pouncer,3.25,-9.38,8.87
240,1,patrol,swarm,-11.70,-4.95,13.89
240,2,chase,swarm,-3.15,-7.15,7.96
240,3,patrol,bruiser,9.92,-6.31,10.09
240,4,stalk,pouncer,3.26,-9.37,8.83
241,1,patrol,swarm,-11.73,-4.94,13.90
241,2,chase,swarm,-3.17,-7.01,7.76
241,3,patrol,bruiser,9.91,-6.29,9.98
241,4,stalk,pouncer,3.34,-9.32,8.67
242,1,patrol,swarm,-11.73,-4.94,13.90
242,2,chase,swarm,-3.17,-6.98,7.73
242,3,patrol,bruiser,9.91,-6.29,9.97
242,4,stalk,pouncer,3.36,-9.31,8.64
243,1,patrol,swarm,-11.75,-4.94,13.90
243,2,chase,swarm,-3.19,-6.89,7.61
243,3,patrol,bruiser,9.91,-6.27,9.90
243,4,stalk,pouncer,3.41,-9.29,8.55
244,1,patrol,swarm,-11.76,-4.94,13.90
244,2,chase,swarm,-3.19,-6.86,7.57
244,3,patrol,bruiser,9.91,-6.27,9.88
244,4,stalk,pouncer,3.42,-9.28,8.52
245,1,patrol,swarm,-11.77,-4.93,13.91
245,2,chase,swarm,-3.20,-6.76,7.45
245,3,patrol,bruiser,9.90,-6.25,9.82
245,4,stalk,pouncer,3.47,-9.25,8.42
246,1,patrol,swarm,-11.78,-4.93,13.91
246,2,chase,swarm,-3.21,-6.73,7.41
246,3,patrol,bruiser,9.90,-6.25,9.80
246,4,stalk,pouncer,3.49,-9.24,8.38
247,1,patrol,swarm,-11.80,-4.93,13.91
247,2,chase,swarm,-3.22,-6.64,7.29
247,3,patrol,bruiser,9.90,-6.24,9.74
247,4,stalk,pouncer,3.54,-9.21,8.29
248,1,patrol,swarm,-11.80,-4.93,13.91
248,2,chase,swarm,-3.22,-6.61,7.26
248,3,patrol,bruiser,9.90,-6.23,9.72
248,4,stalk,pouncer,3.55,-9.20,8.26
249,1,patrol,swarm,-11.82,-4.92,13.92
249,2,chase,swarm,-3.23,-6.50,7.13
249,3,patrol,bruiser,9.89,-6.22,9.65
249,4,stalk,pouncer,3.61,-9.17,8.15
250,1,patrol,swarm,-11.82,-4.92,13.92
250,2,chase,swarm,-3.23,-6.48,7.10
250,3,patrol,bruiser,9.89,-6.21,9.63
250,4,stalk,pouncer,3.63,-9.16,8.13
251,1,patrol,swarm,-11.85,-4.92,13.93
251,2,chase,swarm,-3.25,-6.36,6.96
251,3,patrol,bruiser,9.89,-6.19,9.55
251,4,stalk,pouncer,3.69,-9.13,8.01
252,1,patrol,swarm,-11.85,-4.92,13.93
252,2,chase,swarm,-3.25,-6.34,6.93
252,3,patrol,bruiser,9.89,-6.20,9.54
252,4,stalk,pouncer,3.70,-9.12,7.98
253,1,patrol,swarm,-11.87,-4.91,13.94
253,2,chase,swarm,-3.26,-6.21,6.78
253,3,patrol,bruiser,9.91,-6.21,9.50
253,4,stalk,pouncer,3.77,-9.09,7.86
254,1,patrol,swarm,-11.88,-4.91,13.94
254,2,chase,swarm,-3.26,-6.18,6.75
254,3,patrol,bruiser,9.92,-6.21,9.49
254,4,stalk,pouncer,3.79,-9.08,7.83
255,1,patrol,swarm,-11.90,-4.91,13.95
255,2,chase,swarm,-3.26,-6.07,6.62
255,3,patrol,bruiser,9.93,-6.22,9.45
255,4,stalk,pouncer,3.85,-9.05,7.72
256,1,patrol,swarm,-11.90,-4.91,13.95
256,2,chase,swarm,-3.26,-6.05,6.59
256,3,patrol,bruiser,9.94,-6.22,9.44
256,4,stalk,pouncer,3.86,-9.04,7.70
257,1,patrol,swarm,-11.92,-4.90,13.96
257,2,chase,swarm,-3.26,-5.92,6.45
257,3,patrol,bruiser,9.96,-6.23,9.40
257,4,stalk,pouncer,3.93,-9.01,7.58
258,1,patrol,swarm,-11.93,-4.90,13.96
258,2,chase,swarm,-3.26,-5.90,6.43
258,3,patrol,bruiser,9.96,-6.23,9.39
258,4,stalk,pouncer,3.94,-9.00,7.56
259,1,patrol,swarm,-11.94,-4.90,13.97
259,2,chase,swarm,-3.25,-5.80,6.32
259,3,patrol,bruiser,9.98,-6.24,9.36
259,4,stalk,pouncer,4.00,-8.98,7.47
260,1,patrol,swarm,-11.95,-4.90,13.98
260,2,chase,swarm,-3.25,-5.78,6.29
260,3,patrol,bruiser,9.98,-6.24,9.35
260,4,stalk,pouncer,4.01,-8.97,7.44
261,1,patrol,swarm,-11.97,-4.89,13.99
261,2,chase,swarm,-3.24,-5.67,6.17
261,3,patrol,bruiser,10.00,-6.25,9.32
261,4,stalk,pouncer,4.07,-8.94,7.35
262,1,patrol,swarm,-11.97,-4.89,13.99
262,2,chase,swarm,-3.24,-5.65,6.15
262,3,patrol,bruiser,10.00,-6.25,9.31
262,4,stalk,pouncer,4.08,-8.93,7.32
263,1,patrol,swarm,-11.99,-4.89,14.00
263,2,chase,swarm,-3.22,-5.56,6.05
263,3,patrol,bruiser,10.01,-6.26,9.28
263,4,stalk,pouncer,4.13,-8.91,7.24
264,1,patrol,swarm,-11.99,-4.89,14.00
264,2,chase,swarm,-3.22,-5.54,6.03
264,3,patrol,bruiser,10.02,-6.26,9.28
264,4,stalk,pouncer,4.14,-8.91,7.22
265,1,patrol,swarm,-12.01,-4.88,14.01
265,2,chase,swarm,-3.20,-5.45,5.93
265,3,patrol,bruiser,10.03,-6.27,9.25
265,4,stalk,pouncer,4.20,-8.88,7.14
266,1,patrol,swarm,-12.01,-4.88,14.01
266,2,chase,swarm,-3.19,-5.42,5.90
266,3,patrol,bruiser,10.04,-6.27,9.24
266,4,stalk,pouncer,4.21,-8.87,7.12
267,1,patrol,swarm,-12.03,-4.88,14.03
267,2,chase,swarm,-3.17,-5.33,5.79
267,3,patrol,bruiser,10.05,-6.28,9.21
267,4,stalk,pouncer,4.26,-8.85,7.03
268,1,patrol,swarm,-12.03,-4.88,14.03
268,2,chase,swarm,-3.16,-5.31,5.77
268,3,patrol,bruiser,10.06,-6.28,9.20
268,4,stalk,pouncer,4.28,-8.84,7.01
269,1,patrol,swarm,-12.05,-4.87,14.04
269,2,chase,swarm,-3.13,-5.22,5.67
269,3,patrol,bruiser,10.07,-6.28,9.17
269,4,stalk,pouncer,4.33,-8.82,6.93
270,1,patrol,swarm,-12.05,-4.87,14.04
270,2,chase,swarm,-3.12,-5.20,5.64
270,3,patrol,bruiser,10.07,-6.29,9.17
270,4,stalk,pouncer,4.34,-8.81,6.91
271,1,patrol,swarm,-12.07,-4.87,14.06
271,2,chase,swarm,-3.10,-5.13,5.55
271,3,patrol,bruiser,10.09,-6.29,9.14
271,4,stalk,pouncer,4.38,-8.79,6.84
272,1,patrol,swarm,-12.08,-4.87,14.07
272,2,chase,swarm,-3.07,-5.06,5.48
272,3,patrol,bruiser,10.10,-6.30,9.12
272,4,stalk,pouncer,4.42,-8.77,6.78
273,1,patrol,swarm,-12.09,-4.86,14.08
273,2,chase,swarm,-3.03,-5.00,5.40
273,3,patrol,bruiser,10.11,-6.30,9.10
273,4,stalk,pouncer,4.46,-8.76,6.72
274,1,patrol,swarm,-12.11,-4.86,14.09
274,2,chase,swarm,-3.00,-4.93,5.32
274,3,patrol,bruiser,10.12,-6.31,9.08
274,4,stalk,pouncer,4.51,-8.74,6.66
275,1,patrol,swarm,-12.12,-4.86,14.10
275,2,chase,swarm,-2.96,-4.88,5.24
275,3,patrol,bruiser,10.13,-6.31,9.06
275,4,stalk,pouncer,4.54,-8.72,6.60
276,1,patrol,swarm,-12.13,-4.86,14.11
276,2,chase,swarm,-2.90,-4.80,5.13
276,3,patrol,bruiser,10.15,-6.32,9.03
276,4,stalk,pouncer,4.60,-8.69,6.52
277,1,patrol,swarm,-12.14,-4.85,14.12
277,2,chase,swarm,-2.86,-4.76,5.08
277,3,patrol,bruiser,10.15,-6.33,9.02
277,4,stalk,pouncer,4.63,-8.68,6.47
278,1,patrol,swarm,-12.16,-4.85,14.14
278,2,chase,swarm,-2.80,-4.69,4.98
278,3,alert,bruiser,10.15,-6.33,8.98
278,4,stalk,pouncer,4.68,-8.66,6.40
279,1,patrol,swarm,-12.17,-4.85,14.15
279,2,chase,swarm,-2.76,-4.66,4.91
279,3,alert,bruiser,10.15,-6.33,8.96
279,4,stalk,pouncer,4.71,-8.64,6.36
280,1,patrol,swarm,-12.18,-4.85,14.16
280,2,chase,swarm,-2.70,-4.61,4.83
280,3,alert,bruiser,10.15,-6.33,8.92
280,4,stalk,pouncer,4.75,-8.62,6.30
281,1,patrol,swarm,-12.19,-4.84,14.17
281,2,chase,swarm,-2.64,-4.57,4.75
281,3,alert,bruiser,10.15,-6.33,8.89
281,4,stalk,pouncer,4.79,-8.60,6.24
282,1,patrol,swarm,-12.21,-4.84,14.19
282,2,chase,swarm,-2.58,-4.53,4.66
282,3,alert,bruiser,10.15,-6.33,8.86
282,4,stalk,pouncer,4.83,-8.58,6.18
283,1,patrol,swarm,-12.22,-4.84,14.20
283,2,chase,swarm,-2.51,-4.50,4.58
283,3,alert,bruiser,10.15,-6.33,8.83
283,4,stalk,pouncer,4.87,-8.57,6.13
284,1,patrol,swarm,-12.23,-4.83,14.22
284,2,chase,swarm,-2.44,-4.47,4.50
284,3,alert,bruiser,10.15,-6.33,8.80
284,4,stalk,pouncer,4.92,-8.54,6.07
285,1,patrol,swarm,-12.24,-4.83,14.23
285,2,chase,swarm,-2.38,-4.45,4.42
285,3,alert,bruiser,10.15,-6.33,8.77
285,4,stalk,pouncer,4.95,-8.53,6.02
286,1,patrol,swarm,-12.27,-4.83,14.26
286,2,chase,swarm,-2.22,-4.42,4.25
286,3,alert,bruiser,10.15,-6.33,8.71
286,4,stalk,pouncer,5.04,-8.49,5.90
287,1,patrol,swarm,-12.27,-4.83,14.26
287,2,chase,swarm,-2.20,-4.42,4.23
287,3,alert,bruiser,10.15,-6.33,8.70
287,4,stalk,pouncer,5.05,-8.48,5.89
288,1,patrol,swarm,-12.29,-4.82,14.29
288,2,chase,swarm,-2.08,-4.42,4.11
288,3,alert,bruiser,10.15,-6.33,8.65
288,4,stalk,pouncer,5.12,-8.45,5.80
289,1,patrol,swarm,-12.30,-4.82,14.29
289,2,chase,swarm,-2.06,-4.42,4.09
289,3,alert,bruiser,10.15,-6.33,8.65
289,4,stalk,pouncer,5.13,-8.44,5.78
290,1,patrol,swarm,-12.31,-4.82,14.31
290,2,chase,swarm,-1.97,-4.43,3.99
290,3,alert,bruiser,10.15,-6.33,8.61
290,4,stalk,pouncer,5.18,-8.42,5.72
291,1,patrol,swarm,-12.32,-4.82,14.32
291,2,chase,swarm,-1.93,-4.43,3.96
291,3,alert,bruiser,10.15,-6.33,8.60
291,4,stalk,pouncer,5.20,-8.41,5.69
292,1,patrol,swarm,-12.36,-4.81,14.37
292,2,chase,swarm,-1.73,-4.50,3.76
292,3,alert,bruiser,10.15,-6.33,8.52
292,4,stalk,pouncer,5.32,-8.35,5.55
293,1,patrol,swarm,-12.36,-4.81,14.38
293,2,chase,swarm,-1.70,-4.50,3.74
293,3,alert,bruiser,10.15,-6.33,8.51
293,4,stalk,pouncer,5.33,-8.34,5.53
294,1,patrol,swarm,-12.55,-4.77,14.57
294,2,chase,swarm,-0.85,-5.20,3.09
294,3,alert,bruiser,10.15,-6.33,8.48
294,4,crouch,pouncer,5.92,-8.02,5.61
295,1,patrol,swarm,-12.57,-4.76,14.59
295,2,chase,swarm,-0.74,-5.25,3.01
295,3,alert,bruiser,10.15,-6.33,8.48
295,4,crouch,pouncer,5.92,-8.02,5.61
296,1,patrol,swarm,-12.57,-4.76,14.59
296,2,chase,swarm,-0.71,-5.26,2.99
296,3,advance,bruiser,10.15,-6.33,8.48
296,4,crouch,pouncer,5.92,-8.02,5.61
297,1,patrol,swarm,-12.59,-4.76,14.61
297,2,chase,swarm,-0.60,-5.31,2.91
297,3,advance,bruiser,10.11,-6.31,8.43
297,4,crouch,pouncer,5.92,-8.02,5.61
298,1,patrol,swarm,-12.60,-4.76,14.62
298,2,chase,swarm,-0.58,-5.32,2.90
298,3,advance,bruiser,10.10,-6.31,8.42
298,4,crouch,pouncer,5.92,-8.02,5.61
299,1,patrol,swarm,-12.62,-4.75,14.64
299,2,chase,swarm,-0.45,-5.37,2.81
299,3,advance,bruiser,10.05,-6.30,8.37
299,4,crouch,pouncer,5.92,-8.02,5.61
300,1,patrol,swarm,-12.62,-4.75,14.64
300,2,chase,swarm,-0.43,-5.38,2.80
300,3,advance,bruiser,10.04,-6.29,8.36
300,4,crouch,pouncer,5.92,-8.02,5.61
301,1,patrol,swarm,-12.64,-4.75,14.66
301,2,chase,swarm,-0.32,-5.42,2.72
301,3,advance,bruiser,10.00,-6.28,8.32
301,4,crouch,pouncer,5.92,-8.02,5.61
302,1,patrol,swarm,-12.65,-4.74,14.66
302,2,chase,swarm,-0.30,-5.43,2.71
302,3,advance,bruiser,9.99,-6.28,8.31
302,4,crouch,pouncer,5.92,-8.02,5.61
303,1,patrol,swarm,-12.66,-4.74,14.68
303,2,chase,swarm,-0.21,-5.45,2.65
303,3,advance,bruiser,9.96,-6.27,8.27
303,4,crouch,pouncer,5.92,-8.02,5.61
304,1,patrol,swarm,-12.66,-4.74,14.68
304,2,chase,swarm,-0.19,-5.46,2.63
304,3,advance,bruiser,9.94,-6.27,8.26
304,4,crouch,pouncer,5.92,-8.02,5.61
305,1,patrol,swarm,-12.68,-4.74,14.70
305,2,chase,swarm,-0.09,-5.48,2.57
305,3,advance,bruiser,9.91,-6.26,8.23
305,4,crouch,pouncer,5.92,-8.02,5.61
306,1,patrol,swarm,-12.68,-4.74,14.70
306,2,chase,swarm,-0.07,-5.49,2.55
306,3,advance,bruiser,9.90,-6.25,8.22
306,4,crouch,pouncer,5.92,-8.02,5.61
307,1,patrol,swarm,-12.70,-4.73,14.72
307,2,chase,swarm,0.03,-5.51,2.48
307,3,advance,bruiser,9.86,-6.24,8.17
307,4,crouch,pouncer,5.92,-8.02,5.61
308,1,patrol,swarm,-12.71,-4.73,14.72
308,2,chase,swarm,0.06,-5.52,2.46
308,3,advance,bruiser,9.85,-6.24,8.17
308,4,pounce,pouncer,5.92,-8.02,5.61
309,1,patrol,swarm,-12.72,-4.73,14.74
309,2,chase,swarm,0.14,-5.53,2.40
309,3,advance,bruiser,9.82,-6.23,8.13
309,4,pounce,pouncer,5.80,-7.89,5.43
310,1,patrol,swarm,-12.72,-4.73,14.74
310,2,chase,swarm,0.17,-5.53,2.38
310,3,advance,bruiser,9.81,-6.23,8.12
310,4,pounce,pouncer,5.76,-7.85,5.37
311,1,patrol,swarm,-12.74,-4.72,14.76
311,2,chase,swarm,0.28,-5.54,2.31
311,3,advance,bruiser,9.77,-6.22,8.08
311,4,pounce,pouncer,5.60,-7.68,5.15
312,1,patrol,swarm,-12.75,-4.72,14.76
312,2,chase,swarm,0.31,-5.54,2.29
312,3,advance,bruiser,9.76,-6.21,8.07
312,4,pounce,pouncer,5.57,-7.65,5.10
313,1,patrol,swarm,-12.76,-4.72,14.78
313,2,chase,swarm,0.41,-5.55,2.22
313,3,advance,bruiser,9.72,-6.20,8.03
313,4,pounce,pouncer,5.41,-7.50,4.89
314,1,patrol,swarm,-12.77,-4.72,14.78
314,2,chase,swarm,0.43,-5.55,2.20
314,3,advance,bruiser,9.71,-6.20,8.02
314,4,pounce,pouncer,5.39,-7.47,4.85
315,1,patrol,swarm,-12.78,-4.70,14.80
315,2,chase,swarm,0.54,-5.54,2.12
315,3,advance,bruiser,9.67,-6.19,7.98
315,4,pounce,pouncer,5.23,-7.31,4.62
316,1,patrol,swarm,-12.78,-4.70,14.80
316,2,chase,swarm,0.56,-5.54,2.11
316,3,advance,bruiser,9.66,-6.19,7.97
316,4,pounce,pouncer,5.20,-7.28,4.58
317,1,patrol,swarm,-12.79,-4.69,14.81
317,2,chase,swarm,0.66,-5.53,2.04
317,3,advance,bruiser,9.63,-6.18,7.93
317,4,pounce,pouncer,5.06,-7.14,4.38
318,1,patrol,swarm,-12.80,-4.69,14.81
318,2,chase,swarm,0.68,-5.53,2.02
318,3,advance,bruiser,9.62,-6.17,7.92
318,4,pounce,pouncer,5.03,-7.10,4.34
319,1,patrol,swarm,-12.81,-4.67,14.82
319,2,chase,swarm,0.79,-5.51,1.93
319,3,advance,bruiser,9.58,-6.16,7.88
319,4,pounce,pouncer,4.87,-6.94,4.11
320,1,patrol,swarm,-12.81,-4.67,14.83
320,2,chase,swarm,0.81,-5.50,1.92
320,3,advance,bruiser,9.57,-6.16,7.87
320,4,pounce,pouncer,4.85,-6.91,4.07
321,1,patrol,swarm,-12.83,-4.65,14.85
321,2,chase,swarm,0.98,-5.44,1.77
321,3,advance,bruiser,9.50,-6.14,7.80
321,4,pounce,pouncer,4.58,-6.65,3.70
322,1,patrol,swarm,-12.84,-4.64,14.85
322,2,chase,swarm,1.00,-5.43,1.75
322,3,advance,bruiser,9.50,-6.14,7.80
322,4,pounce,pouncer,4.55,-6.62,3.66
323,1,patrol,swarm,-12.85,-4.63,14.87
323,2,chase,swarm,1.12,-5.37,1.63
323,3,advance,bruiser,9.45,-6.12,7.74
323,4,pounce,pouncer,4.37,-6.42,3.39
324,1,patrol,swarm,-12.86,-4.62,14.87
324,2,chase,swarm,1.14,-5.36,1.61
324,3,advance,bruiser,9.44,-6.12,7.73
324,4,pounce,pouncer,4.33,-6.39,3.33
325,1,patrol,swarm,-12.87,-4.61,14.88
325,2,chase,swarm,1.23,-5.30,1.51
325,3,advance,bruiser,9.40,-6.11,7.69
325,4,pounce,pouncer,4.17,-6.23,3.11
326,1,patrol,swarm,-12.87,-4.61,14.88
326,2,chase,swarm,1.24,-5.29,1.49
326,3,advance,bruiser,9.39,-6.11,7.68
326,4,pounce,pouncer,4.15,-6.20,3.07
327,1,patrol,swarm,-12.88,-4.59,14.90
327,2,windup,swarm,1.24,-5.29,1.49
327,3,advance,bruiser,9.35,-6.10,7.64
327,4,pounce,pouncer,3.99,-6.04,2.85
328,1,patrol,swarm,-12.89,-4.59,14.90
328,2,windup,swarm,1.24,-5.29,1.49
328,3,advance,bruiser,9.34,-6.09,7.63
328,4,pounce,pouncer,3.96,-6.00,2.80
329,1,patrol,swarm,-12.90,-4.58,14.91
329,2,windup,swarm,1.24,-5.29,1.49
329,3,advance,bruiser,9.30,-6.08,7.59
329,4,pounce,pouncer,3.80,-5.84,2.58
330,1,patrol,swarm,-12.90,-4.58,14.92
330,2,windup,swarm,1.24,-5.29,1.49
330,3,advance,bruiser,9.29,-6.08,7.58
330,4,pounce,pouncer,3.77,-5.81,2.53
331,1,patrol,swarm,-12.92,-4.56,14.93
331,2,windup,swarm,1.24,-5.29,1.49
331,3,advance,bruiser,9.24,-6.07,7.53
331,4,pounce,pouncer,3.58,-5.62,2.26
332,1,patrol,swarm,-12.92,-4.56,14.93
332,2,windup,swarm,1.24,-5.29,1.49
332,3,advance,bruiser,9.23,-6.06,7.52
332,4,recover,pouncer,3.55,-5.58,2.21
333,1,patrol,swarm,-12.95,-4.53,14.96
333,2,windup,swarm,1.24,-5.29,1.49
333,3,advance,bruiser,9.16,-6.04,7.45
333,4,recover,pouncer,3.55,-5.58,2.21
334,1,patrol,swarm,-12.95,-4.53,14.96
334,2,windup,swarm,1.24,-5.29,1.49
334,3,advance,bruiser,9.15,-6.04,7.44
334,4,recover,pouncer,3.55,-5.58,2.21
335,1,patrol,swarm,-12.97,-4.51,14.98
335,2,windup,swarm,1.24,-5.29,1.49
335,3,advance,bruiser,9.10,-6.02,7.38
335,4,recover,pouncer,3.55,-5.58,2.21
336,1,patrol,swarm,-12.97,-4.51,14.98
336,2,windup,swarm,1.24,-5.29,1.49
336,3,advance,bruiser,9.09,-6.02,7.37
336,4,recover,pouncer,3.55,-5.58,2.21
337,1,patrol,swarm,-12.99,-4.49,15.00
337,2,windup,swarm,1.24,-5.29,1.49
337,3,advance,bruiser,9.03,-6.00,7.31
337,4,recover,pouncer,3.55,-5.58,2.21
338,1,patrol,swarm,-12.99,-4.48,15.00
338,2,windup,swarm,1.24,-5.29,1.49
338,3,advance,bruiser,9.02,-6.00,7.30
338,4,recover,pouncer,3.55,-5.58,2.21
339,1,patrol,swarm,-13.00,-4.47,15.01
339,2,windup,swarm,1.24,-5.29,1.49
339,3,advance,bruiser,8.98,-5.99,7.26
339,4,recover,pouncer,3.55,-5.58,2.21
340,1,patrol,swarm,-13.01,-4.47,15.01
340,2,windup,swarm,1.24,-5.29,1.49
340,3,advance,bruiser,8.97,-5.99,7.25
340,4,recover,pouncer,3.55,-5.58,2.21
341,1,patrol,swarm,-13.02,-4.46,15.03
341,2,strike,swarm,1.24,-5.29,1.49
341,3,advance,bruiser,8.94,-5.98,7.22
341,4,recover,pouncer,3.55,-5.58,2.21
342,1,patrol,swarm,-13.02,-4.46,15.03
342,2,strike,swarm,1.26,-5.26,1.46
342,3,advance,bruiser,8.93,-5.98,7.21
342,4,recover,pouncer,3.55,-5.58,2.21
343,1,patrol,swarm,-13.03,-4.44,15.04
343,2,strike,swarm,1.34,-5.13,1.31
343,3,advance,bruiser,8.89,-5.97,7.16
343,4,recover,pouncer,3.55,-5.58,2.21
344,1,patrol,swarm,-13.04,-4.44,15.04
344,2,strike,swarm,1.35,-5.10,1.28
344,3,advance,bruiser,8.88,-5.96,7.15
344,4,recover,pouncer,3.55,-5.58,2.21
345,1,patrol,swarm,-13.06,-4.41,15.07
345,2,strike,swarm,1.51,-4.84,0.97
345,3,advance,bruiser,8.80,-5.94,7.07
345,4,recover,pouncer,3.55,-5.58,2.21
346,1,patrol,swarm,-13.07,-4.41,15.07
346,2,strike,swarm,1.52,-4.81,0.94
346,3,advance,bruiser,8.79,-5.94,7.06
346,4,recover,pouncer,3.55,-5.58,2.21
347,1,patrol,swarm,-13.08,-4.39,15.09
347,2,strike,swarm,1.61,-4.67,0.77
347,3,advance,bruiser,8.74,-5.92,7.01
347,4,recover,pouncer,3.55,-5.58,2.21
348,1,patrol,swarm,-13.08,-4.39,15.09
348,2,strike,swarm,1.62,-4.64,0.74
348,3,advance,bruiser,8.73,-5.92,7.00
348,4,recover,pouncer,3.55,-5.58,2.21
349,1,patrol,swarm,-13.10,-4.38,15.10
349,2,strike,swarm,1.70,-4.52,0.60
349,3,advance,bruiser,8.69,-5.91,6.96
349,4,recover,pouncer,3.55,-5.58,2.21
350,1,patrol,swarm,-13.10,-4.38,15.10
350,2,strike,swarm,1.72,-4.48,0.56
350,3,advance,bruiser,8.68,-5.91,6.95
350,4,recover,pouncer,3.55,-5.58,2.21
351,1,patrol,swarm,-13.11,-4.36,15.12
351,2,strike,swarm,1.80,-4.34,0.39
351,3,advance,bruiser,8.64,-5.89,6.90
351,4,recover,pouncer,3.55,-5.58,2.21
352,1,patrol,swarm,-13.12,-4.36,15.12
352,2,strike,swarm,1.82,-4.31,0.36
352,3,advance,bruiser,8.63,-5.89,6.89
352,4,recover,pouncer,3.55,-5.58,2.21
353,1,patrol,swarm,-13.13,-4.34,15.14
353,2,strike,swarm,1.92,-4.14,0.17
353,3,advance,bruiser,8.58,-5.88,6.84
353,4,recover,pouncer,3.55,-5.58,2.21
354,1,patrol,swarm,-13.14,-4.34,15.14
354,2,recover,swarm,1.93,-4.12,0.13
354,3,advance,bruiser,8.57,-5.87,6.83
354,4,recover,pouncer,3.55,-5.58,2.21
355,1,patrol,swarm,-13.15,-4.33,15.15
355,2,recover,swarm,1.93,-4.12,0.13
355,3,advance,bruiser,8.53,-5.86,6.79
355,4,recover,pouncer,3.55,-5.58,2.21
356,1,patrol,swarm,-13.15,-4.32,15.15
356,2,recover,swarm,1.93,-4.12,0.13
356,3,advance,bruiser,8.52,-5.86,6.78
356,4,recover,pouncer,3.55,-5.58,2.21
357,1,patrol,swarm,-13.17,-4.31,15.17
357,2,recover,swarm,1.93,-4.12,0.13
357,3,advance,bruiser,8.47,-5.84,6.72
357,4,recover,pouncer,3.55,-5.58,2.21
358,1,patrol,swarm,-13.17,-4.30,15.17
358,2,recover,swarm,1.93,-4.12,0.13
358,3,advance,bruiser,8.46,-5.84,6.71
358,4,recover,pouncer,3.55,-5.58,2.21
359,1,patrol,swarm,-13.30,-4.17,15.30
359,2,recover,swarm,1.93,-4.12,0.13
359,3,advance,bruiser,8.05,-5.72,6.29
359,4,recover,pouncer,3.55,-5.58,2.21
360,1,patrol,swarm,-13.30,-4.17,15.30
360,2,recover,swarm,1.93,-4.12,0.13
360,3,advance,bruiser,8.04,-5.72,6.28
360,4,recover,pouncer,3.55,-5.58,2.21
361,1,patrol,swarm,-13.32,-4.15,15.32
361,2,recover,swarm,1.93,-4.12,0.13
361,3,advance,bruiser,7.99,-5.71,6.23
361,4,recover,pouncer,3.55,-5.58,2.21
362,1,patrol,swarm,-13.32,-4.15,15.32
362,2,recover,swarm,1.93,-4.12,0.13
362,3,advance,bruiser,7.98,-5.71,6.22
362,4,recover,pouncer,3.55,-5.58,2.21
363,1,patrol,swarm,-13.33,-4.14,15.33
363,2,recover,swarm,1.93,-4.12,0.13
363,3,advance,bruiser,7.94,-5.69,6.17
363,4,recover,pouncer,3.55,-5.58,2.21
364,1,patrol,swarm,-13.34,-4.14,15.34
364,2,recover,swarm,1.93,-4.12,0.13
364,3,advance,bruiser,7.93,-5.69,6.16
364,4,recover,pouncer,3.55,-5.58,2.21
365,1,patrol,swarm,-13.35,-4.12,15.35
365,2,recover,swarm,1.93,-4.12,0.13
365,3,advance,bruiser,7.89,-5.68,6.12
365,4,recover,pouncer,3.55,-5.58,2.21
366,1,patrol,swarm,-13.35,-4.12,15.35
366,2,recover,swarm,1.93,-4.12,0.13
366,3,advance,bruiser,7.88,-5.68,6.11
366,4,recover,pouncer,3.55,-5.58,2.21
367,1,patrol,swarm,-13.36,-4.11,15.36
367,2,recover,swarm,1.93,-4.12,0.13
367,3,advance,bruiser,7.83,-5.66,6.07
367,4,recover,pouncer,3.55,-5.58,2.21
368,1,patrol,swarm,-13.37,-4.10,15.37
368,2,recover,swarm,1.93,-4.12,0.13
368,3,advance,bruiser,7.82,-5.66,6.06
368,4,recover,pouncer,3.55,-5.58,2.21
369,1,patrol,swarm,-13.38,-4.09,15.38
369,2,recover,swarm,1.93,-4.12,0.13
369,3,advance,bruiser,7.78,-5.65,6.01
369,4,recover,pouncer,3.55,-5.58,2.21
370,1,patrol,swarm,-13.38,-4.09,15.38
370,2,recover,swarm,1.93,-4.12,0.13
370,3,advance,bruiser,7.77,-5.64,6.00
370,4,recover,pouncer,3.55,-5.58,2.21
371,1,patrol,swarm,-13.39,-4.07,15.39
371,2,recover,swarm,1.93,-4.12,0.13
371,3,advance,bruiser,7.73,-5.63,5.96
371,4,recover,pouncer,3.55,-5.58,2.21
372,1,patrol,swarm,-13.40,-4.07,15.40
372,2,recover,swarm,1.93,-4.12,0.13
372,3,advance,bruiser,7.72,-5.63,5.95
372,4,recover,pouncer,3.55,-5.58,2.21
373,1,patrol,swarm,-13.41,-4.06,15.41
373,2,recover,swarm,1.93,-4.12,0.13
373,3,advance,bruiser,7.69,-5.62,5.91
373,4,recover,pouncer,3.55,-5.58,2.21
374,1,patrol,swarm,-13.41,-4.06,15.41
374,2,recover,swarm,1.93,-4.12,0.13
374,3,advance,bruiser,7.68,-5.62,5.90
374,4,recover,pouncer,3.55,-5.58,2.21
375,1,patrol,swarm,-13.42,-4.05,15.42
375,2,recover,swarm,1.93,-4.12,0.13
375,3,advance,bruiser,7.64,-5.61,5.87
375,4,recover,pouncer,3.55,-5.58,2.21
376,1,patrol,swarm,-13.42,-4.04,15.42
376,2,recover,swarm,1.93,-4.12,0.13
376,3,advance,bruiser,7.63,-5.61,5.86
376,4,recover,pouncer,3.55,-5.58,2.21
377,1,patrol,swarm,-13.44,-4.03,15.44
377,2,recover,swarm,1.93,-4.12,0.13
377,3,advance,bruiser,7.58,-5.59,5.80
377,4,recover,pouncer,3.55,-5.58,2.21
378,1,patrol,swarm,-13.44,-4.02,15.44
378,2,recover,swarm,1.93,-4.12,0.13
378,3,advance,bruiser,7.57,-5.59,5.79
378,4,recover,pouncer,3.55,-5.58,2.21
379,1,patrol,swarm,-13.46,-4.01,15.46
379,2,recover,swarm,1.93,-4.12,0.13
379,3,advance,bruiser,7.52,-5.58,5.74
379,4,recover,pouncer,3.55,-5.58,2.21
380,1,patrol,swarm,-13.46,-4.01,15.46
380,2,recover,swarm,1.93,-4.12,0.13
380,3,advance,bruiser,7.51,-5.57,5.73
380,4,recover,pouncer,3.55,-5.58,2.21
381,1,patrol,swarm,-13.47,-4.00,15.47
381,2,recover,swarm,1.93,-4.12,0.13
381,3,advance,bruiser,7.47,-5.56,5.69
381,4,recover,pouncer,3.55,-5.58,2.21
382,1,patrol,swarm,-13.48,-3.99,15.48
382,2,recover,swarm,1.93,-4.12,0.13
382,3,advance,bruiser,7.46,-5.56,5.68
382,4,recover,pouncer,3.55,-5.58,2.21
383,1,patrol,swarm,-13.49,-3.98,15.49
383,2,recover,swarm,1.93,-4.12,0.13
383,3,advance,bruiser,7.42,-5.55,5.63
383,4,recover,pouncer,3.55,-5.58,2.21
384,1,patrol,swarm,-13.49,-3.98,15.49
384,2,chase,swarm,1.93,-4.12,0.13
384,3,advance,bruiser,7.41,-5.54,5.62
384,4,recover,pouncer,3.55,-5.58,2.21
385,1,patrol,swarm,-13.51,-3.96,15.51
385,2,windup,swarm,1.93,-4.12,0.13
385,3,advance,bruiser,7.35,-5.53,5.57
385,4,recover,pouncer,3.55,-5.58,2.21
386,1,patrol,swarm,-13.51,-3.96,15.51
386,2,windup,swarm,1.93,-4.12,0.13
386,3,advance,bruiser,7.34,-5.52,5.56
386,4,recover,pouncer,3.55,-5.58,2.21
387,1,patrol,swarm,-13.52,-3.94,15.52
387,2,windup,swarm,1.93,-4.12,0.13
387,3,advance,bruiser,7.30,-5.51,5.51
387,4,recover,pouncer,3.55,-5.58,2.21
388,1,patrol,swarm,-13.53,-3.94,15.53
388,2,windup,swarm,1.93,-4.12,0.13
388,3,advance,bruiser,7.29,-5.51,5.50
388,4,recover,pouncer,3.55,-5.58,2.21
389,1,patrol,swarm,-13.54,-3.93,15.54
389,2,windup,swarm,1.93,-4.12,0.13
389,3,advance,bruiser,7.24,-5.49,5.45
389,4,recover,pouncer,3.55,-5.58,2.21
390,1,patrol,swarm,-13.54,-3.92,15.54
390,2,windup,swarm,1.93,-4.12,0.13
390,3,advance,bruiser,7.23,-5.49,5.44
390,4,stalk,pouncer,3.55,-5.58,2.21
391,1,patrol,swarm,-13.56,-3.91,15.56
391,2,windup,swarm,1.93,-4.12,0.13
391,3,advance,bruiser,7.19,-5.48,5.40
391,4,crouch,pouncer,3.61,-5.57,2.25
392,1,patrol,swarm,-13.56,-3.91,15.56
392,2,windup,swarm,1.93,-4.12,0.13
392,3,advance,bruiser,7.18,-5.48,5.39
392,4,crouch,pouncer,3.61,-5.57,2.25
393,1,patrol,swarm,-13.57,-3.89,15.49
393,2,windup,swarm,1.93,-4.12,0.19
393,3,advance,bruiser,7.13,-5.46,5.44
393,4,crouch,pouncer,3.61,-5.57,2.36
394,1,patrol,swarm,-13.58,-3.89,15.48
394,2,windup,swarm,1.93,-4.12,0.21
394,3,advance,bruiser,7.12,-5.46,5.45
394,4,crouch,pouncer,3.61,-5.57,2.38
395,1,patrol,swarm,-13.59,-3.88,15.41
395,2,windup,swarm,1.93,-4.12,0.30
395,3,advance,bruiser,7.08,-5.45,5.50
395,4,crouch,pouncer,3.61,-5.57,2.49
396,1,patrol,swarm,-13.59,-3.87,15.40
396,2,windup,swarm,1.93,-4.12,0.31
396,3,advance,bruiser,7.07,-5.44,5.50
396,4,crouch,pouncer,3.61,-5.57,2.51
397,1,patrol,swarm,-13.60,-3.86,15.33
397,2,windup,swarm,1.93,-4.12,0.41
397,3,advance,bruiser,7.02,-5.43,5.55
397,4,crouch,pouncer,3.61,-5.57,2.62
398,1,patrol,swarm,-13.61,-3.86,15.32
398,2,windup,swarm,1.93,-4.12,0.43
398,3,advance,bruiser,7.01,-5.43,5.56
398,4,crouch,pouncer,3.61,-5.57,2.64
399,1,patrol,swarm,-13.62,-3.84,15.25
399,2,windup,swarm,1.93,-4.12,0.54
399,3,advance,bruiser,6.97,-5.41,5.62
399,4,crouch,pouncer,3.61,-5.57,2.75
400,1,patrol,swarm,-13.62,-3.84,15.23
400,2,strike,swarm,1.93,-4.12,0.57
400,3,advance,bruiser,6.96,-5.41,5.63
400,4,crouch,pouncer,3.61,-5.57,2.78
401,1,patrol,swarm,-13.64,-3.83,15.17
401,2,strike,swarm,1.84,-3.98,0.50
401,3,advance,bruiser,6.91,-5.39,5.68
401,4,crouch,pouncer,3.61,-5.57,2.88
402,1,patrol,swarm,-13.64,-3.82,15.15
402,2,strike,swarm,1.82,-3.95,0.49
402,3,advance,bruiser,6.90,-5.39,5.69
402,4,crouch,pouncer,3.61,-5.57,2.90
403,1,patrol,swarm,-13.65,-3.81,15.10
403,2,strike,swarm,1.73,-3.83,0.44
403,3,advance,bruiser,6.86,-5.38,5.73
403,4,crouch,pouncer,3.61,-5.57,2.99
404,1,patrol,swarm,-13.65,-3.81,15.09
404,2,strike,swarm,1.72,-3.81,0.43
404,3,advance,bruiser,6.85,-5.37,5.74
404,4,crouch,pouncer,3.61,-5.57,3.01
405,1,patrol,swarm,-13.66,-3.80,15.04
405,2,strike,swarm,1.64,-3.70,0.38
405,3,advance,bruiser,6.82,-5.36,5.78
405,4,crouch,pouncer,3.61,-5.57,3.10
406,1,patrol,swarm,-13.67,-3.80,15.02
406,2,strike,swarm,1.62,-3.67,0.37
406,3,advance,bruiser,6.81,-5.36,5.79
406,4,crouch,pouncer,3.61,-5.57,3.12
407,1,patrol,swarm,-13.68,-3.78,14.96
407,2,strike,swarm,1.53,-3.55,0.32
407,3,advance,bruiser,6.77,-5.34,5.84
407,4,crouch,pouncer,3.61,-5.57,3.21
408,1,patrol,swarm,-13.68,-3.78,14.95
408,2,strike,swarm,1.51,-3.51,0.30
408,3,advance,bruiser,6.76,-5.34,5.85
408,4,crouch,pouncer,3.61,-5.57,3.24
409,1,patrol,swarm,-13.69,-3.77,14.90
409,2,strike,swarm,1.43,-3.40,0.27
409,3,advance,bruiser,6.72,-5.33,5.89
409,4,crouch,pouncer,3.61,-5.57,3.33
410,1,patrol,swarm,-13.70,-3.77,14.88
410,2,strike,swarm,1.40,-3.36,0.25
410,3,advance,bruiser,6.71,-5.32,5.91
410,4,crouch,pouncer,3.61,-5.57,3.36
411,1,patrol,swarm,-13.71,-3.75,14.81
411,2,strike,swarm,1.30,-3.22,0.22
411,3,advance,bruiser,6.66,-5.30,5.96
411,4,crouch,pouncer,3.61,-5.57,3.47
412,1,patrol,swarm,-13.71,-3.75,14.79
412,2,strike,swarm,1.28,-3.17,0.21
412,3,advance,bruiser,6.65,-5.30,5.98
412,4,crouch,pouncer,3.61,-5.57,3.50
413,1,patrol,swarm,-13.73,-3.73,14.71
413,2,strike,swarm,1.15,-2.99,0.21
413,3,advance,bruiser,6.59,-5.28,6.05
413,4,crouch,pouncer,3.61,-5.57,3.64
414,1,patrol,swarm,-13.74,-3.73,14.69
414,2,recover,swarm,1.12,-2.95,0.21
414,3,advance,bruiser,6.58,-5.27,6.06
414,4,crouch,pouncer,3.61,-5.57,3.68
415,1,patrol,swarm,-13.75,-3.73,14.63
415,2,recover,swarm,1.12,-2.95,0.26
415,3,advance,bruiser,6.53,-5.25,6.11
415,4,crouch,pouncer,3.61,-5.57,3.78
416,1,patrol,swarm,-13.76,-3.72,14.61
416,2,recover,swarm,1.12,-2.95,0.29
416,3,advance,bruiser,6.52,-5.25,6.13
416,4,crouch,pouncer,3.61,-5.57,3.82
417,1,patrol,swarm,-13.78,-3.72,14.53
417,2,recover,swarm,1.12,-2.95,0.40
417,3,advance,bruiser,6.46,-5.22,6.20
417,4,crouch,pouncer,3.61,-5.57,3.96
418,1,patrol,swarm,-13.79,-3.72,14.51
418,2,recover,swarm,1.12,-2.95,0.43
418,3,advance,bruiser,6.45,-5.22,6.22
418,4,pounce,pouncer,3.61,-5.57,3.99
419,1,patrol,swarm,-13.80,-3.71,14.46
419,2,recover,swarm,1.12,-2.95,0.51
419,3,advance,bruiser,6.41,-5.20,6.26
419,4,pounce,pouncer,3.46,-5.43,3.87
420,1,patrol,swarm,-13.81,-3.71,14.45
420,2,recover,swarm,1.12,-2.95,0.54
420,3,advance,bruiser,6.40,-5.20,6.28
420,4,pounce,pouncer,3.41,-5.38,3.83
421,1,patrol,swarm,-13.83,-3.71,14.38
421,2,recover,swarm,1.12,-2.95,0.65
421,3,advance,bruiser,6.35,-5.18,6.34
421,4,pounce,pouncer,3.20,-5.19,3.67
422,1,patrol,swarm,-13.83,-3.71,14.36
422,2,recover,swarm,1.12,-2.95,0.69
422,3,advance,bruiser,6.33,-5.17,6.35
422,4,pounce,pouncer,3.14,-5.13,3.62
423,1,patrol,swarm,-13.85,-3.70,14.29
423,2,recover,swarm,1.12,-2.95,0.82
423,3,advance,bruiser,6.28,-5.14,6.42
423,4,pounce,pouncer,2.91,-4.91,3.43
424,1,patrol,swarm,-13.86,-3.70,14.27
424,2,recover,swarm,1.12,-2.95,0.85
424,3,advance,bruiser,6.26,-5.14,6.44
424,4,pounce,pouncer,2.85,-4.86,3.39
425,1,patrol,swarm,-14.01,-3.66,13.78
425,2,recover,swarm,1.12,-2.95,1.78
425,3,advance,bruiser,5.88,-4.95,6.92
425,4,pounce,pouncer,1.21,-3.32,2.09
426,1,patrol,swarm,-14.02,-3.66,13.76
426,2,recover,swarm,1.12,-2.95,1.82
426,3,advance,bruiser,5.87,-4.95,6.94
426,4,recover,pouncer,1.19,-3.40,2.16
427,1,patrol,swarm,-14.06,-3.65,13.63
427,2,recover,swarm,1.12,-2.95,2.08
427,3,advance,bruiser,5.76,-4.89,7.08
427,4,recover,pouncer,1.19,-3.40,2.43
428,1,patrol,swarm,-14.06,-3.65,13.62
428,2,recover,swarm,1.12,-2.95,2.11
428,3,advance,bruiser,5.75,-4.89,7.09
428,4,recover,pouncer,1.19,-3.40,2.45
429,1,patrol,swarm,-14.08,-3.65,13.54
429,2,recover,swarm,1.12,-2.95,2.26
429,3,advance,bruiser,5.69,-4.86,7.17
429,4,recover,pouncer,1.19,-3.40,2.60
430,1,patrol,swarm,-14.09,-3.64,13.53
430,2,recover,swarm,1.12,-2.95,2.28
430,3,advance,bruiser,5.68,-4.85,7.18
430,4,recover,pouncer,1.19,-3.40,2.62
431,1,patrol,swarm,-14.11,-3.64,13.46
431,2,recover,swarm,1.12,-2.95,2.42
431,3,advance,bruiser,5.63,-4.82,7.26
431,4,recover,pouncer,1.19,-3.40,2.77
432,1,patrol,swarm,-14.11,-3.64,13.45
432,2,recover,swarm,1.12,-2.95,2.45
432,3,advance,bruiser,5.62,-4.82,7.27
432,4,recover,pouncer,1.19,-3.40,2.79
433,1,patrol,swarm,-14.13,-3.64,13.41
433,2,recover,swarm,1.12,-2.95,2.54
433,3,advance,bruiser,5.58,-4.80,7.32
433,4,recover,pouncer,1.19,-3.40,2.88
434,1,patrol,swarm,-14.13,-3.63,13.39
434,2,recover,swarm,1.12,-2.95,2.57
434,3,advance,bruiser,5.57,-4.79,7.33
434,4,recover,pouncer,1.19,-3.40,2.91
435,1,patrol,swarm,-14.15,-3.63,13.35
435,2,recover,swarm,1.12,-2.95,2.66
435,3,advance,bruiser,5.53,-4.77,7.38
435,4,recover,pouncer,1.19,-3.40,3.01
436,1,patrol,swarm,-14.15,-3.63,13.33
436,2,recover,swarm,1.12,-2.95,2.69
436,3,advance,bruiser,5.52,-4.77,7.40
436,4,recover,pouncer,1.19,-3.40,3.04
437,1,patrol,swarm,-14.17,-3.63,13.28
437,2,recover,swarm,1.12,-2.95,2.81
437,3,advance,bruiser,5.47,-4.74,7.46
437,4,recover,pouncer,1.19,-3.40,3.15
438,1,patrol,swarm,-14.17,-3.62,13.26
438,2,chase,swarm,1.12,-2.95,2.84
438,3,advance,bruiser,5.46,-4.74,7.47
438,4,recover,pouncer,1.19,-3.40,3.18
439,1,patrol,swarm,-14.20,-3.62,13.20
439,2,chase,swarm,1.01,-2.82,2.82
439,3,advance,bruiser,5.41,-4.71,7.55
439,4,recover,pouncer,1.19,-3.40,3.33
440,1,patrol,swarm,-14.20,-3.62,13.18
440,2,chase,swarm,0.98,-2.79,2.81
440,3,advance,bruiser,5.39,-4.70,7.57
440,4,recover,pouncer,1.19,-3.40,3.36
441,1,patrol,swarm,-14.21,-3.61,13.14
441,2,chase,swarm,0.90,-2.73,2.80
441,3,advance,bruiser,5.36,-4.68,7.61
441,4,recover,pouncer,1.19,-3.40,3.45
442,1,patrol,swarm,-14.22,-3.61,13.13
442,2,chase,swarm,0.87,-2.71,2.79
442,3,advance,bruiser,5.35,-4.67,7.63
442,4,recover,pouncer,1.19,-3.40,3.48
443,1,patrol,swarm,-14.29,-3.60,12.91
443,2,chase,swarm,0.38,-2.44,2.72
443,3,advance,bruiser,5.16,-4.57,7.89
443,4,recover,pouncer,1.19,-3.40,3.96
444,1,patrol,swarm,-14.30,-3.59,12.90
444,2,chase,swarm,0.35,-2.44,2.73
444,3,advance,bruiser,5.15,-4.56,7.90
444,4,recover,pouncer,1.19,-3.40,3.99
445,1,patrol,swarm,-14.31,-3.59,12.84
445,2,chase,swarm,0.21,-2.46,2.75
445,3,advance,bruiser,5.10,-4.53,7.96
445,4,recover,pouncer,1.19,-3.40,4.11
446,1,patrol,swarm,-14.32,-3.59,12.83
446,2,chase,swarm,0.18,-2.46,2.76
446,3,advance,bruiser,5.09,-4.53,7.98
446,4,recover,pouncer,1.19,-3.40,4.14
447,1,patrol,swarm,-14.33,-3.59,12.80
447,2,chase,swarm,0.09,-2.47,2.78
447,3,advance,bruiser,5.06,-4.51,8.02
447,4,recover,pouncer,1.19,-3.40,4.21
448,1,patrol,swarm,-14.33,-3.59,12.79
448,2,chase,swarm,0.06,-2.47,2.78
448,3,advance,bruiser,5.05,-4.51,8.03
448,4,recover,pouncer,1.19,-3.40,4.24
449,1,patrol,swarm,-14.35,-3.58,12.74
449,2,chase,swarm,-0.06,-2.48,2.81
449,3,advance,bruiser,5.01,-4.48,8.09
449,4,recover,pouncer,1.19,-3.40,4.34
450,1,patrol,swarm,-14.35,-3.58,12.73
450,2,chase,swarm,-0.09,-2.48,2.81
450,3,advance,bruiser,5.00,-4.48,8.10
450,4,recover,pouncer,1.19,-3.40,4.37
451,1,patrol,swarm,-14.38,-3.57,12.65
451,2,chase,swarm,-0.32,-2.47,2.85
451,3,advance,bruiser,4.92,-4.43,8.21
451,4,recover,pouncer,1.19,-3.40,4.57
452,1,patrol,swarm,-14.39,-3.57,12.64
452,2,chase,swarm,-0.34,-2.47,2.86
452,3,advance,bruiser,4.92,-4.43,8.22
452,4,recover,pouncer,1.19,-3.40,4.59
453,1,patrol,swarm,-14.40,-3.57,12.61
453,2,chase,swarm,-0.44,-2.46,2.87
453,3,advance,bruiser,4.88,-4.41,8.26
453,4,recover,pouncer,1.19,-3.40,4.67
454,1,patrol,swarm,-14.40,-3.57,12.60
454,2,chase,swarm,-0.47,-2.46,2.87
454,3,advance,bruiser,4.87,-4.40,8.27
454,4,recover,pouncer,1.19,-3.40,4.69
455,1,patrol,swarm,-14.41,-3.57,12.56
455,2,chase,swarm,-0.57,-2.44,2.89
455,3,advance,bruiser,4.84,-4.38,8.32
455,4,recover,pouncer,1.19,-3.40,4.79
456,1,patrol,swarm,-14.42,-3.57,12.55
456,2,chase,swarm,-0.60,-2.43,2.89
456,3,advance,bruiser,4.83,-4.38,8.34
456,4,recover,pouncer,1.19,-3.40,4.81
457,1,patrol,swarm,-14.43,-3.56,12.51
457,2,chase,swarm,-0.71,-2.41,2.90
457,3,advance,bruiser,4.79,-4.35,8.39
457,4,recover,pouncer,1.19,-3.40,4.91
458,1,patrol,swarm,-14.44,-3.56,12.50
458,2,chase,swarm,-0.74,-2.40,2.90
458,3,advance,bruiser,4.78,-4.35,8.40
458,4,recover,pouncer,1.19,-3.40,4.94
459,1,patrol,swarm,-14.45,-3.56,12.45
459,2,chase,swarm,-0.86,-2.36,2.90
459,3,advance,bruiser,4.74,-4.32,8.46
459,4,recover,pouncer,1.19,-3.40,5.05
460,1,patrol,swarm,-14.46,-3.56,12.45
460,2,chase,swarm,-0.89,-2.35,2.91
460,3,advance,bruiser,4.73,-4.32,8.47
460,4,recover,pouncer,1.19,-3.40,5.07
461,1,patrol,swarm,-14.47,-3.55,12.41
461,2,chase,swarm,-0.99,-2.31,2.91
461,3,advance,bruiser,4.69,-4.30,8.53
461,4,recover,pouncer,1.19,-3.40,5.16
462,1,patrol,swarm,-14.47,-3.55,12.40
462,2,chase,swarm,-1.02,-2.30,2.90
462,3,advance,bruiser,4.68,-4.29,8.54
462,4,recover,pouncer,1.19,-3.40,5.19
463,1,patrol,swarm,-14.49,-3.55,12.37
463,2,chase,swarm,-1.09,-2.26,2.90
463,3,advance,bruiser,4.65,-4.27,8.58
463,4,recover,pouncer,1.19,-3.40,5.27
464,1,patrol,swarm,-14.49,-3.55,12.36
464,2,chase,swarm,-1.12,-2.24,2.90
464,3,advance,bruiser,4.65,-4.27,8.59
464,4,recover,pouncer,1.19,-3.40,5.29
465,1,patrol,swarm,-14.50,-3.55,12.33
465,2,chase,swarm,-1.19,-2.20,2.89
465,3,advance,bruiser,4.62,-4.25,8.63
465,4,recover,pouncer,1.19,-3.40,5.36
466,1,patrol,swarm,-14.50,-3.54,12.32
466,2,chase,swarm,-1.21,-2.18,2.89
466,3,advance,bruiser,4.61,-4.24,8.64
466,4,recover,pouncer,1.19,-3.40,5.39
467,1,patrol,swarm,-14.52,-3.54,12.29
467,2,chase,swarm,-1.29,-2.13,2.88
467,3,advance,bruiser,4.58,-4.23,8.69
467,4,recover,pouncer,1.19,-3.40,5.47
468,1,patrol,swarm,-14.52,-3.54,12.28
468,2,chase,swarm,-1.31,-2.11,2.88
468,3,advance,bruiser,4.57,-4.22,8.70
468,4,recover,pouncer,1.19,-3.40,5.49
469,1,patrol,swarm,-14.53,-3.54,12.25
469,2,chase,swarm,-1.38,-2.05,2.87
469,3,advance,bruiser,4.54,-4.20,8.74
469,4,recover,pouncer,1.19,-3.40,5.57
470,1,patrol,swarm,-14.53,-3.54,12.25
470,2,chase,swarm,-1.40,-2.03,2.86
470,3,advance,bruiser,4.53,-4.20,8.76
470,4,recover,pouncer,1.19,-3.40,5.59
471,1,patrol,swarm,-14.54,-3.53,12.22
471,2,chase,swarm,-1.46,-1.97,2.85
471,3,advance,bruiser,4.50,-4.18,8.80
471,4,recover,pouncer,1.19,-3.40,5.67
472,1,patrol,swarm,-14.55,-3.53,12.21
472,2,chase,swarm,-1.48,-1.94,2.84
472,3,advance,bruiser,4.49,-4.17,8.81
472,4,recover,pouncer,1.19,-3.40,5.70
473,1,patrol,swarm,-14.56,-3.53,12.18
473,2,chase,swarm,-1.54,-1.86,2.83
473,3,advance,bruiser,4.46,-4.15,8.86
473,4,recover,pouncer,1.19,-3.40,5.79
474,1,patrol,swarm,-14.56,-3.53,12.17
474,2,chase,swarm,-1.55,-1.85,2.82
474,3,advance,bruiser,4.45,-4.15,8.87
474,4,recover,pouncer,1.19,-3.40,5.80
475,1,patrol,swarm,-14.58,-3.53,12.13
475,2,chase,swarm,-1.62,-1.74,2.80
475,3,advance,bruiser,4.41,-4.12,8.93
475,4,recover,pouncer,1.19,-3.40,5.92
476,1,patrol,swarm,-14.58,-3.53,12.12
476,2,chase,swarm,-1.64,-1.71,2.80
476,3,advance,bruiser,4.40,-4.11,8.94
476,4,recover,pouncer,1.19,-3.40,5.94
477,1,patrol,swarm,-14.61,-3.52,12.06
477,2,chase,swarm,-1.71,-1.54,2.77
477,3,advance,bruiser,4.34,-4.08,9.03
477,4,recover,pouncer,1.19,-3.40,6.10
478,1,patrol,swarm,-14.61,-3.52,12.06
478,2,chase,swarm,-1.72,-1.51,2.77
478,3,advance,bruiser,4.33,-4.07,9.04
478,4,recover,pouncer,1.19,-3.40,6.13
479,1,alert,swarm,-14.61,-3.52,11.65
479,2,chase,swarm,-1.62,-0.42,3.00
479,3,advance,bruiser,3.97,-3.84,9.55
479,4,recover,pouncer,1.19,-3.40,7.08
480,1,alert,swarm,-14.61,-3.52,11.64
480,2,chase,swarm,-1.63,-0.39,3.01
480,3,advance,bruiser,3.96,-3.83,9.57
480,4,stalk,pouncer,1.19,-3.40,7.10
481,1,alert,swarm,-14.61,-3.52,11.59
481,2,chase,swarm,-1.65,-0.27,3.03
481,3,advance,bruiser,3.92,-3.81,9.63
481,4,stalk,pouncer,1.13,-3.45,7.20
482,1,alert,swarm,-14.61,-3.52,11.58
482,2,chase,swarm,-1.65,-0.24,3.03
482,3,advance,bruiser,3.91,-3.80,9.64
482,4,stalk,pouncer,1.12,-3.46,7.22
483,1,alert,swarm,-14.61,-3.52,11.54
483,2,chase,swarm,-1.67,-0.11,3.06
483,3,advance,bruiser,3.87,-3.77,9.70
483,4,stalk,pouncer,1.16,-3.40,7.32
484,1,alert,swarm,-14.61,-3.52,11.53
484,2,chase,swarm,-1.68,-0.08,3.06
484,3,advance,bruiser,3.86,-3.77,9.71
484,4,stalk,pouncer,1.17,-3.38,7.35
485,1,alert,swarm,-14.61,-3.52,11.49
485,2,chase,swarm,-1.69,0.03,3.09
485,3,advance,bruiser,3.82,-3.74,9.77
485,4,stalk,pouncer,1.21,-3.32,7.44
486,1,alert,swarm,-14.61,-3.52,11.48
486,2,chase,swarm,-1.70,0.06,3.09
486,3,advance,bruiser,3.81,-3.74,9.78
486,4,stalk,pouncer,1.22,-3.31,7.46
487,1,alert,swarm,-14.61,-3.52,11.45
487,2,chase,swarm,-1.72,0.16,3.11
487,3,advance,bruiser,3.78,-3.71,9.83
487,4,stalk,pouncer,1.26,-3.26,7.54
488,1,alert,swarm,-14.61,-3.52,11.45
488,2,chase,swarm,-1.72,0.18,3.11
488,3,advance,bruiser,3.77,-3.71,9.84
488,4,stalk,pouncer,1.26,-3.24,7.56
489,1,alert,swarm,-14.61,-3.52,11.40
489,2,chase,swarm,-1.75,0.32,3.14
489,3,advance,bruiser,3.73,-3.68,9.90
489,4,stalk,pouncer,1.31,-3.17,7.66
490,1,chase,swarm,-14.61,-3.52,11.39
490,2,chase,swarm,-1.76,0.34,3.15
490,3,advance,bruiser,3.72,-3.67,9.92
490,4,stalk,pouncer,1.32,-3.16,7.68
491,1,chase,swarm,-14.56,-3.40,11.25
491,2,chase,swarm,-1.78,0.47,3.17
491,3,advance,bruiser,3.68,-3.65,9.98
491,4,stalk,pouncer,1.36,-3.09,7.78
492,1,chase,swarm,-14.55,-3.37,11.23
492,2,chase,swarm,-1.79,0.50,3.18
492,3,advance,bruiser,3.67,-3.64,9.99
492,4,stalk,pouncer,1.36,-3.07,7.80
493,1,chase,swarm,-14.49,-3.25,11.08
493,2,chase,swarm,-1.82,0.63,3.20
493,3,advance,bruiser,3.63,-3.61,10.05
493,4,stalk,pouncer,1.40,-3.00,7.90
494,1,chase,swarm,-14.48,-3.22,11.04
494,2,chase,swarm,-1.83,0.66,3.21
494,3,advance,bruiser,3.62,-3.60,10.07
494,4,stalk,pouncer,1.41,-2.98,7.92
495,1,chase,swarm,-14.43,-3.14,10.93
495,2,chase,swarm,-1.86,0.75,3.22
495,3,advance,bruiser,3.59,-3.58,10.11
495,4,stalk,pouncer,1.44,-2.93,7.99
496,1,chase,swarm,-14.42,-3.12,10.90
496,2,chase,swarm,-1.87,0.78,3.23
496,3,advance,bruiser,3.58,-3.58,10.13
496,4,stalk,pouncer,1.44,-2.91,8.01
497,1,chase,swarm,-14.36,-3.04,10.79
497,2,chase,swarm,-1.90,0.87,3.24
497,3,advance,bruiser,3.55,-3.56,10.17
497,4,stalk,pouncer,1.47,-2.86,8.08
498,1,chase,swarm,-14.35,-3.01,10.75
498,2,chase,swarm,-1.91,0.89,3.25
498,3,advance,bruiser,3.54,-3.55,10.19
498,4,stalk,pouncer,1.47,-2.84,8.10
499,1,chase,swarm,-14.28,-2.92,10.62
499,2,chase,swarm,-1.95,1.00,3.26
499,3,advance,bruiser,3.50,-3.53,10.24
499,4,stalk,pouncer,1.50,-2.78,8.18
500,1,chase,swarm,-14.26,-2.90,10.59
500,2,chase,swarm,-1.96,1.03,3.27
500,3,advance,bruiser,3.49,-3.52,10.25
500,4,stalk,pouncer,1.51,-2.76,8.20
501,1,chase,swarm,-14.20,-2.83,10.46
501,2,chase,swarm,-2.00,1.12,3.28
501,3,advance,bruiser,3.46,-3.50,10.30
501,4,stalk,pouncer,1.53,-2.71,8.27
502,1,chase,swarm,-14.17,-2.80,10.42
502,2,chase,swarm,-2.01,1.15,3.28
502,3,advance,bruiser,3.45,-3.49,10.31
502,4,stalk,pouncer,1.54,-2.69,8.29
503,1,chase,swarm,-14.07,-2.71,10.25
503,2,chase,swarm,-2.07,1.27,3.29
503,3,advance,bruiser,3.41,-3.46,10.38
503,4,stalk,pouncer,1.57,-2.61,8.39
504,1,chase,swarm,-14.05,-2.69,10.21
504,2,chase,swarm,-2.09,1.30,3.29
504,3,advance,bruiser,3.40,-3.46,10.39
504,4,stalk,pouncer,1.58,-2.59,8.41
505,1,chase,swarm,-13.98,-2.64,10.10
505,2,chase,swarm,-2.13,1.37,3.30
505,3,advance,bruiser,3.37,-3.44,10.43
505,4,stalk,pouncer,1.59,-2.54,8.47
506,1,chase,swarm,-13.96,-2.62,10.07
506,2,chase,swarm,-2.15,1.40,3.30
506,3,advance,bruiser,3.36,-3.43,10.45
506,4,stalk,pouncer,1.60,-2.53,8.49
507,1,chase,swarm,-13.86,-2.56,9.92
507,2,chase,swarm,-2.21,1.49,3.30
507,3,advance,bruiser,3.32,-3.41,10.50
507,4,stalk,pouncer,1.62,-2.46,8.56
508,1,chase,swarm,-13.83,-2.55,9.88
508,2,chase,swarm,-2.23,1.52,3.30
508,3,advance,bruiser,3.31,-3.40,10.51
508,4,stalk,pouncer,1.63,-2.44,8.58
509,1,chase,swarm,-13.72,-2.50,9.73
509,2,chase,swarm,-2.30,1.61,3.30
509,3,advance,bruiser,3.28,-3.37,10.57
509,4,stalk,pouncer,1.65,-2.37,8.66
510,1,chase,swarm,-13.70,-2.49,9.70
510,2,chase,swarm,-2.31,1.64,3.29
510,3,advance,bruiser,3.27,-3.37,10.58
510,4,stalk,pouncer,1.65,-2.35,8.68
511,1,chase,swarm,-13.57,-2.45,9.54
511,2,chase,swarm,-2.40,1.73,3.29
511,3,advance,bruiser,3.22,-3.34,10.65
511,4,stalk,pouncer,1.68,-2.28,8.77
512,1,chase,swarm,-13.54,-2.44,9.50
512,2,chase,swarm,-2.42,1.76,3.28
512,3,advance,bruiser,3.22,-3.33,10.66
512,4,stalk,pouncer,1.68,-2.26,8.79
513,1,chase,swarm,-13.44,-2.41,9.38
513,2,chase,swarm,-2.50,1.83,3.27
513,3,advance,bruiser,3.18,-3.31,10.71
513,4,stalk,pouncer,1.70,-2.20,8.86
514,1,chase,swarm,-13.41,-2.41,9.35
514,2,chase,swarm,-2.52,1.85,3.27
514,3,advance,bruiser,3.17,-3.30,10.72
514,4,stalk,pouncer,1.70,-2.18,8.88
515,1,chase,swarm,-13.29,-2.39,9.21
515,2,chase,swarm,-2.62,1.92,3.25
515,3,advance,bruiser,3.14,-3.28,10.78
515,4,stalk,pouncer,1.72,-2.11,8.95
516,1,chase,swarm,-13.26,-2.38,9.18
516,2,chase,swarm,-2.64,1.94,3.24
516,3,advance,bruiser,3.13,-3.27,10.79
516,4,stalk,pouncer,1.72,-2.09,8.97
517,1,chase,swarm,-13.17,-2.37,9.08
517,2,chase,swarm,-2.72,1.99,3.23
517,3,advance,bruiser,3.10,-3.25,10.84
517,4,stalk,pouncer,1.73,-2.03,9.03
518,1,chase,swarm,-13.14,-2.37,9.05
518,2,chase,swarm,-2.74,2.00,3.22
518,3,advance,bruiser,3.09,-3.24,10.85
518,4,stalk,pouncer,1.74,-2.02,9.05
519,1,chase,swarm,-13.04,-2.36,8.94
519,2,chase,swarm,-2.84,2.05,3.20
519,3,advance,bruiser,3.05,-3.22,10.90
519,4,stalk,pouncer,1.75,-1.95,9.11
520,1,chase,swarm,-13.01,-2.36,8.92
520,2,chase,swarm,-2.86,2.06,3.20
520,3,advance,bruiser,3.04,-3.21,10.91
520,4,stalk,pouncer,1.75,-1.94,9.13
521,1,chase,swarm,-12.91,-2.36,8.82
521,2,chase,swarm,-2.95,2.10,3.18
521,3,advance,bruiser,3.01,-3.19,10.96
521,4,stalk,pouncer,1.76,-1.88,9.19
522,1,chase,swarm,-12.88,-2.36,8.79
522,2,chase,swarm,-2.98,2.11,3.17
522,3,advance,bruiser,3.00,-3.18,10.97
522,4,stalk,pouncer,1.77,-1.86,9.21
523,1,chase,swarm,-12.75,-2.36,8.67
523,2,chase,swarm,-3.11,2.14,3.14
523,3,advance,bruiser,2.96,-3.16,11.04
523,4,stalk,pouncer,1.78,-1.78,9.29
524,1,chase,swarm,-12.72,-2.36,8.65
524,2,chase,swarm,-3.14,2.15,3.14
524,3,advance,bruiser,2.95,-3.15,11.05
524,4,stalk,pouncer,1.78,-1.76,9.31
525,1,chase,swarm,-12.60,-2.36,8.54
525,2,chase,swarm,-3.26,2.17,3.11
525,3,advance,bruiser,2.91,-3.12,11.11
525,4,stalk,pouncer,1.79,-1.69,9.38
526,1,chase,swarm,-12.56,-2.36,8.51
526,2,chase,swarm,-3.29,2.17,3.11
526,3,advance,bruiser,2.90,-3.11,11.12
526,4,stalk,pouncer,1.80,-1.67,9.40
527,1,chase,swarm,-12.46,-2.37,8.43
527,2,chase,swarm,-3.40,2.18,3.09
527,3,advance,bruiser,2.87,-3.09,11.17
527,4,stalk,pouncer,1.80,-1.60,9.47
528,1,chase,swarm,-12.43,-2.37,8.40
528,2,chase,swarm,-3.43,2.19,3.09
528,3,advance,bruiser,2.86,-3.08,11.19
528,4,stalk,pouncer,1.81,-1.58,9.49
529,1,chase,swarm,-12.32,-2.37,8.32
529,2,chase,swarm,-3.54,2.19,3.08
529,3,advance,bruiser,2.83,-3.06,11.24
529,4,stalk,pouncer,1.81,-1.52,9.55
530,1,chase,swarm,-12.29,-2.37,8.30
530,2,chase,swarm,-3.56,2.19,3.08
530,3,advance,bruiser,2.82,-3.05,11.25
530,4,stalk,pouncer,1.82,-1.50,9.56
531,1,chase,swarm,-12.20,-2.38,8.23
531,2,chase,swarm,-3.66,2.18,3.07
531,3,advance,bruiser,2.79,-3.03,11.30
531,4,stalk,pouncer,1.82,-1.44,9.62
532,1,chase,swarm,-12.17,-2.38,8.21
532,2,chase,swarm,-3.69,2.18,3.07
532,3,advance,bruiser,2.78,-3.03,11.31
532,4,stalk,pouncer,1.82,-1.42,9.64
533,1,chase,swarm,-12.06,-2.38,8.13
533,2,chase,swarm,-3.79,2.17,3.07
533,3,advance,bruiser,2.75,-3.00,11.36
533,4,stalk,pouncer,1.83,-1.36,9.70
534,1,chase,swarm,-12.03,-2.38,8.11
534,2,chase,swarm,-3.82,2.17,3.06
534,3,advance,bruiser,2.74,-3.00,11.37
534,4,stalk,pouncer,1.83,-1.34,9.71
535,1,chase,swarm,-11.93,-2.38,8.04
535,2,chase,swarm,-3.93,2.16,3.07
535,3,advance,bruiser,2.70,-2.97,11.42
535,4,stalk,pouncer,1.83,-1.28,9.77
536,1,chase,swarm,-11.90,-2.38,8.02
536,2,chase,swarm,-3.96,2.16,3.07
536,3,advance,bruiser,2.69,-2.97,11.44
536,4,stalk,pouncer,1.83,-1.26,9.79
537,1,chase,swarm,-11.80,-2.38,7.96
537,2,chase,swarm,-4.06,2.14,3.07
537,3,advance,bruiser,2.66,-2.94,11.49
537,4,stalk,pouncer,1.84,-1.20,9.85
538,1,chase,swarm,-11.76,-2.38,7.94
538,2,chase,swarm,-4.09,2.14,3.08
538,3,advance,bruiser,2.65,-2.94,11.50
538,4,stalk,pouncer,1.84,-1.18,9.87
539,1,chase,swarm,-11.67,-2.37,7.88
539,2,chase,swarm,-4.18,2.12,3.08
539,3,advance,bruiser,2.62,-2.91,11.55
539,4,stalk,pouncer,1.84,-1.12,9.92
540,1,chase,swarm,-11.63,-2.37,7.86
540,2,chase,swarm,-4.22,2.12,3.09
540,3,advance,bruiser,2.61,-2.91,11.56
540,4,stalk,pouncer,1.84,-1.10,9.94
541,1,chase,swarm,-11.53,-2.37,7.79
541,2,chase,swarm,-4.32,2.10,3.10
541,3,advance,bruiser,2.58,-2.88,11.61
541,4,stalk,pouncer,1.84,-1.03,10.00
542,1,chase,swarm,-11.50,-2.36,7.78
542,2,chase,swarm,-4.35,2.10,3.11
542,3,advance,bruiser,2.57,-2.87,11.63
542,4,stalk,pouncer,1.84,-1.01,10.02
543,1,chase,swarm,-11.39,-2.35,7.72
543,2,chase,swarm,-4.46,2.08,3.12
543,3,advance,bruiser,2.53,-2.85,11.68
543,4,stalk,pouncer,1.84,-0.95,10.07
544,1,chase,swarm,-11.37,-2.35,7.70
544,2,chase,swarm,-4.48,2.08,3.12
544,3,advance,bruiser,2.53,-2.85,11.69
544,4,stalk,pouncer,1.84,-0.94,10.08
545,1,chase,swarm,-11.26,-2.33,7.64
545,2,chase,swarm,-4.59,2.06,3.14
545,3,advance,bruiser,2.49,-2.82,11.74
545,4,stalk,pouncer,1.84,-0.87,10.14
546,1,chase,swarm,-11.23,-2.33,7.63
546,2,chase,swarm,-4.62,2.06,3.15
546,3,advance,bruiser,2.48,-2.82,11.75
546,4,stalk,pouncer,1.84,-0.85,10.16
547,1,chase,swarm,-11.09,-2.30,7.55
547,2,chase,swarm,-4.76,2.04,3.18
547,3,advance,bruiser,2.44,-2.78,11.82
547,4,stalk,pouncer,1.84,-0.76,10.24
548,1,chase,swarm,-11.06,-2.30,7.53
548,2,chase,swarm,-4.79,2.04,3.18
548,3,advance,bruiser,2.43,-2.78,11.84
548,4,stalk,pouncer,1.84,-0.74,10.25
549,1,chase,swarm,-10.98,-2.28,7.49
549,2,chase,swarm,-4.87,2.03,3.20
549,3,advance,bruiser,2.40,-2.76,11.87
549,4,stalk,pouncer,1.84,-0.69,10.30
550,1,chase,swarm,-10.96,-2.27,7.47
550,2,chase,swarm,-4.90,2.02,3.20
550,3,advance,bruiser,2.40,-2.75,11.89
550,4,stalk,pouncer,1.84,-0.68,10.31
551,1,chase,swarm,-10.70,-2.17,7.32
551,2,chase,swarm,-5.17,2.00,3.27
551,3,advance,bruiser,2.31,-2.69,12.02
551,4,stalk,pouncer,1.83,-0.51,10.45
552,1,chase,swarm,-10.68,-2.16,7.31
552,2,chase,swarm,-5.20,2.00,3.27
552,3,advance,bruiser,2.30,-2.68,12.03
552,4,stalk,pouncer,1.83,-0.49,10.47
553,1,chase,swarm,-10.58,-2.12,7.25
553,2,chase,swarm,-5.30,1.99,3.30
553,3,advance,bruiser,2.27,-2.66,12.08
553,4,stalk,pouncer,1.82,-0.43,10.52
554,1,chase,swarm,-10.56,-2.11,7.24
554,2,chase,swarm,-5.32,1.99,3.30
554,3,advance,bruiser,2.26,-2.65,12.09
554,4,stalk,pouncer,1.82,-0.42,10.53
555,1,chase,swarm,-10.44,-2.04,7.16
555,2,chase,swarm,-5.46,1.99,3.33
555,3,advance,bruiser,2.22,-2.62,12.15
555,4,stalk,pouncer,1.82,-0.33,10.60
556,1,chase,swarm,-10.43,-2.03,7.15
556,2,chase,swarm,-5.48,1.99,3.33
556,3,advance,bruiser,2.21,-2.62,12.16
556,4,stalk,pouncer,1.81,-0.32,10.61
557,1,chase,swarm,-10.36,-1.98,7.11
557,2,chase,swarm,-5.56,1.99,3.35
557,3,advance,bruiser,2.19,-2.60,12.20
557,4,stalk,pouncer,1.81,-0.27,10.65
558,1,chase,swarm,-10.34,-1.97,7.09
558,2,chase,swarm,-5.59,1.99,3.35
558,3,advance,bruiser,2.18,-2.59,12.22
558,4,stalk,pouncer,1.81,-0.25,10.67
559,1,chase,swarm,-10.26,-1.90,7.03
559,2,chase,swarm,-5.69,2.00,3.37
559,3,advance,bruiser,2.15,-2.57,12.26
559,4,stalk,pouncer,1.80,-0.19,10.72
560,1,chase,swarm,-10.24,-1.88,7.02
560,2,chase,swarm,-5.72,2.00,3.38
560,3,advance,bruiser,2.14,-2.56,12.28
560,4,stalk,pouncer,1.80,-0.17,10.73
561,1,chase,swarm,-10.17,-1.82,6.96
561,2,chase,swarm,-5.82,2.01,3.39
561,3,advance,bruiser,2.11,-2.54,12.32
561,4,stalk,pouncer,1.79,-0.11,10.78
562,1,chase,swarm,-10.15,-1.80,6.95
562,2,chase,swarm,-5.84,2.02,3.40
562,3,advance,bruiser,2.10,-2.54,12.33
562,4,stalk,pouncer,1.79,-0.10,10.79
563,1,chase,swarm,-10.09,-1.73,6.89
563,2,chase,swarm,-5.93,2.03,3.41
563,3,advance,bruiser,2.07,-2.52,12.38
563,4,stalk,pouncer,1.78,-0.04,10.84
564,1,chase,swarm,-10.08,-1.71,6.88
564,2,chase,swarm,-5.95,2.03,3.41
564,3,advance,bruiser,2.06,-2.51,12.39
564,4,stalk,pouncer,1.78,-0.03,10.85
565,1,chase,swarm,-10.01,-1.61,6.80
565,2,chase,swarm,-6.07,2.05,3.43
565,3,advance,bruiser,2.03,-2.48,12.45
565,4,stalk,pouncer,1.77,0.04,10.91
566,1,chase,swarm,-10.00,-1.59,6.79
566,2,chase,swarm,-6.09,2.06,3.43
566,3,advance,bruiser,2.02,-2.48,12.46
566,4,stalk,pouncer,1.77,0.06,10.92
567,1,chase,swarm,-9.96,-1.49,6.72
567,2,chase,swarm,-6.20,2.08,3.44
567,3,advance,bruiser,1.99,-2.45,12.51
567,4,stalk,pouncer,1.76,0.12,10.97
568,1,chase,swarm,-9.95,-1.47,6.71
568,2,chase,swarm,-6.22,2.09,3.44
568,3,advance,bruiser,1.98,-2.45,12.52
568,4,stalk,pouncer,1.76,0.14,10.98
569,1,chase,swarm,-9.91,-1.38,6.65
569,2,chase,swarm,-6.32,2.12,3.45
569,3,advance,bruiser,1.95,-2.42,12.57
569,4,stalk,pouncer,1.75,0.20,11.03
570,1,chase,swarm,-9.91,-1.35,6.63
570,2,chase,swarm,-6.34,2.13,3.45
570,3,advance,bruiser,1.94,-2.42,12.58
570,4,stalk,pouncer,1.75,0.21,11.04
571,1,chase,swarm,-9.89,-1.30,6.59
571,2,chase,swarm,-6.39,2.15,3.46
571,3,advance,bruiser,1.92,-2.41,12.61
571,4,stalk,pouncer,1.74,0.25,11.07
572,1,chase,swarm,-9.88,-1.22,6.55
572,2,chase,swarm,-6.46,2.18,3.46
572,3,advance,bruiser,1.90,-2.39,12.64
572,4,stalk,pouncer,1.73,0.29,11.11
573,1,chase,swarm,-9.87,-1.15,6.51
573,2,chase,swarm,-6.53,2.20,3.46
573,3,advance,bruiser,1.88,-2.37,12.67
573,4,stalk,pouncer,1.73,0.34,11.14
574,1,chase,swarm,-9.86,-1.08,6.46
574,2,chase,swarm,-6.59,2.24,3.46
574,3,advance,bruiser,1.85,-2.35,12.71
574,4,stalk,pouncer,1.72,0.38,11.18
575,1,chase,swarm,-9.86,-1.01,6.43
575,2,chase,swarm,-6.65,2.27,3.45
575,3,advance,bruiser,1.83,-2.34,12.74
575,4,stalk,pouncer,1.71,0.42,11.21
576,1,chase,swarm,-9.87,-0.93,6.38
576,2,chase,swarm,-6.72,2.31,3.45
576,3,advance,bruiser,1.81,-2.32,12.78
576,4,stalk,pouncer,1.70,0.47,11.24
577,1,chase,swarm,-9.88,-0.86,6.35
577,2,chase,swarm,-6.78,2.35,3.44
577,3,advance,bruiser,1.79,-2.30,12.81
577,4,stalk,pouncer,1.69,0.51,11.28
578,1,chase,swarm,-9.89,-0.79,6.31
578,2,chase,swarm,-6.84,2.39,3.44
578,3,advance,bruiser,1.76,-2.29,12.85
578,4,stalk,pouncer,1.69,0.56,11.31
579,1,chase,swarm,-9.91,-0.72,6.27
579,2,chase,swarm,-6.90,2.44,3.43
579,3,advance,bruiser,1.74,-2.27,12.88
579,4,stalk,pouncer,1.68,0.60,11.34
580,1,chase,swarm,-9.93,-0.65,6.24
580,2,chase,swarm,-6.95,2.49,3.42
580,3,advance,bruiser,1.72,-2.25,12.92
580,4,stalk,pouncer,1.67,0.64,11.38
581,1,chase,swarm,-9.95,-0.58,6.21
581,2,chase,swarm,-7.00,2.54,3.41
581,3,advance,bruiser,1.70,-2.24,12.95
581,4,stalk,pouncer,1.66,0.69,11.41
582,1,chase,swarm,-9.97,-0.51,6.18
582,2,chase,swarm,-7.05,2.60,3.40
582,3,advance,bruiser,1.67,-2.22,12.99
582,4,stalk,pouncer,1.65,0.73,11.45
583,1,chase,swarm,-10.00,-0.44,6.15
583,2,chase,swarm,-7.10,2.65,3.38
583,3,advance,bruiser,1.65,-2.20,13.02
583,4,stalk,pouncer,1.64,0.78,11.48
584,1,chase,swarm,-10.03,-0.38,6.12
584,2,chase,swarm,-7.14,2.71,3.37
584,3,advance,bruiser,1.63,-2.19,13.06
584,4,stalk,pouncer,1.63,0.82,11.51
585,1,chase,swarm,-10.07,-0.31,6.10
585,2,chase,swarm,-7.18,2.78,3.36
585,3,advance,bruiser,1.61,-2.17,13.09
585,4,stalk,pouncer,1.62,0.86,11.54
586,1,chase,swarm,-10.10,-0.25,6.07
586,2,chase,swarm,-7.21,2.84,3.34
586,3,advance,bruiser,1.58,-2.15,13.12
586,4,stalk,pouncer,1.61,0.91,11.58
587,1,chase,swarm,-10.14,-0.18,6.05
587,2,chase,swarm,-7.24,2.90,3.33
587,3,advance,bruiser,1.56,-2.14,13.16
587,4,stalk,pouncer,1.60,0.95,11.61
588,1,chase,swarm,-10.28,0.02,5.98
588,2,chase,swarm,-7.31,3.14,3.30
588,3,advance,bruiser,1.48,-2.08,13.28
588,4,stalk,pouncer,1.56,1.10,11.72
589,1,chase,swarm,-10.29,0.05,5.98
589,2,chase,swarm,-7.32,3.17,3.30
589,3,advance,bruiser,1.47,-2.07,13.29
589,4,stalk,pouncer,1.55,1.12,11.73
590,1,chase,swarm,-10.35,0.13,5.95
590,2,chase,swarm,-7.34,3.27,3.29
590,3,advance,bruiser,1.44,-2.05,13.34
590,4,stalk,pouncer,1.54,1.18,11.78
591,1,chase,swarm,-10.43,0.23,5.92
591,2,chase,swarm,-7.36,3.39,3.28
591,3,advance,bruiser,1.40,-2.02,13.40
591,4,stalk,pouncer,1.52,1.25,11.83
592,1,chase,swarm,-10.44,0.25,5.92
592,2,chase,swarm,-7.37,3.42,3.28
592,3,advance,bruiser,1.40,-2.01,13.41
592,4,stalk,pouncer,1.51,1.26,11.84
593,1,chase,swarm,-10.49,0.31,5.90
593,2,chase,swarm,-7.38,3.50,3.28
593,3,advance,bruiser,1.37,-1.99,13.45
593,4,stalk,pouncer,1.50,1.31,11.87
594,1,chase,swarm,-10.50,0.33,5.89
594,2,chase,swarm,-7.38,3.52,3.28
594,3,advance,bruiser,1.37,-1.99,13.46
594,4,stalk,pouncer,1.50,1.32,11.88
595,1,chase,swarm,-10.56,0.41,5.87
595,2,chase,swarm,-7.39,3.62,3.28
595,3,advance,bruiser,1.34,-1.97,13.51
595,4,stalk,pouncer,1.48,1.38,11.93
596,1,chase,swarm,-10.57,0.42,5.87
596,2,chase,swarm,-7.39,3.64,3.28
596,3,advance,bruiser,1.33,-1.96,13.51
596,4,stalk,pouncer,1.48,1.39,11.94
597,1,chase,swarm,-10.64,0.50,5.85
597,2,chase,swarm,-7.40,3.73,3.28
597,3,advance,bruiser,1.30,-1.94,13.56
597,4,stalk,pouncer,1.46,1.45,11.98
598,1,chase,swarm,-10.65,0.52,5.84
598,2,chase,swarm,-7.40,3.76,3.28
598,3,advance,bruiser,1.29,-1.93,13.57
598,4,stalk,pouncer,1.45,1.47,11.99
599,1,chase,swarm,-10.72,0.60,5.82
599,2,chase,swarm,-7.40,3.87,3.29
599,3,advance,bruiser,1.26,-1.91,13.62
599,4,stalk,pouncer,1.44,1.53,12.03
600,1,chase,swarm,-10.73,0.62,5.81
600,2,chase,swarm,-7.40,3.88,3.29
600,3,advance,bruiser,1.25,-1.90,13.63
600,4,stalk,pouncer,1.43,1.54,12.04
601,1,chase,swarm,-10.78,0.69,5.80
601,2,chase,swarm,-7.40,3.97,3.30
601,3,advance,bruiser,1.23,-1.88,13.67
601,4,stalk,pouncer,1.42,1.59,12.08
602,1,chase,swarm,-10.80,0.70,5.79
602,2,chase,swarm,-7.41,3.99,3.31
602,3,advance,bruiser,1.22,-1.88,13.68
602,4,stalk,pouncer,1.41,1.60,12.09
603,1,chase,swarm,-10.84,0.76,5.78
603,2,chase,swarm,-7.41,4.06,3.32
603,3,advance,bruiser,1.20,-1.86,13.72
603,4,stalk,pouncer,1.40,1.64,12.12
604,1,chase,swarm,-10.89,0.82,5.76
604,2,chase,swarm,-7.41,4.14,3.33
604,3,advance,bruiser,1.17,-1.84,13.75
604,4,stalk,pouncer,1.39,1.69,12.15
605,1,chase,swarm,-10.93,0.87,5.74
605,2,chase,swarm,-7.41,4.21,3.34
605,3,advance,bruiser,1.15,-1.83,13.79
605,4,stalk,pouncer,1.37,1.73,12.18
606,1,chase,swarm,-10.98,0.93,5.73
606,2,chase,swarm,-7.41,4.29,3.35
606,3,advance,bruiser,1.13,-1.81,13.82
606,4,stalk,pouncer,1.36,1.77,12.21
607,1,chase,swarm,-11.02,0.99,5.71
607,2,chase,swarm,-7.41,4.36,3.36
607,3,advance,bruiser,1.11,-1.79,13.86
607,4,stalk,pouncer,1.34,1.82,12.24
608,1,chase,swarm,-11.07,1.05,5.69
608,2,chase,swarm,-7.42,4.43,3.38
608,3,advance,bruiser,1.08,-1.78,13.89
608,4,stalk,pouncer,1.33,1.86,12.27
609,1,chase,swarm,-11.11,1.11,5.68
609,2,chase,swarm,-7.42,4.51,3.39
609,3,advance,bruiser,1.06,-1.76,13.93
609,4,stalk,pouncer,1.31,1.90,12.30
610,1,chase,swarm,-11.15,1.17,5.66
610,2,chase,swarm,-7.42,4.58,3.40
610,3,advance,bruiser,1.04,-1.74,13.96
610,4,stalk,pouncer,1.30,1.94,12.33
611,1,chase,swarm,-11.19,1.23,5.64
611,2,chase,swarm,-7.42,4.65,3.42
611,3,advance,bruiser,1.02,-1.72,14.00
611,4,stalk,pouncer,1.28,1.99,12.36
612,1,chase,swarm,-11.23,1.29,5.62
612,2,chase,swarm,-7.43,4.73,3.43
612,3,advance,bruiser,0.99,-1.71,14.03
612,4,stalk,pouncer,1.27,2.03,12.39
613,1,chase,swarm,-11.27,1.35,5.60
613,2,chase,swarm,-7.43,4.80,3.45
613,3,advance,bruiser,0.97,-1.69,14.07
613,4,stalk,pouncer,1.25,2.07,12.42
614,1,chase,swarm,-11.31,1.42,5.58
614,2,chase,swarm,-7.44,4.87,3.46
614,3,advance,bruiser,0.95,-1.67,14.10
614,4,stalk,pouncer,1.24,2.11,12.45
615,1,chase,swarm,-11.35,1.48,5.56
615,2,chase,swarm,-7.45,4.94,3.48
615,3,advance,bruiser,0.93,-1.66,14.14
615,4,stalk,pouncer,1.22,2.16,12.48
616,1,chase,swarm,-11.39,1.54,5.53
616,2,chase,swarm,-7.45,5.02,3.49
616,3,advance,bruiser,0.90,-1.64,14.17
616,4,stalk,pouncer,1.21,2.20,12.51
617,1,chase,swarm,-11.42,1.61,5.51
617,2,chase,swarm,-7.46,5.09,3.51
617,3,advance,bruiser,0.88,-1.62,14.21
617,4,stalk,pouncer,1.19,2.24,12.53
618,1,chase,swarm,-11.45,1.67,5.48
618,2,chase,swarm,-7.47,5.16,3.52
618,3,advance,bruiser,0.86,-1.60,14.24
618,4,stalk,pouncer,1.18,2.28,12.56
619,1,chase,swarm,-11.49,1.74,5.46
619,2,chase,swarm,-7.48,5.23,3.54
619,3,advance,bruiser,0.84,-1.59,14.28
619,4,stalk,pouncer,1.16,2.32,12.59
620,1,chase,swarm,-11.52,1.81,5.43
620,2,chase,swarm,-7.50,5.31,3.55
620,3,advance,bruiser,0.81,-1.57,14.31
620,4,stalk,pouncer,1.14,2.37,12.62
621,1,chase,swarm,-11.54,1.87,5.40
621,2,chase,swarm,-7.51,5.38,3.57
621,3,advance,bruiser,0.79,-1.55,14.35
621,4,stalk,pouncer,1.13,2.41,12.65
622,1,chase,swarm,-11.57,1.94,5.37
622,2,chase,swarm,-7.53,5.45,3.58
622,3,advance,bruiser,0.77,-1.53,14.38
622,4,stalk,pouncer,1.11,2.45,12.68
623,1,chase,swarm,-11.59,2.01,5.34
623,2,chase,swarm,-7.54,5.52,3.59
623,3,advance,bruiser,0.75,-1.52,14.42
623,4,stalk,pouncer,1.09,2.49,12.71
624,1,chase,swarm,-11.61,2.08,5.30
624,2,chase,swarm,-7.56,5.60,3.60
624,3,advance,bruiser,0.72,-1.50,14.45
624,4,stalk,pouncer,1.08,2.54,12.74
625,1,chase,swarm,-11.62,2.16,5.27
625,2,chase,swarm,-7.58,5.67,3.61
625,3,advance,bruiser,0.70,-1.48,14.49
625,4,stalk,pouncer,1.06,2.58,12.76
626,1,chase,swarm,-11.64,2.23,5.23
626,2,chase,swarm,-7.60,5.74,3.62
626,3,advance,bruiser,0.68,-1.47,14.52
626,4,stalk,pouncer,1.04,2.62,12.79
627,1,chase,swarm,-11.65,2.30,5.20
627,2,chase,swarm,-7.63,5.81,3.63
627,3,advance,bruiser,0.66,-1.45,14.55
627,4,stalk,pouncer,1.03,2.66,12.82
628,1,chase,swarm,-11.65,2.39,5.15
628,2,chase,swarm,-7.66,5.89,3.64
628,3,advance,bruiser,0.63,-1.43,14.60
628,4,stalk,pouncer,1.01,2.71,12.85
629,1,chase,swarm,-11.65,2.45,5.12
629,2,chase,swarm,-7.68,5.94,3.65
629,3,advance,bruiser,0.61,-1.41,14.62
629,4,stalk,pouncer,0.99,2.74,12.88
630,1,chase,swarm,-11.65,2.52,5.09
630,2,chase,swarm,-7.71,6.01,3.65
630,3,advance,bruiser,0.59,-1.40,14.66
630,4,stalk,pouncer,0.98,2.78,12.91
631,1,chase,swarm,-11.65,2.59,5.05
631,2,chase,swarm,-7.74,6.08,3.66
631,3,advance,bruiser,0.57,-1.38,14.69
631,4,stalk,pouncer,0.96,2.83,12.93
632,1,chase,swarm,-11.64,2.67,5.01
632,2,chase,swarm,-7.77,6.14,3.66
632,3,advance,bruiser,0.54,-1.36,14.73
632,4,stalk,pouncer,0.94,2.87,12.96
633,1,chase,swarm,-11.63,2.74,4.98
633,2,chase,swarm,-7.81,6.20,3.66
633,3,advance,bruiser,0.52,-1.34,14.76
633,4,stalk,pouncer,0.92,2.91,12.99
634,1,chase,swarm,-11.59,2.87,4.91
634,2,chase,swarm,-7.88,6.32,3.66
634,3,advance,bruiser,0.48,-1.31,14.83
634,4,stalk,pouncer,0.89,2.99,13.04
635,1,chase,swarm,-11.58,2.90,4.90
635,2,chase,swarm,-7.90,6.34,3.66
635,3,advance,bruiser,0.47,-1.31,14.84
635,4,stalk,pouncer,0.88,3.00,13.05
636,1,chase,swarm,-11.56,2.98,4.86
636,2,chase,swarm,-7.95,6.41,3.65
636,3,advance,bruiser,0.45,-1.28,14.88
636,4,stalk,pouncer,0.86,3.05,13.08
637,1,chase,swarm,-11.54,3.02,4.84
637,2,chase,swarm,-7.98,6.44,3.65
637,3,advance,bruiser,0.43,-1.27,14.90
637,4,stalk,pouncer,0.85,3.07,13.10
638,1,chase,swarm,-11.51,3.10,4.81
638,2,chase,swarm,-8.03,6.51,3.64
638,3,advance,bruiser,0.41,-1.25,14.94
638,4,stalk,pouncer,0.83,3.12,13.13
639,1,chase,swarm,-11.48,3.16,4.79
639,2,chase,swarm,-8.09,6.56,3.64
639,3,advance,bruiser,0.38,-1.24,14.98
639,4,stalk,pouncer,0.81,3.16,13.16
640,1,chase,swarm,-11.45,3.23,4.76
640,2,chase,swarm,-8.14,6.60,3.63
640,3,advance,bruiser,0.36,-1.22,15.01
640,4,stalk,pouncer,0.80,3.20,13.19
641,1,chase,swarm,-11.42,3.29,4.74
641,2,chase,swarm,-8.19,6.65,3.62
641,3,advance,bruiser,0.34,-1.20,15.04
641,4,stalk,pouncer,0.78,3.24,13.21
642,1,chase,swarm,-11.38,3.36,4.72
642,2,chase,swarm,-8.25,6.69,3.61
642,3,advance,bruiser,0.32,-1.19,15.08
642,4,stalk,pouncer,0.76,3.28,13.24
643,1,chase,swarm,-11.35,3.42,4.70
643,2,chase,swarm,-8.31,6.73,3.59
643,3,advance,bruiser,0.30,-1.17,15.11
643,4,stalk,pouncer,0.74,3.32,13.27
644,1,chase,swarm,-11.31,3.48,4.69
644,2,chase,swarm,-8.38,6.77,3.58
644,3,advance,bruiser,0.27,-1.15,15.15
644,4,stalk,pouncer,0.72,3.36,13.29
645,1,chase,swarm,-11.27,3.55,4.68
645,2,chase,swarm,-8.44,6.80,3.57
645,3,advance,bruiser,0.25,-1.13,15.18
645,4,stalk,pouncer,0.71,3.41,13.32
646,1,chase,swarm,-11.23,3.61,4.66
646,2,chase,swarm,-8.51,6.83,3.55
646,3,advance,bruiser,0.23,-1.12,15.22
646,4,stalk,pouncer,0.69,3.45,13.35
647,1,chase,swarm,-11.20,3.67,4.66
647,2,chase,swarm,-8.58,6.86,3.54
647,3,advance,bruiser,0.21,-1.10,15.25
647,4,stalk,pouncer,0.67,3.49,13.38
648,1,chase,swarm,-11.16,3.73,4.65
648,2,chase,swarm,-8.65,6.88,3.53
648,3,advance,bruiser,0.18,-1.08,15.29
648,4,stalk,pouncer,0.65,3.53,13.41
649,1,chase,swarm,-11.12,3.80,4.64
649,2,chase,swarm,-8.72,6.90,3.52
649,3,advance,bruiser,0.16,-1.06,15.33
649,4,stalk,pouncer,0.63,3.57,13.43
650,1,chase,swarm,-11.08,3.86,4.64
650,2,chase,swarm,-8.79,6.91,3.51
650,3,advance,bruiser,0.14,-1.05,15.36
650,4,stalk,pouncer,0.61,3.61,13.46
651,1,chase,swarm,-11.04,3.92,4.64
651,2,chase,swarm,-8.86,6.93,3.50
651,3,advance,bruiser,0.12,-1.03,15.39
651,4,stalk,pouncer,0.60,3.65,13.49
652,1,chase,swarm,-11.00,3.99,4.64
652,2,chase,swarm,-8.94,6.94,3.49
652,3,advance,bruiser,0.09,-1.01,15.43
652,4,stalk,pouncer,0.58,3.70,13.52
653,1,chase,swarm,-10.96,4.04,4.64
653,2,chase,swarm,-9.01,6.94,3.48
653,3,advance,bruiser,0.07,-0.99,15.46
653,4,stalk,pouncer,0.56,3.74,13.54
654,1,chase,swarm,-10.92,4.11,4.64
654,2,chase,swarm,-9.09,6.95,3.48
654,3,advance,bruiser,0.05,-0.98,15.50
654,4,stalk,pouncer,0.54,3.78,13.57
655,1,chase,swarm,-10.88,4.17,4.64
655,2,chase,swarm,-9.16,6.95,3.47
655,3,advance,bruiser,0.03,-0.96,15.53
655,4,stalk,pouncer,0.52,3.82,13.60
656,1,chase,swarm,-10.84,4.23,4.65
656,2,chase,swarm,-9.23,6.95,3.47
656,3,advance,bruiser,0.01,-0.94,15.57
656,4,stalk,pouncer,0.50,3.86,13.63
657,1,chase,swarm,-10.81,4.30,4.65
657,2,chase,swarm,-9.30,6.94,3.47
657,3,advance,bruiser,-0.02,-0.92,15.60
657,4,stalk,pouncer,0.48,3.90,13.65
658,1,chase,swarm,-10.77,4.36,4.66
658,2,chase,swarm,-9.38,6.94,3.47
658,3,advance,bruiser,-0.04,-0.91,15.64
658,4,stalk,pouncer,0.47,3.94,13.68
659,1,chase,swarm,-10.74,4.42,4.67
659,2,chase,swarm,-9.45,6.94,3.47
659,3,advance,bruiser,-0.06,-0.89,15.67
659,4,stalk,pouncer,0.45,3.98,13.71
660,1,chase,swarm,-10.70,4.49,4.68
660,2,chase,swarm,-9.52,6.93,3.48
660,3,advance,bruiser,-0.08,-0.87,15.71
660,4,stalk,pouncer,0.43,4.02,13.73
661,1,chase,swarm,-10.67,4.55,4.69
661,2,chase,swarm,-9.59,6.92,3.48
661,3,advance,bruiser,-0.10,-0.85,15.74
661,4,stalk,pouncer,0.41,4.06,13.76
662,1,chase,swarm,-10.61,4.68,4.70
662,2,chase,swarm,-9.73,6.91,3.50
662,3,advance,bruiser,-0.15,-0.82,15.81
662,4,stalk,pouncer,0.38,4.14,13.81
663,1,chase,swarm,-10.60,4.70,4.71
663,2,chase,swarm,-9.75,6.90,3.50
663,3,advance,bruiser,-0.15,-0.82,15.82
663,4,stalk,pouncer,0.37,4.15,13.82
664,1,chase,swarm,-10.55,4.81,4.72
664,2,chase,swarm,-9.88,6.89,3.52
664,3,advance,bruiser,-0.19,-0.79,15.88
664,4,stalk,pouncer,0.34,4.22,13.87
665,1,chase,swarm,-10.54,4.83,4.73
665,2,chase,swarm,-9.90,6.88,3.52
665,3,advance,bruiser,-0.20,-0.78,15.89
665,4,stalk,pouncer,0.33,4.24,13.88
666,1,chase,swarm,-10.50,4.95,4.74
666,2,chase,swarm,-10.02,6.87,3.54
666,3,advance,bruiser,-0.23,-0.75,15.95
666,4,stalk,pouncer,0.27,4.21,13.92
667,1,chase,swarm,-10.49,4.97,4.75
667,2,chase,swarm,-10.05,6.87,3.55
667,3,advance,bruiser,-0.24,-0.75,15.96
667,4,stalk,pouncer,0.25,4.20,13.93
668,1,chase,swarm,-10.45,5.11,4.77
668,2,chase,swarm,-10.19,6.85,3.58
668,3,advance,bruiser,-0.29,-0.71,16.03
668,4,stalk,pouncer,0.17,4.16,13.99
669,1,chase,swarm,-10.44,5.14,4.77
669,2,chase,swarm,-10.22,6.85,3.58
669,3,advance,bruiser,-0.30,-0.70,16.04
669,4,stalk,pouncer,0.15,4.15,14.00
670,1,chase,swarm,-10.41,5.25,4.79
670,2,chase,swarm,-10.33,6.83,3.60
670,3,advance,bruiser,-0.33,-0.68,16.10
670,4,stalk,pouncer,0.09,4.13,14.04
671,1,chase,swarm,-10.41,5.27,4.79
671,2,chase,swarm,-10.36,6.83,3.61
671,3,advance,bruiser,-0.34,-0.67,16.11
671,4,stalk,pouncer,0.08,4.12,14.05
672,1,chase,swarm,-10.38,5.39,4.81
672,2,chase,swarm,-10.48,6.82,3.64
672,3,advance,bruiser,-0.38,-0.64,16.17
672,4,stalk,pouncer,0.01,4.09,14.09
673,1,chase,swarm,-10.38,5.42,4.81
673,2,chase,swarm,-10.51,6.82,3.64
673,3,advance,bruiser,-0.38,-0.64,16.18
673,4,stalk,pouncer,-0.01,4.09,14.11
674,1,chase,swarm,-10.37,5.50,4.82
674,2,chase,swarm,-10.59,6.81,3.66
674,3,advance,bruiser,-0.41,-0.61,16.22
674,4,stalk,pouncer,-0.06,4.07,14.14
675,1,chase,swarm,-10.36,5.53,4.82
675,2,chase,swarm,-10.62,6.81,3.66
675,3,advance,bruiser,-0.42,-0.61,16.23
675,4,stalk,pouncer,-0.07,4.06,14.15
676,1,chase,swarm,-10.35,5.63,4.83
676,2,chase,swarm,-10.72,6.81,3.69
676,3,advance,bruiser,-0.45,-0.58,16.28
676,4,stalk,pouncer,-0.13,4.04,14.19
677,1,chase,swarm,-10.35,5.68,4.83
677,2,chase,swarm,-10.77,6.81,3.69
677,3,advance,bruiser,-0.46,-0.57,16.30
677,4,stalk,pouncer,-0.16,4.02,14.21
678,1,chase,swarm,-10.34,5.86,4.85
678,2,chase,swarm,-10.94,6.84,3.71
678,3,advance,bruiser,-0.52,-0.53,16.39
678,4,stalk,pouncer,-0.26,3.98,14.27
679,1,chase,swarm,-10.34,5.88,4.85
679,2,chase,swarm,-10.97,6.84,3.71
679,3,advance,bruiser,-0.52,-0.52,16.40
679,4,stalk,pouncer,-0.27,3.98,14.28
680,1,chase,swarm,-10.33,5.99,4.87
680,2,chase,swarm,-11.07,6.87,3.72
680,3,advance,bruiser,-0.56,-0.50,16.45
680,4,stalk,pouncer,-0.33,3.95,14.32
681,1,chase,swarm,-10.33,6.01,4.87
681,2,chase,swarm,-11.10,6.87,3.72
681,3,advance,bruiser,-0.56,-0.49,16.46
681,4,stalk,pouncer,-0.35,3.95,14.34
682,1,chase,swarm,-10.33,6.13,4.88
682,2,chase,swarm,-11.21,6.90,3.72
682,3,advance,bruiser,-0.60,-0.46,16.52
682,4,stalk,pouncer,-0.41,3.92,14.38
683,1,chase,swarm,-10.33,6.16,4.88
683,2,chase,swarm,-11.24,6.90,3.73
683,3,advance,bruiser,-0.61,-0.46,16.53
683,4,stalk,pouncer,-0.43,3.92,14.39
684,1,chase,swarm,-10.36,6.30,4.88
684,2,chase,swarm,-11.38,6.93,3.74
684,3,advance,bruiser,-0.65,-0.42,16.60
684,4,stalk,pouncer,-0.51,3.89,14.45
685,1,chase,swarm,-10.36,6.33,4.88
685,2,chase,swarm,-11.41,6.94,3.74
685,3,advance,bruiser,-0.66,-0.42,16.61
685,4,stalk,pouncer,-0.53,3.88,14.46
686,1,chase,swarm,-10.41,6.44,4.87
686,2,chase,swarm,-11.53,6.97,3.75
686,3,advance,bruiser,-0.70,-0.39,16.67
686,4,stalk,pouncer,-0.60,3.85,14.51
687,1,chase,swarm,-10.42,6.47,4.87
687,2,chase,swarm,-11.55,6.97,3.76
687,3,advance,bruiser,-0.71,-0.38,16.69
687,4,stalk,pouncer,-0.62,3.85,14.52
688,1,chase,swarm,-10.48,6.57,4.86
688,2,chase,swarm,-11.67,7.00,3.77
688,3,advance,bruiser,-0.74,-0.35,16.74
688,4,stalk,pouncer,-0.69,3.82,14.57
689,1,chase,swarm,-10.49,6.60,4.85
689,2,chase,swarm,-11.70,7.01,3.77
689,3,advance,bruiser,-0.75,-0.34,16.76
689,4,stalk,pouncer,-0.70,3.82,14.58
690,1,chase,swarm,-10.56,6.68,4.84
690,2,chase,swarm,-11.80,7.03,3.78
690,3,advance,bruiser,-0.78,-0.32,16.81
690,4,stalk,pouncer,-0.76,3.80,14.62
691,1,chase,swarm,-10.64,6.76,4.82
691,2,chase,swarm,-11.91,7.07,3.78
691,3,advance,bruiser,-0.82,-0.29,16.86
691,4,stalk,pouncer,-0.83,3.77,14.66
692,1,chase,swarm,-10.66,6.77,4.82
692,2,chase,swarm,-11.93,7.08,3.78
692,3,advance,bruiser,-0.82,-0.29,16.87
692,4,stalk,pouncer,-0.84,3.77,14.67
693,1,chase,swarm,-10.73,6.83,4.81
693,2,chase,swarm,-12.02,7.11,3.78
693,3,advance,bruiser,-0.85,-0.26,16.92
693,4,stalk,pouncer,-0.90,3.75,14.71
694,1,chase,swarm,-10.76,6.85,4.81
694,2,chase,swarm,-12.05,7.13,3.78
694,3,advance,bruiser,-0.86,-0.26,16.93
694,4,stalk,pouncer,-0.92,3.74,14.72
695,1,chase,swarm,-10.97,6.96,4.79
695,2,chase,swarm,-12.25,7.24,3.77
695,3,advance,bruiser,-0.93,-0.20,17.04
695,4,stalk,pouncer,-1.05,3.70,14.82
696,1,chase,swarm,-10.99,6.97,4.78
696,2,chase,swarm,-12.27,7.26,3.77
696,3,advance,bruiser,-0.94,-0.19,17.06
696,4,stalk,pouncer,-1.07,3.69,14.83
697,1,chase,swarm,-11.11,7.02,4.78
697,2,chase,swarm,-12.37,7.33,3.76
697,3,advance,bruiser,-0.98,-0.16,17.12
697,4,stalk,pouncer,-1.14,3.67,14.88
698,1,chase,swarm,-11.13,7.03,4.78
698,2,chase,swarm,-12.39,7.35,3.75
698,3,advance,bruiser,-0.99,-0.15,17.13
698,4,stalk,pouncer,-1.16,3.66,14.89
699,1,chase,swarm,-11.24,7.06,4.78
699,2,chase,swarm,-12.48,7.43,3.74
699,3,advance,bruiser,-1.02,-0.13,17.18
699,4,stalk,pouncer,-1.23,3.64,14.94
700,1,chase,swarm,-11.26,7.07,4.77
700,2,chase,swarm,-12.50,7.45,3.73
700,3,advance,bruiser,-1.03,-0.12,17.20
700,4,stalk,pouncer,-1.24,3.64,14.95
701,1,chase,swarm,-11.35,7.10,4.78
701,2,chase,swarm,-12.56,7.51,3.72
701,3,advance,bruiser,-1.06,-0.10,17.24
701,4,stalk,pouncer,-1.29,3.62,14.98
702,1,chase,swarm,-11.37,7.10,4.78
702,2,chase,swarm,-12.57,7.53,3.72
702,3,advance,bruiser,-1.06,-0.09,17.25
702,4,stalk,pouncer,-1.31,3.62,14.99
703,1,chase,swarm,-11.45,7.12,4.78
703,2,chase,swarm,-12.62,7.59,3.70
703,3,advance,bruiser,-1.09,-0.07,17.29
703,4,stalk,pouncer,-1.35,3.60,15.03
704,1,chase,swarm,-11.47,7.13,4.78
704,2,chase,swarm,-12.64,7.61,3.70
704,3,advance,bruiser,-1.09,-0.07,17.30
704,4,stalk,pouncer,-1.37,3.60,15.03
705,1,chase,swarm,-11.59,7.15,4.79
705,2,chase,swarm,-12.70,7.71,3.68
705,3,advance,bruiser,-1.13,-0.04,17.35
705,4,stalk,pouncer,-1.44,3.58,15.08
706,1,chase,swarm,-11.61,7.15,4.79
706,2,chase,swarm,-12.71,7.72,3.68
706,3,advance,bruiser,-1.14,-0.04,17.36
706,4,stalk,pouncer,-1.45,3.58,15.09
707,1,chase,swarm,-11.85,7.17,4.83
707,2,chase,swarm,-12.81,7.94,3.64
707,3,advance,bruiser,-1.21,0.02,17.48
707,4,stalk,pouncer,-1.59,3.53,15.19
708,1,chase,swarm,-11.88,7.17,4.84
708,2,chase,swarm,-12.83,7.97,3.63
708,3,advance,bruiser,-1.22,0.03,17.49
708,4,stalk,pouncer,-1.61,3.53,15.20
709,1,chase,swarm,-11.98,7.18,4.86
709,2,chase,swarm,-12.86,8.07,3.62
709,3,advance,bruiser,-1.25,0.05,17.54
709,4,stalk,pouncer,-1.67,3.51,15.24
710,1,chase,swarm,-12.01,7.18,4.86
710,2,chase,swarm,-12.87,8.09,3.62
710,3,advance,bruiser,-1.26,0.06,17.55
710,4,stalk,pouncer,-1.68,3.51,15.25
711,1,chase,swarm,-12.11,7.18,4.88
711,2,chase,swarm,-12.89,8.19,3.61
711,3,advance,bruiser,-1.29,0.08,17.60
711,4,stalk,pouncer,-1.74,3.49,15.29
712,1,chase,swarm,-12.13,7.18,4.89
712,2,chase,swarm,-12.90,8.21,3.61
712,3,advance,bruiser,-1.29,0.09,17.61
712,4,stalk,pouncer,-1.76,3.49,15.30
713,1,chase,swarm,-12.32,7.20,4.93
713,2,chase,swarm,-12.92,8.40,3.60
713,3,advance,bruiser,-1.35,0.14,17.71
713,4,stalk,pouncer,-1.87,3.46,15.39
714,1,chase,swarm,-12.35,7.20,4.93
714,2,chase,swarm,-12.92,8.43,3.60
714,3,advance,bruiser,-1.36,0.14,17.72
714,4,stalk,pouncer,-1.89,3.45,15.39
715,1,chase,swarm,-12.43,7.21,4.95
715,2,chase,swarm,-12.93,8.51,3.60
715,3,advance,bruiser,-1.38,0.16,17.75
715,4,stalk,pouncer,-1.93,3.44,15.43
716,1,chase,swarm,-12.46,7.21,4.95
716,2,chase,swarm,-12.93,8.54,3.61
716,3,advance,bruiser,-1.39,0.17,17.77
716,4,stalk,pouncer,-1.95,3.44,15.44
717,1,chase,swarm,-12.59,7.23,4.98
717,2,chase,swarm,-12.94,8.67,3.61
717,3,advance,bruiser,-1.43,0.20,17.83
717,4,stalk,pouncer,-2.03,3.42,15.49
718,1,chase,swarm,-12.61,7.23,4.98
718,2,chase,swarm,-12.94,8.69,3.62
718,3,advance,bruiser,-1.44,0.21,17.84
718,4,stalk,pouncer,-2.05,3.41,15.51
719,1,chase,swarm,-12.72,7.25,5.00
719,2,chase,swarm,-12.95,8.80,3.63
719,3,advance,bruiser,-1.47,0.23,17.89
719,4,stalk,pouncer,-2.11,3.40,15.55
720,1,chase,swarm,-12.74,7.25,5.01
720,2,chase,swarm,-12.95,8.83,3.63
720,3,advance,bruiser,-1.48,0.24,17.91
720,4,stalk,pouncer,-2.12,3.39,15.56
721,1,chase,swarm,-12.83,7.27,5.02
721,2,chase,swarm,-12.95,8.92,3.64
721,3,advance,bruiser,-1.51,0.26,17.95
721,4,stalk,pouncer,-2.18,3.38,15.60
722,1,chase,swarm,-12.86,7.27,5.03
722,2,chase,swarm,-12.95,8.94,3.64
722,3,advance,bruiser,-1.51,0.27,17.96
722,4,stalk,pouncer,-2.19,3.38,15.61
723,1,chase,swarm,-12.98,7.29,5.05
723,2,chase,swarm,-12.95,9.06,3.66
723,3,advance,bruiser,-1.55,0.30,18.02
723,4,stalk,pouncer,-2.27,3.36,15.66
724,1,chase,swarm,-13.00,7.29,5.05
724,2,chase,swarm,-12.95,9.09,3.66
724,3,advance,bruiser,-1.56,0.30,18.03
724,4,stalk,pouncer,-2.28,3.36,15.67
725,1,chase,swarm,-13.09,7.31,5.07
725,2,chase,swarm,-12.95,9.18,3.68
725,3,advance,bruiser,-1.59,0.33,18.08
725,4,stalk,pouncer,-2.34,3.34,15.71
726,1,chase,swarm,-13.12,7.32,5.07
726,2,chase,swarm,-12.95,9.21,3.68
726,3,advance,bruiser,-1.59,0.33,18.09
726,4,stalk,pouncer,-2.35,3.34,15.72
727,1,chase,swarm,-13.22,7.34,5.08
727,2,chase,swarm,-12.95,9.31,3.70
727,3,advance,bruiser,-1.62,0.36,18.14
727,4,stalk,pouncer,-2.41,3.33,15.76
728,1,chase,swarm,-13.24,7.34,5.09
728,2,chase,swarm,-12.95,9.33,3.71
728,3,advance,bruiser,-1.63,0.36,18.15
728,4,stalk,pouncer,-2.43,3.32,15.77
729,1,chase,swarm,-13.42,7.39,5.11
729,2,chase,swarm,-12.96,9.52,3.75
729,3,advance,bruiser,-1.69,0.41,18.24
729,4,stalk,pouncer,-2.54,3.30,15.85
730,1,chase,swarm,-13.44,7.40,5.11
730,2,chase,swarm,-12.96,9.54,3.75
730,3,advance,bruiser,-1.69,0.41,18.25
730,4,stalk,pouncer,-2.55,3.30,15.86
731,1,chase,swarm,-13.52,7.42,5.12
731,2,chase,swarm,-12.96,9.62,3.77
731,3,advance,bruiser,-1.72,0.43,18.29
731,4,stalk,pouncer,-2.60,3.29,15.89
732,1,chase,swarm,-13.54,7.43,5.12
732,2,chase,swarm,-12.96,9.65,3.77
732,3,advance,bruiser,-1.73,0.44,18.30
732,4,stalk,pouncer,-2.61,3.28,15.90
733,1,chase,swarm,-13.63,7.46,5.13
733,2,chase,swarm,-12.97,9.73,3.79
733,3,advance,bruiser,-1.75,0.46,18.34
733,4,stalk,pouncer,-2.67,3.27,15.94
734,1,chase,swarm,-13.64,7.46,5.11
734,2,chase,swarm,-12.97,9.75,3.77
734,3,advance,bruiser,-1.76,0.47,18.33
734,4,stalk,pouncer,-2.68,3.27,15.93
735,1,chase,swarm,-13.84,7.55,4.95
735,2,chase,swarm,-12.99,9.96,3.64
735,3,advance,bruiser,-1.82,0.52,18.25
735,4,stalk,pouncer,-2.81,3.24,15.84
736,1,chase,swarm,-13.86,7.56,4.93
736,2,chase,swarm,-12.99,9.99,3.62
736,3,advance,bruiser,-1.83,0.52,18.24
736,4,stalk,pouncer,-2.82,3.24,15.83
737,1,chase,swarm,-13.94,7.61,4.85
737,2,chase,swarm,-13.00,10.08,3.56
737,3,advance,bruiser,-1.86,0.55,18.20
737,4,stalk,pouncer,-2.88,3.23,15.78
738,1,chase,swarm,-13.96,7.62,4.83
738,2,chase,swarm,-13.00,10.10,3.55
738,3,advance,bruiser,-1.86,0.55,18.19
738,4,stalk,pouncer,-2.89,3.23,15.78
739,1,chase,swarm,-14.03,7.66,4.77
739,2,chase,swarm,-13.02,10.18,3.49
739,3,advance,bruiser,-1.89,0.57,18.16
739,4,stalk,pouncer,-2.94,3.22,15.74
740,1,chase,swarm,-14.05,7.67,4.75
740,2,chase,swarm,-13.02,10.21,3.48
740,3,advance,bruiser,-1.89,0.58,18.15
740,4,stalk,pouncer,-2.95,3.21,15.73
741,1,chase,swarm,-14.12,7.72,4.67
741,2,chase,swarm,-13.04,10.29,3.42
741,3,advance,bruiser,-1.92,0.60,18.12
741,4,stalk,pouncer,-3.01,3.20,15.69
742,1,chase,swarm,-14.14,7.74,4.65
742,2,chase,swarm,-13.04,10.32,3.40
742,3,advance,bruiser,-1.93,0.60,18.11
742,4,stalk,pouncer,-3.02,3.20,15.68
743,1,chase,swarm,-14.33,7.93,4.40
743,2,chase,swarm,-13.12,10.58,3.22
743,3,advance,bruiser,-2.01,0.67,18.00
743,4,stalk,pouncer,-3.18,3.17,15.56
744,1,chase,swarm,-14.34,7.95,4.38
744,2,chase,swarm,-13.12,10.60,3.20
744,3,advance,bruiser,-2.02,0.68,17.99
744,4,stalk,pouncer,-3.20,3.17,15.55
745,1,chase,swarm,-14.39,8.02,4.29
745,2,chase,swarm,-13.15,10.68,3.14
745,3,advance,bruiser,-2.04,0.70,17.96
745,4,stalk,pouncer,-3.25,3.16,15.52
746,1,chase,swarm,-14.41,8.04,4.27
746,2,chase,swarm,-13.16,10.70,3.12
746,3,advance,bruiser,-2.05,0.70,17.95
746,4,stalk,pouncer,-3.26,3.15,15.51
747,1,chase,swarm,-14.47,8.13,4.16
747,2,chase,swarm,-13.21,10.80,3.04
747,3,advance,bruiser,-2.08,0.73,17.91
747,4,stalk,pouncer,-3.33,3.14,15.46
748,1,chase,swarm,-14.48,8.15,4.14
748,2,chase,swarm,-13.21,10.82,3.02
748,3,advance,bruiser,-2.09,0.73,17.90
748,4,stalk,pouncer,-3.34,3.14,15.45
749,1,chase,swarm,-14.53,8.27,4.01
749,2,chase,swarm,-13.27,10.94,2.93
749,3,advance,bruiser,-2.13,0.77,17.85
749,4,stalk,pouncer,-3.42,3.13,15.39
750,1,chase,swarm,-14.54,8.29,3.99
750,2,chase,swarm,-13.29,10.96,2.91
750,3,advance,bruiser,-2.13,0.77,17.84
750,4,stalk,pouncer,-3.44,3.12,15.38
751,1,chase,swarm,-14.57,8.37,3.90
751,2,chase,swarm,-13.33,11.03,2.84
751,3,advance,bruiser,-2.16,0.79,17.81
751,4,stalk,pouncer,-3.49,3.11,15.35
752,1,chase,swarm,-14.58,8.39,3.88
752,2,chase,swarm,-13.34,11.05,2.82
752,3,advance,bruiser,-2.17,0.80,17.80
752,4,stalk,pouncer,-3.50,3.11,15.34
753,1,chase,swarm,-14.60,8.47,3.80
753,2,chase,swarm,-13.39,11.11,2.76
753,3,advance,bruiser,-2.19,0.82,17.77
753,4,stalk,pouncer,-3.55,3.10,15.30
754,1,chase,swarm,-14.60,8.49,3.78
754,2,chase,swarm,-13.40,11.13,2.74
754,3,advance,bruiser,-2.20,0.82,17.76
754,4,stalk,pouncer,-3.56,3.10,15.29
755,1,chase,swarm,-14.62,8.60,3.67
755,2,chase,swarm,-13.48,11.21,2.64
755,3,advance,bruiser,-2.23,0.85,17.72
755,4,stalk,pouncer,-3.63,3.09,15.25
756,1,chase,swarm,-14.62,8.62,3.65
756,2,chase,swarm,-13.49,11.23,2.63
756,3,advance,bruiser,-2.24,0.85,17.71
756,4,stalk,pouncer,-3.64,3.09,15.24
757,1,chase,swarm,-14.63,8.74,3.53
757,2,chase,swarm,-13.58,11.32,2.51
757,3,advance,bruiser,-2.27,0.88,17.66
757,4,stalk,pouncer,-3.72,3.08,15.18
758,1,chase,swarm,-14.63,8.76,3.51
758,2,chase,swarm,-13.60,11.33,2.49
758,3,advance,bruiser,-2.28,0.89,17.65
758,4,stalk,pouncer,-3.73,3.07,15.17
759,1,chase,swarm,-14.63,8.85,3.44
759,2,chase,swarm,-13.66,11.38,2.42
759,3,advance,bruiser,-2.31,0.91,17.62
759,4,stalk,pouncer,-3.78,3.07,15.14
760,1,chase,swarm,-14.63,8.87,3.42
760,2,chase,swarm,-13.68,11.39,2.40
760,3,advance,bruiser,-2.31,0.91,17.61
760,4,stalk,pouncer,-3.79,3.06,15.13
761,1,chase,swarm,-14.63,8.95,3.35
761,2,chase,swarm,-13.74,11.44,2.32
761,3,advance,bruiser,-2.34,0.93,17.58
761,4,stalk,pouncer,-3.84,3.06,15.09
762,1,chase,swarm,-14.63,8.97,3.33
762,2,chase,swarm,-13.76,11.45,2.30
762,3,advance,bruiser,-2.34,0.94,17.57
762,4,stalk,pouncer,-3.85,3.06,15.08
763,1,chase,swarm,-14.62,9.04,3.27
763,2,chase,swarm,-13.83,11.48,2.24
763,3,advance,bruiser,-2.36,0.96,17.55
763,4,stalk,pouncer,-3.90,3.05,15.05
764,1,chase,swarm,-14.61,9.11,3.20
764,2,chase,swarm,-13.89,11.51,2.16
764,3,advance,bruiser,-2.39,0.97,17.52
764,4,stalk,pouncer,-3.94,3.04,15.02
765,1,chase,swarm,-14.60,9.19,3.14
765,2,chase,swarm,-13.96,11.54,2.09
765,3,advance,bruiser,-2.41,0.99,17.49
765,4,stalk,pouncer,-3.99,3.04,14.99
766,1,chase,swarm,-14.57,9.33,3.02
766,2,chase,swarm,-14.11,11.58,1.94
766,3,advance,bruiser,-2.45,1.03,17.43
766,4,stalk,pouncer,-4.08,3.02,14.92
767,1,chase,swarm,-14.57,9.35,3.01
767,2,chase,swarm,-14.12,11.58,1.92
767,3,advance,bruiser,-2.46,1.03,17.43
767,4,stalk,pouncer,-4.09,3.02,14.92
768,1,chase,swarm,-14.25,10.22,2.49
768,2,chase,swarm,-14.98,11.24,1.27
768,3,advance,bruiser,-2.74,1.26,17.07
768,4,stalk,pouncer,-4.65,2.94,14.52
769,1,chase,swarm,-14.25,10.24,2.48
769,2,windup,swarm,-14.98,11.24,1.27
769,3,advance,bruiser,-2.74,1.26,17.06
769,4,crouch,pouncer,-4.66,2.94,14.51
770,1,chase,swarm,-14.23,10.35,2.42
770,2,windup,swarm,-14.98,11.24,1.27
770,3,advance,bruiser,-2.78,1.29,17.02
770,4,crouch,pouncer,-4.66,2.94,14.51
771,1,chase,swarm,-14.21,10.44,2.38
771,2,windup,swarm,-14.98,11.24,1.27
771,3,advance,bruiser,-2.80,1.31,16.98
771,4,crouch,pouncer,-4.66,2.94,14.51
772,1,chase,swarm,-14.20,10.46,2.37
772,2,windup,swarm,-14.98,11.24,1.27
772,3,advance,bruiser,-2.81,1.32,16.97
772,4,crouch,pouncer,-4.66,2.94,14.51
773,1,chase,swarm,-14.17,10.54,2.34
773,2,windup,swarm,-14.98,11.24,1.27
773,3,advance,bruiser,-2.84,1.34,16.94
773,4,crouch,pouncer,-4.66,2.94,14.51
774,1,chase,swarm,-14.16,10.56,2.34
774,2,windup,swarm,-14.98,11.24,1.27
774,3,advance,bruiser,-2.84,1.34,16.93
774,4,crouch,pouncer,-4.66,2.94,14.51
775,1,chase,swarm,-14.12,10.66,2.31
775,2,windup,swarm,-14.98,11.24,1.27
775,3,advance,bruiser,-2.87,1.37,16.89
775,4,crouch,pouncer,-4.66,2.94,14.51
776,1,chase,swarm,-14.11,10.68,2.31
776,2,windup,swarm,-14.98,11.24,1.27
776,3,advance,bruiser,-2.88,1.38,16.88
776,4,crouch,pouncer,-4.66,2.94,14.51
777,1,chase,swarm,-14.07,10.77,2.29
777,2,windup,swarm,-14.98,11.24,1.27
777,3,advance,bruiser,-2.91,1.40,16.84
777,4,crouch,pouncer,-4.66,2.94,14.51
778,1,chase,swarm,-14.06,10.79,2.29
778,2,windup,swarm,-14.98,11.24,1.27
778,3,advance,bruiser,-2.92,1.41,16.83
778,4,crouch,pouncer,-4.66,2.94,14.51
779,1,chase,swarm,-13.98,10.99,2.26
779,2,windup,swarm,-14.98,11.24,1.27
779,3,advance,bruiser,-2.98,1.46,16.75
779,4,crouch,pouncer,-4.66,2.94,14.51
780,1,chase,swarm,-13.97,11.01,2.26
780,2,windup,swarm,-14.98,11.24,1.27
780,3,advance,bruiser,-2.99,1.46,16.74
780,4,crouch,pouncer,-4.66,2.94,14.51
781,1,chase,swarm,-13.94,11.14,2.23
781,2,windup,swarm,-14.98,11.24,1.27
781,3,advance,bruiser,-3.03,1.49,16.69
781,4,crouch,pouncer,-4.66,2.94,14.51
782,1,chase,swarm,-13.94,11.16,2.23
782,2,windup,swarm,-14.98,11.24,1.27
782,3,advance,bruiser,-3.03,1.50,16.68
782,4,crouch,pouncer,-4.66,2.94,14.51
783,1,chase,swarm,-13.93,11.28,2.20
783,2,windup,swarm,-14.98,11.24,1.27
783,3,advance,bruiser,-3.07,1.53,16.64
783,4,crouch,pouncer,-4.66,2.94,14.51
784,1,chase,swarm,-13.93,11.30,2.19
784,2,strike,swarm,-14.98,11.24,1.27
784,3,advance,bruiser,-3.08,1.53,16.63
784,4,crouch,pouncer,-4.66,2.94,14.51
785,1,chase,swarm,-13.93,11.39,2.16
785,2,strike,swarm,-15.10,11.29,1.14
785,3,advance,bruiser,-3.11,1.56,16.59
785,4,crouch,pouncer,-4.66,2.94,14.51
786,1,chase,swarm,-13.93,11.42,2.15
786,2,strike,swarm,-15.13,11.31,1.11
786,3,advance,bruiser,-3.11,1.56,16.58
786,4,crouch,pouncer,-4.66,2.94,14.51
787,1,chase,swarm,-13.98,11.51,2.08
787,2,strike,swarm,-15.26,11.38,0.97
787,3,advance,bruiser,-3.14,1.59,16.54
787,4,crouch,pouncer,-4.66,2.94,14.51
788,1,chase,swarm,-13.99,11.53,2.06
788,2,strike,swarm,-15.28,11.40,0.94
788,3,advance,bruiser,-3.15,1.59,16.53
788,4,crouch,pouncer,-4.66,2.94,14.51
789,1,chase,swarm,-14.08,11.63,1.96
789,2,strike,swarm,-15.42,11.50,0.76
789,3,advance,bruiser,-3.19,1.63,16.48
789,4,crouch,pouncer,-4.66,2.94,14.51
790,1,chase,swarm,-14.09,11.65,1.94
790,2,strike,swarm,-15.45,11.52,0.73
790,3,advance,bruiser,-3.20,1.63,16.47
790,4,crouch,pouncer,-4.66,2.94,14.51
791,1,chase,swarm,-14.18,11.73,1.84
791,2,strike,swarm,-15.58,11.62,0.56
791,3,advance,bruiser,-3.23,1.66,16.43
791,4,crouch,pouncer,-4.66,2.94,14.51
792,1,chase,swarm,-14.20,11.75,1.82
792,2,strike,swarm,-15.61,11.64,0.53
792,3,advance,bruiser,-3.24,1.67,16.42
792,4,crouch,pouncer,-4.66,2.94,14.51
793,1,chase,swarm,-14.30,11.82,1.71
793,2,strike,swarm,-15.75,11.75,0.36
793,3,advance,bruiser,-3.28,1.70,16.37
793,4,crouch,pouncer,-4.66,2.94,14.51
794,1,chase,swarm,-14.32,11.83,1.69
794,2,strike,swarm,-15.77,11.76,0.33
794,3,advance,bruiser,-3.29,1.70,16.36
794,4,crouch,pouncer,-4.66,2.94,14.51
795,1,chase,swarm,-14.46,11.91,1.54
795,2,strike,swarm,-15.94,11.89,0.12
795,3,advance,bruiser,-3.33,1.74,16.30
795,4,crouch,pouncer,-4.66,2.94,14.51
796,1,chase,swarm,-14.48,11.91,1.53
796,2,strike,swarm,-15.96,11.91,0.10
796,3,advance,bruiser,-3.34,1.75,16.29
796,4,pounce,pouncer,-4.66,2.94,14.51
797,1,chase,swarm,-14.59,11.95,1.41
797,2,strike,swarm,-16.09,12.01,0.09
797,3,advance,bruiser,-3.37,1.78,16.25
797,4,pounce,pouncer,-4.85,3.09,14.27
798,1,windup,swarm,-14.59,11.95,1.41
798,2,recover,swarm,-16.12,12.03,0.12
798,3,advance,bruiser,-3.38,1.78,16.24
798,4,pounce,pouncer,-4.89,3.12,14.22
799,1,windup,swarm,-14.59,11.95,1.41
799,2,recover,swarm,-16.12,12.03,0.12
799,3,advance,bruiser,-3.42,1.81,16.19
799,4,pounce,pouncer,-5.07,3.27,13.99
800,1,windup,swarm,-14.59,11.95,1.41
800,2,recover,swarm,-16.12,12.03,0.12
800,3,advance,bruiser,-3.42,1.81,16.18
800,4,pounce,pouncer,-5.11,3.30,13.94
801,1,windup,swarm,-14.59,11.95,1.41
801,2,recover,swarm,-16.12,12.03,0.12
801,3,advance,bruiser,-3.46,1.85,16.13
801,4,pounce,pouncer,-5.32,3.47,13.67
802,1,windup,swarm,-14.59,11.95,1.41
802,2,recover,swarm,-16.12,12.03,0.12
802,3,advance,bruiser,-3.47,1.85,16.12
802,4,pounce,pouncer,-5.36,3.50,13.62
803,1,windup,swarm,-14.59,11.95,1.41
803,2,recover,swarm,-16.12,12.03,0.12
803,3,advance,bruiser,-3.51,1.88,16.07
803,4,pounce,pouncer,-5.57,3.66,13.35
804,1,windup,swarm,-14.59,11.95,1.41
804,2,recover,swarm,-16.12,12.03,0.12
804,3,advance,bruiser,-3.52,1.89,16.07
804,4,pounce,pouncer,-5.60,3.69,13.31
805,1,windup,swarm,-14.59,11.95,1.41
805,2,recover,swarm,-16.12,12.03,0.12
805,3,advance,bruiser,-3.55,1.92,16.02
805,4,pounce,pouncer,-5.78,3.83,13.08
806,1,windup,swarm,-14.59,11.95,1.41
806,2,recover,swarm,-16.12,12.03,0.12
806,3,advance,bruiser,-3.56,1.92,16.01
806,4,pounce,pouncer,-5.82,3.87,13.03
807,1,windup,swarm,-14.59,11.95,1.41
807,2,recover,swarm,-16.12,12.03,0.12
807,3,advance,bruiser,-3.58,1.94,15.98
807,4,pounce,pouncer,-5.96,3.98,12.85
808,1,windup,swarm,-14.59,11.95,1.41
808,2,recover,swarm,-16.12,12.03,0.12
808,3,advance,bruiser,-3.59,1.95,15.97
808,4,pounce,pouncer,-6.00,4.01,12.80
809,1,windup,swarm,-14.59,11.95,1.41
809,2,recover,swarm,-16.12,12.03,0.12
809,3,advance,bruiser,-3.62,1.98,15.93
809,4,pounce,pouncer,-6.18,4.15,12.57
810,1,windup,swarm,-14.59,11.95,1.41
810,2,recover,swarm,-16.12,12.03,0.12
810,3,advance,bruiser,-3.63,1.98,15.92
810,4,pounce,pouncer,-6.21,4.18,12.53
811,1,windup,swarm,-14.59,11.95,1.41
811,2,recover,swarm,-16.12,12.03,0.12
811,3,advance,bruiser,-3.67,2.01,15.87
811,4,pounce,pouncer,-6.41,4.34,12.28
812,1,windup,swarm,-14.59,11.95,1.41
812,2,recover,swarm,-16.12,12.03,0.12
812,3,advance,bruiser,-3.67,2.02,15.86
812,4,pounce,pouncer,-6.44,4.36,12.23
813,1,windup,swarm,-14.59,11.95,1.41
813,2,recover,swarm,-16.12,12.03,0.12
813,3,advance,bruiser,-3.71,2.05,15.81
813,4,pounce,pouncer,-6.66,4.54,11.95
814,1,strike,swarm,-14.59,11.95,1.41
814,2,recover,swarm,-16.12,12.03,0.12
814,3,advance,bruiser,-3.72,2.06,15.80
814,4,pounce,pouncer,-6.70,4.57,11.90
815,1,strike,swarm,-14.76,11.96,1.24
815,2,recover,swarm,-16.12,12.03,0.12
815,3,advance,bruiser,-3.76,2.09,15.75
815,4,pounce,pouncer,-6.90,4.72,11.65
816,1,strike,swarm,-14.79,11.96,1.21
816,2,recover,swarm,-16.12,12.03,0.12
816,3,advance,bruiser,-3.77,2.09,15.74
816,4,pounce,pouncer,-6.93,4.75,11.61
817,1,strike,swarm,-14.94,11.97,1.06
817,2,recover,swarm,-16.12,12.03,0.12
817,3,advance,bruiser,-3.80,2.12,15.70
817,4,pounce,pouncer,-7.12,4.90,11.37
818,1,strike,swarm,-14.97,11.97,1.03
818,2,recover,swarm,-16.12,12.03,0.12
818,3,advance,bruiser,-3.81,2.12,15.69
818,4,recover,pouncer,-7.15,4.93,11.33
819,1,strike,swarm,-15.13,11.97,0.87
819,2,recover,swarm,-16.12,12.03,0.12
819,3,advance,bruiser,-3.84,2.15,15.65
819,4,recover,pouncer,-7.15,4.93,11.33
820,1,strike,swarm,-15.16,11.97,0.84
820,2,recover,swarm,-16.12,12.03,0.12
820,3,advance,bruiser,-3.85,2.16,15.64
820,4,recover,pouncer,-7.15,4.93,11.33
821,1,strike,swarm,-15.34,11.97,0.66
821,2,recover,swarm,-16.12,12.03,0.12
821,3,advance,bruiser,-3.89,2.19,15.59
821,4,recover,pouncer,-7.15,4.93,11.33
822,1,strike,swarm,-15.32,11.94,0.68
822,2,recover,swarm,-16.12,12.03,0.12
822,3,advance,bruiser,-3.89,2.19,15.58
822,4,recover,pouncer,-7.15,4.93,11.33
823,1,strike,swarm,-15.33,11.83,0.69
823,2,recover,swarm,-16.12,12.03,0.12
823,3,advance,bruiser,-3.92,2.22,15.55
823,4,recover,pouncer,-7.15,4.93,11.33
824,1,strike,swarm,-15.34,11.80,0.69
824,2,recover,swarm,-16.12,12.03,0.12
824,3,advance,bruiser,-3.92,2.22,15.54
824,4,recover,pouncer,-7.15,4.93,11.33
825,1,strike,swarm,-15.38,11.63,0.72
825,2,recover,swarm,-16.12,12.03,0.12
825,3,advance,bruiser,-3.96,2.25,15.49
825,4,recover,pouncer,-7.15,4.93,11.33
826,1,strike,swarm,-15.40,11.59,0.73
826,2,recover,swarm,-16.12,12.03,0.12
826,3,advance,bruiser,-3.97,2.26,15.48
826,4,recover,pouncer,-7.15,4.93,11.33
827,1,strike,swarm,-15.48,11.43,0.77
827,2,recover,swarm,-16.12,12.03,0.12
827,3,advance,bruiser,-4.01,2.29,15.43
827,4,recover,pouncer,-7.15,4.93,11.33
828,1,recover,swarm,-15.50,11.40,0.78
828,2,recover,swarm,-16.12,12.03,0.12
828,3,advance,bruiser,-4.02,2.30,15.42
828,4,recover,pouncer,-7.15,4.93,11.33
829,1,recover,swarm,-15.50,11.40,0.78
829,2,recover,swarm,-16.12,12.03,0.12
829,3,advance,bruiser,-4.05,2.33,15.37
829,4,recover,pouncer,-7.15,4.93,11.33
830,1,recover,swarm,-15.50,11.40,0.78
830,2,recover,swarm,-16.12,12.03,0.12
830,3,advance,bruiser,-4.06,2.33,15.36
830,4,recover,pouncer,-7.15,4.93,11.33
831,1,recover,swarm,-15.50,11.40,0.78
831,2,recover,swarm,-16.12,12.03,0.12
831,3,advance,bruiser,-4.09,2.36,15.32
831,4,recover,pouncer,-7.15,4.93,11.33
832,1,recover,swarm,-15.50,11.40,0.78
832,2,recover,swarm,-16.12,12.03,0.12
832,3,advance,bruiser,-4.10,2.36,15.32
832,4,recover,pouncer,-7.15,4.93,11.33
833,1,recover,swarm,-15.50,11.40,0.78
833,2,recover,swarm,-16.12,12.03,0.12
833,3,advance,bruiser,-4.14,2.39,15.27
833,4,recover,pouncer,-7.15,4.93,11.33
834,1,recover,swarm,-15.50,11.40,0.78
834,2,recover,swarm,-16.12,12.03,0.12
834,3,advance,bruiser,-4.14,2.40,15.26
834,4,recover,pouncer,-7.15,4.93,11.33
835,1,recover,swarm,-15.50,11.40,0.78
835,2,recover,swarm,-16.12,12.03,0.12
835,3,advance,bruiser,-4.17,2.42,15.22
835,4,recover,pouncer,-7.15,4.93,11.33
836,1,recover,swarm,-15.50,11.40,0.78
836,2,recover,swarm,-16.12,12.03,0.12
836,3,advance,bruiser,-4.18,2.43,15.21
836,4,recover,pouncer,-7.15,4.93,11.33
837,1,recover,swarm,-15.50,11.40,0.78
837,2,recover,swarm,-16.12,12.03,0.12
837,3,advance,bruiser,-4.22,2.46,15.16
837,4,recover,pouncer,-7.15,4.93,11.33
838,1,recover,swarm,-15.50,11.40,0.78
838,2,recover,swarm,-16.12,12.03,0.12
838,3,advance,bruiser,-4.23,2.47,15.15
838,4,recover,pouncer,-7.15,4.93,11.33
839,1,recover,swarm,-15.50,11.40,0.78
839,2,recover,swarm,-16.12,12.03,0.12
839,3,advance,bruiser,-4.25,2.49,15.12
839,4,recover,pouncer,-7.15,4.93,11.33
840,1,recover,swarm,-15.50,11.40,0.78
840,2,recover,swarm,-16.12,12.03,0.12
840,3,advance,bruiser,-4.26,2.49,15.11
840,4,recover,pouncer,-7.15,4.93,11.33
841,1,recover,swarm,-15.50,11.40,0.78
841,2,recover,swarm,-16.12,12.03,0.12
841,3,advance,bruiser,-4.29,2.51,15.07
841,4,recover,pouncer,-7.15,4.93,11.33
842,1,recover,swarm,-15.50,11.40,0.78
842,2,recover,swarm,-16.12,12.03,0.12
842,3,advance,bruiser,-4.29,2.52,15.06
842,4,recover,pouncer,-7.15,4.93,11.33
843,1,recover,swarm,-15.50,11.40,0.78
843,2,recover,swarm,-16.12,12.03,0.12
843,3,advance,bruiser,-4.32,2.54,15.02
843,4,recover,pouncer,-7.15,4.93,11.33
844,1,recover,swarm,-15.50,11.40,0.78
844,2,chase,swarm,-16.12,12.03,0.12
844,3,advance,bruiser,-4.33,2.55,15.02
844,4,recover,pouncer,-7.15,4.93,11.33
845,1,recover,swarm,-15.50,11.40,0.78
845,2,windup,swarm,-16.12,12.03,0.12
845,3,advance,bruiser,-4.35,2.56,14.99
845,4,recover,pouncer,-7.15,4.93,11.33
846,1,recover,swarm,-15.50,11.40,0.78
846,2,windup,swarm,-16.12,12.03,0.12
846,3,advance,bruiser,-4.37,2.58,14.96
846,4,recover,pouncer,-7.15,4.93,11.33
847,1,recover,swarm,-15.50,11.40,0.78
847,2,windup,swarm,-16.12,12.03,0.12
847,3,advance,bruiser,-4.39,2.60,14.94
847,4,recover,pouncer,-7.15,4.93,11.33
848,1,recover,swarm,-15.50,11.40,0.78
848,2,windup,swarm,-16.12,12.03,0.12
848,3,advance,bruiser,-4.42,2.62,14.90
848,4,recover,pouncer,-7.15,4.93,11.33
849,1,recover,swarm,-15.50,11.40,0.78
849,2,windup,swarm,-16.12,12.03,0.12
849,3,advance,bruiser,-4.44,2.64,14.88
849,4,recover,pouncer,-7.15,4.93,11.33
850,1,recover,swarm,-15.50,11.40,0.78
850,2,windup,swarm,-16.12,12.03,0.12
850,3,advance,bruiser,-4.46,2.65,14.85
850,4,recover,pouncer,-7.15,4.93,11.33
851,1,recover,swarm,-15.50,11.40,0.78
851,2,windup,swarm,-16.12,12.03,0.12
851,3,advance,bruiser,-4.48,2.67,14.82
851,4,recover,pouncer,-7.15,4.93,11.33
852,1,recover,swarm,-15.50,11.40,0.78
852,2,windup,swarm,-16.12,12.03,0.12
852,3,advance,bruiser,-4.50,2.69,14.79
852,4,recover,pouncer,-7.15,4.93,11.33
853,1,recover,swarm,-15.50,11.40,0.78
853,2,windup,swarm,-16.12,12.03,0.12
853,3,advance,bruiser,-4.53,2.71,14.77
853,4,recover,pouncer,-7.15,4.93,11.33
854,1,recover,swarm,-15.50,11.40,0.78
854,2,windup,swarm,-16.12,12.03,0.12
854,3,advance,bruiser,-4.55,2.73,14.74
854,4,recover,pouncer,-7.15,4.93,11.33
855,1,recover,swarm,-15.50,11.40,0.78
855,2,windup,swarm,-16.12,12.03,0.12
855,3,advance,bruiser,-4.57,2.74,14.71
855,4,recover,pouncer,-7.15,4.93,11.33
856,1,recover,swarm,-15.50,11.40,0.78
856,2,windup,swarm,-16.12,12.03,0.12
856,3,advance,bruiser,-4.59,2.76,14.68
856,4,recover,pouncer,-7.15,4.93,11.33
857,1,recover,swarm,-15.50,11.40,0.78
857,2,windup,swarm,-16.12,12.03,0.12
857,3,advance,bruiser,-4.61,2.78,14.65
857,4,recover,pouncer,-7.15,4.93,11.33
858,1,recover,swarm,-15.50,11.40,0.78
858,2,windup,swarm,-16.12,12.03,0.12
858,3,advance,bruiser,-4.64,2.80,14.62
858,4,recover,pouncer,-7.15,4.93,11.33
859,1,recover,swarm,-15.50,11.40,0.78
859,2,windup,swarm,-16.12,12.03,0.12
859,3,advance,bruiser,-4.66,2.81,14.60
859,4,recover,pouncer,-7.15,4.93,11.33
860,1,recover,swarm,-15.50,11.40,0.78
860,2,windup,swarm,-16.12,12.03,0.12
860,3,advance,bruiser,-4.68,2.83,14.57
860,4,recover,pouncer,-7.15,4.93,11.33
861,1,recover,swarm,-15.50,11.40,0.78
861,2,strike,swarm,-16.12,12.03,0.12
861,3,advance,bruiser,-4.70,2.85,14.54
861,4,recover,pouncer,-7.15,4.93,11.33
862,1,recover,swarm,-15.50,11.40,0.78
862,2,strike,swarm,-16.04,12.10,0.11
862,3,advance,bruiser,-4.73,2.87,14.51
862,4,recover,pouncer,-7.15,4.93,11.33
863,1,recover,swarm,-15.50,11.40,0.78
863,2,strike,swarm,-15.97,12.17,0.17
863,3,advance,bruiser,-4.75,2.89,14.48
863,4,recover,pouncer,-7.15,4.93,11.33
864,1,recover,swarm,-15.50,11.40,0.78
864,2,strike,swarm,-15.89,12.24,0.27
864,3,advance,bruiser,-4.77,2.91,14.45
864,4,recover,pouncer,-7.15,4.93,11.33
865,1,recover,swarm,-15.50,11.40,0.78
865,2,strike,swarm,-15.82,12.29,0.34
865,3,advance,bruiser,-4.79,2.92,14.42
865,4,recover,pouncer,-7.15,4.93,11.33
866,1,recover,swarm,-15.50,11.40,0.78
866,2,strike,swarm,-15.73,12.34,0.44
866,3,advance,bruiser,-4.81,2.94,14.40
866,4,recover,pouncer,-7.15,4.93,11.33
867,1,recover,swarm,-15.50,11.40,0.78
867,2,strike,swarm,-15.65,12.39,0.53
867,3,advance,bruiser,-4.83,2.96,14.37
867,4,recover,pouncer,-7.15,4.93,11.33
868,1,recover,swarm,-15.50,11.40,0.78
868,2,strike,swarm,-15.55,12.43,0.62
868,3,advance,bruiser,-4.86,2.98,14.34
868,4,recover,pouncer,-7.15,4.93,11.33
869,1,recover,swarm,-15.50,11.40,0.78
869,2,strike,swarm,-15.46,12.46,0.71
869,3,advance,bruiser,-4.88,2.99,14.31
869,4,recover,pouncer,-7.15,4.93,11.33
870,1,recover,swarm,-15.50,11.40,0.78
870,2,strike,swarm,-15.36,12.49,0.81
870,3,advance,bruiser,-4.90,3.01,14.28
870,4,recover,pouncer,-7.15,4.93,11.33
871,1,recover,swarm,-15.50,11.40,0.78
871,2,strike,swarm,-15.26,12.51,0.90
871,3,advance,bruiser,-4.92,3.03,14.25
871,4,recover,pouncer,-7.15,4.93,11.33
872,1,recover,swarm,-15.50,11.40,0.78
872,2,strike,swarm,-15.16,12.52,0.99
872,3,advance,bruiser,-4.95,3.05,14.23
872,4,recover,pouncer,-7.15,4.93,11.33
873,1,chase,swarm,-15.50,11.40,0.78
873,2,strike,swarm,-15.06,12.52,1.07
873,3,advance,bruiser,-4.97,3.06,14.20
873,4,recover,pouncer,-7.15,4.93,11.33
874,1,windup,swarm,-15.50,11.40,0.78
874,2,strike,swarm,-14.96,12.52,1.17
874,3,advance,bruiser,-4.99,3.08,14.17
874,4,recover,pouncer,-7.15,4.93,11.33
875,1,windup,swarm,-15.50,11.40,0.78
875,2,recover,swarm,-14.86,12.51,1.25
875,3,advance,bruiser,-5.01,3.10,14.14
875,4,recover,pouncer,-7.15,4.93,11.33
876,1,windup,swarm,-15.50,11.40,0.78
876,2,recover,swarm,-14.86,12.51,1.25
876,3,advance,bruiser,-5.03,3.12,14.11
876,4,recover,pouncer,-7.15,4.93,11.33
877,1,windup,swarm,-15.50,11.40,0.78
877,2,recover,swarm,-14.86,12.51,1.25
877,3,advance,bruiser,-5.05,3.14,14.08
877,4,recover,pouncer,-7.15,4.93,11.33
878,1,windup,swarm,-15.50,11.40,0.78
878,2,recover,swarm,-14.86,12.51,1.25
878,3,advance,bruiser,-5.08,3.15,14.05
878,4,recover,pouncer,-7.15,4.93,11.33
879,1,windup,swarm,-15.50,11.40,0.78
879,2,recover,swarm,-14.86,12.51,1.25
879,3,advance,bruiser,-5.10,3.17,14.03
879,4,recover,pouncer,-7.15,4.93,11.33
880,1,windup,swarm,-15.50,11.40,0.78
880,2,recover,swarm,-14.86,12.51,1.25
880,3,advance,bruiser,-5.12,3.19,14.00
880,4,recover,pouncer,-7.15,4.93,11.33
881,1,windup,swarm,-15.50,11.40,0.78
881,2,recover,swarm,-14.86,12.51,1.25
881,3,advance,bruiser,-5.14,3.21,13.97
881,4,recover,pouncer,-7.15,4.93,11.33
882,1,windup,swarm,-15.50,11.40,0.78
882,2,recover,swarm,-14.86,12.51,1.25
882,3,advance,bruiser,-5.17,3.23,13.94
882,4,recover,pouncer,-7.15,4.93,11.33
883,1,windup,swarm,-15.50,11.40,0.78
883,2,recover,swarm,-14.86,12.51,1.25
883,3,advance,bruiser,-5.19,3.24,13.91
883,4,recover,pouncer,-7.15,4.93,11.33
884,1,windup,swarm,-15.50,11.40,0.78
884,2,recover,swarm,-14.86,12.51,1.25
884,3,advance,bruiser,-5.21,3.26,13.88
884,4,recover,pouncer,-7.15,4.93,11.33
885,1,windup,swarm,-15.50,11.40,0.78
885,2,recover,swarm,-14.86,12.51,1.25
885,3,advance,bruiser,-5.23,3.28,13.86
885,4,recover,pouncer,-7.15,4.93,11.33
886,1,windup,swarm,-15.50,11.40,0.78
886,2,recover,swarm,-14.86,12.51,1.25
886,3,advance,bruiser,-5.25,3.30,13.83
886,4,recover,pouncer,-7.15,4.93,11.33
887,1,windup,swarm,-15.50,11.40,0.78
887,2,recover,swarm,-14.86,12.51,1.25
887,3,advance,bruiser,-5.28,3.31,13.80
887,4,recover,pouncer,-7.15,4.93,11.33
888,1,windup,swarm,-15.50,11.40,0.78
888,2,recover,swarm,-14.86,12.51,1.25
888,3,advance,bruiser,-5.30,3.33,13.77
888,4,recover,pouncer,-7.15,4.93,11.33
889,1,strike,swarm,-15.50,11.40,0.78
889,2,recover,swarm,-14.86,12.51,1.25
889,3,advance,bruiser,-5.32,3.35,13.74
889,4,recover,pouncer,-7.15,4.93,11.33
890,1,strike,swarm,-15.56,11.48,0.68
890,2,recover,swarm,-14.86,12.51,1.25
890,3,advance,bruiser,-5.34,3.37,13.71
890,4,recover,pouncer,-7.15,4.93,11.33
891,1,strike,swarm,-15.63,11.54,0.58
891,2,recover,swarm,-14.86,12.51,1.25
891,3,advance,bruiser,-5.36,3.39,13.69
891,4,recover,pouncer,-7.15,4.93,11.33
892,1,strike,swarm,-15.71,11.61,0.48
892,2,recover,swarm,-14.86,12.51,1.25
892,3,advance,bruiser,-5.39,3.40,13.66
892,4,recover,pouncer,-7.15,4.93,11.33
893,1,strike,swarm,-15.78,11.68,0.38
893,2,recover,swarm,-14.86,12.51,1.25
893,3,advance,bruiser,-5.41,3.42,13.63
893,4,stalk,pouncer,-7.15,4.93,11.33
894,1,strike,swarm,-15.86,11.75,0.29
894,2,recover,swarm,-14.86,12.51,1.25
894,3,advance,bruiser,-5.43,3.44,13.60
894,4,stalk,pouncer,-7.19,4.91,11.30
895,1,strike,swarm,-15.93,11.82,0.19
895,2,recover,swarm,-14.86,12.51,1.25
895,3,advance,bruiser,-5.45,3.46,13.57
895,4,stalk,pouncer,-7.19,4.96,11.28
896,1,strike,swarm,-16.00,11.90,0.10
896,2,recover,swarm,-14.86,12.51,1.25
896,3,advance,bruiser,-5.48,3.48,13.54
896,4,stalk,pouncer,-7.19,5.01,11.25
897,1,strike,swarm,-16.06,11.97,0.07
897,2,recover,swarm,-14.86,12.51,1.25
897,3,advance,bruiser,-5.50,3.49,13.52
897,4,stalk,pouncer,-7.19,5.05,11.22
898,1,strike,swarm,-16.13,12.04,0.14
898,2,recover,swarm,-14.86,12.51,1.25
898,3,advance,bruiser,-5.52,3.51,13.49
898,4,stalk,pouncer,-7.19,5.09,11.20
899,1,strike,swarm,-16.19,12.12,0.23
899,2,recover,swarm,-14.86,12.51,1.25
899,3,advance,bruiser,-5.54,3.53,13.46
899,4,stalk,pouncer,-7.18,5.14,11.17
900,1,strike,swarm,-16.26,12.20,0.33
900,2,recover,swarm,-14.86,12.51,1.25
900,3,advance,bruiser,-5.56,3.55,13.43
900,4,stalk,pouncer,-7.18,5.18,11.14
901,1,strike,swarm,-16.32,12.27,0.42
901,2,recover,swarm,-14.86,12.51,1.25
901,3,advance,bruiser,-5.58,3.56,13.40
901,4,stalk,pouncer,-7.18,5.23,11.12
902,1,strike,swarm,-16.39,12.35,0.52
902,2,recover,swarm,-14.86,12.51,1.25
902,3,advance,bruiser,-5.61,3.58,13.37
902,4,stalk,pouncer,-7.18,5.27,11.09
903,1,recover,swarm,-16.45,12.43,0.62
903,2,recover,swarm,-14.86,12.51,1.25
903,3,advance,bruiser,-5.63,3.60,13.35
903,4,stalk,pouncer,-7.18,5.32,11.07
904,1,recover,swarm,-16.45,12.43,0.62
904,2,recover,swarm,-14.86,12.51,1.25
904,3,advance,bruiser,-5.79,3.73,13.14
904,4,stalk,pouncer,-7.17,5.64,10.88
905,1,recover,swarm,-16.45,12.43,0.62
905,2,recover,swarm,-14.86,12.51,1.25
905,3,advance,bruiser,-5.79,3.74,13.13
905,4,stalk,pouncer,-7.17,5.66,10.87
906,1,recover,swarm,-16.45,12.43,0.62
906,2,recover,swarm,-14.86,12.51,1.25
906,3,advance,bruiser,-5.84,3.77,13.08
906,4,stalk,pouncer,-7.16,5.75,10.83
907,1,recover,swarm,-16.45,12.43,0.62
907,2,recover,swarm,-14.86,12.51,1.25
907,3,advance,bruiser,-5.87,3.80,13.03
907,4,stalk,pouncer,-7.16,5.82,10.79
908,1,recover,swarm,-16.45,12.43,0.62
908,2,recover,swarm,-14.86,12.51,1.25
908,3,advance,bruiser,-5.88,3.80,13.02
908,4,stalk,pouncer,-7.16,5.83,10.78
909,1,recover,swarm,-16.45,12.43,0.62
909,2,recover,swarm,-14.86,12.51,1.25
909,3,advance,bruiser,-5.91,3.83,12.98
909,4,stalk,pouncer,-7.16,5.89,10.75
910,1,recover,swarm,-16.45,12.43,0.62
910,2,recover,swarm,-14.86,12.51,1.25
910,3,advance,bruiser,-5.92,3.83,12.97
910,4,stalk,pouncer,-7.16,5.91,10.74
911,1,recover,swarm,-16.45,12.43,0.62
911,2,chase,swarm,-14.86,12.51,1.25
911,3,advance,bruiser,-5.95,3.86,12.93
911,4,stalk,pouncer,-7.16,5.98,10.70
912,1,recover,swarm,-16.45,12.43,0.62
912,2,windup,swarm,-14.86,12.51,1.25
912,3,advance,bruiser,-5.96,3.87,12.92
912,4,stalk,pouncer,-7.16,6.00,10.69
913,1,recover,swarm,-16.45,12.43,0.62
913,2,windup,swarm,-14.86,12.51,1.25
913,3,advance,bruiser,-6.01,3.91,12.86
913,4,stalk,pouncer,-7.15,6.09,10.64
914,1,recover,swarm,-16.45,12.43,0.62
914,2,windup,swarm,-14.86,12.51,1.25
914,3,advance,bruiser,-6.01,3.91,12.85
914,4,stalk,pouncer,-7.15,6.10,10.63
915,1,recover,swarm,-16.45,12.43,0.62
915,2,windup,swarm,-14.86,12.51,1.25
915,3,advance,bruiser,-6.06,3.95,12.79
915,4,stalk,pouncer,-7.15,6.20,10.58
916,1,recover,swarm,-16.45,12.43,0.62
916,2,windup,swarm,-14.86,12.51,1.25
916,3,advance,bruiser,-6.07,3.95,12.78
916,4,stalk,pouncer,-7.15,6.21,10.57
917,1,recover,swarm,-16.45,12.43,0.62
917,2,windup,swarm,-14.86,12.51,1.25
917,3,advance,bruiser,-6.10,3.98,12.74
917,4,stalk,pouncer,-7.15,6.29,10.53
918,1,recover,swarm,-16.45,12.43,0.62
918,2,windup,swarm,-14.86,12.51,1.25
918,3,advance,bruiser,-6.11,3.99,12.73
918,4,stalk,pouncer,-7.15,6.30,10.53
919,1,recover,swarm,-16.45,12.43,0.62
919,2,windup,swarm,-14.86,12.51,1.25
919,3,advance,bruiser,-6.14,4.02,12.68
919,4,stalk,pouncer,-7.15,6.37,10.49
920,1,recover,swarm,-16.45,12.43,0.62
920,2,windup,swarm,-14.86,12.51,1.25
920,3,advance,bruiser,-6.15,4.02,12.68
920,4,stalk,pouncer,-7.15,6.38,10.48
921,1,recover,swarm,-16.45,12.43,0.62
921,2,windup,swarm,-14.86,12.51,1.25
921,3,advance,bruiser,-6.18,4.05,12.63
921,4,stalk,pouncer,-7.15,6.45,10.45
922,1,recover,swarm,-16.45,12.43,0.62
922,2,windup,swarm,-14.86,12.51,1.25
922,3,advance,bruiser,-6.19,4.05,12.62
922,4,stalk,pouncer,-7.15,6.46,10.44
923,1,recover,swarm,-16.45,12.43,0.62
923,2,windup,swarm,-14.86,12.51,1.25
923,3,advance,bruiser,-6.24,4.09,12.57
923,4,stalk,pouncer,-7.15,6.56,10.39
924,1,recover,swarm,-16.45,12.43,0.62
924,2,windup,swarm,-14.86,12.51,1.25
924,3,advance,bruiser,-6.24,4.10,12.56
924,4,stalk,pouncer,-7.15,6.57,10.39
925,1,recover,swarm,-16.45,12.43,0.62
925,2,windup,swarm,-14.86,12.51,1.25
925,3,advance,bruiser,-6.28,4.13,12.51
925,4,stalk,pouncer,-7.14,6.65,10.34
926,1,recover,swarm,-16.45,12.43,0.62
926,2,windup,swarm,-14.86,12.51,1.25
926,3,advance,bruiser,-6.29,4.14,12.50
926,4,stalk,pouncer,-7.14,6.67,10.34
927,1,recover,swarm,-16.45,12.43,0.62
927,2,strike,swarm,-14.86,12.51,1.25
927,3,advance,bruiser,-6.32,4.16,12.45
927,4,stalk,pouncer,-7.14,6.74,10.30
928,1,recover,swarm,-16.45,12.43,0.62
928,2,strike,swarm,-14.90,12.50,1.21
928,3,advance,bruiser,-6.33,4.17,12.44
928,4,stalk,pouncer,-7.14,6.76,10.29
929,1,recover,swarm,-16.45,12.43,0.62
929,2,strike,swarm,-15.05,12.43,1.04
929,3,advance,bruiser,-6.37,4.20,12.39
929,4,stalk,pouncer,-7.14,6.83,10.25
930,1,recover,swarm,-16.45,12.43,0.62
930,2,strike,swarm,-15.08,12.41,1.01
930,3,advance,bruiser,-6.38,4.21,12.38
930,4,stalk,pouncer,-7.14,6.85,10.25
931,1,recover,swarm,-16.45,12.43,0.62
931,2,strike,swarm,-15.24,12.34,0.83
931,3,advance,bruiser,-6.42,4.24,12.33
931,4,stalk,pouncer,-7.14,6.93,10.21
932,1,recover,swarm,-16.45,12.43,0.62
932,2,strike,swarm,-15.27,12.32,0.79
932,3,advance,bruiser,-6.42,4.24,12.32
932,4,stalk,pouncer,-7.14,6.94,10.20
933,1,recover,swarm,-16.45,12.43,0.62
933,2,strike,swarm,-15.39,12.25,0.66
933,3,advance,bruiser,-6.45,4.27,12.28
933,4,stalk,pouncer,-7.14,7.01,10.17
934,1,recover,swarm,-16.45,12.43,0.62
934,2,strike,swarm,-15.41,12.23,0.63
934,3,advance,bruiser,-6.46,4.27,12.27
934,4,stalk,pouncer,-7.14,7.02,10.16
935,1,recover,swarm,-16.45,12.43,0.62
935,2,strike,swarm,-15.53,12.09,0.48
935,3,advance,bruiser,-6.50,4.31,12.22
935,4,stalk,pouncer,-7.14,7.10,10.12
936,1,recover,swarm,-16.45,12.43,0.62
936,2,strike,swarm,-15.54,12.06,0.46
936,3,advance,bruiser,-6.51,4.31,12.21
936,4,stalk,pouncer,-7.14,7.12,10.11
937,1,recover,swarm,-16.45,12.43,0.62
937,2,strike,swarm,-15.60,11.94,0.41
937,3,advance,bruiser,-6.54,4.34,12.18
937,4,stalk,pouncer,-7.14,7.17,10.09
938,1,chase,swarm,-16.45,12.43,0.62
938,2,strike,swarm,-15.61,11.91,0.40
938,3,advance,bruiser,-6.54,4.34,12.17
938,4,stalk,pouncer,-7.14,7.19,10.08
939,1,windup,swarm,-16.45,12.43,0.62
939,2,strike,swarm,-16.28,10.57,1.46
939,3,advance,bruiser,-6.87,4.61,11.74
939,4,stalk,pouncer,-7.15,7.86,9.77
940,1,strike,swarm,-16.45,12.43,0.62
940,2,recover,swarm,-16.32,10.55,1.49
940,3,advance,bruiser,-6.88,4.62,11.73
940,4,stalk,pouncer,-7.15,7.89,9.76
941,1,strike,swarm,-16.34,12.32,0.46
941,2,recover,swarm,-16.32,10.55,1.49
941,3,advance,bruiser,-6.92,4.65,11.68
941,4,stalk,pouncer,-7.15,7.96,9.73
942,1,strike,swarm,-16.30,12.29,0.42
942,2,recover,swarm,-16.32,10.55,1.49
942,3,advance,bruiser,-6.93,4.65,11.67
942,4,stalk,pouncer,-7.15,7.98,9.72
943,1,strike,swarm,-16.21,12.19,0.28
943,2,recover,swarm,-16.32,10.55,1.49
943,3,advance,bruiser,-6.96,4.68,11.63
943,4,stalk,pouncer,-7.15,8.04,9.69
944,1,strike,swarm,-16.17,12.16,0.24
944,2,recover,swarm,-16.32,10.55,1.49
944,3,advance,bruiser,-6.97,4.69,11.62
944,4,stalk,pouncer,-7.15,8.06,9.69
945,1,strike,swarm,-16.07,12.06,0.09
945,2,recover,swarm,-16.32,10.55,1.49
945,3,advance,bruiser,-7.00,4.71,11.58
945,4,stalk,pouncer,-7.16,8.12,9.66
946,1,strike,swarm,-16.04,12.04,0.06
946,2,recover,swarm,-16.32,10.55,1.49
946,3,advance,bruiser,-7.01,4.72,11.57
946,4,stalk,pouncer,-7.16,8.14,9.65
947,1,strike,swarm,-15.93,11.94,0.09
947,2,recover,swarm,-16.32,10.55,1.49
947,3,advance,bruiser,-7.04,4.74,11.53
947,4,stalk,pouncer,-7.16,8.20,9.62
948,1,strike,swarm,-15.91,11.91,0.13
948,2,recover,swarm,-16.32,10.55,1.49
948,3,advance,bruiser,-7.05,4.75,11.52
948,4,stalk,pouncer,-7.16,8.22,9.61
949,1,strike,swarm,-15.80,11.81,0.28
949,2,recover,swarm,-16.32,10.55,1.49
949,3,advance,bruiser,-7.08,4.78,11.48
949,4,stalk,pouncer,-7.16,8.29,9.59
950,1,strike,swarm,-15.77,11.78,0.32
950,2,recover,swarm,-16.32,10.55,1.49
950,3,advance,bruiser,-7.09,4.79,11.46
950,4,stalk,pouncer,-7.16,8.31,9.58
951,1,strike,swarm,-15.62,11.64,0.52
951,2,recover,swarm,-16.32,10.55,1.49
951,3,advance,bruiser,-7.14,4.82,11.41
951,4,stalk,pouncer,-7.17,8.40,9.54
952,1,strike,swarm,-15.58,11.60,0.58
952,2,recover,swarm,-16.32,10.55,1.49
952,3,advance,bruiser,-7.15,4.83,11.39
952,4,stalk,pouncer,-7.17,8.42,9.53
953,1,strike,swarm,-15.46,11.50,0.74
953,2,recover,swarm,-16.32,10.55,1.49
953,3,advance,bruiser,-7.18,4.86,11.35
953,4,stalk,pouncer,-7.17,8.49,9.50
954,1,recover,swarm,-15.43,11.46,0.79
954,2,recover,swarm,-16.32,10.55,1.49
954,3,advance,bruiser,-7.19,4.87,11.33
954,4,stalk,pouncer,-7.17,8.52,9.49
955,1,recover,swarm,-15.43,11.46,0.79
955,2,recover,swarm,-16.32,10.55,1.49
955,3,advance,bruiser,-7.22,4.89,11.30
955,4,stalk,pouncer,-7.18,8.57,9.47
956,1,recover,swarm,-15.43,11.46,0.79
956,2,recover,swarm,-16.32,10.55,1.49
956,3,advance,bruiser,-7.23,4.90,11.29
956,4,stalk,pouncer,-7.18,8.59,9.46
957,1,recover,swarm,-15.43,11.46,0.79
957,2,recover,swarm,-16.32,10.55,1.49
957,3,advance,bruiser,-7.26,4.93,11.24
957,4,stalk,pouncer,-7.18,8.66,9.43
958,1,recover,swarm,-15.43,11.46,0.79
958,2,recover,swarm,-16.32,10.55,1.49
958,3,advance,bruiser,-7.27,4.93,11.23
958,4,stalk,pouncer,-7.18,8.68,9.42
959,1,recover,swarm,-15.43,11.46,0.79
959,2,recover,swarm,-16.32,10.55,1.49
959,3,advance,bruiser,-7.31,4.97,11.18
959,4,stalk,pouncer,-7.19,8.76,9.39
960,1,recover,swarm,-15.43,11.46,0.79
960,2,recover,swarm,-16.32,10.55,1.49
960,3,advance,bruiser,-7.32,4.97,11.16
960,4,stalk,pouncer,-7.19,8.78,9.38
961,1,recover,swarm,-15.43,11.46,0.79
961,2,recover,swarm,-16.32,10.55,1.49
961,3,advance,bruiser,-7.36,5.00,11.12
961,4,stalk,pouncer,-7.19,8.85,9.35
962,1,recover,swarm,-15.43,11.46,0.79
962,2,recover,swarm,-16.32,10.55,1.49
962,3,advance,bruiser,-7.37,5.01,11.11
962,4,stalk,pouncer,-7.20,8.87,9.35
963,1,recover,swarm,-15.43,11.46,0.79
963,2,recover,swarm,-16.32,10.55,1.49
963,3,advance,bruiser,-7.41,5.04,11.06
963,4,stalk,pouncer,-7.20,8.95,9.31
964,1,recover,swarm,-15.43,11.46,0.79
964,2,recover,swarm,-16.32,10.55,1.49
964,3,advance,bruiser,-7.42,5.05,11.04
964,4,stalk,pouncer,-7.20,8.97,9.30
965,1,recover,swarm,-15.43,11.46,0.79
965,2,recover,swarm,-16.32,10.55,1.49
965,3,advance,bruiser,-7.46,5.09,10.99
965,4,stalk,pouncer,-7.21,9.06,9.27
966,1,recover,swarm,-15.43,11.46,0.79
966,2,recover,swarm,-16.32,10.55,1.49
966,3,advance,bruiser,-7.47,5.09,10.98
966,4,stalk,pouncer,-7.21,9.08,9.26
967,1,recover,swarm,-15.43,11.46,0.79
967,2,recover,swarm,-16.32,10.55,1.49
967,3,advance,bruiser,-7.54,5.15,10.89
967,4,stalk,pouncer,-7.22,9.22,9.21
968,1,recover,swarm,-15.43,11.46,0.79
968,2,recover,swarm,-16.32,10.55,1.49
968,3,advance,bruiser,-7.55,5.16,10.87
968,4,stalk,pouncer,-7.22,9.24,9.20
969,1,recover,swarm,-15.43,11.46,0.79
969,2,recover,swarm,-16.32,10.55,1.49
969,3,advance,bruiser,-7.59,5.19,10.82
969,4,stalk,pouncer,-7.23,9.32,9.17
970,1,recover,swarm,-15.43,11.46,0.79
970,2,recover,swarm,-16.32,10.55,1.49
970,3,advance,bruiser,-7.60,5.20,10.81
970,4,stalk,pouncer,-7.23,9.34,9.16
971,1,recover,swarm,-15.43,11.46,0.79
971,2,recover,swarm,-16.32,10.55,1.49
971,3,advance,bruiser,-7.63,5.22,10.78
971,4,stalk,pouncer,-7.24,9.40,9.14
972,1,recover,swarm,-15.43,11.46,0.79
972,2,recover,swarm,-16.32,10.55,1.49
972,3,advance,bruiser,-7.63,5.23,10.76
972,4,stalk,pouncer,-7.24,9.42,9.13
973,1,recover,swarm,-15.43,11.46,0.79
973,2,recover,swarm,-16.32,10.55,1.49
973,3,advance,bruiser,-7.67,5.25,10.72
973,4,stalk,pouncer,-7.25,9.48,9.11
974,1,recover,swarm,-15.43,11.46,0.79
974,2,recover,swarm,-16.32,10.55,1.49
974,3,advance,bruiser,-7.68,5.26,10.71
974,4,stalk,pouncer,-7.25,9.50,9.10
975,1,recover,swarm,-15.43,11.46,0.79
975,2,recover,swarm,-16.32,10.55,1.49
975,3,advance,bruiser,-7.72,5.30,10.65
975,4,stalk,pouncer,-7.26,9.60,9.07
976,1,recover,swarm,-15.43,11.46,0.79
976,2,recover,swarm,-16.32,10.55,1.49
976,3,advance,bruiser,-7.73,5.31,10.64
976,4,stalk,pouncer,-7.26,9.62,9.06
977,1,recover,swarm,-15.43,11.46,0.79
977,2,recover,swarm,-16.32,10.55,1.49
977,3,advance,bruiser,-7.78,5.34,10.58
977,4,stalk,pouncer,-7.27,9.71,9.02
978,1,recover,swarm,-15.43,11.46,0.79
978,2,recover,swarm,-16.32,10.55,1.49
978,3,advance,bruiser,-7.79,5.35,10.56
978,4,stalk,pouncer,-7.27,9.73,9.02
979,1,recover,swarm,-15.43,11.46,0.79
979,2,recover,swarm,-16.32,10.55,1.49
979,3,advance,bruiser,-7.82,5.38,10.53
979,4,stalk,pouncer,-7.28,9.79,8.99
980,1,recover,swarm,-15.43,11.46,0.79
980,2,chase,swarm,-16.32,10.55,1.49
980,3,advance,bruiser,-7.83,5.38,10.51
980,4,stalk,pouncer,-7.28,9.81,8.99
981,1,recover,swarm,-15.43,11.46,0.79
981,2,windup,swarm,-16.32,10.55,1.49
981,3,advance,bruiser,-7.86,5.41,10.47
981,4,stalk,pouncer,-7.29,9.88,8.96
982,1,recover,swarm,-15.43,11.46,0.79
982,2,windup,swarm,-16.32,10.55,1.49
982,3,advance,bruiser,-7.87,5.42,10.46
982,4,stalk,pouncer,-7.29,9.90,8.96
983,1,recover,swarm,-15.43,11.46,0.79
983,2,windup,swarm,-16.32,10.55,1.49
983,3,advance,bruiser,-7.92,5.46,10.40
983,4,stalk,pouncer,-7.31,9.99,8.92
984,1,recover,swarm,-15.43,11.46,0.79
984,2,windup,swarm,-16.32,10.55,1.49
984,3,advance,bruiser,-7.93,5.46,10.39
984,4,stalk,pouncer,-7.31,10.01,8.92
985,1,recover,swarm,-15.43,11.46,0.79
985,2,windup,swarm,-16.32,10.55,1.49
985,3,advance,bruiser,-7.97,5.50,10.33
985,4,stalk,pouncer,-7.32,10.10,8.89
986,1,recover,swarm,-15.43,11.46,0.79
986,2,windup,swarm,-16.32,10.55,1.49
986,3,advance,bruiser,-7.98,5.50,10.32
986,4,stalk,pouncer,-7.32,10.11,8.88
987,1,recover,swarm,-15.43,11.46,0.79
987,2,windup,swarm,-16.32,10.55,1.49
987,3,advance,bruiser,-8.01,5.53,10.28
987,4,stalk,pouncer,-7.33,10.18,8.86
988,1,recover,swarm,-15.43,11.46,0.79
988,2,windup,swarm,-16.32,10.55,1.49
988,3,advance,bruiser,-8.02,5.54,10.27
988,4,stalk,pouncer,-7.33,10.20,8.85
989,1,recover,swarm,-15.43,11.46,0.79
989,2,windup,swarm,-16.32,10.55,1.49
989,3,advance,bruiser,-8.05,5.57,10.22
989,4,stalk,pouncer,-7.34,10.27,8.83
990,1,recover,swarm,-15.43,11.46,0.79
990,2,windup,swarm,-16.32,10.55,1.49
990,3,advance,bruiser,-8.06,5.57,10.21
990,4,stalk,pouncer,-7.34,10.28,8.82
991,1,recover,swarm,-15.43,11.46,0.79
991,2,windup,swarm,-16.32,10.55,1.49
991,3,advance,bruiser,-8.14,5.63,10.12
991,4,stalk,pouncer,-7.37,10.43,8.77
992,1,chase,swarm,-15.43,11.46,0.79
992,2,windup,swarm,-16.32,10.55,1.49
992,3,advance,bruiser,-8.14,5.64,10.11
992,4,stalk,pouncer,-7.37,10.45,8.77
993,1,windup,swarm,-15.43,11.46,0.79
993,2,windup,swarm,-16.32,10.55,1.49
993,3,advance,bruiser,-8.17,5.66,10.07
993,4,stalk,pouncer,-7.38,10.50,8.75
994,1,windup,swarm,-15.43,11.46,0.79
994,2,strike,swarm,-16.32,10.55,1.49
994,3,advance,bruiser,-8.18,5.67,10.06
994,4,stalk,pouncer,-7.38,10.52,8.74
995,1,windup,swarm,-15.43,11.46,0.79
995,2,strike,swarm,-16.27,10.79,1.24
995,3,advance,bruiser,-8.23,5.71,9.99
995,4,stalk,pouncer,-7.40,10.63,8.71
996,1,windup,swarm,-15.43,11.46,0.79
996,2,strike,swarm,-16.28,10.82,1.21
996,3,advance,bruiser,-8.24,5.72,9.98
996,4,stalk,pouncer,-7.40,10.64,8.70
997,1,windup,swarm,-15.43,11.46,0.79
997,2,strike,swarm,-16.31,10.95,1.10
997,3,advance,bruiser,-8.27,5.74,9.95
997,4,stalk,pouncer,-7.41,10.70,8.69
998,1,windup,swarm,-15.43,11.46,0.79
998,2,strike,swarm,-16.32,10.98,1.06
998,3,advance,bruiser,-8.28,5.75,9.94
998,4,stalk,pouncer,-7.41,10.72,8.68
999,1,windup,swarm,-15.43,11.46,0.79
999,2,strike,swarm,-16.39,11.15,0.93
999,3,advance,bruiser,-8.32,5.78,9.88
999,4,stalk,pouncer,-7.43,10.80,8.65
1000,1,windup,swarm,-15.43,11.46,0.79
1000,2,strike,swarm,-16.40,11.18,0.91
1000,3,advance,bruiser,-8.33,5.78,9.88
1000,4,stalk,pouncer,-7.43,10.81,8.65
1001,1,windup,swarm,-15.43,11.46,0.79
1001,2,strike,swarm,-16.45,11.31,0.82
1001,3,advance,bruiser,-8.36,5.81,9.84
1001,4,stalk,pouncer,-7.44,10.88,8.63
1002,1,windup,swarm,-15.43,11.46,0.79
1002,2,strike,swarm,-16.47,11.35,0.80
1002,3,advance,bruiser,-8.37,5.82,9.82
1002,4,stalk,pouncer,-7.45,10.89,8.62
1003,1,windup,swarm,-15.43,11.46,0.79
1003,2,strike,swarm,-16.51,11.48,0.72
1003,3,advance,bruiser,-8.40,5.84,9.78
1003,4,stalk,pouncer,-7.46,10.96,8.61
1004,1,windup,swarm,-15.43,11.46,0.79
1004,2,strike,swarm,-16.52,11.52,0.71
1004,3,advance,bruiser,-8.40,5.85,9.77
1004,4,stalk,pouncer,-7.46,10.97,8.60
1005,1,windup,swarm,-15.43,11.46,0.79
1005,2,strike,swarm,-16.55,11.68,0.63
1005,3,advance,bruiser,-8.44,5.88,9.73
1005,4,stalk,pouncer,-7.48,11.04,8.58
1006,1,windup,swarm,-15.43,11.46,0.79
1006,2,strike,swarm,-16.55,11.72,0.62
1006,3,advance,bruiser,-8.45,5.88,9.72
1006,4,stalk,pouncer,-7.48,11.06,8.57
1007,1,windup,swarm,-15.43,11.46,0.79
1007,2,strike,swarm,-16.56,11.86,0.58
1007,3,advance,bruiser,-8.48,5.91,9.68
1007,4,stalk,pouncer,-7.49,11.12,8.55
1008,1,strike,swarm,-15.43,11.46,0.79
1008,2,recover,swarm,-16.56,11.89,0.57
1008,3,advance,bruiser,-8.49,5.92,9.67
1008,4,stalk,pouncer,-7.49,11.14,8.55
1009,1,strike,swarm,-15.54,11.59,0.61
1009,2,recover,swarm,-16.56,11.89,0.57
1009,3,advance,bruiser,-8.53,5.95,9.62
1009,4,stalk,pouncer,-7.51,11.21,8.53
1010,1,strike,swarm,-15.55,11.62,0.59
1010,2,recover,swarm,-16.56,11.89,0.57
1010,3,advance,bruiser,-8.53,5.95,9.61
1010,4,stalk,pouncer,-7.51,11.23,8.52
1011,1,strike,swarm,-15.60,11.72,0.49
1011,2,recover,swarm,-16.56,11.89,0.57
1011,3,advance,bruiser,-8.56,5.97,9.58
1011,4,stalk,pouncer,-7.52,11.28,8.51
1012,1,strike,swarm,-15.60,11.75,0.47
1012,2,recover,swarm,-16.56,11.89,0.57
1012,3,advance,bruiser,-8.56,5.98,9.57
1012,4,stalk,pouncer,-7.53,11.29,8.50
1013,1,strike,swarm,-15.62,11.89,0.39
1013,2,recover,swarm,-16.56,11.89,0.57
1013,3,advance,bruiser,-8.59,6.00,9.53
1013,4,stalk,pouncer,-7.54,11.35,8.49
1014,1,strike,swarm,-15.62,11.92,0.39
1014,2,recover,swarm,-16.56,11.89,0.57
1014,3,advance,bruiser,-8.60,6.01,9.52
1014,4,stalk,pouncer,-7.54,11.36,8.48
1015,1,strike,swarm,-15.62,12.05,0.38
1015,2,recover,swarm,-16.56,11.89,0.57
1015,3,advance,bruiser,-8.63,6.03,9.48
1015,4,stalk,pouncer,-7.56,11.42,8.46
1016,1,strike,swarm,-15.63,12.08,0.38
1016,2,recover,swarm,-16.56,11.89,0.57
1016,3,advance,bruiser,-8.64,6.04,9.48
1016,4,stalk,pouncer,-7.56,11.44,8.46
1017,1,strike,swarm,-15.64,12.27,0.45
1017,2,recover,swarm,-16.56,11.89,0.57
1017,3,advance,bruiser,-8.68,6.07,9.42
1017,4,stalk,pouncer,-7.58,11.52,8.44
1018,1,strike,swarm,-15.64,12.30,0.46
1018,2,recover,swarm,-16.56,11.89,0.57
1018,3,advance,bruiser,-8.68,6.08,9.41
1018,4,stalk,pouncer,-7.58,11.53,8.43
1019,1,strike,swarm,-15.68,12.47,0.57
1019,2,recover,swarm,-16.56,11.89,0.57
1019,3,advance,bruiser,-8.72,6.11,9.36
1019,4,stalk,pouncer,-7.60,11.61,8.41
1020,1,strike,swarm,-15.69,12.50,0.59
1020,2,recover,swarm,-16.56,11.89,0.57
1020,3,advance,bruiser,-8.73,6.11,9.36
1020,4,stalk,pouncer,-7.60,11.62,8.41
1021,1,strike,swarm,-15.73,12.62,0.68
1021,2,recover,swarm,-16.56,11.89,0.57
1021,3,advance,bruiser,-8.76,6.14,9.32
1021,4,stalk,pouncer,-7.62,11.68,8.39
1022,1,strike,swarm,-15.74,12.65,0.70
1022,2,recover,swarm,-16.56,11.89,0.57
1022,3,advance,bruiser,-8.76,6.14,9.31
1022,4,stalk,pouncer,-7.62,11.69,8.39
1023,1,strike,swarm,-15.80,12.76,0.78
1023,2,recover,swarm,-16.56,11.89,0.57
1023,3,advance,bruiser,-8.79,6.16,9.28
1023,4,stalk,pouncer,-7.63,11.74,8.37
1024,1,recover,swarm,-15.81,12.78,0.80
1024,2,recover,swarm,-16.56,11.89,0.57
1024,3,advance,bruiser,-8.80,6.17,9.27
1024,4,stalk,pouncer,-7.64,11.76,8.37
1025,1,recover,swarm,-15.81,12.78,0.80
1025,2,recover,swarm,-16.56,11.89,0.57
1025,3,advance,bruiser,-8.82,6.19,9.23
1025,4,stalk,pouncer,-7.65,11.81,8.35
1026,1,recover,swarm,-15.81,12.78,0.80
1026,2,recover,swarm,-16.56,11.89,0.57
1026,3,advance,bruiser,-8.83,6.19,9.23
1026,4,stalk,pouncer,-7.65,11.82,8.35
1027,1,recover,swarm,-15.81,12.78,0.80
1027,2,recover,swarm,-16.56,11.89,0.57
1027,3,advance,bruiser,-8.85,6.21,9.20
1027,4,stalk,pouncer,-7.66,11.85,8.34
1028,1,recover,swarm,-15.81,12.78,0.80
1028,2,recover,swarm,-16.56,11.89,0.57
1028,3,advance,bruiser,-8.87,6.23,9.17
1028,4,stalk,pouncer,-7.67,11.90,8.33
1029,1,recover,swarm,-15.81,12.78,0.80
1029,2,recover,swarm,-16.56,11.89,0.57
1029,3,advance,bruiser,-8.89,6.24,9.15
1029,4,stalk,pouncer,-7.68,11.94,8.32
1030,1,recover,swarm,-15.81,12.78,0.80
1030,2,recover,swarm,-16.56,11.89,0.57
1030,3,advance,bruiser,-8.91,6.26,9.12
1030,4,stalk,pouncer,-7.70,11.99,8.30
1031,1,recover,swarm,-15.81,12.78,0.80
1031,2,recover,swarm,-16.56,11.89,0.57
1031,3,advance,bruiser,-8.94,6.28,9.09
1031,4,stalk,pouncer,-7.71,12.03,8.29
1032,1,recover,swarm,-15.81,12.78,0.80
1032,2,recover,swarm,-16.56,11.89,0.57
1032,3,advance,bruiser,-8.96,6.30,9.06
1032,4,stalk,pouncer,-7.72,12.07,8.28
1033,1,recover,swarm,-15.81,12.78,0.80
1033,2,recover,swarm,-16.56,11.89,0.57
1033,3,advance,bruiser,-8.98,6.31,9.03
1033,4,stalk,pouncer,-7.73,12.12,8.27
1034,1,recover,swarm,-15.81,12.78,0.80
1034,2,recover,swarm,-16.56,11.89,0.57
1034,3,advance,bruiser,-9.00,6.33,9.01
1034,4,stalk,pouncer,-7.74,12.16,8.26
1035,1,recover,swarm,-15.81,12.78,0.80
1035,2,recover,swarm,-16.56,11.89,0.57
1035,3,advance,bruiser,-9.03,6.35,8.98
1035,4,stalk,pouncer,-7.76,12.20,8.24
1036,1,recover,swarm,-15.81,12.78,0.80
1036,2,recover,swarm,-16.56,11.89,0.57
1036,3,advance,bruiser,-9.05,6.37,8.94
1036,4,stalk,pouncer,-7.77,12.26,8.23
1037,1,recover,swarm,-15.81,12.78,0.80
1037,2,recover,swarm,-16.56,11.89,0.57
1037,3,advance,bruiser,-9.07,6.39,8.92
1037,4,stalk,pouncer,-7.78,12.29,8.22
1038,1,recover,swarm,-15.81,12.78,0.80
1038,2,recover,swarm,-16.56,11.89,0.57
1038,3,advance,bruiser,-9.14,6.45,8.82
1038,4,stalk,pouncer,-7.83,12.43,8.18
1039,1,recover,swarm,-15.81,12.78,0.80
1039,2,recover,swarm,-16.56,11.89,0.57
1039,3,advance,bruiser,-9.15,6.45,8.81
1039,4,stalk,pouncer,-7.83,12.45,8.18
1040,1,recover,swarm,-15.81,12.78,0.80
1040,2,recover,swarm,-16.56,11.89,0.57
1040,3,advance,bruiser,-9.18,6.48,8.78
1040,4,stalk,pouncer,-7.85,12.51,8.16
1041,1,recover,swarm,-15.81,12.78,0.80
1041,2,recover,swarm,-16.56,11.89,0.57
1041,3,advance,bruiser,-9.22,6.51,8.73
1041,4,stalk,pouncer,-7.87,12.58,8.15
1042,1,recover,swarm,-15.81,12.78,0.80
1042,2,recover,swarm,-16.56,11.89,0.57
1042,3,advance,bruiser,-9.23,6.51,8.72
1042,4,stalk,pouncer,-7.88,12.60,8.14
1043,1,recover,swarm,-15.81,12.78,0.80
1043,2,recover,swarm,-16.56,11.89,0.57
1043,3,advance,bruiser,-9.25,6.54,8.68
1043,4,stalk,pouncer,-7.90,12.65,8.13
1044,1,recover,swarm,-15.81,12.78,0.80
1044,2,recover,swarm,-16.56,11.89,0.57
1044,3,advance,bruiser,-9.26,6.54,8.67
1044,4,stalk,pouncer,-7.90,12.66,8.12
1045,1,recover,swarm,-15.81,12.78,0.80
1045,2,recover,swarm,-16.56,11.89,0.57
1045,3,advance,bruiser,-9.30,6.57,8.63
1045,4,stalk,pouncer,-7.93,12.73,8.11
1046,1,recover,swarm,-15.81,12.78,0.80
1046,2,recover,swarm,-16.56,11.89,0.57
1046,3,advance,bruiser,-9.31,6.58,8.61
1046,4,stalk,pouncer,-7.93,12.75,8.10
1047,1,recover,swarm,-15.81,12.78,0.80
1047,2,recover,swarm,-16.56,11.89,0.57
1047,3,advance,bruiser,-9.34,6.61,8.57
1047,4,stalk,pouncer,-7.96,12.82,8.08
1048,1,recover,swarm,-15.81,12.78,0.80
1048,2,recover,swarm,-16.56,11.89,0.57
1048,3,advance,bruiser,-9.35,6.62,8.55
1048,4,stalk,pouncer,-7.96,12.84,8.08
1049,1,recover,swarm,-15.81,12.78,0.80
1049,2,recover,swarm,-16.56,11.89,0.57
1049,3,advance,bruiser,-9.39,6.64,8.51
1049,4,stalk,pouncer,-7.99,12.91,8.06
1050,1,recover,swarm,-15.81,12.78,0.80
1050,2,recover,swarm,-16.56,11.89,0.57
1050,3,advance,bruiser,-9.39,6.65,8.50
1050,4,stalk,pouncer,-7.99,12.92,8.06
1051,1,recover,swarm,-15.81,12.78,0.80
1051,2,recover,swarm,-16.56,11.89,0.57
1051,3,advance,bruiser,-9.43,6.68,8.46
1051,4,stalk,pouncer,-8.01,12.98,8.05
1052,1,recover,swarm,-15.81,12.78,0.80
1052,2,chase,swarm,-16.56,11.89,0.57
1052,3,advance,bruiser,-9.43,6.68,8.45
1052,4,stalk,pouncer,-8.02,12.99,8.04
1053,1,recover,swarm,-15.81,12.78,0.80
1053,2,windup,swarm,-16.56,11.89,0.57
1053,3,advance,bruiser,-9.47,6.71,8.40
1053,4,stalk,pouncer,-8.05,13.07,8.02
1054,1,recover,swarm,-15.81,12.78,0.80
1054,2,windup,swarm,-16.56,11.89,0.57
1054,3,advance,bruiser,-9.48,6.72,8.39
1054,4,stalk,pouncer,-8.05,13.08,8.02
1055,1,recover,swarm,-15.81,12.78,0.80
1055,2,windup,swarm,-16.56,11.89,0.57
1055,3,advance,bruiser,-9.51,6.74,8.35
1055,4,stalk,pouncer,-8.07,13.14,8.01
1056,1,recover,swarm,-15.81,12.78,0.80
1056,2,windup,swarm,-16.56,11.89,0.57
1056,3,advance,bruiser,-9.52,6.75,8.34
1056,4,stalk,pouncer,-8.08,13.15,8.00
1057,1,recover,swarm,-15.81,12.78,0.80
1057,2,windup,swarm,-16.56,11.89,0.57
1057,3,advance,bruiser,-9.55,6.78,8.29
1057,4,stalk,pouncer,-8.11,13.23,7.99
1058,1,recover,swarm,-15.81,12.78,0.80
1058,2,windup,swarm,-16.56,11.89,0.57
1058,3,advance,bruiser,-9.56,6.79,8.29
1058,4,stalk,pouncer,-8.11,13.24,7.98
1059,1,recover,swarm,-15.81,12.78,0.80
1059,2,windup,swarm,-16.56,11.89,0.57
1059,3,advance,bruiser,-9.60,6.82,8.24
1059,4,stalk,pouncer,-8.12,13.16,7.97
1060,1,recover,swarm,-15.81,12.78,0.80
1060,2,windup,swarm,-16.56,11.89,0.57
1060,3,advance,bruiser,-9.61,6.82,8.23
1060,4,stalk,pouncer,-8.12,13.15,7.96
1061,1,recover,swarm,-15.81,12.78,0.80
1061,2,windup,swarm,-16.56,11.89,0.57
1061,3,advance,bruiser,-9.64,6.85,8.18
1061,4,stalk,pouncer,-8.12,13.08,7.95
1062,1,recover,swarm,-15.81,12.78,0.80
1062,2,windup,swarm,-16.56,11.89,0.57
1062,3,advance,bruiser,-9.65,6.86,8.17
1062,4,stalk,pouncer,-8.13,13.06,7.95
1063,1,recover,swarm,-15.81,12.78,0.80
1063,2,windup,swarm,-16.56,11.89,0.57
1063,3,advance,bruiser,-9.68,6.88,8.13
1063,4,stalk,pouncer,-8.13,12.99,7.93
1064,1,recover,swarm,-15.81,12.78,0.80
1064,2,windup,swarm,-16.56,11.89,0.57
1064,3,advance,bruiser,-9.69,6.89,8.12
1064,4,stalk,pouncer,-8.13,12.97,7.93
1065,1,recover,swarm,-15.81,12.78,0.80
1065,2,windup,swarm,-16.56,11.89,0.57
1065,3,advance,bruiser,-9.73,6.92,8.06
1065,4,stalk,pouncer,-8.14,12.89,7.91
1066,1,chase,swarm,-15.81,12.78,0.80
1066,2,windup,swarm,-16.56,11.89,0.57
1066,3,advance,bruiser,-9.74,6.93,8.05
1066,4,stalk,pouncer,-8.14,12.87,7.90
1067,1,windup,swarm,-15.81,12.78,0.80
1067,2,windup,swarm,-16.56,11.89,0.57
1067,3,advance,bruiser,-9.78,6.96,8.01
1067,4,stalk,pouncer,-8.15,12.80,7.89
1068,1,windup,swarm,-15.81,12.78,0.80
1068,2,strike,swarm,-16.56,11.89,0.57
1068,3,advance,bruiser,-9.78,6.97,8.00
1068,4,stalk,pouncer,-8.15,12.79,7.89
1069,1,windup,swarm,-15.81,12.78,0.80
1069,2,strike,swarm,-16.27,11.88,0.29
1069,3,advance,bruiser,-9.85,7.02,7.92
1069,4,stalk,pouncer,-8.17,12.66,7.86
1070,1,windup,swarm,-15.81,12.78,0.80
1070,2,strike,swarm,-16.24,11.87,0.27
1070,3,advance,bruiser,-9.85,7.02,7.91
1070,4,stalk,pouncer,-8.17,12.64,7.86
1071,1,windup,swarm,-15.81,12.78,0.80
1071,2,strike,swarm,-16.02,11.77,0.23
1071,3,advance,bruiser,-9.91,7.07,7.84
1071,4,stalk,pouncer,-8.18,12.54,7.84
1072,1,windup,swarm,-15.81,12.78,0.80
1072,2,strike,swarm,-15.99,11.76,0.24
1072,3,advance,bruiser,-9.92,7.07,7.83
1072,4,stalk,pouncer,-8.18,12.52,7.83
1073,1,windup,swarm,-15.81,12.78,0.80
1073,2,strike,swarm,-15.82,11.70,0.35
1073,3,advance,bruiser,-9.95,7.10,7.78
1073,4,stalk,pouncer,-8.19,12.44,7.82
1074,1,windup,swarm,-15.81,12.78,0.80
1074,2,strike,swarm,-15.79,11.69,0.38
1074,3,advance,bruiser,-9.96,7.11,7.77
1074,4,stalk,pouncer,-8.20,12.42,7.81
1075,1,windup,swarm,-15.81,12.78,0.80
1075,2,strike,swarm,-15.44,11.61,0.68
1075,3,advance,bruiser,-10.04,7.17,7.67
1075,4,stalk,pouncer,-8.22,12.27,7.78
1076,1,windup,swarm,-15.81,12.78,0.80
1076,2,strike,swarm,-15.40,11.61,0.72
1076,3,advance,bruiser,-10.05,7.18,7.66
1076,4,stalk,pouncer,-8.22,12.25,7.78
1077,1,windup,swarm,-15.81,12.78,0.80
1077,2,strike,swarm,-15.23,11.62,0.85
1077,3,advance,bruiser,-10.09,7.21,7.61
1077,4,stalk,pouncer,-8.24,12.17,7.77
1078,1,strike,swarm,-15.81,12.78,0.80
1078,2,recover,swarm,-15.20,11.63,0.88
1078,3,advance,bruiser,-10.09,7.22,7.60
1078,4,stalk,pouncer,-8.24,12.16,7.76
1079,1,strike,swarm,-15.85,12.61,0.63
1079,2,recover,swarm,-15.20,11.63,0.88
1079,3,advance,bruiser,-10.13,7.25,7.55
1079,4,stalk,pouncer,-8.25,12.08,7.75
1080,1,strike,swarm,-15.87,12.58,0.60
1080,2,recover,swarm,-15.20,11.63,0.88
1080,3,advance,bruiser,-10.14,7.25,7.54
1080,4,stalk,pouncer,-8.25,12.07,7.75
1081,1,strike,swarm,-15.96,12.41,0.41
1081,2,recover,swarm,-15.20,11.63,0.88
1081,3,advance,bruiser,-10.18,7.29,7.48
1081,4,stalk,pouncer,-8.27,11.98,7.73
1082,1,strike,swarm,-15.98,12.38,0.38
1082,2,recover,swarm,-15.20,11.63,0.88
1082,3,advance,bruiser,-10.19,7.30,7.47
1082,4,stalk,pouncer,-8.27,11.96,7.73
1083,1,strike,swarm,-16.08,12.26,0.27
1083,2,recover,swarm,-15.20,11.63,0.88
1083,3,advance,bruiser,-10.22,7.32,7.43
1083,4,stalk,pouncer,-8.29,11.90,7.71
1084,1,strike,swarm,-16.10,12.23,0.25
1084,2,recover,swarm,-15.20,11.63,0.88
1084,3,advance,bruiser,-10.23,7.33,7.42
1084,4,stalk,pouncer,-8.29,11.88,7.71
1085,1,strike,swarm,-16.20,12.11,0.23
1085,2,recover,swarm,-15.20,11.63,0.88
1085,3,advance,bruiser,-10.27,7.36,7.38
1085,4,stalk,pouncer,-8.30,11.81,7.70
1086,1,strike,swarm,-16.22,12.08,0.23
1086,2,recover,swarm,-15.20,11.63,0.88
1086,3,advance,bruiser,-10.27,7.36,7.37
1086,4,stalk,pouncer,-8.31,11.80,7.70
1087,1,strike,swarm,-16.29,11.98,0.29
1087,2,recover,swarm,-15.20,11.63,0.88
1087,3,advance,bruiser,-10.30,7.39,7.33
1087,4,stalk,pouncer,-8.32,11.74,7.69
1088,1,strike,swarm,-16.31,11.95,0.31
1088,2,recover,swarm,-15.20,11.63,0.88
1088,3,advance,bruiser,-10.31,7.39,7.32
1088,4,stalk,pouncer,-8.32,11.72,7.68
1089,1,strike,swarm,-16.40,11.79,0.46
1089,2,recover,swarm,-15.20,11.63,0.88
1089,3,advance,bruiser,-10.35,7.43,7.27
1089,4,stalk,pouncer,-8.34,11.64,7.67
1090,1,strike,swarm,-16.41,11.76,0.48
1090,2,recover,swarm,-15.20,11.63,0.88
1090,3,advance,bruiser,-10.36,7.43,7.26
1090,4,stalk,pouncer,-8.34,11.63,7.67
1091,1,strike,swarm,-16.49,11.57,0.66
1091,2,recover,swarm,-15.20,11.63,0.88
1091,3,advance,bruiser,-10.40,7.47,7.20
1091,4,stalk,pouncer,-8.36,11.54,7.65
1092,1,recover,swarm,-16.50,11.53,0.69
1092,2,recover,swarm,-15.20,11.63,0.88
1092,3,advance,bruiser,-10.41,7.47,7.19
1092,4,stalk,pouncer,-8.37,11.52,7.65
1093,1,recover,swarm,-16.50,11.53,0.69
1093,2,recover,swarm,-15.20,11.63,0.88
1093,3,advance,bruiser,-10.45,7.50,7.15
1093,4,stalk,pouncer,-8.38,11.45,7.64
1094,1,recover,swarm,-16.50,11.53,0.69
1094,2,recover,swarm,-15.20,11.63,0.88
1094,3,advance,bruiser,-10.45,7.51,7.14
1094,4,stalk,pouncer,-8.39,11.44,7.63
1095,1,recover,swarm,-16.50,11.53,0.69
1095,2,recover,swarm,-15.20,11.63,0.88
1095,3,advance,bruiser,-10.48,7.53,7.10
1095,4,stalk,pouncer,-8.40,11.38,7.62
1096,1,recover,swarm,-16.50,11.53,0.69
1096,2,recover,swarm,-15.20,11.63,0.88
1096,3,advance,bruiser,-10.49,7.54,7.09
1096,4,stalk,pouncer,-8.41,11.36,7.62
1097,1,recover,swarm,-16.50,11.53,0.69
1097,2,recover,swarm,-15.20,11.63,0.88
1097,3,advance,bruiser,-10.53,7.57,7.03
1097,4,stalk,pouncer,-8.43,11.28,7.61
1098,1,recover,swarm,-16.50,11.53,0.69
1098,2,recover,swarm,-15.20,11.63,0.88
1098,3,advance,bruiser,-10.54,7.58,7.02
1098,4,stalk,pouncer,-8.43,11.27,7.60
1099,1,recover,swarm,-16.50,11.53,0.69
1099,2,recover,swarm,-15.20,11.63,0.88
1099,3,advance,bruiser,-10.57,7.60,6.99
1099,4,stalk,pouncer,-8.45,11.21,7.59
1100,1,recover,swarm,-16.50,11.53,0.69
1100,2,recover,swarm,-15.20,11.63,0.88
1100,3,advance,bruiser,-10.58,7.61,6.98
1100,4,stalk,pouncer,-8.45,11.20,7.59
1101,1,recover,swarm,-16.50,11.53,0.69
1101,2,recover,swarm,-15.20,11.63,0.88
1101,3,advance,bruiser,-10.60,7.63,6.94
1101,4,stalk,pouncer,-8.47,11.14,7.58
1102,1,recover,swarm,-16.50,11.53,0.69
1102,2,recover,swarm,-15.20,11.63,0.88
1102,3,advance,bruiser,-10.61,7.64,6.93
1102,4,stalk,pouncer,-8.47,11.13,7.58
1103,1,recover,swarm,-16.50,11.53,0.69
1103,2,recover,swarm,-15.20,11.63,0.88
1103,3,advance,bruiser,-10.64,7.66,6.90
1103,4,stalk,pouncer,-8.49,11.07,7.57
1104,1,recover,swarm,-16.50,11.53,0.69
1104,2,recover,swarm,-15.20,11.63,0.88
1104,3,advance,bruiser,-10.65,7.66,6.89
1104,4,stalk,pouncer,-8.49,11.06,7.57
1105,1,recover,swarm,-16.50,11.53,0.69
1105,2,recover,swarm,-15.20,11.63,0.88
1105,3,advance,bruiser,-10.71,7.71,6.81
1105,4,stalk,pouncer,-8.53,10.94,7.55
1106,1,recover,swarm,-16.50,11.53,0.69
1106,2,recover,swarm,-15.20,11.63,0.88
1106,3,advance,bruiser,-10.72,7.72,6.80
1106,4,stalk,pouncer,-8.53,10.92,7.55
1107,1,recover,swarm,-16.50,11.53,0.69
1107,2,recover,swarm,-15.20,11.63,0.88
1107,3,advance,bruiser,-10.75,7.75,6.76
1107,4,stalk,pouncer,-8.55,10.86,7.54
1108,1,recover,swarm,-16.50,11.53,0.69
1108,2,recover,swarm,-15.20,11.63,0.88
1108,3,advance,bruiser,-10.75,7.75,6.75
1108,4,stalk,pouncer,-8.55,10.85,7.53
1109,1,recover,swarm,-16.50,11.53,0.69
1109,2,recover,swarm,-15.20,11.63,0.88
1109,3,advance,bruiser,-10.78,7.77,6.72
1109,4,stalk,pouncer,-8.57,10.80,7.53
1110,1,recover,swarm,-16.50,11.53,0.69
1110,2,recover,swarm,-15.20,11.63,0.88
1110,3,advance,bruiser,-10.79,7.78,6.71
1110,4,stalk,pouncer,-8.58,10.78,7.52
1111,1,recover,swarm,-16.50,11.53,0.69
1111,2,recover,swarm,-15.20,11.63,0.88
1111,3,advance,bruiser,-10.84,7.82,6.64
1111,4,stalk,pouncer,-8.61,10.69,7.51
1112,1,recover,swarm,-16.50,11.53,0.69
1112,2,recover,swarm,-15.20,11.63,0.88
1112,3,advance,bruiser,-10.84,7.82,6.63
1112,4,stalk,pouncer,-8.61,10.67,7.51
1113,1,recover,swarm,-16.50,11.53,0.69
1113,2,recover,swarm,-15.20,11.63,0.88
1113,3,advance,bruiser,-10.88,7.85,6.59
1113,4,stalk,pouncer,-8.64,10.60,7.50
1114,1,recover,swarm,-16.50,11.53,0.69
1114,2,recover,swarm,-15.20,11.63,0.88
1114,3,advance,bruiser,-10.89,7.86,6.58
1114,4,stalk,pouncer,-8.64,10.59,7.49
1115,1,recover,swarm,-16.50,11.53,0.69
1115,2,recover,swarm,-15.20,11.63,0.88
1115,3,advance,bruiser,-10.92,7.89,6.53
1115,4,stalk,pouncer,-8.66,10.52,7.48
1116,1,recover,swarm,-16.50,11.53,0.69
1116,2,recover,swarm,-15.20,11.63,0.88
1116,3,advance,bruiser,-10.93,7.89,6.52
1116,4,stalk,pouncer,-8.67,10.51,7.48
1117,1,recover,swarm,-16.50,11.53,0.69
1117,2,recover,swarm,-15.20,11.63,0.88
1117,3,advance,bruiser,-10.97,7.93,6.47
1117,4,stalk,pouncer,-8.70,10.43,7.47
1118,1,recover,swarm,-16.50,11.53,0.69
1118,2,recover,swarm,-15.20,11.63,0.88
1118,3,advance,bruiser,-10.98,7.93,6.46
1118,4,stalk,pouncer,-8.70,10.42,7.47
1119,1,recover,swarm,-16.50,11.53,0.69
1119,2,recover,swarm,-15.20,11.63,0.88
1119,3,advance,bruiser,-11.04,7.98,6.39
1119,4,stalk,pouncer,-8.75,10.31,7.45
1120,1,recover,swarm,-16.50,11.53,0.69
1120,2,chase,swarm,-15.20,11.63,0.88
1120,3,advance,bruiser,-11.04,7.99,6.38
1120,4,stalk,pouncer,-8.75,10.29,7.45
1121,1,recover,swarm,-16.50,11.53,0.69
1121,2,windup,swarm,-15.20,11.63,0.88
1121,3,advance,bruiser,-11.07,8.01,6.34
1121,4,stalk,pouncer,-8.77,10.23,7.44
1122,1,recover,swarm,-16.50,11.53,0.69
1122,2,windup,swarm,-15.20,11.63,0.88
1122,3,advance,bruiser,-11.08,8.02,6.33
1122,4,stalk,pouncer,-8.78,10.22,7.44
1123,1,recover,swarm,-16.50,11.53,0.69
1123,2,windup,swarm,-15.20,11.63,0.88
1123,3,advance,bruiser,-11.13,8.05,6.27
1123,4,stalk,pouncer,-8.81,10.14,7.42
1124,1,recover,swarm,-16.50,11.53,0.69
1124,2,windup,swarm,-15.20,11.63,0.88
1124,3,advance,bruiser,-11.13,8.06,6.26
1124,4,crouch,pouncer,-8.82,10.12,7.42
1125,1,recover,swarm,-16.50,11.53,0.69
1125,2,windup,swarm,-15.20,11.63,0.88
1125,3,advance,bruiser,-11.16,8.08,6.22
1125,4,crouch,pouncer,-8.82,10.12,7.42
1126,1,recover,swarm,-16.50,11.53,0.69
1126,2,windup,swarm,-15.20,11.63,0.88
1126,3,advance,bruiser,-11.17,8.09,6.21
1126,4,crouch,pouncer,-8.82,10.12,7.42
1127,1,recover,swarm,-16.50,11.53,0.69
1127,2,windup,swarm,-15.20,11.63,0.88
1127,3,advance,bruiser,-11.20,8.11,6.18
1127,4,crouch,pouncer,-8.82,10.12,7.42
1128,1,recover,swarm,-16.50,11.53,0.69
1128,2,windup,swarm,-15.20,11.63,0.88
1128,3,advance,bruiser,-11.21,8.12,6.17
1128,4,crouch,pouncer,-8.82,10.12,7.42
1129,1,recover,swarm,-16.50,11.53,0.69
1129,2,windup,swarm,-15.20,11.63,0.88
1129,3,advance,bruiser,-11.25,8.15,6.11
1129,4,crouch,pouncer,-8.82,10.12,7.42
1130,1,recover,swarm,-16.50,11.53,0.69
1130,2,windup,swarm,-15.20,11.63,0.88
1130,3,advance,bruiser,-11.26,8.16,6.10
1130,4,crouch,pouncer,-8.82,10.12,7.42
1131,1,recover,swarm,-16.50,11.53,0.69
1131,2,windup,swarm,-15.20,11.63,0.88
1131,3,advance,bruiser,-11.30,8.19,6.05
1131,4,crouch,pouncer,-8.82,10.12,7.42
1132,1,recover,swarm,-16.50,11.53,0.69
1132,2,windup,swarm,-15.20,11.63,0.88
1132,3,advance,bruiser,-11.31,8.20,6.04
1132,4,crouch,pouncer,-8.82,10.12,7.42
1133,1,recover,swarm,-16.50,11.53,0.69
1133,2,windup,swarm,-15.20,11.63,0.88
1133,3,advance,bruiser,-11.34,8.23,5.99
1133,4,crouch,pouncer,-8.82,10.12,7.42
1134,1,chase,swarm,-16.50,11.53,0.69
1134,2,windup,swarm,-15.20,11.63,0.88
1134,3,advance,bruiser,-11.35,8.23,5.99
1134,4,crouch,pouncer,-8.82,10.12,7.42
1135,1,windup,swarm,-16.50,11.53,0.69
1135,2,windup,swarm,-15.20,11.63,0.88
1135,3,advance,bruiser,-11.43,8.30,5.88
1135,4,crouch,pouncer,-8.82,10.12,7.42
1136,1,windup,swarm,-16.50,11.53,0.69
1136,2,strike,swarm,-15.20,11.63,0.88
1136,3,advance,bruiser,-11.44,8.31,5.87
1136,4,crouch,pouncer,-8.82,10.12,7.42
1137,1,windup,swarm,-16.50,11.53,0.69
1137,2,strike,swarm,-15.41,11.73,0.65
1137,3,advance,bruiser,-11.49,8.35,5.80
1137,4,crouch,pouncer,-8.82,10.12,7.42
1138,1,windup,swarm,-16.50,11.53,0.69
1138,2,strike,swarm,-15.43,11.75,0.63
1138,3,advance,bruiser,-11.50,8.35,5.79
1138,4,crouch,pouncer,-8.82,10.12,7.42
1139,1,windup,swarm,-16.50,11.53,0.69
1139,2,strike,swarm,-15.54,11.85,0.49
1139,3,advance,bruiser,-11.53,8.38,5.75
1139,4,crouch,pouncer,-8.82,10.12,7.42
1140,1,windup,swarm,-16.50,11.53,0.69
1140,2,strike,swarm,-15.55,11.88,0.46
1140,3,advance,bruiser,-11.54,8.39,5.74
1140,4,crouch,pouncer,-8.82,10.12,7.42
1141,1,windup,swarm,-16.50,11.53,0.69
1141,2,strike,swarm,-15.62,12.00,0.38
1141,3,advance,bruiser,-11.57,8.41,5.70
1141,4,crouch,pouncer,-8.82,10.12,7.42
1142,1,windup,swarm,-16.50,11.53,0.69
1142,2,strike,swarm,-15.64,12.03,0.36
1142,3,advance,bruiser,-11.57,8.42,5.69
1142,4,crouch,pouncer,-8.82,10.12,7.42
1143,1,windup,swarm,-16.50,11.53,0.69
1143,2,strike,swarm,-15.69,12.13,0.33
1143,3,advance,bruiser,-11.60,8.44,5.66
1143,4,crouch,pouncer,-8.82,10.12,7.42
1144,1,windup,swarm,-16.50,11.53,0.69
1144,2,strike,swarm,-15.71,12.16,0.33
1144,3,advance,bruiser,-11.61,8.44,5.65
1144,4,crouch,pouncer,-8.82,10.12,7.42
1145,1,windup,swarm,-16.50,11.53,0.69
1145,2,strike,swarm,-15.79,12.30,0.37
1145,3,advance,bruiser,-11.65,8.47,5.60
1145,4,crouch,pouncer,-8.82,10.12,7.42
1146,1,windup,swarm,-16.50,11.53,0.69
1146,2,strike,swarm,-15.81,12.33,0.38
1146,3,advance,bruiser,-11.65,8.48,5.60
1146,4,crouch,pouncer,-8.82,10.12,7.42
1147,1,windup,swarm,-16.50,11.53,0.69
1147,2,strike,swarm,-15.90,12.45,0.46
1147,3,advance,bruiser,-11.69,8.51,5.55
1147,4,crouch,pouncer,-8.82,10.12,7.42
1148,1,strike,swarm,-16.50,11.53,0.69
1148,2,strike,swarm,-15.93,12.48,0.48
1148,3,advance,bruiser,-11.69,8.51,5.54
1148,4,crouch,pouncer,-8.82,10.12,7.42
1149,1,strike,swarm,-16.41,11.60,0.57
1149,2,strike,swarm,-16.00,12.56,0.56
1149,3,advance,bruiser,-11.72,8.53,5.51
1149,4,crouch,pouncer,-8.82,10.12,7.42
1150,1,strike,swarm,-16.38,11.61,0.55
1150,2,strike,swarm,-16.02,12.58,0.58
1150,3,advance,bruiser,-11.72,8.54,5.50
1150,4,crouch,pouncer,-8.82,10.12,7.42
1151,1,strike,swarm,-16.21,11.66,0.40
1151,2,recover,swarm,-16.13,12.72,0.73
1151,3,advance,bruiser,-11.76,8.57,5.45
1151,4,pounce,pouncer,-8.82,10.12,7.42
1152,1,strike,swarm,-16.19,11.67,0.38
1152,2,recover,swarm,-16.13,12.72,0.73
1152,3,advance,bruiser,-11.77,8.57,5.44
1152,4,pounce,pouncer,-8.86,10.13,7.38
1153,1,strike,swarm,-15.90,11.74,0.27
1153,2,recover,swarm,-16.13,12.72,0.73
1153,3,advance,bruiser,-11.83,8.63,5.36
1153,4,pounce,pouncer,-9.28,10.24,6.94
1154,1,strike,swarm,-15.87,11.75,0.28
1154,2,recover,swarm,-16.13,12.72,0.73
1154,3,advance,bruiser,-11.84,8.63,5.35
1154,4,pounce,pouncer,-9.33,10.25,6.90
1155,1,strike,swarm,-15.66,11.77,0.41
1155,2,recover,swarm,-16.13,12.72,0.73
1155,3,advance,bruiser,-11.89,8.67,5.29
1155,4,pounce,pouncer,-9.64,10.34,6.58
1156,1,strike,swarm,-15.63,11.78,0.43
1156,2,recover,swarm,-16.13,12.72,0.73
1156,3,advance,bruiser,-11.89,8.67,5.28
1156,4,pounce,pouncer,-9.68,10.35,6.53
1157,1,strike,swarm,-15.50,11.82,0.53
1157,2,recover,swarm,-16.13,12.72,0.73
1157,3,advance,bruiser,-11.92,8.70,5.24
1157,4,pounce,pouncer,-9.88,10.40,6.32
1158,1,strike,swarm,-15.46,11.83,0.56
1158,2,recover,swarm,-16.13,12.72,0.73
1158,3,advance,bruiser,-11.93,8.71,5.23
1158,4,pounce,pouncer,-9.94,10.42,6.26
1159,1,strike,swarm,-15.17,11.95,0.83
1159,2,recover,swarm,-16.13,12.72,0.73
1159,3,advance,bruiser,-12.00,8.76,5.14
1159,4,pounce,pouncer,-10.39,10.53,5.80
1160,1,recover,swarm,-15.14,11.97,0.86
1160,2,recover,swarm,-16.13,12.72,0.73
1160,3,advance,bruiser,-12.01,8.77,5.13
1160,4,pounce,pouncer,-10.45,10.55,5.74
1161,1,recover,swarm,-15.14,11.97,0.86
1161,2,recover,swarm,-16.13,12.72,0.73
1161,3,advance,bruiser,-12.04,8.80,5.09
1161,4,pounce,pouncer,-10.67,10.60,5.51
1162,1,recover,swarm,-15.14,11.97,0.86
1162,2,recover,swarm,-16.13,12.72,0.73
1162,3,advance,bruiser,-12.05,8.80,5.08
1162,4,pounce,pouncer,-10.71,10.62,5.47
1163,1,recover,swarm,-15.14,11.97,0.86
1163,2,recover,swarm,-16.13,12.72,0.73
1163,3,advance,bruiser,-12.10,8.84,5.02
1163,4,pounce,pouncer,-11.02,10.70,5.15
1164,1,recover,swarm,-15.14,11.97,0.86
1164,2,recover,swarm,-16.13,12.72,0.73
1164,3,advance,bruiser,-12.10,8.85,5.01
1164,4,pounce,pouncer,-11.07,10.71,5.10
1165,1,recover,swarm,-15.14,11.97,0.86
1165,2,recover,swarm,-16.13,12.72,0.73
1165,3,advance,bruiser,-12.15,8.88,4.96
1165,4,pounce,pouncer,-11.34,10.78,4.82
1166,1,recover,swarm,-15.14,11.97,0.86
1166,2,recover,swarm,-16.13,12.72,0.73
1166,3,advance,bruiser,-12.15,8.89,4.95
1166,4,pounce,pouncer,-11.39,10.79,4.76
1167,1,recover,swarm,-15.14,11.97,0.86
1167,2,recover,swarm,-16.13,12.72,0.73
1167,3,advance,bruiser,-12.19,8.91,4.91
1167,4,pounce,pouncer,-11.61,10.85,4.54
1168,1,recover,swarm,-15.14,11.97,0.86
1168,2,recover,swarm,-16.13,12.72,0.73
1168,3,advance,bruiser,-12.19,8.92,4.90
1168,4,pounce,pouncer,-11.66,10.86,4.49
1169,1,recover,swarm,-15.14,11.97,0.86
1169,2,recover,swarm,-16.13,12.72,0.73
1169,3,advance,bruiser,-12.24,8.95,4.84
1169,4,recover,pouncer,-11.94,10.94,4.20
1170,1,recover,swarm,-15.14,11.97,0.86
1170,2,recover,swarm,-16.13,12.72,0.73
1170,3,advance,bruiser,-12.25,8.96,4.83
1170,4,recover,pouncer,-11.94,10.94,4.20
1171,1,recover,swarm,-15.14,11.97,0.86
1171,2,recover,swarm,-16.13,12.72,0.73
1171,3,advance,bruiser,-12.29,8.99,4.78
1171,4,recover,pouncer,-11.94,10.94,4.20
1172,1,recover,swarm,-15.14,11.97,0.86
1172,2,recover,swarm,-16.13,12.72,0.73
1172,3,advance,bruiser,-12.29,9.00,4.77
1172,4,recover,pouncer,-11.94,10.94,4.20
1173,1,recover,swarm,-15.14,11.97,0.86
1173,2,recover,swarm,-16.13,12.72,0.73
1173,3,advance,bruiser,-12.33,9.02,4.73
1173,4,recover,pouncer,-11.94,10.94,4.20
1174,1,recover,swarm,-15.14,11.97,0.86
1174,2,recover,swarm,-16.13,12.72,0.73
1174,3,advance,bruiser,-12.34,9.03,4.71
1174,4,recover,pouncer,-11.94,10.94,4.20
1175,1,recover,swarm,-15.14,11.97,0.86
1175,2,recover,swarm,-16.13,12.72,0.73
1175,3,advance,bruiser,-12.37,9.06,4.68
1175,4,recover,pouncer,-11.94,10.94,4.20
1176,1,recover,swarm,-15.14,11.97,0.86
1176,2,recover,swarm,-16.13,12.72,0.73
1176,3,advance,bruiser,-12.37,9.06,4.66
1176,4,recover,pouncer,-11.94,10.94,4.20
1177,1,recover,swarm,-15.14,11.97,0.86
1177,2,recover,swarm,-16.13,12.72,0.73
1177,3,advance,bruiser,-12.42,9.10,4.60
1177,4,recover,pouncer,-11.94,10.94,4.20
1178,1,recover,swarm,-15.14,11.97,0.86
1178,2,recover,swarm,-16.13,12.72,0.73
1178,3,advance,bruiser,-12.43,9.11,4.60
1178,4,recover,pouncer,-11.94,10.94,4.20
1179,1,recover,swarm,-15.14,11.97,0.86
1179,2,recover,swarm,-16.13,12.72,0.73
1179,3,advance,bruiser,-12.47,9.14,4.55
1179,4,recover,pouncer,-11.94,10.94,4.20
1180,1,recover,swarm,-15.14,11.97,0.86
1180,2,recover,swarm,-16.13,12.72,0.73
1180,3,advance,bruiser,-12.48,9.15,4.53
1180,4,recover,pouncer,-11.94,10.94,4.20
1181,1,recover,swarm,-15.14,11.97,0.86
1181,2,recover,swarm,-16.13,12.72,0.73
1181,3,advance,bruiser,-12.52,9.18,4.48
1181,4,recover,pouncer,-11.94,10.94,4.20
1182,1,recover,swarm,-15.14,11.97,0.86
1182,2,recover,swarm,-16.13,12.72,0.73
1182,3,advance,bruiser,-12.52,9.18,4.47
1182,4,recover,pouncer,-11.94,10.94,4.20
1183,1,recover,swarm,-15.14,11.97,0.86
1183,2,recover,swarm,-16.13,12.72,0.73
1183,3,advance,bruiser,-12.56,9.21,4.43
1183,4,recover,pouncer,-11.94,10.94,4.20
1184,1,recover,swarm,-15.14,11.97,0.86
1184,2,recover,swarm,-16.13,12.72,0.73
1184,3,advance,bruiser,-12.56,9.22,4.42
1184,4,recover,pouncer,-11.94,10.94,4.20
1185,1,recover,swarm,-15.14,11.97,0.86
1185,2,recover,swarm,-16.13,12.72,0.73
1185,3,advance,bruiser,-12.60,9.25,4.38
1185,4,recover,pouncer,-11.94,10.94,4.20
1186,1,recover,swarm,-15.14,11.97,0.86
1186,2,recover,swarm,-16.13,12.72,0.73
1186,3,advance,bruiser,-12.61,9.25,4.36
1186,4,recover,pouncer,-11.94,10.94,4.20
1187,1,recover,swarm,-15.14,11.97,0.86
1187,2,recover,swarm,-16.13,12.72,0.73
1187,3,advance,bruiser,-12.65,9.29,4.31
1187,4,recover,pouncer,-11.94,10.94,4.20
1188,1,recover,swarm,-15.14,11.97,0.86
1188,2,chase,swarm,-16.13,12.72,0.73
1188,3,advance,bruiser,-12.66,9.29,4.30
1188,4,recover,pouncer,-11.94,10.94,4.20
1189,1,recover,swarm,-15.14,11.97,0.86
1189,2,windup,swarm,-16.13,12.72,0.73
1189,3,advance,bruiser,-12.71,9.33,4.24
1189,4,recover,pouncer,-11.94,10.94,4.20
1190,1,recover,swarm,-15.14,11.97,0.86
1190,2,windup,swarm,-16.13,12.72,0.73
1190,3,advance,bruiser,-12.71,9.34,4.23
1190,4,recover,pouncer,-11.94,10.94,4.20
1191,1,recover,swarm,-15.14,11.97,0.86
1191,2,windup,swarm,-16.13,12.72,0.73
1191,3,advance,bruiser,-12.75,9.37,4.18
1191,4,recover,pouncer,-11.94,10.94,4.20
1192,1,recover,swarm,-15.14,11.97,0.86
1192,2,windup,swarm,-16.13,12.72,0.73
1192,3,advance,bruiser,-12.76,9.38,4.17
1192,4,recover,pouncer,-11.94,10.94,4.20
1193,1,recover,swarm,-15.14,11.97,0.86
1193,2,windup,swarm,-16.13,12.72,0.73
1193,3,advance,bruiser,-12.83,9.43,4.08
1193,4,recover,pouncer,-11.94,10.94,4.20
1194,1,recover,swarm,-15.14,11.97,0.86
1194,2,windup,swarm,-16.13,12.72,0.73
1194,3,advance,bruiser,-12.84,9.44,4.07
1194,4,recover,pouncer,-11.94,10.94,4.20
1195,1,recover,swarm,-15.14,11.97,0.86
1195,2,windup,swarm,-16.13,12.72,0.73
1195,3,advance,bruiser,-12.89,9.48,4.01
1195,4,recover,pouncer,-11.94,10.94,4.20
1196,1,recover,swarm,-15.14,11.97,0.86
1196,2,windup,swarm,-16.13,12.72,0.73
1196,3,advance,bruiser,-12.89,9.48,4.00
1196,4,recover,pouncer,-11.94,10.94,4.20
1197,1,recover,swarm,-15.14,11.97,0.86
1197,2,windup,swarm,-16.13,12.72,0.73
1197,3,advance,bruiser,-12.95,9.53,3.93
1197,4,recover,pouncer,-11.94,10.94,4.20
1198,1,chase,swarm,-15.14,11.97,0.86
1198,2,windup,swarm,-16.13,12.72,0.73
1198,3,advance,bruiser,-12.95,9.53,3.92
1198,4,recover,pouncer,-11.94,10.94,4.20
1199,1,windup,swarm,-15.14,11.97,0.86
1199,2,windup,swarm,-16.13,12.72,0.73
1199,3,advance,bruiser,-12.99,9.57,3.87
1199,4,recover,pouncer,-11.94,10.94,4.20
1200,1,windup,swarm,-15.14,11.97,0.86
1200,2,strike,swarm,-16.13,12.72,0.73
1200,3,advance,bruiser,-13.00,9.57,3.86
1200,4,recover,pouncer,-11.94,10.94,4.20
1201,1,windup,swarm,-15.14,11.97,0.86
1201,2,strike,swarm,-16.12,12.55,0.56
1201,3,advance,bruiser,-13.04,9.60,3.81
1201,4,recover,pouncer,-11.94,10.94,4.20
1202,1,windup,swarm,-15.14,11.97,0.86
1202,2,strike,swarm,-16.12,12.51,0.52
1202,3,advance,bruiser,-13.05,9.61,3.80
1202,4,recover,pouncer,-11.94,10.94,4.20
1203,1,windup,swarm,-15.14,11.97,0.86
1203,2,strike,swarm,-16.16,12.31,0.35
1203,3,advance,bruiser,-13.09,9.65,3.74
1203,4,recover,pouncer,-11.94,10.94,4.20
1204,1,windup,swarm,-15.14,11.97,0.86
1204,2,strike,swarm,-16.17,12.26,0.31
1204,3,advance,bruiser,-13.11,9.66,3.73
1204,4,recover,pouncer,-11.94,10.94,4.20
1205,1,windup,swarm,-15.14,11.97,0.86
1205,2,strike,swarm,-16.30,11.83,0.35
1205,3,advance,bruiser,-13.21,9.74,3.60
1205,4,recover,pouncer,-11.94,10.94,4.20
1206,1,windup,swarm,-15.14,11.97,0.86
1206,2,strike,swarm,-16.31,11.79,0.37
1206,3,advance,bruiser,-13.21,9.74,3.59
1206,4,recover,pouncer,-11.94,10.94,4.20
1207,1,windup,swarm,-15.14,11.97,0.86
1207,2,strike,swarm,-16.32,11.63,0.48
1207,3,advance,bruiser,-13.25,9.77,3.54
1207,4,recover,pouncer,-11.94,10.94,4.20
1208,1,windup,swarm,-15.14,11.97,0.86
1208,2,strike,swarm,-16.32,11.60,0.51
1208,3,advance,bruiser,-13.26,9.78,3.53
1208,4,recover,pouncer,-11.94,10.94,4.20
1209,1,windup,swarm,-15.14,11.97,0.86
1209,2,strike,swarm,-16.31,11.43,0.65
1209,3,advance,bruiser,-13.29,9.81,3.48
1209,4,recover,pouncer,-11.94,10.94,4.20
1210,1,strike,swarm,-15.14,11.97,0.86
1210,2,recover,swarm,-16.30,11.39,0.68
1210,3,advance,bruiser,-13.30,9.82,3.47
1210,4,recover,pouncer,-11.94,10.94,4.20
1211,1,strike,swarm,-15.30,11.98,0.70
1211,2,recover,swarm,-16.30,11.39,0.68
1211,3,advance,bruiser,-13.34,9.84,3.43
1211,4,recover,pouncer,-11.94,10.94,4.20
1212,1,strike,swarm,-15.35,11.99,0.65
1212,2,recover,swarm,-16.30,11.39,0.68
1212,3,advance,bruiser,-13.35,9.85,3.41
1212,4,recover,pouncer,-11.94,10.94,4.20
1213,1,strike,swarm,-15.58,12.06,0.42
1213,2,recover,swarm,-16.30,11.39,0.68
1213,3,advance,bruiser,-13.40,9.90,3.34
1213,4,recover,pouncer,-11.94,10.94,4.20
1214,1,strike,swarm,-15.61,12.09,0.40
1214,2,recover,swarm,-16.30,11.39,0.68
1214,3,advance,bruiser,-13.41,9.90,3.33
1214,4,recover,pouncer,-11.94,10.94,4.20
1215,1,strike,swarm,-15.78,12.23,0.32
1215,2,recover,swarm,-16.30,11.39,0.68
1215,3,advance,bruiser,-13.46,9.94,3.27
1215,4,recover,pouncer,-11.94,10.94,4.20
1216,1,strike,swarm,-15.80,12.25,0.32
1216,2,recover,swarm,-16.30,11.39,0.68
1216,3,advance,bruiser,-13.47,9.95,3.26
1216,4,recover,pouncer,-11.94,10.94,4.20
1217,1,strike,swarm,-15.91,12.34,0.35
1217,2,recover,swarm,-16.30,11.39,0.68
1217,3,advance,bruiser,-13.50,9.97,3.22
1217,4,recover,pouncer,-11.94,10.94,4.20
1218,1,strike,swarm,-15.94,12.36,0.36
1218,2,recover,swarm,-16.30,11.39,0.68
1218,3,advance,bruiser,-13.50,9.98,3.21
1218,4,recover,pouncer,-11.94,10.94,4.20
1219,1,strike,swarm,-16.06,12.44,0.44
1219,2,recover,swarm,-16.30,11.39,0.68
1219,3,advance,bruiser,-13.54,10.00,3.17
1219,4,recover,pouncer,-11.94,10.94,4.20
1220,1,strike,swarm,-16.10,12.46,0.47
1220,2,recover,swarm,-16.30,11.39,0.68
1220,3,advance,bruiser,-13.55,10.01,3.16
1220,4,recover,pouncer,-11.94,10.94,4.20
1221,1,strike,swarm,-16.35,12.58,0.68
1221,2,recover,swarm,-16.30,11.39,0.68
1221,3,advance,bruiser,-13.61,10.06,3.08
1221,4,recover,pouncer,-11.94,10.94,4.20
1222,1,recover,swarm,-16.39,12.59,0.71
1222,2,recover,swarm,-16.30,11.39,0.68
1222,3,advance,bruiser,-13.62,10.07,3.07
1222,4,recover,pouncer,-11.94,10.94,4.20
1223,1,recover,swarm,-16.39,12.59,0.71
1223,2,recover,swarm,-16.30,11.39,0.68
1223,3,advance,bruiser,-13.67,10.11,3.00
1223,4,recover,pouncer,-11.94,10.94,4.20
1224,1,recover,swarm,-16.39,12.59,0.71
1224,2,recover,swarm,-16.30,11.39,0.68
1224,3,advance,bruiser,-13.68,10.12,2.98
1224,4,recover,pouncer,-11.94,10.94,4.20
1225,1,recover,swarm,-16.39,12.59,0.71
1225,2,recover,swarm,-16.30,11.39,0.68
1225,3,advance,bruiser,-13.73,10.16,2.92
1225,4,recover,pouncer,-11.94,10.94,4.20
1226,1,recover,swarm,-16.39,12.59,0.71
1226,2,recover,swarm,-16.30,11.39,0.68
1226,3,advance,bruiser,-13.74,10.17,2.91
1226,4,recover,pouncer,-11.94,10.94,4.20
1227,1,recover,swarm,-16.39,12.59,0.71
1227,2,recover,swarm,-16.30,11.39,0.68
1227,3,advance,bruiser,-13.81,10.22,2.82
1227,4,recover,pouncer,-11.94,10.94,4.20
1228,1,recover,swarm,-16.39,12.59,0.71
1228,2,recover,swarm,-16.30,11.39,0.68
1228,3,advance,bruiser,-13.82,10.23,2.81
1228,4,stalk,pouncer,-11.94,10.94,4.20
1229,1,recover,swarm,-16.39,12.59,0.71
1229,2,recover,swarm,-16.30,11.39,0.68
1229,3,advance,bruiser,-13.86,10.27,2.75
1229,4,crouch,pouncer,-11.93,10.85,4.23
1230,1,recover,swarm,-16.39,12.59,0.71
1230,2,recover,swarm,-16.30,11.39,0.68
1230,3,advance,bruiser,-13.87,10.28,2.74
1230,4,crouch,pouncer,-11.93,10.85,4.23
1231,1,recover,swarm,-16.39,12.59,0.71
1231,2,recover,swarm,-16.30,11.39,0.68
1231,3,advance,bruiser,-13.91,10.31,2.68
1231,4,crouch,pouncer,-11.93,10.85,4.23
1232,1,recover,swarm,-16.39,12.59,0.71
1232,2,recover,swarm,-16.30,11.39,0.68
1232,3,advance,bruiser,-13.93,10.32,2.67
1232,4,crouch,pouncer,-11.93,10.85,4.23
1233,1,recover,swarm,-16.39,12.59,0.71
1233,2,recover,swarm,-16.30,11.39,0.68
1233,3,advance,bruiser,-13.99,10.37,2.59
1233,4,crouch,pouncer,-11.93,10.85,4.23
1234,1,recover,swarm,-16.39,12.59,0.71
1234,2,recover,swarm,-16.30,11.39,0.68
1234,3,advance,bruiser,-14.00,10.38,2.57
1234,4,crouch,pouncer,-11.93,10.85,4.23
1235,1,recover,swarm,-16.39,12.59,0.71
1235,2,recover,swarm,-16.30,11.39,0.68
1235,3,advance,bruiser,-14.04,10.41,2.52
1235,4,crouch,pouncer,-11.93,10.85,4.23
1236,1,recover,swarm,-16.39,12.59,0.71
1236,2,recover,swarm,-16.30,11.39,0.68
1236,3,advance,bruiser,-14.05,10.42,2.51
1236,4,crouch,pouncer,-11.93,10.85,4.23
1237,1,recover,swarm,-16.39,12.59,0.71
1237,2,recover,swarm,-16.30,11.39,0.68
1237,3,advance,bruiser,-14.10,10.46,2.45
1237,4,crouch,pouncer,-11.93,10.85,4.23
1238,1,recover,swarm,-16.39,12.59,0.71
1238,2,recover,swarm,-16.30,11.39,0.68
1238,3,windup,bruiser,-14.10,10.46,2.45
1238,4,crouch,pouncer,-11.93,10.85,4.23
1239,1,recover,swarm,-16.39,12.59,0.71
1239,2,recover,swarm,-16.30,11.39,0.68
1239,3,windup,bruiser,-14.10,10.46,2.45
1239,4,crouch,pouncer,-11.93,10.85,4.23
1240,1,recover,swarm,-16.39,12.59,0.71
1240,2,recover,swarm,-16.30,11.39,0.68
1240,3,windup,bruiser,-14.10,10.46,2.45
1240,4,crouch,pouncer,-11.93,10.85,4.23
1241,1,recover,swarm,-16.39,12.59,0.71
1241,2,recover,swarm,-16.30,11.39,0.68
1241,3,windup,bruiser,-14.10,10.46,2.45
1241,4,crouch,pouncer,-11.93,10.85,4.23
1242,1,recover,swarm,-16.39,12.59,0.71
1242,2,recover,swarm,-16.30,11.39,0.68
1242,3,windup,bruiser,-14.10,10.46,2.45
1242,4,crouch,pouncer,-11.93,10.85,4.23
1243,1,recover,swarm,-16.39,12.59,0.71
1243,2,recover,swarm,-16.30,11.39,0.68
1243,3,windup,bruiser,-14.10,10.46,2.45
1243,4,crouch,pouncer,-11.93,10.85,4.23
1244,1,recover,swarm,-16.39,12.59,0.71
1244,2,recover,swarm,-16.30,11.39,0.68
1244,3,windup,bruiser,-14.10,10.46,2.45
1244,4,crouch,pouncer,-11.93,10.85,4.23
1245,1,recover,swarm,-16.39,12.59,0.71
1245,2,recover,swarm,-16.30,11.39,0.68
1245,3,windup,bruiser,-14.10,10.46,2.45
1245,4,crouch,pouncer,-11.93,10.85,4.23
1246,1,recover,swarm,-16.39,12.59,0.71
1246,2,chase,swarm,-16.30,11.39,0.68
1246,3,windup,bruiser,-14.10,10.46,2.45
1246,4,crouch,pouncer,-11.93,10.85,4.23
1247,1,recover,swarm,-16.39,12.59,0.71
1247,2,windup,swarm,-16.30,11.39,0.68
1247,3,windup,bruiser,-14.10,10.46,2.45
1247,4,crouch,pouncer,-11.93,10.85,4.23
1248,1,recover,swarm,-16.39,12.59,0.71
1248,2,windup,swarm,-16.30,11.39,0.68
1248,3,windup,bruiser,-14.10,10.46,2.45
1248,4,crouch,pouncer,-11.93,10.85,4.23
1249,1,recover,swarm,-16.39,12.59,0.71
1249,2,windup,swarm,-16.30,11.39,0.68
1249,3,windup,bruiser,-14.10,10.46,2.45
1249,4,crouch,pouncer,-11.93,10.85,4.23
1250,1,recover,swarm,-16.39,12.59,0.71
1250,2,windup,swarm,-16.30,11.39,0.68
1250,3,windup,bruiser,-14.10,10.46,2.45
1250,4,crouch,pouncer,-11.93,10.85,4.23
1251,1,recover,swarm,-16.39,12.59,0.71
1251,2,windup,swarm,-16.30,11.39,0.68
1251,3,windup,bruiser,-14.10,10.46,2.45
1251,4,crouch,pouncer,-11.93,10.85,4.23
1252,1,recover,swarm,-16.39,12.59,0.71
1252,2,windup,swarm,-16.30,11.39,0.68
1252,3,windup,bruiser,-14.10,10.46,2.45
1252,4,pounce,pouncer,-11.93,10.85,4.23
1253,1,recover,swarm,-16.39,12.59,0.71
1253,2,windup,swarm,-16.30,11.39,0.68
1253,3,windup,bruiser,-14.10,10.46,2.45
1253,4,pounce,pouncer,-12.27,10.95,3.88
1254,1,recover,swarm,-16.39,12.59,0.71
1254,2,windup,swarm,-16.30,11.39,0.68
1254,3,windup,bruiser,-14.10,10.46,2.45
1254,4,pounce,pouncer,-12.32,10.96,3.83
1255,1,recover,swarm,-16.39,12.59,0.71
1255,2,windup,swarm,-16.30,11.39,0.68
1255,3,windup,bruiser,-14.10,10.46,2.45
1255,4,pounce,pouncer,-12.67,11.06,3.46
1256,1,chase,swarm,-16.39,12.59,0.71
1256,2,windup,swarm,-16.30,11.39,0.68
1256,3,windup,bruiser,-14.10,10.46,2.45
1256,4,pounce,pouncer,-12.71,11.07,3.42
1257,1,windup,swarm,-16.39,12.59,0.71
1257,2,windup,swarm,-16.30,11.39,0.68
1257,3,windup,bruiser,-14.10,10.46,2.45
1257,4,pounce,pouncer,-12.94,11.14,3.18
1258,1,windup,swarm,-16.39,12.59,0.71
1258,2,windup,swarm,-16.30,11.39,0.68
1258,3,windup,bruiser,-14.10,10.46,2.45
1258,4,pounce,pouncer,-12.99,11.15,3.13
1259,1,windup,swarm,-16.39,12.59,0.71
1259,2,windup,swarm,-16.30,11.39,0.68
1259,3,windup,bruiser,-14.10,10.46,2.45
1259,4,pounce,pouncer,-13.23,11.22,2.87
1260,1,windup,swarm,-16.39,12.59,0.71
1260,2,strike,swarm,-16.30,11.39,0.68
1260,3,windup,bruiser,-14.10,10.46,2.45
1260,4,pounce,pouncer,-13.28,11.25,2.83
1261,1,windup,swarm,-16.39,12.59,0.71
1261,2,strike,swarm,-16.23,11.50,0.55
1261,3,windup,bruiser,-14.10,10.46,2.45
1261,4,pounce,pouncer,-13.45,11.36,2.63
1262,1,windup,swarm,-16.39,12.59,0.71
1262,2,strike,swarm,-16.20,11.53,0.51
1262,3,windup,bruiser,-14.10,10.46,2.45
1262,4,pounce,pouncer,-13.49,11.40,2.58
1263,1,windup,swarm,-16.39,12.59,0.71
1263,2,strike,swarm,-16.11,11.61,0.41
1263,3,windup,bruiser,-14.10,10.46,2.45
1263,4,pounce,pouncer,-13.64,11.51,2.42
1264,1,windup,swarm,-16.39,12.59,0.71
1264,2,strike,swarm,-16.08,11.63,0.38
1264,3,windup,bruiser,-14.10,10.46,2.45
1264,4,pounce,pouncer,-13.68,11.53,2.37
1265,1,windup,swarm,-16.39,12.59,0.71
1265,2,strike,swarm,-15.96,11.70,0.31
1265,3,windup,bruiser,-14.10,10.46,2.45
1265,4,pounce,pouncer,-13.85,11.65,2.18
1266,1,windup,swarm,-16.39,12.59,0.71
1266,2,strike,swarm,-15.93,11.71,0.30
1266,3,windup,bruiser,-14.10,10.46,2.45
1266,4,pounce,pouncer,-13.90,11.67,2.13
1267,1,windup,swarm,-16.39,12.59,0.71
1267,2,strike,swarm,-15.78,11.78,0.31
1267,3,windup,bruiser,-14.10,10.46,2.45
1267,4,pounce,pouncer,-14.13,11.77,1.89
1268,1,windup,swarm,-16.39,12.59,0.71
1268,2,strike,swarm,-15.75,11.80,0.32
1268,3,windup,bruiser,-14.10,10.46,2.45
1268,4,pounce,pouncer,-14.17,11.78,1.84
1269,1,windup,swarm,-16.39,12.59,0.71
1269,2,strike,swarm,-15.64,11.86,0.38
1269,3,windup,bruiser,-14.10,10.46,2.45
1269,4,pounce,pouncer,-14.36,11.84,1.65
1270,1,windup,swarm,-16.39,12.59,0.71
1270,2,strike,swarm,-15.61,11.88,0.40
1270,3,windup,bruiser,-14.10,10.46,2.45
1270,4,pounce,pouncer,-14.41,11.85,1.60
1271,1,windup,swarm,-16.39,12.59,0.71
1271,2,strike,swarm,-15.52,11.97,0.48
1271,3,windup,bruiser,-14.10,10.46,2.45
1271,4,pounce,pouncer,-14.59,11.91,1.42
1272,1,windup,swarm,-16.39,12.59,0.71
1272,2,strike,swarm,-15.52,12.00,0.48
1272,3,windup,bruiser,-14.10,10.46,2.45
1272,4,pounce,pouncer,-14.62,11.94,1.38
1273,1,windup,swarm,-16.39,12.59,0.71
1273,2,strike,swarm,-15.51,12.14,0.51
1273,3,windup,bruiser,-14.10,10.46,2.45
1273,4,pounce,pouncer,-14.75,12.10,1.26
1274,1,strike,swarm,-16.39,12.59,0.71
1274,2,strike,swarm,-15.51,12.17,0.51
1274,3,windup,bruiser,-14.10,10.46,2.45
1274,4,recover,pouncer,-14.73,12.14,1.28
1275,1,strike,swarm,-16.41,12.32,0.52
1275,2,strike,swarm,-15.52,12.43,0.65
1275,3,windup,bruiser,-14.10,10.46,2.45
1275,4,recover,pouncer,-14.73,12.14,1.28
1276,1,strike,swarm,-16.41,12.30,0.51
1276,2,recover,swarm,-15.51,12.46,0.67
1276,3,strike,bruiser,-14.10,10.46,2.45
1276,4,recover,pouncer,-14.73,12.14,1.28
1277,1,strike,swarm,-16.44,12.15,0.47
1277,2,recover,swarm,-15.51,12.46,0.67
1277,3,strike,bruiser,-14.19,10.54,2.32
1277,4,recover,pouncer,-14.73,12.14,1.28
1278,1,strike,swarm,-16.44,12.11,0.46
1278,2,recover,swarm,-15.51,12.46,0.67
1278,3,strike,bruiser,-14.22,10.55,2.30
1278,4,recover,pouncer,-14.73,12.14,1.28
1279,1,strike,swarm,-16.45,11.93,0.45
1279,2,recover,swarm,-15.51,12.46,0.67
1279,3,strike,bruiser,-14.33,10.65,2.15
1279,4,recover,pouncer,-14.73,12.14,1.28
1280,1,strike,swarm,-16.44,11.90,0.45
1280,2,recover,swarm,-15.51,12.46,0.67
1280,3,strike,bruiser,-14.35,10.67,2.12
1280,4,recover,pouncer,-14.73,12.14,1.28
1281,1,strike,swarm,-16.42,11.76,0.48
1281,2,recover,swarm,-15.51,12.46,0.67
1281,3,strike,bruiser,-14.45,10.74,2.00
1281,4,recover,pouncer,-14.73,12.14,1.28
1282,1,strike,swarm,-16.40,11.73,0.49
1282,2,recover,swarm,-15.51,12.46,0.67
1282,3,strike,bruiser,-14.47,10.76,1.97
1282,4,recover,pouncer,-14.73,12.14,1.28
1283,1,strike,swarm,-16.36,11.59,0.54
1283,2,recover,swarm,-15.51,12.46,0.67
1283,3,strike,bruiser,-14.56,10.83,1.85
1283,4,recover,pouncer,-14.73,12.14,1.28
1284,1,strike,swarm,-16.35,11.57,0.56
1284,2,recover,swarm,-15.51,12.46,0.67
1284,3,strike,bruiser,-14.58,10.85,1.83
1284,4,recover,pouncer,-14.73,12.14,1.28
1285,1,strike,swarm,-16.27,11.41,0.65
1285,2,recover,swarm,-15.51,12.46,0.67
1285,3,strike,bruiser,-14.69,10.94,1.68
1285,4,recover,pouncer,-14.73,12.14,1.28
1286,1,strike,swarm,-16.26,11.39,0.67
1286,2,recover,swarm,-15.51,12.46,0.67
1286,3,strike,bruiser,-14.71,10.95,1.66
1286,4,recover,pouncer,-14.73,12.14,1.28
1287,1,strike,swarm,-16.17,11.26,0.76
1287,2,recover,swarm,-15.51,12.46,0.67
1287,3,strike,bruiser,-14.82,11.01,1.54
1287,4,recover,pouncer,-14.73,12.14,1.28
1288,1,recover,swarm,-16.16,11.24,0.78
1288,2,recover,swarm,-15.51,12.46,0.67
1288,3,strike,bruiser,-14.84,11.02,1.52
1288,4,recover,pouncer,-14.73,12.14,1.28
1289,1,recover,swarm,-16.16,11.24,0.78
1289,2,recover,swarm,-15.51,12.46,0.67
1289,3,strike,bruiser,-14.99,11.07,1.38
1289,4,recover,pouncer,-14.73,12.14,1.28
1290,1,recover,swarm,-16.16,11.24,0.78
1290,2,recover,swarm,-15.51,12.46,0.67
1290,3,strike,bruiser,-15.01,11.08,1.35
1290,4,recover,pouncer,-14.73,12.14,1.28
1291,1,recover,swarm,-16.16,11.24,0.78
1291,2,recover,swarm,-15.51,12.46,0.67
1291,3,strike,bruiser,-15.21,11.15,1.16
1291,4,recover,pouncer,-14.73,12.14,1.28
1292,1,recover,swarm,-16.16,11.24,0.78
1292,2,recover,swarm,-15.51,12.46,0.67
1292,3,strike,bruiser,-15.23,11.16,1.14
1292,4,recover,pouncer,-14.73,12.14,1.28
1293,1,recover,swarm,-16.16,11.24,0.78
1293,2,recover,swarm,-15.51,12.46,0.67
1293,3,strike,bruiser,-15.32,11.25,1.02
1293,4,recover,pouncer,-14.73,12.14,1.28
1294,1,recover,swarm,-16.16,11.24,0.78
1294,2,recover,swarm,-15.51,12.46,0.67
1294,3,recover,bruiser,-15.33,11.27,0.99
1294,4,recover,pouncer,-14.73,12.14,1.28
1295,1,recover,swarm,-16.16,11.24,0.78
1295,2,recover,swarm,-15.51,12.46,0.67
1295,3,recover,bruiser,-15.33,11.27,0.99
1295,4,recover,pouncer,-14.73,12.14,1.28
1296,1,recover,swarm,-16.16,11.24,0.78
1296,2,recover,swarm,-15.51,12.46,0.67
1296,3,recover,bruiser,-15.33,11.27,0.99
1296,4,recover,pouncer,-14.73,12.14,1.28
1297,1,recover,swarm,-16.16,11.24,0.78
1297,2,recover,swarm,-15.51,12.46,0.67
1297,3,recover,bruiser,-15.33,11.27,0.99
1297,4,recover,pouncer,-14.73,12.14,1.28
1298,1,recover,swarm,-16.16,11.24,0.78
1298,2,recover,swarm,-15.51,12.46,0.67
1298,3,recover,bruiser,-15.33,11.27,0.99
1298,4,recover,pouncer,-14.73,12.14,1.28
1299,1,recover,swarm,-16.16,11.24,0.78
1299,2,recover,swarm,-15.51,12.46,0.67
1299,3,recover,bruiser,-15.33,11.27,0.99
1299,4,recover,pouncer,-14.73,12.14,1.28
1300,1,recover,swarm,-16.16,11.24,0.78
1300,2,recover,swarm,-15.51,12.46,0.67
1300,3,recover,bruiser,-15.33,11.27,0.99
1300,4,recover,pouncer,-14.73,12.14,1.28
1301,1,recover,swarm,-16.16,11.24,0.78
1301,2,recover,swarm,-15.51,12.46,0.67
1301,3,recover,bruiser,-15.33,11.27,0.99
1301,4,recover,pouncer,-14.73,12.14,1.28
1302,1,recover,swarm,-16.16,11.24,0.78
1302,2,recover,swarm,-15.51,12.46,0.67
1302,3,recover,bruiser,-15.33,11.27,0.99
1302,4,recover,pouncer,-14.73,12.14,1.28
1303,1,recover,swarm,-16.16,11.24,0.78
1303,2,recover,swarm,-15.51,12.46,0.67
1303,3,recover,bruiser,-15.33,11.27,0.99
1303,4,recover,pouncer,-14.73,12.14,1.28
1304,1,recover,swarm,-16.16,11.24,0.78
1304,2,recover,swarm,-15.51,12.46,0.67
1304,3,recover,bruiser,-15.33,11.27,0.99
1304,4,recover,pouncer,-14.73,12.14,1.28
1305,1,recover,swarm,-16.16,11.24,0.78
1305,2,recover,swarm,-15.51,12.46,0.67
1305,3,recover,bruiser,-15.33,11.27,0.99
1305,4,recover,pouncer,-14.73,12.14,1.28
1306,1,recover,swarm,-16.16,11.24,0.78
1306,2,recover,swarm,-15.51,12.46,0.67
1306,3,recover,bruiser,-15.33,11.27,0.99
1306,4,recover,pouncer,-14.73,12.14,1.28
1307,1,recover,swarm,-16.16,11.24,0.78
1307,2,recover,swarm,-15.51,12.46,0.67
1307,3,recover,bruiser,-15.33,11.27,0.99
1307,4,recover,pouncer,-14.73,12.14,1.28
1308,1,recover,swarm,-16.16,11.24,0.78
1308,2,recover,swarm,-15.51,12.46,0.67
1308,3,recover,bruiser,-15.33,11.27,0.99
1308,4,recover,pouncer,-14.73,12.14,1.28
1309,1,recover,swarm,-16.16,11.24,0.78
1309,2,recover,swarm,-15.51,12.46,0.67
1309,3,recover,bruiser,-15.33,11.27,0.99
1309,4,recover,pouncer,-14.73,12.14,1.28
1310,1,recover,swarm,-16.16,11.24,0.78
1310,2,recover,swarm,-15.51,12.46,0.67
1310,3,recover,bruiser,-15.33,11.27,0.99
1310,4,recover,pouncer,-14.73,12.14,1.28
1311,1,recover,swarm,-16.16,11.24,0.78
1311,2,recover,swarm,-15.51,12.46,0.67
1311,3,recover,bruiser,-15.33,11.27,0.99
1311,4,recover,pouncer,-14.73,12.14,1.28
1312,1,recover,swarm,-16.16,11.24,0.78
1312,2,recover,swarm,-15.51,12.46,0.67
1312,3,recover,bruiser,-15.33,11.27,0.99
1312,4,recover,pouncer,-14.73,12.14,1.28
1313,1,recover,swarm,-16.16,11.24,0.78
1313,2,recover,swarm,-15.51,12.46,0.67
1313,3,recover,bruiser,-15.33,11.27,0.99
1313,4,recover,pouncer,-14.73,12.14,1.28
1314,1,recover,swarm,-16.16,11.24,0.78
1314,2,recover,swarm,-15.51,12.46,0.67
1314,3,recover,bruiser,-15.33,11.27,0.99
1314,4,recover,pouncer,-14.73,12.14,1.28
1315,1,recover,swarm,-16.16,11.24,0.78
1315,2,recover,swarm,-15.51,12.46,0.67
1315,3,recover,bruiser,-15.33,11.27,0.99
1315,4,recover,pouncer,-14.73,12.14,1.28
1316,1,recover,swarm,-16.16,11.24,0.78
1316,2,recover,swarm,-15.51,12.46,0.67
1316,3,recover,bruiser,-15.33,11.27,0.99
1316,4,recover,pouncer,-14.73,12.14,1.28
1317,1,recover,swarm,-16.16,11.24,0.78
1317,2,recover,swarm,-15.51,12.46,0.67
1317,3,recover,bruiser,-15.33,11.27,0.99
1317,4,recover,pouncer,-14.73,12.14,1.28
1318,1,recover,swarm,-16.16,11.24,0.78
1318,2,recover,swarm,-15.51,12.46,0.67
1318,3,recover,bruiser,-15.33,11.27,0.99
1318,4,recover,pouncer,-14.73,12.14,1.28
1319,1,recover,swarm,-16.16,11.24,0.78
1319,2,chase,swarm,-15.51,12.46,0.67
1319,3,recover,bruiser,-15.33,11.27,0.99
1319,4,recover,pouncer,-14.73,12.14,1.28
1320,1,recover,swarm,-16.16,11.24,0.78
1320,2,windup,swarm,-15.51,12.46,0.67
1320,3,recover,bruiser,-15.33,11.27,0.99
1320,4,recover,pouncer,-14.73,12.14,1.28
1321,1,recover,swarm,-16.16,11.24,0.78
1321,2,windup,swarm,-15.51,12.46,0.67
1321,3,recover,bruiser,-15.33,11.27,0.99
1321,4,recover,pouncer,-14.73,12.14,1.28
1322,1,recover,swarm,-16.16,11.24,0.78
1322,2,windup,swarm,-15.51,12.46,0.67
1322,3,recover,bruiser,-15.33,11.27,0.99
1322,4,recover,pouncer,-14.73,12.14,1.28
1323,1,recover,swarm,-16.16,11.24,0.78
1323,2,windup,swarm,-15.51,12.46,0.67
1323,3,recover,bruiser,-15.33,11.27,0.99
1323,4,recover,pouncer,-14.73,12.14,1.28
1324,1,recover,swarm,-16.16,11.24,0.78
1324,2,windup,swarm,-15.51,12.46,0.67
1324,3,recover,bruiser,-15.33,11.27,0.99
1324,4,recover,pouncer,-14.73,12.14,1.28
1325,1,recover,swarm,-16.16,11.24,0.78
1325,2,windup,swarm,-15.51,12.46,0.67
1325,3,recover,bruiser,-15.33,11.27,0.99
1325,4,recover,pouncer,-14.73,12.14,1.28
1326,1,recover,swarm,-16.16,11.24,0.78
1326,2,windup,swarm,-15.51,12.46,0.67
1326,3,recover,bruiser,-15.33,11.27,0.99
1326,4,recover,pouncer,-14.73,12.14,1.28
1327,1,recover,swarm,-16.16,11.24,0.78
1327,2,windup,swarm,-15.51,12.46,0.67
1327,3,recover,bruiser,-15.33,11.27,0.99
1327,4,recover,pouncer,-14.73,12.14,1.28
1328,1,recover,swarm,-16.16,11.24,0.78
1328,2,windup,swarm,-15.51,12.46,0.67
1328,3,recover,bruiser,-15.33,11.27,0.99
1328,4,recover,pouncer,-14.73,12.14,1.28
1329,1,recover,swarm,-16.16,11.24,0.78
1329,2,windup,swarm,-15.51,12.46,0.67
1329,3,recover,bruiser,-15.33,11.27,0.99
1329,4,recover,pouncer,-14.73,12.14,1.28
1330,1,recover,swarm,-16.16,11.24,0.78
1330,2,windup,swarm,-15.51,12.46,0.67
1330,3,recover,bruiser,-15.33,11.27,0.99
1330,4,recover,pouncer,-14.73,12.14,1.28
1331,1,recover,swarm,-16.16,11.24,0.78
1331,2,windup,swarm,-15.51,12.46,0.67
1331,3,recover,bruiser,-15.33,11.27,0.99
1331,4,recover,pouncer,-14.73,12.14,1.28
1332,1,chase,swarm,-16.16,11.24,0.78
1332,2,windup,swarm,-15.51,12.46,0.67
1332,3,recover,bruiser,-15.33,11.27,0.99
1332,4,recover,pouncer,-14.73,12.14,1.28
1333,1,windup,swarm,-16.16,11.24,0.78
1333,2,windup,swarm,-15.51,12.46,0.67
1333,3,recover,bruiser,-15.33,11.27,0.99
1333,4,recover,pouncer,-14.73,12.14,1.28
1334,1,windup,swarm,-16.16,11.24,0.78
1334,2,windup,swarm,-15.51,12.46,0.67
1334,3,recover,bruiser,-15.33,11.27,0.99
1334,4,recover,pouncer,-14.73,12.14,1.28
1335,1,windup,swarm,-16.16,11.24,0.78
1335,2,windup,swarm,-15.51,12.46,0.67
1335,3,recover,bruiser,-15.33,11.27,0.99
1335,4,recover,pouncer,-14.73,12.14,1.28
1336,1,windup,swarm,-16.16,11.24,0.78
1336,2,windup,swarm,-15.51,12.46,0.67
1336,3,recover,bruiser,-15.33,11.27,0.99
1336,4,recover,pouncer,-14.73,12.14,1.28
1337,1,windup,swarm,-16.16,11.24,0.78
1337,2,strike,swarm,-15.51,12.46,0.67
1337,3,recover,bruiser,-15.33,11.27,0.99
1337,4,recover,pouncer,-14.73,12.14,1.28
1338,1,windup,swarm,-16.16,11.24,0.78
1338,2,strike,swarm,-15.54,12.46,0.65
1338,3,recover,bruiser,-15.33,11.27,0.99
1338,4,recover,pouncer,-14.73,12.14,1.28
1339,1,windup,swarm,-16.16,11.24,0.78
1339,2,strike,swarm,-17.03,12.27,1.07
1339,3,recover,bruiser,-15.33,11.27,0.99
1339,4,recover,pouncer,-14.73,12.14,1.28
1340,1,strike,swarm,-16.16,11.24,0.78
1340,2,recover,swarm,-17.05,12.25,1.08
1340,3,recover,bruiser,-15.33,11.27,0.99
1340,4,stalk,pouncer,-14.73,12.14,1.28
1341,1,strike,swarm,-16.25,11.36,0.69
1341,2,recover,swarm,-17.05,12.25,1.08
1341,3,recover,bruiser,-15.33,11.27,0.99
1341,4,crouch,pouncer,-14.69,12.20,1.33
1342,1,strike,swarm,-16.27,11.40,0.66
1342,2,recover,swarm,-17.05,12.25,1.08
1342,3,recover,bruiser,-15.33,11.27,0.99
1342,4,crouch,pouncer,-14.69,12.20,1.33
1343,1,strike,swarm,-16.31,11.52,0.58
1343,2,recover,swarm,-17.05,12.25,1.08
1343,3,recover,bruiser,-15.33,11.27,0.99
1343,4,crouch,pouncer,-14.69,12.20,1.33
1344,1,strike,swarm,-16.31,11.55,0.55
1344,2,recover,swarm,-17.05,12.25,1.08
1344,3,recover,bruiser,-15.33,11.27,0.99
1344,4,crouch,pouncer,-14.69,12.20,1.33
1345,1,strike,swarm,-16.30,11.64,0.47
1345,2,recover,swarm,-17.05,12.25,1.08
1345,3,recover,bruiser,-15.33,11.27,0.99
1345,4,crouch,pouncer,-14.69,12.20,1.33
1346,1,strike,swarm,-16.29,11.67,0.44
1346,2,recover,swarm,-17.05,12.25,1.08
1346,3,recover,bruiser,-15.33,11.27,0.99
1346,4,crouch,pouncer,-14.69,12.20,1.33
1347,1,strike,swarm,-16.26,11.77,0.35
1347,2,recover,swarm,-17.05,12.25,1.08
1347,3,recover,bruiser,-15.33,11.27,0.99
1347,4,crouch,pouncer,-14.69,12.20,1.33
1348,1,strike,swarm,-16.24,11.80,0.32
1348,2,recover,swarm,-17.05,12.25,1.08
1348,3,recover,bruiser,-15.33,11.27,0.99
1348,4,crouch,pouncer,-14.69,12.20,1.33
1349,1,strike,swarm,-16.19,11.92,0.20
1349,2,recover,swarm,-17.05,12.25,1.08
1349,3,recover,bruiser,-15.33,11.27,0.99
1349,4,crouch,pouncer,-14.69,12.20,1.33
1350,1,strike,swarm,-16.17,11.94,0.18
1350,2,recover,swarm,-17.05,12.25,1.08
1350,3,advance,bruiser,-15.33,11.27,0.99
1350,4,crouch,pouncer,-14.69,12.20,1.33
1351,1,strike,swarm,-16.12,12.05,0.12
1351,2,recover,swarm,-17.05,12.25,1.08
1351,3,windup,bruiser,-15.33,11.27,0.99
1351,4,crouch,pouncer,-14.69,12.20,1.33
1352,1,strike,swarm,-16.10,12.08,0.13
1352,2,recover,swarm,-17.05,12.25,1.08
1352,3,windup,bruiser,-15.33,11.27,0.99
1352,4,crouch,pouncer,-14.69,12.20,1.33
1353,1,strike,swarm,-16.06,12.15,0.17
1353,2,recover,swarm,-17.05,12.25,1.08
1353,3,windup,bruiser,-15.33,11.27,0.99
1353,4,crouch,pouncer,-14.69,12.20,1.33
1354,1,strike,swarm,-16.01,12.25,0.25
1354,2,recover,swarm,-17.05,12.25,1.08
1354,3,windup,bruiser,-15.33,11.27,0.99
1354,4,crouch,pouncer,-14.69,12.20,1.33
1355,1,strike,swarm,-15.97,12.33,0.34
1355,2,recover,swarm,-17.05,12.25,1.08
1355,3,windup,bruiser,-15.33,11.27,0.99
1355,4,crouch,pouncer,-14.69,12.20,1.33
1356,1,strike,swarm,-15.92,12.43,0.43
1356,2,recover,swarm,-17.05,12.25,1.08
1356,3,windup,bruiser,-15.33,11.27,0.99
1356,4,crouch,pouncer,-14.69,12.20,1.33
1357,1,recover,swarm,-15.89,12.52,0.53
1357,2,recover,swarm,-17.05,12.25,1.08
1357,3,windup,bruiser,-15.33,11.27,0.99
1357,4,crouch,pouncer,-14.69,12.20,1.33
1358,1,recover,swarm,-15.89,12.52,0.53
1358,2,recover,swarm,-17.05,12.25,1.08
1358,3,windup,bruiser,-15.33,11.27,0.99
1358,4,crouch,pouncer,-14.69,12.20,1.33
1359,1,recover,swarm,-15.89,12.52,0.53
1359,2,recover,swarm,-17.05,12.25,1.08
1359,3,windup,bruiser,-15.33,11.27,0.99
1359,4,crouch,pouncer,-14.69,12.20,1.33
1360,1,recover,swarm,-15.89,12.52,0.53
1360,2,recover,swarm,-17.05,12.25,1.08
1360,3,windup,bruiser,-15.33,11.27,0.99
1360,4,crouch,pouncer,-14.69,12.20,1.33
1361,1,recover,swarm,-15.89,12.52,0.53
1361,2,recover,swarm,-17.05,12.25,1.08
1361,3,windup,bruiser,-15.33,11.27,0.99
1361,4,crouch,pouncer,-14.69,12.20,1.33
1362,1,recover,swarm,-15.89,12.52,0.53
1362,2,recover,swarm,-17.05,12.25,1.08
1362,3,windup,bruiser,-15.33,11.27,0.99
1362,4,crouch,pouncer,-14.69,12.20,1.33
1363,1,recover,swarm,-15.89,12.52,0.53
1363,2,recover,swarm,-17.05,12.25,1.08
1363,3,windup,bruiser,-15.33,11.27,0.99
1363,4,crouch,pouncer,-14.69,12.20,1.33
1364,1,recover,swarm,-15.89,12.52,0.53
1364,2,recover,swarm,-17.05,12.25,1.08
1364,3,windup,bruiser,-15.33,11.27,0.99
1364,4,crouch,pouncer,-14.69,12.20,1.33
1365,1,recover,swarm,-15.89,12.52,0.53
1365,2,recover,swarm,-17.05,12.25,1.08
1365,3,windup,bruiser,-15.33,11.27,0.99
1365,4,crouch,pouncer,-14.69,12.20,1.33
1366,1,recover,swarm,-15.89,12.52,0.53
1366,2,recover,swarm,-17.05,12.25,1.08
1366,3,windup,bruiser,-15.33,11.27,0.99
1366,4,crouch,pouncer,-14.69,12.20,1.33
1367,1,recover,swarm,-15.89,12.52,0.53
1367,2,recover,swarm,-17.05,12.25,1.08
1367,3,windup,bruiser,-15.33,11.27,0.99
1367,4,crouch,pouncer,-14.69,12.20,1.33
1368,1,recover,swarm,-15.89,12.52,0.53
1368,2,recover,swarm,-17.05,12.25,1.08
1368,3,windup,bruiser,-15.33,11.27,0.99
1368,4,crouch,pouncer,-14.69,12.20,1.33
1369,1,recover,swarm,-15.89,12.52,0.53
1369,2,recover,swarm,-17.05,12.25,1.08
1369,3,windup,bruiser,-15.33,11.27,0.99
1369,4,crouch,pouncer,-14.69,12.20,1.33
1370,1,recover,swarm,-15.89,12.52,0.53
1370,2,recover,swarm,-17.05,12.25,1.08
1370,3,windup,bruiser,-15.33,11.27,0.99
1370,4,crouch,pouncer,-14.69,12.20,1.33
1371,1,recover,swarm,-15.89,12.52,0.53
1371,2,recover,swarm,-17.05,12.25,1.08
1371,3,windup,bruiser,-15.33,11.27,0.99
1371,4,pounce,pouncer,-14.69,12.20,1.33
1372,1,recover,swarm,-15.89,12.52,0.53
1372,2,recover,swarm,-17.05,12.25,1.08
1372,3,windup,bruiser,-15.33,11.27,0.99
1372,4,pounce,pouncer,-14.84,12.22,1.18
1373,1,recover,swarm,-15.89,12.52,0.53
1373,2,recover,swarm,-17.05,12.25,1.08
1373,3,windup,bruiser,-15.33,11.27,0.99
1373,4,pounce,pouncer,-14.98,12.27,1.06
1374,1,recover,swarm,-15.89,12.52,0.53
1374,2,recover,swarm,-17.05,12.25,1.08
1374,3,windup,bruiser,-15.33,11.27,0.99
1374,4,pounce,pouncer,-15.10,12.37,0.97
1375,1,recover,swarm,-15.89,12.52,0.53
1375,2,recover,swarm,-17.05,12.25,1.08
1375,3,windup,bruiser,-15.33,11.27,0.99
1375,4,pounce,pouncer,-14.96,12.38,1.11
1376,1,recover,swarm,-15.89,12.52,0.53
1376,2,recover,swarm,-17.05,12.25,1.08
1376,3,windup,bruiser,-15.33,11.27,0.99
1376,4,pounce,pouncer,-15.11,12.37,0.96
1377,1,recover,swarm,-15.89,12.52,0.53
1377,2,recover,swarm,-17.05,12.25,1.08
1377,3,windup,bruiser,-15.33,11.27,0.99
1377,4,pounce,pouncer,-14.96,12.38,1.11
1378,1,recover,swarm,-15.89,12.52,0.53
1378,2,recover,swarm,-17.05,12.25,1.08
1378,3,windup,bruiser,-15.33,11.27,0.99
1378,4,pounce,pouncer,-15.11,12.37,0.96
1379,1,recover,swarm,-15.89,12.52,0.53
1379,2,recover,swarm,-17.05,12.25,1.08
1379,3,windup,bruiser,-15.33,11.27,0.99
1379,4,pounce,pouncer,-14.96,12.38,1.11
1380,1,recover,swarm,-15.89,12.52,0.53
1380,2,recover,swarm,-17.05,12.25,1.08
1380,3,windup,bruiser,-15.33,11.27,0.99
1380,4,pounce,pouncer,-15.11,12.36,0.96
1381,1,recover,swarm,-15.89,12.52,0.53
1381,2,recover,swarm,-17.05,12.25,1.08
1381,3,windup,bruiser,-15.33,11.27,0.99
1381,4,pounce,pouncer,-14.97,12.37,1.09
1382,1,recover,swarm,-15.89,12.52,0.53
1382,2,recover,swarm,-17.05,12.25,1.08
1382,3,windup,bruiser,-15.33,11.27,0.99
1382,4,pounce,pouncer,-15.13,12.37,0.94
1383,1,recover,swarm,-15.89,12.52,0.53
1383,2,recover,swarm,-17.05,12.25,1.08
1383,3,windup,bruiser,-15.33,11.27,0.99
1383,4,pounce,pouncer,-14.99,12.37,1.08
1384,1,recover,swarm,-15.89,12.52,0.53
1384,2,recover,swarm,-17.05,12.25,1.08
1384,3,windup,bruiser,-15.33,11.27,0.99
1384,4,pounce,pouncer,-15.14,12.37,0.93
1385,1,recover,swarm,-15.89,12.52,0.53
1385,2,recover,swarm,-17.05,12.25,1.08
1385,3,windup,bruiser,-15.33,11.27,0.99
1385,4,pounce,pouncer,-15.00,12.37,1.07
1386,1,recover,swarm,-15.89,12.52,0.53
1386,2,chase,swarm,-17.05,12.25,1.08
1386,3,windup,bruiser,-15.33,11.27,0.99
1386,4,pounce,pouncer,-15.15,12.37,0.93
1387,1,recover,swarm,-15.89,12.52,0.53
1387,2,windup,swarm,-17.05,12.25,1.08
1387,3,windup,bruiser,-15.33,11.27,0.99
1387,4,pounce,pouncer,-15.00,12.36,1.06
1388,1,recover,swarm,-15.89,12.52,0.53
1388,2,windup,swarm,-17.05,12.25,1.08
1388,3,windup,bruiser,-15.33,11.27,0.99
1388,4,pounce,pouncer,-15.15,12.37,0.92
1389,1,recover,swarm,-15.89,12.52,0.53
1389,2,windup,swarm,-17.05,12.25,1.08
1389,3,windup,bruiser,-15.33,11.27,0.99
1389,4,pounce,pouncer,-15.01,12.36,1.06
1390,1,recover,swarm,-15.89,12.52,0.53
1390,2,windup,swarm,-17.05,12.25,1.08
1390,3,windup,bruiser,-15.33,11.27,0.99
1390,4,pounce,pouncer,-15.16,12.38,0.92
1391,1,recover,swarm,-15.89,12.52,0.53
1391,2,windup,swarm,-17.05,12.25,1.08
1391,3,strike,bruiser,-15.33,11.27,0.99
1391,4,pounce,pouncer,-15.01,12.36,1.05
1392,1,recover,swarm,-15.89,12.52,0.53
1392,2,windup,swarm,-17.05,12.25,1.08
1392,3,strike,bruiser,-15.41,11.31,0.91
1392,4,recover,pouncer,-15.17,12.38,0.92
1393,1,recover,swarm,-15.89,12.52,0.53
1393,2,windup,swarm,-17.05,12.25,1.08
1393,3,strike,bruiser,-15.48,11.34,0.84
1393,4,recover,pouncer,-15.17,12.38,0.92
1394,1,recover,swarm,-15.89,12.52,0.53
1394,2,windup,swarm,-17.05,12.25,1.08
1394,3,strike,bruiser,-15.57,11.37,0.77
1394,4,recover,pouncer,-15.17,12.38,0.92
1395,1,recover,swarm,-15.89,12.52,0.53
1395,2,windup,swarm,-17.05,12.25,1.08
1395,3,strike,bruiser,-15.64,11.38,0.71
1395,4,recover,pouncer,-15.17,12.38,0.92
1396,1,recover,swarm,-15.89,12.52,0.53
1396,2,windup,swarm,-17.05,12.25,1.08
1396,3,strike,bruiser,-15.73,11.39,0.66
1396,4,recover,pouncer,-15.17,12.38,0.92
1397,1,recover,swarm,-15.89,12.52,0.53
1397,2,windup,swarm,-17.05,12.25,1.08
1397,3,strike,bruiser,-15.81,11.41,0.62
1397,4,recover,pouncer,-15.17,12.38,0.92
1398,1,recover,swarm,-15.89,12.52,0.53
1398,2,windup,swarm,-17.05,12.25,1.08
1398,3,strike,bruiser,-15.89,11.42,0.59
1398,4,recover,pouncer,-15.17,12.38,0.92
1399,1,chase,swarm,-15.89,12.52,0.53
1399,2,windup,swarm,-17.05,12.25,1.08
1399,3,strike,bruiser,-15.97,11.44,0.56
1399,4,recover,pouncer,-15.17,12.38,0.92
1400,1,windup,swarm,-15.89,12.52,0.53
1400,2,windup,swarm,-17.05,12.25,1.08
1400,3,strike,bruiser,-16.05,11.46,0.54
1400,4,recover,pouncer,-15.17,12.38,0.92
1401,1,windup,swarm,-15.89,12.52,0.53
1401,2,windup,swarm,-17.05,12.25,1.08
1401,3,strike,bruiser,-16.14,11.49,0.53
1401,4,recover,pouncer,-15.17,12.38,0.92
1402,1,windup,swarm,-15.89,12.52,0.53
1402,2,strike,swarm,-17.05,12.25,1.08
1402,3,strike,bruiser,-16.22,11.50,0.54
1402,4,recover,pouncer,-15.17,12.38,0.92
1403,1,windup,swarm,-15.89,12.52,0.53
1403,2,strike,swarm,-16.96,12.24,0.99
1403,3,strike,bruiser,-16.30,11.51,0.57
1403,4,recover,pouncer,-15.17,12.38,0.92
1404,1,windup,swarm,-15.89,12.52,0.53
1404,2,strike,swarm,-16.88,12.31,0.93
1404,3,strike,bruiser,-16.38,11.49,0.64
1404,4,recover,pouncer,-15.17,12.38,0.92
1405,1,windup,swarm,-15.89,12.52,0.53
1405,2,strike,swarm,-16.85,12.40,0.94
1405,3,strike,bruiser,-16.46,11.47,0.70
1405,4,recover,pouncer,-15.17,12.38,0.92
1406,1,windup,swarm,-15.89,12.52,0.53
1406,2,strike,swarm,-16.81,12.49,0.95
1406,3,strike,bruiser,-16.54,11.47,0.76
1406,4,recover,pouncer,-15.17,12.38,0.92
1407,1,windup,swarm,-15.89,12.52,0.53
1407,2,strike,swarm,-16.77,12.59,0.97
1407,3,strike,bruiser,-16.62,11.49,0.80
1407,4,recover,pouncer,-15.17,12.38,0.92
1408,1,windup,swarm,-15.89,12.52,0.53
1408,2,strike,swarm,-16.73,12.68,1.00
1408,3,recover,bruiser,-16.70,11.53,0.85
1408,4,recover,pouncer,-15.17,12.38,0.92
1409,1,windup,swarm,-15.89,12.52,0.53
1409,2,strike,swarm,-16.69,12.77,1.03
1409,3,recover,bruiser,-16.70,11.53,0.85
1409,4,recover,pouncer,-15.17,12.38,0.92
1410,1,windup,swarm,-15.89,12.52,0.53
1410,2,strike,swarm,-16.63,12.86,1.07
1410,3,recover,bruiser,-16.70,11.53,0.85
1410,4,recover,pouncer,-15.17,12.38,0.92
1411,1,windup,swarm,-15.89,12.52,0.53
1411,2,strike,swarm,-16.58,12.95,1.11
1411,3,recover,bruiser,-16.70,11.53,0.85
1411,4,recover,pouncer,-15.17,12.38,0.92
1412,1,windup,swarm,-15.89,12.52,0.53
1412,2,strike,swarm,-16.48,13.12,1.22
1412,3,recover,bruiser,-16.70,11.53,0.85
1412,4,recover,pouncer,-15.17,12.38,0.92
1413,1,windup,swarm,-15.89,12.52,0.53
1413,2,strike,swarm,-16.46,13.15,1.24
1413,3,recover,bruiser,-16.70,11.53,0.85
1413,4,recover,pouncer,-15.17,12.38,0.92
1414,1,windup,swarm,-15.89,12.52,0.53
1414,2,strike,swarm,-16.37,13.25,1.31
1414,3,recover,bruiser,-16.70,11.53,0.85
1414,4,recover,pouncer,-15.17,12.38,0.92
1415,1,strike,swarm,-15.89,12.52,0.53
1415,2,recover,swarm,-16.35,13.27,1.32
1415,3,recover,bruiser,-16.70,11.53,0.85
1415,4,recover,pouncer,-15.17,12.38,0.92
1416,1,strike,swarm,-15.99,12.35,0.35
1416,2,recover,swarm,-16.35,13.27,1.32
1416,3,recover,bruiser,-16.70,11.53,0.85
1416,4,recover,pouncer,-15.17,12.38,0.92
1417,1,strike,swarm,-16.00,12.33,0.33
1417,2,recover,swarm,-16.35,13.27,1.32
1417,3,recover,bruiser,-16.70,11.53,0.85
1417,4,recover,pouncer,-15.17,12.38,0.92
1418,1,strike,swarm,-16.08,12.18,0.19
1418,2,recover,swarm,-16.35,13.27,1.32
1418,3,recover,bruiser,-16.70,11.53,0.85
1418,4,recover,pouncer,-15.17,12.38,0.92
1419,1,strike,swarm,-16.08,12.15,0.17
1419,2,recover,swarm,-16.35,13.27,1.32
1419,3,recover,bruiser,-16.70,11.53,0.85
1419,4,recover,pouncer,-15.17,12.38,0.92
1420,1,strike,swarm,-16.12,12.02,0.12
1420,2,recover,swarm,-16.35,13.27,1.32
1420,3,recover,bruiser,-16.70,11.53,0.85
1420,4,recover,pouncer,-15.17,12.38,0.92
1421,1,strike,swarm,-16.12,11.98,0.12
1421,2,recover,swarm,-16.35,13.27,1.32
1421,3,recover,bruiser,-16.70,11.53,0.85
1421,4,recover,pouncer,-15.17,12.38,0.92
1422,1,strike,swarm,-16.05,11.79,0.21
1422,2,recover,swarm,-16.35,13.27,1.32
1422,3,recover,bruiser,-16.70,11.53,0.85
1422,4,recover,pouncer,-15.17,12.38,0.92
1423,1,strike,swarm,-16.04,11.77,0.23
1423,2,recover,swarm,-16.35,13.27,1.32
1423,3,recover,bruiser,-16.70,11.53,0.85
1423,4,recover,pouncer,-15.17,12.38,0.92
1424,1,strike,swarm,-15.96,11.65,0.35
1424,2,recover,swarm,-16.35,13.27,1.32
1424,3,recover,bruiser,-16.70,11.53,0.85
1424,4,recover,pouncer,-15.17,12.38,0.92
1425,1,strike,swarm,-15.95,11.61,0.39
1425,2,recover,swarm,-16.35,13.27,1.32
1425,3,recover,bruiser,-16.70,11.53,0.85
1425,4,recover,pouncer,-15.17,12.38,0.92
1426,1,strike,swarm,-15.88,11.48,0.53
1426,2,recover,swarm,-16.35,13.27,1.32
1426,3,recover,bruiser,-16.70,11.53,0.85
1426,4,recover,pouncer,-15.17,12.38,0.92
1427,1,strike,swarm,-15.86,11.44,0.58
1427,2,recover,swarm,-16.35,13.27,1.32
1427,3,recover,bruiser,-16.70,11.53,0.85
1427,4,recover,pouncer,-15.17,12.38,0.92
1428,1,strike,swarm,-15.81,11.32,0.70
1428,2,recover,swarm,-16.35,13.27,1.32
1428,3,recover,bruiser,-16.70,11.53,0.85
1428,4,recover,pouncer,-15.17,12.38,0.92
1429,1,recover,swarm,-15.79,11.26,0.77
1429,2,recover,swarm,-16.35,13.27,1.32
1429,3,recover,bruiser,-16.70,11.53,0.85
1429,4,recover,pouncer,-15.17,12.38,0.92
1430,1,recover,swarm,-15.79,11.26,0.77
1430,2,recover,swarm,-16.35,13.27,1.32
1430,3,recover,bruiser,-16.70,11.53,0.85
1430,4,recover,pouncer,-15.17,12.38,0.92
1431,1,recover,swarm,-15.79,11.26,0.77
1431,2,recover,swarm,-16.35,13.27,1.32
1431,3,recover,bruiser,-16.70,11.53,0.85
1431,4,recover,pouncer,-15.17,12.38,0.92
1432,1,recover,swarm,-15.79,11.26,0.77
1432,2,recover,swarm,-16.35,13.27,1.32
1432,3,recover,bruiser,-16.70,11.53,0.85
1432,4,recover,pouncer,-15.17,12.38,0.92
1433,1,recover,swarm,-15.79,11.26,0.77
1433,2,recover,swarm,-16.35,13.27,1.32
1433,3,recover,bruiser,-16.70,11.53,0.85
1433,4,recover,pouncer,-15.17,12.38,0.92
1434,1,recover,swarm,-15.79,11.26,0.77
1434,2,recover,swarm,-16.35,13.27,1.32
1434,3,recover,bruiser,-16.70,11.53,0.85
1434,4,recover,pouncer,-15.17,12.38,0.92
1435,1,recover,swarm,-15.79,11.26,0.77
1435,2,recover,swarm,-16.35,13.27,1.32
1435,3,recover,bruiser,-16.70,11.53,0.85
1435,4,recover,pouncer,-15.17,12.38,0.92
1436,1,recover,swarm,-15.79,11.26,0.77
1436,2,recover,swarm,-16.35,13.27,1.32
1436,3,recover,bruiser,-16.70,11.53,0.85
1436,4,recover,pouncer,-15.17,12.38,0.92
1437,1,recover,swarm,-15.79,11.26,0.77
1437,2,recover,swarm,-16.35,13.27,1.32
1437,3,recover,bruiser,-16.70,11.53,0.85
1437,4,recover,pouncer,-15.17,12.38,0.92
1438,1,recover,swarm,-15.79,11.26,0.77
1438,2,recover,swarm,-16.35,13.27,1.32
1438,3,recover,bruiser,-16.70,11.53,0.85
1438,4,recover,pouncer,-15.17,12.38,0.92
1439,1,recover,swarm,-15.79,11.26,0.77
1439,2,recover,swarm,-16.35,13.27,1.32
1439,3,recover,bruiser,-16.70,11.53,0.85
1439,4,recover,pouncer,-15.17,12.38,0.92
1440,1,recover,swarm,-15.79,11.26,0.77
1440,2,recover,swarm,-16.35,13.27,1.32
1440,3,recover,bruiser,-16.70,11.53,0.85
1440,4,recover,pouncer,-15.17,12.38,0.92
1441,1,recover,swarm,-15.79,11.26,0.77
1441,2,recover,swarm,-16.35,13.27,1.32
1441,3,recover,bruiser,-16.70,11.53,0.85
1441,4,recover,pouncer,-15.17,12.38,0.92
1442,1,recover,swarm,-15.79,11.26,0.77
1442,2,recover,swarm,-16.35,13.27,1.32
1442,3,recover,bruiser,-16.70,11.53,0.85
1442,4,recover,pouncer,-15.17,12.38,0.92
1443,1,recover,swarm,-15.79,11.26,0.77
1443,2,recover,swarm,-16.35,13.27,1.32
1443,3,recover,bruiser,-16.70,11.53,0.85
1443,4,recover,pouncer,-15.17,12.38,0.92
1444,1,recover,swarm,-15.79,11.26,0.77
1444,2,recover,swarm,-16.35,13.27,1.32
1444,3,recover,bruiser,-16.70,11.53,0.85
1444,4,recover,pouncer,-15.17,12.38,0.92
1445,1,recover,swarm,-15.79,11.26,0.77
1445,2,recover,swarm,-16.35,13.27,1.32
1445,3,recover,bruiser,-16.70,11.53,0.85
1445,4,recover,pouncer,-15.17,12.38,0.92
1446,1,recover,swarm,-15.79,11.26,0.77
1446,2,recover,swarm,-16.35,13.27,1.32
1446,3,recover,bruiser,-16.70,11.53,0.85
1446,4,recover,pouncer,-15.17,12.38,0.92
1447,1,recover,swarm,-15.79,11.26,0.77
1447,2,recover,swarm,-16.35,13.27,1.32
1447,3,recover,bruiser,-16.70,11.53,0.85
1447,4,recover,pouncer,-15.17,12.38,0.92
1448,1,recover,swarm,-15.79,11.26,0.77
1448,2,recover,swarm,-16.35,13.27,1.32
1448,3,recover,bruiser,-16.70,11.53,0.85
1448,4,recover,pouncer,-15.17,12.38,0.92
1449,1,recover,swarm,-15.79,11.26,0.77
1449,2,recover,swarm,-16.35,13.27,1.32
1449,3,recover,bruiser,-16.70,11.53,0.85
1449,4,recover,pouncer,-15.17,12.38,0.92
1450,1,recover,swarm,-15.79,11.26,0.77
1450,2,recover,swarm,-16.35,13.27,1.32
1450,3,recover,bruiser,-16.70,11.53,0.85
1450,4,recover,pouncer,-15.17,12.38,0.92
1451,1,recover,swarm,-15.79,11.26,0.77
1451,2,recover,swarm,-16.35,13.27,1.32
1451,3,recover,bruiser,-16.70,11.53,0.85
1451,4,recover,pouncer,-15.17,12.38,0.92
1452,1,recover,swarm,-15.79,11.26,0.77
1452,2,recover,swarm,-16.35,13.27,1.32
1452,3,recover,bruiser,-16.70,11.53,0.85
1452,4,recover,pouncer,-15.17,12.38,0.92
1453,1,recover,swarm,-15.79,11.26,0.77
1453,2,recover,swarm,-16.35,13.27,1.32
1453,3,recover,bruiser,-16.70,11.53,0.85
1453,4,recover,pouncer,-15.17,12.38,0.92
1454,1,recover,swarm,-15.79,11.26,0.77
1454,2,recover,swarm,-16.35,13.27,1.32
1454,3,recover,bruiser,-16.70,11.53,0.85
1454,4,recover,pouncer,-15.17,12.38,0.92
1455,1,recover,swarm,-15.79,11.26,0.77
1455,2,recover,swarm,-16.35,13.27,1.32
1455,3,recover,bruiser,-16.70,11.53,0.85
1455,4,recover,pouncer,-15.17,12.38,0.92
1456,1,recover,swarm,-15.79,11.26,0.77
1456,2,recover,swarm,-16.35,13.27,1.32
1456,3,recover,bruiser,-16.70,11.53,0.85
1456,4,recover,pouncer,-15.17,12.38,0.92
1457,1,recover,swarm,-15.79,11.26,0.77
1457,2,recover,swarm,-16.35,13.27,1.32
1457,3,recover,bruiser,-16.70,11.53,0.85
1457,4,recover,pouncer,-15.17,12.38,0.92
1458,1,recover,swarm,-15.79,11.26,0.77
1458,2,chase,swarm,-16.35,13.27,1.32
1458,3,recover,bruiser,-16.70,11.53,0.85
1458,4,recover,pouncer,-15.17,12.38,0.92
1459,1,recover,swarm,-15.79,11.26,0.77
1459,2,windup,swarm,-16.35,13.27,1.32
1459,3,recover,bruiser,-16.70,11.53,0.85
1459,4,recover,pouncer,-15.17,12.38,0.92
1460,1,recover,swarm,-15.79,11.26,0.77
1460,2,windup,swarm,-16.35,13.27,1.32
1460,3,recover,bruiser,-16.70,11.53,0.85
1460,4,recover,pouncer,-15.17,12.38,0.92
1461,1,recover,swarm,-15.79,11.26,0.77
1461,2,windup,swarm,-16.35,13.27,1.32
1461,3,recover,bruiser,-16.70,11.53,0.85
1461,4,recover,pouncer,-15.17,12.38,0.92
1462,1,recover,swarm,-15.79,11.26,0.77
1462,2,windup,swarm,-16.35,13.27,1.32
1462,3,recover,bruiser,-16.70,11.53,0.85
1462,4,recover,pouncer,-15.17,12.38,0.92
1463,1,recover,swarm,-15.79,11.26,0.77
1463,2,windup,swarm,-16.35,13.27,1.32
1463,3,recover,bruiser,-16.70,11.53,0.85
1463,4,recover,pouncer,-15.17,12.38,0.92
1464,1,recover,swarm,-15.79,11.26,0.77
1464,2,windup,swarm,-16.35,13.27,1.32
1464,3,recover,bruiser,-16.70,11.53,0.85
1464,4,stalk,pouncer,-15.17,12.38,0.92
1465,1,recover,swarm,-15.79,11.26,0.77
1465,2,windup,swarm,-16.35,13.27,1.32
1465,3,recover,bruiser,-16.70,11.53,0.85
1465,4,crouch,pouncer,-15.15,12.42,0.95
1466,1,recover,swarm,-15.79,11.26,0.77
1466,2,windup,swarm,-16.35,13.27,1.32
1466,3,recover,bruiser,-16.70,11.53,0.85
1466,4,crouch,pouncer,-15.15,12.42,0.95
1467,1,recover,swarm,-15.79,11.26,0.77
1467,2,windup,swarm,-16.35,13.27,1.32
1467,3,recover,bruiser,-16.70,11.53,0.85
1467,4,crouch,pouncer,-15.15,12.42,0.95
1468,1,recover,swarm,-15.79,11.26,0.77
1468,2,windup,swarm,-16.35,13.27,1.32
1468,3,recover,bruiser,-16.70,11.53,0.85
1468,4,crouch,pouncer,-15.15,12.42,0.95
1469,1,recover,swarm,-15.79,11.26,0.77
1469,2,windup,swarm,-16.35,13.27,1.32
1469,3,recover,bruiser,-16.70,11.53,0.85
1469,4,crouch,pouncer,-15.15,12.42,0.95
1470,1,recover,swarm,-15.79,11.26,0.77
1470,2,windup,swarm,-16.35,13.27,1.32
1470,3,recover,bruiser,-16.70,11.53,0.85
1470,4,crouch,pouncer,-15.15,12.42,0.95
1471,1,recover,swarm,-15.79,11.26,0.77
1471,2,windup,swarm,-16.35,13.27,1.32
1471,3,recover,bruiser,-16.70,11.53,0.85
1471,4,crouch,pouncer,-15.15,12.42,0.95
1472,1,chase,swarm,-15.79,11.26,0.77
1472,2,windup,swarm,-16.35,13.27,1.32
1472,3,recover,bruiser,-16.70,11.53,0.85
1472,4,crouch,pouncer,-15.15,12.42,0.95
1473,1,windup,swarm,-15.79,11.26,0.77
1473,2,windup,swarm,-16.35,13.27,1.32
1473,3,recover,bruiser,-16.70,11.53,0.85
1473,4,crouch,pouncer,-15.15,12.42,0.95
1474,1,windup,swarm,-15.79,11.26,0.77
1474,2,windup,swarm,-16.35,13.27,1.32
1474,3,advance,bruiser,-16.70,11.53,0.85
1474,4,crouch,pouncer,-15.15,12.42,0.95
1475,1,windup,swarm,-15.79,11.26,0.77
1475,2,strike,swarm,-16.35,13.27,1.32
1475,3,windup,bruiser,-16.70,11.53,0.85
1475,4,crouch,pouncer,-15.15,12.42,0.95
1476,1,windup,swarm,-15.79,11.26,0.77
1476,2,strike,swarm,-16.32,13.17,1.22
1476,3,windup,bruiser,-16.70,11.53,0.85
1476,4,crouch,pouncer,-15.15,12.42,0.95
1477,1,windup,swarm,-15.79,11.26,0.77
1477,2,strike,swarm,-16.29,13.07,1.11
1477,3,windup,bruiser,-16.70,11.53,0.85
1477,4,crouch,pouncer,-15.15,12.42,0.95
1478,1,windup,swarm,-15.79,11.26,0.77
1478,2,strike,swarm,-16.27,12.98,1.01
1478,3,windup,bruiser,-16.70,11.53,0.85
1478,4,crouch,pouncer,-15.15,12.42,0.95
1479,1,windup,swarm,-15.79,11.26,0.77
1479,2,strike,swarm,-16.25,12.88,0.92
1479,3,windup,bruiser,-16.70,11.53,0.85
1479,4,crouch,pouncer,-15.15,12.42,0.95
1480,1,windup,swarm,-15.79,11.26,0.77
1480,2,strike,swarm,-16.24,12.78,0.81
1480,3,windup,bruiser,-16.70,11.53,0.85
1480,4,crouch,pouncer,-15.15,12.42,0.95
1481,1,windup,swarm,-15.79,11.26,0.77
1481,2,strike,swarm,-16.25,12.68,0.73
1481,3,windup,bruiser,-16.70,11.53,0.85
1481,4,crouch,pouncer,-15.15,12.42,0.95
1482,1,windup,swarm,-15.79,11.26,0.77
1482,2,strike,swarm,-16.25,12.58,0.63
1482,3,windup,bruiser,-16.70,11.53,0.85
1482,4,crouch,pouncer,-15.15,12.42,0.95
1483,1,windup,swarm,-15.79,11.26,0.77
1483,2,strike,swarm,-16.25,12.48,0.54
1483,3,windup,bruiser,-16.70,11.53,0.85
1483,4,crouch,pouncer,-15.15,12.42,0.95
1484,1,windup,swarm,-15.79,11.26,0.77
1484,2,strike,swarm,-16.24,12.38,0.44
1484,3,windup,bruiser,-16.70,11.53,0.85
1484,4,crouch,pouncer,-15.15,12.42,0.95
1485,1,windup,swarm,-15.79,11.26,0.77
1485,2,strike,swarm,-16.21,12.29,0.36
1485,3,windup,bruiser,-16.70,11.53,0.85
1485,4,crouch,pouncer,-15.15,12.42,0.95
1486,1,windup,swarm,-15.79,11.26,0.77
1486,2,strike,swarm,-16.10,12.25,0.27
1486,3,windup,bruiser,-16.70,11.53,0.85
1486,4,crouch,pouncer,-15.15,12.42,0.95
1487,1,windup,swarm,-15.79,11.26,0.77
1487,2,strike,swarm,-16.18,12.22,0.28
1487,3,windup,bruiser,-16.70,11.53,0.85
1487,4,crouch,pouncer,-15.15,12.42,0.95
1488,1,windup,swarm,-15.79,11.26,0.77
1488,2,strike,swarm,-16.11,12.31,0.32
1488,3,windup,bruiser,-16.70,11.53,0.85
1488,4,crouch,pouncer,-15.15,12.42,0.95
1489,1,strike,swarm,-15.79,11.26,0.77
1489,2,recover,swarm,-16.17,12.24,0.29
1489,3,windup,bruiser,-16.70,11.53,0.85
1489,4,crouch,pouncer,-15.15,12.42,0.95
1490,1,strike,swarm,-15.69,11.31,0.76
1490,2,recover,swarm,-16.17,12.24,0.29
1490,3,windup,bruiser,-16.70,11.53,0.85
1490,4,crouch,pouncer,-15.15,12.42,0.95
1491,1,strike,swarm,-15.62,11.36,0.75
1491,2,recover,swarm,-16.17,12.24,0.29
1491,3,windup,bruiser,-16.70,11.53,0.85
1491,4,crouch,pouncer,-15.15,12.42,0.95
1492,1,strike,swarm,-15.53,11.42,0.75
1492,2,recover,swarm,-16.17,12.24,0.29
1492,3,windup,bruiser,-16.70,11.53,0.85
1492,4,pounce,pouncer,-15.15,12.42,0.95
1493,1,strike,swarm,-15.46,11.47,0.75
1493,2,recover,swarm,-16.17,12.24,0.29
1493,3,windup,bruiser,-16.70,11.53,0.85
1493,4,pounce,pouncer,-15.28,12.47,0.86
1494,1,strike,swarm,-15.35,11.48,0.83
1494,2,recover,swarm,-16.17,12.24,0.29
1494,3,windup,bruiser,-16.70,11.53,0.85
1494,4,pounce,pouncer,-15.31,12.62,0.93
1495,1,strike,swarm,-15.36,11.58,0.77
1495,2,recover,swarm,-16.17,12.24,0.29
1495,3,windup,bruiser,-16.70,11.53,0.85
1495,4,pounce,pouncer,-15.42,12.70,0.91
1496,1,strike,swarm,-15.31,11.67,0.76
1496,2,recover,swarm,-16.17,12.24,0.29
1496,3,windup,bruiser,-16.70,11.53,0.85
1496,4,pounce,pouncer,-15.50,12.84,0.97
1497,1,strike,swarm,-15.27,11.75,0.77
1497,2,recover,swarm,-16.17,12.24,0.29
1497,3,windup,bruiser,-16.70,11.53,0.85
1497,4,pounce,pouncer,-15.60,12.93,1.02
1498,1,strike,swarm,-15.23,11.85,0.79
1498,2,recover,swarm,-16.17,12.24,0.29
1498,3,windup,bruiser,-16.70,11.53,0.85
1498,4,pounce,pouncer,-15.73,13.03,1.06
1499,1,strike,swarm,-15.19,11.95,0.81
1499,2,recover,swarm,-16.17,12.24,0.29
1499,3,windup,bruiser,-16.70,11.53,0.85
1499,4,pounce,pouncer,-15.87,13.10,1.11
1500,1,strike,swarm,-15.16,12.05,0.84
1500,2,recover,swarm,-16.17,12.24,0.29
1500,3,windup,bruiser,-16.70,11.53,0.85
1500,4,pounce,pouncer,-16.01,13.16,1.16
1501,1,strike,swarm,-15.13,12.13,0.88
1501,2,recover,swarm,-16.17,12.24,0.29
1501,3,windup,bruiser,-16.70,11.53,0.85
1501,4,pounce,pouncer,-16.14,13.21,1.21
1502,1,strike,swarm,-15.11,12.24,0.93
1502,2,recover,swarm,-16.17,12.24,0.29
1502,3,windup,bruiser,-16.70,11.53,0.85
1502,4,pounce,pouncer,-16.30,13.25,1.28
1503,1,recover,swarm,-15.09,12.33,0.97
1503,2,recover,swarm,-16.17,12.24,0.29
1503,3,windup,bruiser,-16.70,11.53,0.85
1503,4,pounce,pouncer,-16.43,13.26,1.33
1504,1,recover,swarm,-15.09,12.33,0.97
1504,2,recover,swarm,-16.17,12.24,0.29
1504,3,windup,bruiser,-16.70,11.53,0.85
1504,4,pounce,pouncer,-16.61,13.27,1.41
1505,1,recover,swarm,-15.09,12.33,0.97
1505,2,recover,swarm,-16.17,12.24,0.29
1505,3,windup,bruiser,-16.70,11.53,0.85
1505,4,pounce,pouncer,-16.74,13.25,1.45
1506,1,recover,swarm,-15.09,12.33,0.97
1506,2,recover,swarm,-16.17,12.24,0.29
1506,3,windup,bruiser,-16.70,11.53,0.85
1506,4,pounce,pouncer,-16.89,13.22,1.51
1507,1,recover,swarm,-15.09,12.33,0.97
1507,2,recover,swarm,-16.17,12.24,0.29
1507,3,windup,bruiser,-16.70,11.53,0.85
1507,4,pounce,pouncer,-17.02,13.18,1.56
1508,1,recover,swarm,-15.09,12.33,0.97
1508,2,recover,swarm,-16.17,12.24,0.29
1508,3,windup,bruiser,-16.70,11.53,0.85
1508,4,pounce,pouncer,-17.17,13.12,1.62
1509,1,recover,swarm,-15.09,12.33,0.97
1509,2,recover,swarm,-16.17,12.24,0.29
1509,3,windup,bruiser,-16.70,11.53,0.85
1509,4,pounce,pouncer,-17.30,13.05,1.67
1510,1,recover,swarm,-15.09,12.33,0.97
1510,2,recover,swarm,-16.17,12.24,0.29
1510,3,windup,bruiser,-16.70,11.53,0.85
1510,4,pounce,pouncer,-17.44,12.98,1.74
1511,1,recover,swarm,-15.09,12.33,0.97
1511,2,recover,swarm,-16.17,12.24,0.29
1511,3,windup,bruiser,-16.70,11.53,0.85
1511,4,pounce,pouncer,-17.57,12.92,1.82
1512,1,recover,swarm,-15.09,12.33,0.97
1512,2,recover,swarm,-16.17,12.24,0.29
1512,3,windup,bruiser,-16.70,11.53,0.85
1512,4,pounce,pouncer,-17.82,12.79,1.98
1513,1,recover,swarm,-15.09,12.33,0.97
1513,2,recover,swarm,-16.17,12.24,0.29
1513,3,windup,bruiser,-16.70,11.53,0.85
1513,4,recover,pouncer,-17.86,12.77,2.01
1514,1,recover,swarm,-15.09,12.33,0.97
1514,2,recover,swarm,-16.17,12.24,0.29
1514,3,strike,bruiser,-16.70,11.53,0.85
1514,4,recover,pouncer,-17.86,12.77,2.01
1515,1,recover,swarm,-15.09,12.33,0.97
1515,2,recover,swarm,-16.17,12.24,0.29
1515,3,strike,bruiser,-16.65,11.51,0.82
1515,4,recover,pouncer,-17.86,12.77,2.01
1516,1,recover,swarm,-15.09,12.33,0.97
1516,2,recover,swarm,-16.17,12.24,0.29
1516,3,strike,bruiser,-16.48,11.43,0.74
1516,4,recover,pouncer,-17.86,12.77,2.01
1517,1,recover,swarm,-15.09,12.33,0.97
1517,2,recover,swarm,-16.17,12.24,0.29
1517,3,strike,bruiser,-16.45,11.42,0.73
1517,4,recover,pouncer,-17.86,12.77,2.01
1518,1,recover,swarm,-15.09,12.33,0.97
1518,2,recover,swarm,-16.17,12.24,0.29
1518,3,strike,bruiser,-16.30,11.35,0.72
1518,4,recover,pouncer,-17.86,12.77,2.01
1519,1,recover,swarm,-15.09,12.33,0.97
1519,2,recover,swarm,-16.17,12.24,0.29
1519,3,strike,bruiser,-16.27,11.34,0.72
1519,4,recover,pouncer,-17.86,12.77,2.01
1520,1,recover,swarm,-15.09,12.33,0.97
1520,2,recover,swarm,-16.17,12.24,0.29
1520,3,strike,bruiser,-16.16,11.31,0.71
1520,4,recover,pouncer,-17.86,12.77,2.01
1521,1,recover,swarm,-15.09,12.33,0.97
1521,2,recover,swarm,-16.17,12.24,0.29
1521,3,strike,bruiser,-16.06,11.28,0.72
1521,4,recover,pouncer,-17.86,12.77,2.01
1522,1,recover,swarm,-15.09,12.33,0.97
1522,2,recover,swarm,-16.17,12.24,0.29
1522,3,strike,bruiser,-16.03,11.28,0.72
1522,4,recover,pouncer,-17.86,12.77,2.01
1523,1,recover,swarm,-15.09,12.33,0.97
1523,2,recover,swarm,-16.17,12.24,0.29
1523,3,strike,bruiser,-15.90,11.27,0.74
1523,4,recover,pouncer,-17.86,12.77,2.01
1524,1,recover,swarm,-15.09,12.33,0.97
1524,2,recover,swarm,-16.17,12.24,0.29
1524,3,strike,bruiser,-15.86,11.27,0.75
1524,4,recover,pouncer,-17.86,12.77,2.01
1525,1,recover,swarm,-15.09,12.33,0.97
1525,2,recover,swarm,-16.17,12.24,0.29
1525,3,strike,bruiser,-15.69,11.27,0.79
1525,4,recover,pouncer,-17.86,12.77,2.01
1526,1,recover,swarm,-15.09,12.33,0.97
1526,2,recover,swarm,-16.17,12.24,0.29
1526,3,strike,bruiser,-15.67,11.27,0.80
1526,4,recover,pouncer,-17.86,12.77,2.01
1527,1,recover,swarm,-15.09,12.33,0.97
1527,2,recover,swarm,-16.17,12.24,0.29
1527,3,strike,bruiser,-15.20,11.28,1.07
1527,4,recover,pouncer,-17.86,12.77,2.01
1528,1,recover,swarm,-15.09,12.33,0.97
1528,2,chase,swarm,-16.17,12.24,0.29
1528,3,recover,bruiser,-15.17,11.28,1.09
1528,4,recover,pouncer,-17.86,12.77,2.01
1529,1,recover,swarm,-15.09,12.33,0.97
1529,2,windup,swarm,-16.17,12.24,0.29
1529,3,recover,bruiser,-15.17,11.28,1.09
1529,4,recover,pouncer,-17.86,12.77,2.01
1530,1,recover,swarm,-15.09,12.33,0.97
1530,2,windup,swarm,-16.17,12.24,0.29
1530,3,recover,bruiser,-15.17,11.28,1.09
1530,4,recover,pouncer,-17.86,12.77,2.01
1531,1,recover,swarm,-15.09,12.33,0.97
1531,2,windup,swarm,-16.17,12.24,0.29
1531,3,recover,bruiser,-15.17,11.28,1.09
1531,4,recover,pouncer,-17.86,12.77,2.01
1532,1,recover,swarm,-15.09,12.33,0.97
1532,2,windup,swarm,-16.17,12.24,0.29
1532,3,recover,bruiser,-15.17,11.28,1.09
1532,4,recover,pouncer,-17.86,12.77,2.01
1533,1,recover,swarm,-15.09,12.33,0.97
1533,2,windup,swarm,-16.17,12.24,0.29
1533,3,recover,bruiser,-15.17,11.28,1.09
1533,4,recover,pouncer,-17.86,12.77,2.01
1534,1,recover,swarm,-15.09,12.33,0.97
1534,2,windup,swarm,-16.17,12.24,0.29
1534,3,recover,bruiser,-15.17,11.28,1.09
1534,4,recover,pouncer,-17.86,12.77,2.01
1535,1,recover,swarm,-15.09,12.33,0.97
1535,2,windup,swarm,-16.17,12.24,0.29
1535,3,recover,bruiser,-15.17,11.28,1.09
1535,4,recover,pouncer,-17.86,12.77,2.01
1536,1,recover,swarm,-15.09,12.33,0.97
1536,2,windup,swarm,-16.17,12.24,0.29
1536,3,recover,bruiser,-15.17,11.28,1.09
1536,4,recover,pouncer,-17.86,12.77,2.01
1537,1,recover,swarm,-15.09,12.33,0.97
1537,2,windup,swarm,-16.17,12.24,0.29
1537,3,recover,bruiser,-15.17,11.28,1.09
1537,4,recover,pouncer,-17.86,12.77,2.01
1538,1,recover,swarm,-15.09,12.33,0.97
1538,2,windup,swarm,-16.17,12.24,0.29
1538,3,recover,bruiser,-15.17,11.28,1.09
1538,4,recover,pouncer,-17.86,12.77,2.01
1539,1,recover,swarm,-15.09,12.33,0.97
1539,2,windup,swarm,-16.17,12.24,0.29
1539,3,recover,bruiser,-15.17,11.28,1.09
1539,4,recover,pouncer,-17.86,12.77,2.01
1540,1,chase,swarm,-15.09,12.33,0.97
1540,2,windup,swarm,-16.17,12.24,0.29
1540,3,recover,bruiser,-15.17,11.28,1.09
1540,4,recover,pouncer,-17.86,12.77,2.01
1541,1,windup,swarm,-15.09,12.33,0.97
1541,2,windup,swarm,-16.17,12.24,0.29
1541,3,recover,bruiser,-15.17,11.28,1.09
1541,4,recover,pouncer,-17.86,12.77,2.01
1542,1,windup,swarm,-15.09,12.33,0.97
1542,2,windup,swarm,-16.17,12.24,0.29
1542,3,recover,bruiser,-15.17,11.28,1.09
1542,4,recover,pouncer,-17.86,12.77,2.01
1543,1,windup,swarm,-15.09,12.33,0.97
1543,2,windup,swarm,-16.17,12.24,0.29
1543,3,recover,bruiser,-15.17,11.28,1.09
1543,4,recover,pouncer,-17.86,12.77,2.01
1544,1,windup,swarm,-15.09,12.33,0.97
1544,2,strike,swarm,-16.17,12.24,0.29
1544,3,recover,bruiser,-15.17,11.28,1.09
1544,4,recover,pouncer,-17.86,12.77,2.01
1545,1,windup,swarm,-15.09,12.33,0.97
1545,2,strike,swarm,-16.14,12.06,0.15
1545,3,recover,bruiser,-15.17,11.28,1.09
1545,4,recover,pouncer,-17.86,12.77,2.01
1546,1,windup,swarm,-15.09,12.33,0.97
1546,2,strike,swarm,-16.14,12.03,0.14
1546,3,recover,bruiser,-15.17,11.28,1.09
1546,4,recover,pouncer,-17.86,12.77,2.01
1547,1,windup,swarm,-15.09,12.33,0.97
1547,2,strike,swarm,-16.13,11.87,0.18
1547,3,recover,bruiser,-15.17,11.28,1.09
1547,4,recover,pouncer,-17.86,12.77,2.01
1548,1,windup,swarm,-15.09,12.33,0.97
1548,2,strike,swarm,-16.13,11.84,0.20
1548,3,recover,bruiser,-15.17,11.28,1.09
1548,4,recover,pouncer,-17.86,12.77,2.01
1549,1,windup,swarm,-15.09,12.33,0.97
1549,2,strike,swarm,-16.13,11.66,0.37
1549,3,recover,bruiser,-15.17,11.28,1.09
1549,4,recover,pouncer,-17.86,12.77,2.01
1550,1,windup,swarm,-15.09,12.33,0.97
1550,2,strike,swarm,-16.13,11.63,0.40
1550,3,recover,bruiser,-15.17,11.28,1.09
1550,4,recover,pouncer,-17.86,12.77,2.01
1551,1,windup,swarm,-15.09,12.33,0.97
1551,2,strike,swarm,-16.14,11.47,0.54
1551,3,recover,bruiser,-15.17,11.28,1.09
1551,4,recover,pouncer,-17.86,12.77,2.01
1552,1,windup,swarm,-15.09,12.33,0.97
1552,2,strike,swarm,-16.14,11.45,0.57
1552,3,recover,bruiser,-15.17,11.28,1.09
1552,4,recover,pouncer,-17.86,12.77,2.01
1553,1,windup,swarm,-15.09,12.33,0.97
1553,2,strike,swarm,-16.15,11.23,0.78
1553,3,recover,bruiser,-15.17,11.28,1.09
1553,4,recover,pouncer,-17.86,12.77,2.01
1554,1,windup,swarm,-15.09,12.33,0.97
1554,2,strike,swarm,-16.15,11.20,0.81
1554,3,recover,bruiser,-15.17,11.28,1.09
1554,4,recover,pouncer,-17.86,12.77,2.01
1555,1,windup,swarm,-15.09,12.33,0.97
1555,2,strike,swarm,-16.17,10.80,1.22
1555,3,recover,bruiser,-15.17,11.28,1.09
1555,4,recover,pouncer,-17.86,12.77,2.01
1556,1,strike,swarm,-15.09,12.33,0.97
1556,2,recover,swarm,-16.17,10.77,1.24
1556,3,recover,bruiser,-15.17,11.28,1.09
1556,4,recover,pouncer,-17.86,12.77,2.01
1557,1,strike,swarm,-15.28,12.36,0.81
1557,2,recover,swarm,-16.17,10.77,1.24
1557,3,recover,bruiser,-15.17,11.28,1.09
1557,4,recover,pouncer,-17.86,12.77,2.01
1558,1,strike,swarm,-15.31,12.37,0.78
1558,2,recover,swarm,-16.17,10.77,1.24
1558,3,recover,bruiser,-15.17,11.28,1.09
1558,4,recover,pouncer,-17.86,12.77,2.01
1559,1,strike,swarm,-15.58,12.39,0.57
1559,2,recover,swarm,-16.17,10.77,1.24
1559,3,recover,bruiser,-15.17,11.28,1.09
1559,4,recover,pouncer,-17.86,12.77,2.01
1560,1,strike,swarm,-15.61,12.38,0.55
1560,2,recover,swarm,-16.17,10.77,1.24
1560,3,recover,bruiser,-15.17,11.28,1.09
1560,4,recover,pouncer,-17.86,12.77,2.01
1561,1,strike,swarm,-15.78,12.36,0.43
1561,2,recover,swarm,-16.17,10.77,1.24
1561,3,recover,bruiser,-15.17,11.28,1.09
1561,4,recover,pouncer,-17.86,12.77,2.01
1562,1,strike,swarm,-15.81,12.36,0.41
1562,2,recover,swarm,-16.17,10.77,1.24
1562,3,recover,bruiser,-15.17,11.28,1.09
1562,4,recover,pouncer,-17.86,12.77,2.01
1563,1,strike,swarm,-17.16,12.03,1.16
1563,2,recover,swarm,-16.17,10.77,1.24
1563,3,recover,bruiser,-15.17,11.28,1.09
1563,4,recover,pouncer,-17.86,12.77,2.01
1564,1,recover,swarm,-17.18,12.00,1.18
1564,2,recover,swarm,-16.17,10.77,1.24
1564,3,recover,bruiser,-15.17,11.28,1.09
1564,4,stalk,pouncer,-17.86,12.77,2.01
1565,1,recover,swarm,-17.18,12.00,1.18
1565,2,recover,swarm,-16.17,10.77,1.24
1565,3,recover,bruiser,-15.17,11.28,1.09
1565,4,crouch,pouncer,-17.89,12.85,2.08
1566,1,recover,swarm,-17.18,12.00,1.18
1566,2,recover,swarm,-16.17,10.77,1.24
1566,3,recover,bruiser,-15.17,11.28,1.09
1566,4,crouch,pouncer,-17.89,12.85,2.08
1567,1,recover,swarm,-17.18,12.00,1.18
1567,2,recover,swarm,-16.17,10.77,1.24
1567,3,recover,bruiser,-15.17,11.28,1.09
1567,4,crouch,pouncer,-17.89,12.85,2.08
1568,1,recover,swarm,-17.18,12.00,1.18
1568,2,recover,swarm,-16.17,10.77,1.24
1568,3,recover,bruiser,-15.17,11.28,1.09
1568,4,crouch,pouncer,-17.89,12.85,2.08
1569,1,recover,swarm,-17.18,12.00,1.18
1569,2,recover,swarm,-16.17,10.77,1.24
1569,3,recover,bruiser,-15.17,11.28,1.09
1569,4,crouch,pouncer,-17.89,12.85,2.08
1570,1,recover,swarm,-17.18,12.00,1.18
1570,2,recover,swarm,-16.17,10.77,1.24
1570,3,recover,bruiser,-15.17,11.28,1.09
1570,4,crouch,pouncer,-17.89,12.85,2.08
1571,1,recover,swarm,-17.18,12.00,1.18
1571,2,recover,swarm,-16.17,10.77,1.24
1571,3,recover,bruiser,-15.17,11.28,1.09
1571,4,crouch,pouncer,-17.89,12.85,2.08
1572,1,recover,swarm,-17.18,12.00,1.18
1572,2,recover,swarm,-16.17,10.77,1.24
1572,3,recover,bruiser,-15.17,11.28,1.09
1572,4,crouch,pouncer,-17.89,12.85,2.08
1573,1,recover,swarm,-17.18,12.00,1.18
1573,2,recover,swarm,-16.17,10.77,1.24
1573,3,recover,bruiser,-15.17,11.28,1.09
1573,4,crouch,pouncer,-17.89,12.85,2.08
1574,1,recover,swarm,-17.18,12.00,1.18
1574,2,recover,swarm,-16.17,10.77,1.24
1574,3,recover,bruiser,-15.17,11.28,1.09
1574,4,crouch,pouncer,-17.89,12.85,2.08
1575,1,recover,swarm,-17.18,12.00,1.18
1575,2,recover,swarm,-16.17,10.77,1.24
1575,3,recover,bruiser,-15.17,11.28,1.09
1575,4,crouch,pouncer,-17.89,12.85,2.08
1576,1,recover,swarm,-17.18,12.00,1.18
1576,2,recover,swarm,-16.17,10.77,1.24
1576,3,advance,bruiser,-15.17,11.28,1.09
1576,4,crouch,pouncer,-17.89,12.85,2.08
1577,1,recover,swarm,-17.18,12.00,1.18
1577,2,recover,swarm,-16.17,10.77,1.24
1577,3,windup,bruiser,-15.17,11.28,1.09
1577,4,crouch,pouncer,-17.89,12.85,2.08
1578,1,recover,swarm,-17.18,12.00,1.18
1578,2,recover,swarm,-16.17,10.77,1.24
1578,3,windup,bruiser,-15.17,11.28,1.09
1578,4,crouch,pouncer,-17.89,12.85,2.08
1579,1,recover,swarm,-17.18,12.00,1.18
1579,2,recover,swarm,-16.17,10.77,1.24
1579,3,windup,bruiser,-15.17,11.28,1.09
1579,4,crouch,pouncer,-17.89,12.85,2.08
1580,1,recover,swarm,-17.18,12.00,1.18
1580,2,recover,swarm,-16.17,10.77,1.24
1580,3,windup,bruiser,-15.17,11.28,1.09
1580,4,crouch,pouncer,-17.89,12.85,2.08
1581,1,recover,swarm,-17.18,12.00,1.18
1581,2,recover,swarm,-16.17,10.77,1.24
1581,3,windup,bruiser,-15.17,11.28,1.09
1581,4,crouch,pouncer,-17.89,12.85,2.08
1582,1,recover,swarm,-17.18,12.00,1.18
1582,2,chase,swarm,-16.17,10.77,1.24
1582,3,windup,bruiser,-15.17,11.28,1.09
1582,4,crouch,pouncer,-17.89,12.85,2.08
1583,1,recover,swarm,-17.18,12.00,1.18
1583,2,windup,swarm,-16.17,10.77,1.24
1583,3,windup,bruiser,-15.17,11.28,1.09
1583,4,crouch,pouncer,-17.89,12.85,2.08
1584,1,recover,swarm,-17.18,12.00,1.18
1584,2,windup,swarm,-16.17,10.77,1.24
1584,3,windup,bruiser,-15.17,11.28,1.09
1584,4,crouch,pouncer,-17.89,12.85,2.08
1585,1,recover,swarm,-17.18,12.00,1.18
1585,2,windup,swarm,-16.17,10.77,1.24
1585,3,windup,bruiser,-15.17,11.28,1.09
1585,4,crouch,pouncer,-17.89,12.85,2.08
1586,1,recover,swarm,-17.18,12.00,1.18
1586,2,windup,swarm,-16.17,10.77,1.24
1586,3,windup,bruiser,-15.17,11.28,1.09
1586,4,pounce,pouncer,-17.89,12.85,2.08
1587,1,recover,swarm,-17.18,12.00,1.18
1587,2,windup,swarm,-16.17,10.77,1.24
1587,3,windup,bruiser,-15.17,11.28,1.09
1587,4,pounce,pouncer,-17.71,12.82,1.89
1588,1,recover,swarm,-17.18,12.00,1.18
1588,2,windup,swarm,-16.17,10.77,1.24
1588,3,windup,bruiser,-15.17,11.28,1.09
1588,4,pounce,pouncer,-17.64,12.83,1.84
1589,1,recover,swarm,-17.18,12.00,1.18
1589,2,windup,swarm,-16.17,10.77,1.24
1589,3,windup,bruiser,-15.17,11.28,1.09
1589,4,pounce,pouncer,-17.46,12.89,1.71
1590,1,recover,swarm,-17.18,12.00,1.18
1590,2,windup,swarm,-16.17,10.77,1.24
1590,3,windup,bruiser,-15.17,11.28,1.09
1590,4,pounce,pouncer,-17.40,12.92,1.68
1591,1,recover,swarm,-17.18,12.00,1.18
1591,2,windup,swarm,-16.17,10.77,1.24
1591,3,windup,bruiser,-15.17,11.28,1.09
1591,4,pounce,pouncer,-17.12,13.02,1.52
1592,1,recover,swarm,-17.18,12.00,1.18
1592,2,windup,swarm,-16.17,10.77,1.24
1592,3,windup,bruiser,-15.17,11.28,1.09
1592,4,pounce,pouncer,-17.06,13.03,1.48
1593,1,recover,swarm,-17.18,12.00,1.18
1593,2,windup,swarm,-16.17,10.77,1.24
1593,3,windup,bruiser,-15.17,11.28,1.09
1593,4,pounce,pouncer,-16.77,13.06,1.31
1594,1,recover,swarm,-17.18,12.00,1.18
1594,2,strike,swarm,-16.17,10.77,1.24
1594,3,windup,bruiser,-15.17,11.28,1.09
1594,4,pounce,pouncer,-16.72,13.06,1.28
1595,1,recover,swarm,-17.18,12.00,1.18
1595,2,strike,swarm,-16.20,10.94,1.08
1595,3,windup,bruiser,-15.17,11.28,1.09
1595,4,pounce,pouncer,-16.46,13.02,1.12
1596,1,recover,swarm,-17.18,12.00,1.18
1596,2,strike,swarm,-16.22,10.97,1.05
1596,3,windup,bruiser,-15.17,11.28,1.09
1596,4,pounce,pouncer,-16.41,13.01,1.09
1597,1,recover,swarm,-17.18,12.00,1.18
1597,2,strike,swarm,-16.26,11.10,0.94
1597,3,windup,bruiser,-15.17,11.28,1.09
1597,4,pounce,pouncer,-16.22,12.94,0.96
1598,1,recover,swarm,-17.18,12.00,1.18
1598,2,strike,swarm,-16.26,11.13,0.91
1598,3,windup,bruiser,-15.17,11.28,1.09
1598,4,pounce,pouncer,-16.18,12.92,0.93
1599,1,chase,swarm,-17.18,12.00,1.18
1599,2,strike,swarm,-16.33,11.40,0.68
1599,3,windup,bruiser,-15.17,11.28,1.09
1599,4,pounce,pouncer,-15.80,12.75,0.77
1600,1,windup,swarm,-17.18,12.00,1.18
1600,2,strike,swarm,-16.31,11.43,0.65
1600,3,windup,bruiser,-15.17,11.28,1.09
1600,4,pounce,pouncer,-15.76,12.73,0.77
1601,1,windup,swarm,-17.18,12.00,1.18
1601,2,strike,swarm,-16.25,11.60,0.47
1601,3,windup,bruiser,-15.17,11.28,1.09
1601,4,pounce,pouncer,-15.51,12.61,0.79
1602,1,windup,swarm,-17.18,12.00,1.18
1602,2,strike,swarm,-16.24,11.64,0.43
1602,3,windup,bruiser,-15.17,11.28,1.09
1602,4,pounce,pouncer,-15.45,12.60,0.81
1603,1,windup,swarm,-17.18,12.00,1.18
1603,2,strike,swarm,-16.20,11.75,0.32
1603,3,windup,bruiser,-15.17,11.28,1.09
1603,4,pounce,pouncer,-15.29,12.54,0.90
1604,1,windup,swarm,-17.18,12.00,1.18
1604,2,strike,swarm,-16.19,11.79,0.29
1604,3,windup,bruiser,-15.17,11.28,1.09
1604,4,pounce,pouncer,-15.23,12.53,0.94
1605,1,windup,swarm,-17.18,12.00,1.18
1605,2,strike,swarm,-16.13,11.98,0.13
1605,3,windup,bruiser,-15.17,11.28,1.09
1605,4,pounce,pouncer,-14.93,12.47,1.17
1606,1,windup,swarm,-17.18,12.00,1.18
1606,2,strike,swarm,-16.12,12.01,0.12
1606,3,windup,bruiser,-15.17,11.28,1.09
1606,4,recover,pouncer,-14.88,12.46,1.21
1607,1,windup,swarm,-17.18,12.00,1.18
1607,2,recover,swarm,-16.08,12.12,0.14
1607,3,windup,bruiser,-15.17,11.28,1.09
1607,4,recover,pouncer,-14.88,12.46,1.21
1608,1,windup,swarm,-17.18,12.00,1.18
1608,2,recover,swarm,-16.08,12.12,0.14
1608,3,windup,bruiser,-15.17,11.28,1.09
1608,4,recover,pouncer,-14.88,12.46,1.21
1609,1,windup,swarm,-17.18,12.00,1.18
1609,2,recover,swarm,-16.08,12.12,0.14
1609,3,windup,bruiser,-15.17,11.28,1.09
1609,4,recover,pouncer,-14.88,12.46,1.21
1610,1,windup,swarm,-17.18,12.00,1.18
1610,2,recover,swarm,-16.08,12.12,0.14
1610,3,strike,bruiser,-15.17,11.28,1.09
1610,4,recover,pouncer,-14.88,12.46,1.21
1611,1,windup,swarm,-17.18,12.00,1.18
1611,2,recover,swarm,-16.08,12.12,0.14
1611,3,strike,bruiser,-15.29,11.35,0.96
1611,4,recover,pouncer,-14.88,12.46,1.21
1612,1,windup,swarm,-17.18,12.00,1.18
1612,2,recover,swarm,-16.08,12.12,0.14
1612,3,strike,bruiser,-15.32,11.36,0.93
1612,4,recover,pouncer,-14.88,12.46,1.21
1613,1,windup,swarm,-17.18,12.00,1.18
1613,2,recover,swarm,-16.08,12.12,0.14
1613,3,strike,bruiser,-15.45,11.39,0.82
1613,4,recover,pouncer,-14.88,12.46,1.21
1614,1,windup,swarm,-17.18,12.00,1.18
1614,2,recover,swarm,-16.08,12.12,0.14
1614,3,strike,bruiser,-15.49,11.39,0.80
1614,4,recover,pouncer,-14.88,12.46,1.21
1615,1,windup,swarm,-17.18,12.00,1.18
1615,2,recover,swarm,-16.08,12.12,0.14
1615,3,strike,bruiser,-15.62,11.38,0.73
1615,4,recover,pouncer,-14.88,12.46,1.21
1616,1,strike,swarm,-17.18,12.00,1.18
1616,2,recover,swarm,-16.08,12.12,0.14
1616,3,strike,bruiser,-15.65,11.37,0.72
1616,4,recover,pouncer,-14.88,12.46,1.21
1617,1,strike,swarm,-16.99,11.99,0.99
1617,2,recover,swarm,-16.08,12.12,0.14
1617,3,strike,bruiser,-15.80,11.32,0.71
1617,4,recover,pouncer,-14.88,12.46,1.21
1618,1,strike,swarm,-16.96,11.97,0.96
1618,2,recover,swarm,-16.08,12.12,0.14
1618,3,strike,bruiser,-15.83,11.31,0.71
1618,4,recover,pouncer,-14.88,12.46,1.21
1619,1,strike,swarm,-16.81,11.88,0.82
1619,2,recover,swarm,-16.08,12.12,0.14
1619,3,strike,bruiser,-15.96,11.26,0.75
1619,4,recover,pouncer,-14.88,12.46,1.21
1620,1,strike,swarm,-16.85,11.87,0.86
1620,2,recover,swarm,-16.08,12.12,0.14
1620,3,strike,bruiser,-15.97,11.23,0.77
1620,4,recover,pouncer,-14.88,12.46,1.21
1621,1,strike,swarm,-16.98,11.85,0.99
1621,2,recover,swarm,-16.08,12.12,0.14
1621,3,strike,bruiser,-16.04,11.15,0.85
1621,4,recover,pouncer,-14.88,12.46,1.21
1622,1,strike,swarm,-16.94,11.83,0.95
1622,2,recover,swarm,-16.08,12.12,0.14
1622,3,strike,bruiser,-16.08,11.14,0.87
1622,4,recover,pouncer,-14.88,12.46,1.21
1623,1,strike,swarm,-17.12,11.81,1.13
1623,2,recover,swarm,-16.08,12.12,0.14
1623,3,strike,bruiser,-16.21,11.07,0.95
1623,4,recover,pouncer,-14.88,12.46,1.21
1624,1,strike,swarm,-17.08,11.82,1.09
1624,2,recover,swarm,-16.08,12.12,0.14
1624,3,strike,bruiser,-16.25,11.07,0.96
1624,4,recover,pouncer,-14.88,12.46,1.21
1625,1,strike,swarm,-16.96,11.87,0.97
1625,2,recover,swarm,-16.08,12.12,0.14
1625,3,strike,bruiser,-16.36,11.06,1.00
1625,4,recover,pouncer,-14.88,12.46,1.21
1626,1,strike,swarm,-16.97,11.92,0.98
1626,2,recover,swarm,-16.08,12.12,0.14
1626,3,strike,bruiser,-16.40,11.04,1.04
1626,4,recover,pouncer,-14.88,12.46,1.21
1627,1,strike,swarm,-16.98,12.08,0.99
1627,2,recover,swarm,-16.08,12.12,0.14
1627,3,strike,bruiser,-16.53,11.02,1.11
1627,4,recover,pouncer,-14.88,12.46,1.21
1628,1,strike,swarm,-16.97,12.11,0.98
1628,2,recover,swarm,-16.08,12.12,0.14
1628,3,recover,bruiser,-16.56,11.03,1.12
1628,4,recover,pouncer,-14.88,12.46,1.21
1629,1,strike,swarm,-16.92,12.26,0.95
1629,2,recover,swarm,-16.08,12.12,0.14
1629,3,recover,bruiser,-16.56,11.03,1.12
1629,4,recover,pouncer,-14.88,12.46,1.21
1630,1,recover,swarm,-16.90,12.29,0.95
1630,2,recover,swarm,-16.08,12.12,0.14
1630,3,recover,bruiser,-16.56,11.03,1.12
1630,4,recover,pouncer,-14.88,12.46,1.21
1631,1,recover,swarm,-16.90,12.29,0.95
1631,2,recover,swarm,-16.08,12.12,0.14
1631,3,recover,bruiser,-16.56,11.03,1.12
1631,4,recover,pouncer,-14.88,12.46,1.21
1632,1,recover,swarm,-16.90,12.29,0.95
1632,2,recover,swarm,-16.08,12.12,0.14
1632,3,recover,bruiser,-16.56,11.03,1.12
1632,4,recover,pouncer,-14.88,12.46,1.21
1633,1,recover,swarm,-16.90,12.29,0.95
1633,2,recover,swarm,-16.08,12.12,0.14
1633,3,recover,bruiser,-16.56,11.03,1.12
1633,4,recover,pouncer,-14.88,12.46,1.21
1634,1,recover,swarm,-16.90,12.29,0.95
1634,2,recover,swarm,-16.08,12.12,0.14
1634,3,recover,bruiser,-16.56,11.03,1.12
1634,4,recover,pouncer,-14.88,12.46,1.21
1635,1,recover,swarm,-16.90,12.29,0.95
1635,2,recover,swarm,-16.08,12.12,0.14
1635,3,recover,bruiser,-16.56,11.03,1.12
1635,4,recover,pouncer,-14.88,12.46,1.21
1636,1,recover,swarm,-16.90,12.29,0.95
1636,2,recover,swarm,-16.08,12.12,0.14
1636,3,recover,bruiser,-16.56,11.03,1.12
1636,4,recover,pouncer,-14.88,12.46,1.21
1637,1,recover,swarm,-16.90,12.29,0.95
1637,2,recover,swarm,-16.08,12.12,0.14
1637,3,recover,bruiser,-16.56,11.03,1.12
1637,4,recover,pouncer,-14.88,12.46,1.21
1638,1,recover,swarm,-16.90,12.29,0.95
1638,2,recover,swarm,-16.08,12.12,0.14
1638,3,recover,bruiser,-16.56,11.03,1.12
1638,4,recover,pouncer,-14.88,12.46,1.21
1639,1,recover,swarm,-16.90,12.29,0.95
1639,2,recover,swarm,-16.08,12.12,0.14
1639,3,recover,bruiser,-16.56,11.03,1.12
1639,4,recover,pouncer,-14.88,12.46,1.21
1640,1,recover,swarm,-16.90,12.29,0.95
1640,2,recover,swarm,-16.08,12.12,0.14
1640,3,recover,bruiser,-16.56,11.03,1.12
1640,4,recover,pouncer,-14.88,12.46,1.21
1641,1,recover,swarm,-16.90,12.29,0.95
1641,2,recover,swarm,-16.08,12.12,0.14
1641,3,recover,bruiser,-16.56,11.03,1.12
1641,4,recover,pouncer,-14.88,12.46,1.21
1642,1,recover,swarm,-16.90,12.29,0.95
1642,2,recover,swarm,-16.08,12.12,0.14
1642,3,recover,bruiser,-16.56,11.03,1.12
1642,4,recover,pouncer,-14.88,12.46,1.21
1643,1,recover,swarm,-16.90,12.29,0.95
1643,2,recover,swarm,-16.08,12.12,0.14
1643,3,recover,bruiser,-16.56,11.03,1.12
1643,4,recover,pouncer,-14.88,12.46,1.21
1644,1,recover,swarm,-16.90,12.29,0.95
1644,2,recover,swarm,-16.08,12.12,0.14
1644,3,recover,bruiser,-16.56,11.03,1.12
1644,4,recover,pouncer,-14.88,12.46,1.21
1645,1,recover,swarm,-16.90,12.29,0.95
1645,2,recover,swarm,-16.08,12.12,0.14
1645,3,recover,bruiser,-16.56,11.03,1.12
1645,4,recover,pouncer,-14.88,12.46,1.21
1646,1,recover,swarm,-16.90,12.29,0.95
1646,2,recover,swarm,-16.08,12.12,0.14
1646,3,recover,bruiser,-16.56,11.03,1.12
1646,4,recover,pouncer,-14.88,12.46,1.21
1647,1,recover,swarm,-16.90,12.29,0.95
1647,2,recover,swarm,-16.08,12.12,0.14
1647,3,recover,bruiser,-16.56,11.03,1.12
1647,4,recover,pouncer,-14.88,12.46,1.21
1648,1,recover,swarm,-16.90,12.29,0.95
1648,2,recover,swarm,-16.08,12.12,0.14
1648,3,recover,bruiser,-16.56,11.03,1.12
1648,4,recover,pouncer,-14.88,12.46,1.21
1649,1,recover,swarm,-16.90,12.29,0.95
1649,2,recover,swarm,-16.08,12.12,0.14
1649,3,recover,bruiser,-16.56,11.03,1.12
1649,4,recover,pouncer,-14.88,12.46,1.21
1650,1,recover,swarm,-16.90,12.29,0.95
1650,2,chase,swarm,-16.08,12.12,0.14
1650,3,recover,bruiser,-16.56,11.03,1.12
1650,4,recover,pouncer,-14.88,12.46,1.21
1651,1,recover,swarm,-16.90,12.29,0.95
1651,2,windup,swarm,-16.08,12.12,0.14
1651,3,recover,bruiser,-16.56,11.03,1.12
1651,4,recover,pouncer,-14.88,12.46,1.21
1652,1,recover,swarm,-16.90,12.29,0.95
1652,2,windup,swarm,-16.08,12.12,0.14
1652,3,recover,bruiser,-16.56,11.03,1.12
1652,4,recover,pouncer,-14.88,12.46,1.21
1653,1,recover,swarm,-16.90,12.29,0.95
1653,2,windup,swarm,-16.08,12.12,0.14
1653,3,recover,bruiser,-16.56,11.03,1.12
1653,4,recover,pouncer,-14.88,12.46,1.21
1654,1,recover,swarm,-16.90,12.29,0.95
1654,2,windup,swarm,-16.08,12.12,0.14
1654,3,recover,bruiser,-16.56,11.03,1.12
1654,4,recover,pouncer,-14.88,12.46,1.21
1655,1,recover,swarm,-16.90,12.29,0.95
1655,2,windup,swarm,-16.08,12.12,0.14
1655,3,recover,bruiser,-16.56,11.03,1.12
1655,4,recover,pouncer,-14.88,12.46,1.21
1656,1,recover,swarm,-16.90,12.29,0.95
1656,2,windup,swarm,-16.08,12.12,0.14
1656,3,recover,bruiser,-16.56,11.03,1.12
1656,4,recover,pouncer,-14.88,12.46,1.21
1657,1,recover,swarm,-16.90,12.29,0.95
1657,2,windup,swarm,-16.08,12.12,0.14
1657,3,recover,bruiser,-16.56,11.03,1.12
1657,4,recover,pouncer,-14.88,12.46,1.21
1658,1,recover,swarm,-16.90,12.29,0.95
1658,2,windup,swarm,-16.08,12.12,0.14
1658,3,recover,bruiser,-16.56,11.03,1.12
1658,4,recover,pouncer,-14.88,12.46,1.21
1659,1,recover,swarm,-16.90,12.29,0.95
1659,2,windup,swarm,-16.08,12.12,0.14
1659,3,recover,bruiser,-16.56,11.03,1.12
1659,4,recover,pouncer,-14.88,12.46,1.21
1660,1,recover,swarm,-16.90,12.29,0.95
1660,2,windup,swarm,-16.08,12.12,0.14
1660,3,recover,bruiser,-16.56,11.03,1.12
1660,4,recover,pouncer,-14.88,12.46,1.21
1661,1,recover,swarm,-16.90,12.29,0.95
1661,2,windup,swarm,-16.08,12.12,0.14
1661,3,recover,bruiser,-16.56,11.03,1.12
1661,4,recover,pouncer,-14.88,12.46,1.21
1662,1,recover,swarm,-16.90,12.29,0.95
1662,2,windup,swarm,-16.08,12.12,0.14
1662,3,recover,bruiser,-16.56,11.03,1.12
1662,4,recover,pouncer,-14.88,12.46,1.21
1663,1,recover,swarm,-16.90,12.29,0.95
1663,2,windup,swarm,-16.08,12.12,0.14
1663,3,recover,bruiser,-16.56,11.03,1.12
1663,4,recover,pouncer,-14.88,12.46,1.21
1664,1,recover,swarm,-16.90,12.29,0.95
1664,2,windup,swarm,-16.08,12.12,0.14
1664,3,recover,bruiser,-16.56,11.03,1.12
1664,4,recover,pouncer,-14.88,12.46,1.21
1665,1,recover,swarm,-16.90,12.29,0.95
1665,2,windup,swarm,-16.08,12.12,0.14
1665,3,recover,bruiser,-16.56,11.03,1.12
1665,4,recover,pouncer,-14.88,12.46,1.21
1666,1,recover,swarm,-16.90,12.29,0.95
1666,2,windup,swarm,-16.08,12.12,0.14
1666,3,recover,bruiser,-16.56,11.03,1.12
1666,4,recover,pouncer,-14.88,12.46,1.21
1667,1,recover,swarm,-16.90,12.29,0.95
1667,2,strike,swarm,-16.08,12.12,0.14
1667,3,recover,bruiser,-16.56,11.03,1.12
1667,4,recover,pouncer,-14.88,12.46,1.21
1668,1,recover,swarm,-16.90,12.29,0.95
1668,2,strike,swarm,-16.05,12.11,0.12
1668,3,recover,bruiser,-16.56,11.03,1.12
1668,4,recover,pouncer,-14.88,12.46,1.21
1669,1,recover,swarm,-16.90,12.29,0.95
1669,2,strike,swarm,-15.94,12.03,0.07
1669,3,recover,bruiser,-16.56,11.03,1.12
1669,4,recover,pouncer,-14.88,12.46,1.21
1670,1,recover,swarm,-16.90,12.29,0.95
1670,2,strike,swarm,-15.91,12.00,0.09
1670,3,recover,bruiser,-16.56,11.03,1.12
1670,4,recover,pouncer,-14.88,12.46,1.21
1671,1,recover,swarm,-16.90,12.29,0.95
1671,2,strike,swarm,-15.78,11.87,0.26
1671,3,recover,bruiser,-16.56,11.03,1.12
1671,4,recover,pouncer,-14.88,12.46,1.21
1672,1,recover,swarm,-16.90,12.29,0.95
1672,2,strike,swarm,-15.76,11.83,0.29
1672,3,recover,bruiser,-16.56,11.03,1.12
1672,4,recover,pouncer,-14.88,12.46,1.21
1673,1,recover,swarm,-16.90,12.29,0.95
1673,2,strike,swarm,-15.69,11.70,0.43
1673,3,recover,bruiser,-16.56,11.03,1.12
1673,4,recover,pouncer,-14.88,12.46,1.21
1674,1,chase,swarm,-16.90,12.29,0.95
1674,2,strike,swarm,-15.66,11.67,0.47
1674,3,recover,bruiser,-16.56,11.03,1.12
1674,4,recover,pouncer,-14.88,12.46,1.21
1675,1,windup,swarm,-16.90,12.29,0.95
1675,2,strike,swarm,-15.58,11.54,0.62
1675,3,recover,bruiser,-16.56,11.03,1.12
1675,4,recover,pouncer,-14.88,12.46,1.21
1676,1,windup,swarm,-16.90,12.29,0.95
1676,2,strike,swarm,-15.56,11.51,0.66
1676,3,recover,bruiser,-16.56,11.03,1.12
1676,4,recover,pouncer,-14.88,12.46,1.21
1677,1,windup,swarm,-16.90,12.29,0.95
1677,2,strike,swarm,-15.48,11.41,0.79
1677,3,recover,bruiser,-16.56,11.03,1.12
1677,4,recover,pouncer,-14.88,12.46,1.21
1678,1,windup,swarm,-16.90,12.29,0.95
1678,2,strike,swarm,-15.44,11.37,0.84
1678,3,recover,bruiser,-16.56,11.03,1.12
1678,4,recover,pouncer,-14.88,12.46,1.21
1679,1,windup,swarm,-16.90,12.29,0.95
1679,2,strike,swarm,-15.36,11.26,0.98
1679,3,recover,bruiser,-16.56,11.03,1.12
1679,4,recover,pouncer,-14.88,12.46,1.21
1680,1,windup,swarm,-16.90,12.29,0.95
1680,2,strike,swarm,-15.33,11.22,1.02
1680,3,recover,bruiser,-16.56,11.03,1.12
1680,4,recover,pouncer,-14.88,12.46,1.21
1681,1,windup,swarm,-16.90,12.29,0.95
1681,2,strike,swarm,-15.22,11.08,1.21
1681,3,recover,bruiser,-16.56,11.03,1.12
1681,4,stalk,pouncer,-14.88,12.46,1.21
1682,1,windup,swarm,-16.90,12.29,0.95
1682,2,recover,swarm,-15.20,11.05,1.24
1682,3,recover,bruiser,-16.56,11.03,1.12
1682,4,crouch,pouncer,-14.86,12.45,1.22
1683,1,windup,swarm,-16.90,12.29,0.95
1683,2,recover,swarm,-15.20,11.05,1.24
1683,3,recover,bruiser,-16.56,11.03,1.12
1683,4,crouch,pouncer,-14.86,12.45,1.22
1684,1,windup,swarm,-16.90,12.29,0.95
1684,2,recover,swarm,-15.20,11.05,1.24
1684,3,recover,bruiser,-16.56,11.03,1.12
1684,4,crouch,pouncer,-14.86,12.45,1.22
1685,1,windup,swarm,-16.90,12.29,0.95
1685,2,recover,swarm,-15.20,11.05,1.24
1685,3,recover,bruiser,-16.56,11.03,1.12
1685,4,crouch,pouncer,-14.86,12.45,1.22
1686,1,windup,swarm,-16.90,12.29,0.95
1686,2,recover,swarm,-15.20,11.05,1.24
1686,3,recover,bruiser,-16.56,11.03,1.12
1686,4,crouch,pouncer,-14.86,12.45,1.22
1687,1,windup,swarm,-16.90,12.29,0.95
1687,2,recover,swarm,-15.20,11.05,1.24
1687,3,recover,bruiser,-16.56,11.03,1.12
1687,4,crouch,pouncer,-14.86,12.45,1.22
1688,1,windup,swarm,-16.90,12.29,0.95
1688,2,recover,swarm,-15.20,11.05,1.24
1688,3,recover,bruiser,-16.56,11.03,1.12
1688,4,crouch,pouncer,-14.86,12.45,1.22
1689,1,windup,swarm,-16.90,12.29,0.95
1689,2,recover,swarm,-15.20,11.05,1.24
1689,3,recover,bruiser,-16.56,11.03,1.12
1689,4,crouch,pouncer,-14.86,12.45,1.22
1690,1,strike,swarm,-16.90,12.29,0.95
1690,2,recover,swarm,-15.20,11.05,1.24
1690,3,recover,bruiser,-16.56,11.03,1.12
1690,4,crouch,pouncer,-14.86,12.45,1.22
1691,1,strike,swarm,-16.87,12.28,0.91
1691,2,recover,swarm,-15.20,11.05,1.24
1691,3,recover,bruiser,-16.56,11.03,1.12
1691,4,crouch,pouncer,-14.86,12.45,1.22
1692,1,strike,swarm,-16.70,12.23,0.74
1692,2,recover,swarm,-15.20,11.05,1.24
1692,3,recover,bruiser,-16.56,11.03,1.12
1692,4,crouch,pouncer,-14.86,12.45,1.22
1693,1,strike,swarm,-16.54,12.21,0.58
1693,2,recover,swarm,-15.20,11.05,1.24
1693,3,recover,bruiser,-16.56,11.03,1.12
1693,4,crouch,pouncer,-14.86,12.45,1.22
1694,1,strike,swarm,-16.51,12.21,0.55
1694,2,recover,swarm,-15.20,11.05,1.24
1694,3,recover,bruiser,-16.56,11.03,1.12
1694,4,crouch,pouncer,-14.86,12.45,1.22
1695,1,strike,swarm,-16.37,12.20,0.42
1695,2,recover,swarm,-15.20,11.05,1.24
1695,3,recover,bruiser,-16.56,11.03,1.12
1695,4,crouch,pouncer,-14.86,12.45,1.22
1696,1,strike,swarm,-16.33,12.19,0.39
1696,2,recover,swarm,-15.20,11.05,1.24
1696,3,advance,bruiser,-16.56,11.03,1.12
1696,4,crouch,pouncer,-14.86,12.45,1.22
1697,1,strike,swarm,-16.20,12.18,0.27
1697,2,recover,swarm,-15.20,11.05,1.24
1697,3,windup,bruiser,-16.56,11.03,1.12
1697,4,crouch,pouncer,-14.86,12.45,1.22
1698,1,strike,swarm,-16.16,12.18,0.24
1698,2,recover,swarm,-15.20,11.05,1.24
1698,3,windup,bruiser,-16.56,11.03,1.12
1698,4,crouch,pouncer,-14.86,12.45,1.22
1699,1,strike,swarm,-16.03,12.16,0.16
1699,2,recover,swarm,-15.20,11.05,1.24
1699,3,windup,bruiser,-16.56,11.03,1.12
1699,4,crouch,pouncer,-14.86,12.45,1.22
1700,1,strike,swarm,-15.99,12.15,0.15
1700,2,recover,swarm,-15.20,11.05,1.24
1700,3,windup,bruiser,-16.56,11.03,1.12
1700,4,crouch,pouncer,-14.86,12.45,1.22
1701,1,strike,swarm,-15.77,12.06,0.24
1701,2,recover,swarm,-15.20,11.05,1.24
1701,3,windup,bruiser,-16.56,11.03,1.12
1701,4,crouch,pouncer,-14.86,12.45,1.22
1702,1,strike,swarm,-15.74,12.03,0.26
1702,2,recover,swarm,-15.20,11.05,1.24
1702,3,windup,bruiser,-16.56,11.03,1.12
1702,4,crouch,pouncer,-14.86,12.45,1.22
1703,1,strike,swarm,-15.66,11.93,0.35
1703,2,recover,swarm,-15.20,11.05,1.24
1703,3,windup,bruiser,-16.56,11.03,1.12
1703,4,crouch,pouncer,-14.86,12.45,1.22
1704,1,recover,swarm,-15.63,11.91,0.38
1704,2,recover,swarm,-15.20,11.05,1.24
1704,3,windup,bruiser,-16.56,11.03,1.12
1704,4,crouch,pouncer,-14.86,12.45,1.22
1705,1,recover,swarm,-15.63,11.91,0.38
1705,2,recover,swarm,-15.20,11.05,1.24
1705,3,windup,bruiser,-16.56,11.03,1.12
1705,4,crouch,pouncer,-14.86,12.45,1.22
1706,1,recover,swarm,-15.63,11.91,0.38
1706,2,recover,swarm,-15.20,11.05,1.24
1706,3,windup,bruiser,-16.56,11.03,1.12
1706,4,crouch,pouncer,-14.86,12.45,1.22
1707,1,recover,swarm,-15.63,11.91,0.38
1707,2,recover,swarm,-15.20,11.05,1.24
1707,3,windup,bruiser,-16.56,11.03,1.12
1707,4,crouch,pouncer,-14.86,12.45,1.22
1708,1,recover,swarm,-15.63,11.91,0.38
1708,2,recover,swarm,-15.20,11.05,1.24
1708,3,windup,bruiser,-16.56,11.03,1.12
1708,4,crouch,pouncer,-14.86,12.45,1.22
1709,1,recover,swarm,-15.63,11.91,0.38
1709,2,recover,swarm,-15.20,11.05,1.24
1709,3,windup,bruiser,-16.56,11.03,1.12
1709,4,crouch,pouncer,-14.86,12.45,1.22
1710,1,recover,swarm,-15.63,11.91,0.38
1710,2,recover,swarm,-15.20,11.05,1.24
1710,3,windup,bruiser,-16.56,11.03,1.12
1710,4,pounce,pouncer,-14.86,12.45,1.22
1711,1,recover,swarm,-15.63,11.91,0.38
1711,2,recover,swarm,-15.20,11.05,1.24
1711,3,windup,bruiser,-16.56,11.03,1.12
1711,4,pounce,pouncer,-15.15,12.49,0.98
1712,1,recover,swarm,-15.63,11.91,0.38
1712,2,recover,swarm,-15.20,11.05,1.24
1712,3,windup,bruiser,-16.56,11.03,1.12
1712,4,pounce,pouncer,-15.18,12.54,0.98
1713,1,recover,swarm,-15.63,11.91,0.38
1713,2,recover,swarm,-15.20,11.05,1.24
1713,3,windup,bruiser,-16.56,11.03,1.12
1713,4,pounce,pouncer,-15.31,12.74,1.01
1714,1,recover,swarm,-15.63,11.91,0.38
1714,2,recover,swarm,-15.20,11.05,1.24
1714,3,windup,bruiser,-16.56,11.03,1.12
1714,4,pounce,pouncer,-15.36,12.77,1.00
1715,1,recover,swarm,-15.63,11.91,0.38
1715,2,recover,swarm,-15.20,11.05,1.24
1715,3,windup,bruiser,-16.56,11.03,1.12
1715,4,pounce,pouncer,-15.63,12.92,0.99
1716,1,recover,swarm,-15.63,11.91,0.38
1716,2,recover,swarm,-15.20,11.05,1.24
1716,3,windup,bruiser,-16.56,11.03,1.12
1716,4,pounce,pouncer,-15.68,12.93,0.98
1717,1,recover,swarm,-15.63,11.91,0.38
1717,2,recover,swarm,-15.20,11.05,1.24
1717,3,windup,bruiser,-16.56,11.03,1.12
1717,4,pounce,pouncer,-16.12,13.01,1.02
1718,1,recover,swarm,-15.63,11.91,0.38
1718,2,recover,swarm,-15.20,11.05,1.24
1718,3,windup,bruiser,-16.56,11.03,1.12
1718,4,pounce,pouncer,-16.17,13.00,1.02
1719,1,recover,swarm,-15.63,11.91,0.38
1719,2,recover,swarm,-15.20,11.05,1.24
1719,3,windup,bruiser,-16.56,11.03,1.12
1719,4,pounce,pouncer,-18.36,12.50,2.42
1720,1,recover,swarm,-15.63,11.91,0.38
1720,2,chase,swarm,-15.20,11.05,1.24
1720,3,strike,bruiser,-16.56,11.03,1.12
1720,4,recover,pouncer,-18.42,12.48,2.46
1721,1,recover,swarm,-15.63,11.91,0.38
1721,2,windup,swarm,-15.20,11.05,1.24
1721,3,strike,bruiser,-16.38,11.36,0.74
1721,4,recover,pouncer,-18.42,12.48,2.46
1722,1,recover,swarm,-15.63,11.91,0.38
1722,2,windup,swarm,-15.20,11.05,1.24
1722,3,strike,bruiser,-16.39,11.38,0.73
1722,4,recover,pouncer,-18.42,12.48,2.46
1723,1,recover,swarm,-15.63,11.91,0.38
1723,2,windup,swarm,-15.20,11.05,1.24
1723,3,strike,bruiser,-16.45,11.49,0.68
1723,4,recover,pouncer,-18.42,12.48,2.46
1724,1,recover,swarm,-15.63,11.91,0.38
1724,2,windup,swarm,-15.20,11.05,1.24
1724,3,strike,bruiser,-16.46,11.52,0.67
1724,4,recover,pouncer,-18.42,12.48,2.46
1725,1,recover,swarm,-15.63,11.91,0.38
1725,2,windup,swarm,-15.20,11.05,1.24
1725,3,strike,bruiser,-16.50,11.62,0.63
1725,4,recover,pouncer,-18.42,12.48,2.46
1726,1,recover,swarm,-15.63,11.91,0.38
1726,2,windup,swarm,-15.20,11.05,1.24
1726,3,strike,bruiser,-16.51,11.65,0.62
1726,4,recover,pouncer,-18.42,12.48,2.46
1727,1,recover,swarm,-15.63,11.91,0.38
1727,2,windup,swarm,-15.20,11.05,1.24
1727,3,strike,bruiser,-16.55,11.76,0.60
1727,4,recover,pouncer,-18.42,12.48,2.46
1728,1,chase,swarm,-15.63,11.91,0.38
1728,2,windup,swarm,-15.20,11.05,1.24
1728,3,strike,bruiser,-16.56,11.79,0.60
1728,4,recover,pouncer,-18.42,12.48,2.46
1729,1,windup,swarm,-15.63,11.91,0.38
1729,2,windup,swarm,-15.20,11.05,1.24
1729,3,strike,bruiser,-16.59,11.89,0.60
1729,4,recover,pouncer,-18.42,12.48,2.46
1730,1,windup,swarm,-15.63,11.91,0.38
1730,2,windup,swarm,-15.20,11.05,1.24
1730,3,strike,bruiser,-16.59,11.91,0.60
1730,4,recover,pouncer,-18.42,12.48,2.46
1731,1,windup,swarm,-15.63,11.91,0.38
1731,2,windup,swarm,-15.20,11.05,1.24
1731,3,strike,bruiser,-16.60,11.94,0.60
1731,4,recover,pouncer,-18.42,12.48,2.46
1732,1,windup,swarm,-15.63,11.91,0.38
1732,2,windup,swarm,-15.20,11.05,1.24
1732,3,strike,bruiser,-16.63,12.08,0.63
1732,4,recover,pouncer,-18.42,12.48,2.46
1733,1,windup,swarm,-15.63,11.91,0.38
1733,2,windup,swarm,-15.20,11.05,1.24
1733,3,strike,bruiser,-16.64,12.20,0.67
1733,4,recover,pouncer,-18.42,12.48,2.46
1734,1,windup,swarm,-15.63,11.91,0.38
1734,2,strike,swarm,-15.20,11.05,1.24
1734,3,strike,bruiser,-16.63,12.24,0.68
1734,4,recover,pouncer,-18.42,12.48,2.46
1735,1,windup,swarm,-15.63,11.91,0.38
1735,2,strike,swarm,-15.43,11.15,1.02
1735,3,strike,bruiser,-16.63,12.44,0.77
1735,4,recover,pouncer,-18.42,12.48,2.46
1736,1,windup,swarm,-15.63,11.91,0.38
1736,2,strike,swarm,-15.46,11.13,1.02
1736,3,recover,bruiser,-16.62,12.47,0.78
1736,4,recover,pouncer,-18.42,12.48,2.46
1737,1,windup,swarm,-15.63,11.91,0.38
1737,2,strike,swarm,-15.57,11.07,1.02
1737,3,recover,bruiser,-16.62,12.47,0.78
1737,4,recover,pouncer,-18.42,12.48,2.46
1738,1,windup,swarm,-15.63,11.91,0.38
1738,2,strike,swarm,-15.61,11.06,1.02
1738,3,recover,bruiser,-16.62,12.47,0.78
1738,4,recover,pouncer,-18.42,12.48,2.46
1739,1,windup,swarm,-15.63,11.91,0.38
1739,2,strike,swarm,-15.64,11.05,1.01
1739,3,recover,bruiser,-16.62,12.47,0.78
1739,4,recover,pouncer,-18.42,12.48,2.46
1740,1,windup,swarm,-15.63,11.91,0.38
1740,2,strike,swarm,-16.54,10.87,1.25
1740,3,recover,bruiser,-16.62,12.47,0.78
1740,4,recover,pouncer,-18.42,12.48,2.46
1741,1,strike,swarm,-15.63,11.91,0.38
1741,2,recover,swarm,-16.64,11.00,1.19
1741,3,recover,bruiser,-16.62,12.47,0.78
1741,4,recover,pouncer,-18.42,12.48,2.46
1742,1,strike,swarm,-15.67,11.91,0.34
1742,2,recover,swarm,-16.64,11.00,1.19
1742,3,recover,bruiser,-16.62,12.47,0.78
1742,4,recover,pouncer,-18.42,12.48,2.46
1743,1,strike,swarm,-16.07,11.94,0.09
1743,2,recover,swarm,-16.64,11.00,1.19
1743,3,recover,bruiser,-16.62,12.47,0.78
1743,4,recover,pouncer,-18.42,12.48,2.46
1744,1,strike,swarm,-16.07,11.90,0.12
1744,2,recover,swarm,-16.64,11.00,1.19
1744,3,recover,bruiser,-16.62,12.47,0.78
1744,4,recover,pouncer,-18.42,12.48,2.46
1745,1,strike,swarm,-16.12,11.72,0.30
1745,2,recover,swarm,-16.64,11.00,1.19
1745,3,recover,bruiser,-16.62,12.47,0.78
1745,4,recover,pouncer,-18.42,12.48,2.46
1746,1,strike,swarm,-16.13,11.76,0.27
1746,2,recover,swarm,-16.64,11.00,1.19
1746,3,recover,bruiser,-16.62,12.47,0.78
1746,4,recover,pouncer,-18.42,12.48,2.46
1747,1,strike,swarm,-16.17,11.90,0.20
1747,2,recover,swarm,-16.64,11.00,1.19
1747,3,recover,bruiser,-16.62,12.47,0.78
1747,4,recover,pouncer,-18.42,12.48,2.46
1748,1,strike,swarm,-16.17,11.86,0.22
1748,2,recover,swarm,-16.64,11.00,1.19
1748,3,recover,bruiser,-16.62,12.47,0.78
1748,4,recover,pouncer,-18.42,12.48,2.46
1749,1,strike,swarm,-16.22,11.74,0.34
1749,2,recover,swarm,-16.64,11.00,1.19
1749,3,recover,bruiser,-16.62,12.47,0.78
1749,4,recover,pouncer,-18.42,12.48,2.46
1750,1,strike,swarm,-16.23,11.77,0.33
1750,2,recover,swarm,-16.64,11.00,1.19
1750,3,recover,bruiser,-16.62,12.47,0.78
1750,4,recover,pouncer,-18.42,12.48,2.46
1751,1,strike,swarm,-16.31,11.90,0.32
1751,2,recover,swarm,-16.64,11.00,1.19
1751,3,recover,bruiser,-16.62,12.47,0.78
1751,4,recover,pouncer,-18.42,12.48,2.46
1752,1,recover,swarm,-16.32,11.87,0.34
1752,2,recover,swarm,-16.64,11.00,1.19
1752,3,recover,bruiser,-16.62,12.47,0.78
1752,4,recover,pouncer,-18.42,12.48,2.46
1753,1,recover,swarm,-16.32,11.87,0.34
1753,2,recover,swarm,-16.64,11.00,1.19
1753,3,recover,bruiser,-16.62,12.47,0.78
1753,4,recover,pouncer,-18.42,12.48,2.46
1754,1,recover,swarm,-16.32,11.87,0.34
1754,2,recover,swarm,-16.64,11.00,1.19
1754,3,recover,bruiser,-16.62,12.47,0.78
1754,4,recover,pouncer,-18.42,12.48,2.46
1755,1,recover,swarm,-16.32,11.87,0.34
1755,2,recover,swarm,-16.64,11.00,1.19
1755,3,recover,bruiser,-16.62,12.47,0.78
1755,4,recover,pouncer,-18.42,12.48,2.46
1756,1,recover,swarm,-16.32,11.87,0.34
1756,2,recover,swarm,-16.64,11.00,1.19
1756,3,recover,bruiser,-16.62,12.47,0.78
1756,4,recover,pouncer,-18.42,12.48,2.46
1757,1,recover,swarm,-16.32,11.87,0.34
1757,2,recover,swarm,-16.64,11.00,1.19
1757,3,recover,bruiser,-16.62,12.47,0.78
1757,4,recover,pouncer,-18.42,12.48,2.46
1758,1,recover,swarm,-16.32,11.87,0.34
1758,2,recover,swarm,-16.64,11.00,1.19
1758,3,recover,bruiser,-16.62,12.47,0.78
1758,4,recover,pouncer,-18.42,12.48,2.46
1759,1,recover,swarm,-16.32,11.87,0.34
1759,2,recover,swarm,-16.64,11.00,1.19
1759,3,recover,bruiser,-16.62,12.47,0.78
1759,4,recover,pouncer,-18.42,12.48,2.46
1760,1,recover,swarm,-16.32,11.87,0.34
1760,2,recover,swarm,-16.64,11.00,1.19
1760,3,recover,bruiser,-16.62,12.47,0.78
1760,4,recover,pouncer,-18.42,12.48,2.46
1761,1,recover,swarm,-16.32,11.87,0.34
1761,2,recover,swarm,-16.64,11.00,1.19
1761,3,recover,bruiser,-16.62,12.47,0.78
1761,4,recover,pouncer,-18.42,12.48,2.46
1762,1,recover,swarm,-16.32,11.87,0.34
1762,2,recover,swarm,-16.64,11.00,1.19
1762,3,recover,bruiser,-16.62,12.47,0.78
1762,4,recover,pouncer,-18.42,12.48,2.46
1763,1,recover,swarm,-16.32,11.87,0.34
1763,2,recover,swarm,-16.64,11.00,1.19
1763,3,recover,bruiser,-16.62,12.47,0.78
1763,4,recover,pouncer,-18.42,12.48,2.46
1764,1,recover,swarm,-16.32,11.87,0.34
1764,2,recover,swarm,-16.64,11.00,1.19
1764,3,recover,bruiser,-16.62,12.47,0.78
1764,4,recover,pouncer,-18.42,12.48,2.46
1765,1,recover,swarm,-16.32,11.87,0.34
1765,2,recover,swarm,-16.64,11.00,1.19
1765,3,recover,bruiser,-16.62,12.47,0.78
1765,4,recover,pouncer,-18.42,12.48,2.46
1766,1,recover,swarm,-16.32,11.87,0.34
1766,2,recover,swarm,-16.64,11.00,1.19
1766,3,recover,bruiser,-16.62,12.47,0.78
1766,4,recover,pouncer,-18.42,12.48,2.46
1767,1,recover,swarm,-16.32,11.87,0.34
1767,2,recover,swarm,-16.64,11.00,1.19
1767,3,recover,bruiser,-16.62,12.47,0.78
1767,4,recover,pouncer,-18.42,12.48,2.46
1768,1,recover,swarm,-16.32,11.87,0.34
1768,2,recover,swarm,-16.64,11.00,1.19
1768,3,recover,bruiser,-16.62,12.47,0.78
1768,4,recover,pouncer,-18.42,12.48,2.46
1769,1,recover,swarm,-16.32,11.87,0.34
1769,2,recover,swarm,-16.64,11.00,1.19
1769,3,recover,bruiser,-16.62,12.47,0.78
1769,4,recover,pouncer,-18.42,12.48,2.46
1770,1,recover,swarm,-16.32,11.87,0.34
1770,2,recover,swarm,-16.64,11.00,1.19
1770,3,recover,bruiser,-16.62,12.47,0.78
1770,4,recover,pouncer,-18.42,12.48,2.46
1771,1,recover,swarm,-16.32,11.87,0.34
1771,2,recover,swarm,-16.64,11.00,1.19
1771,3,recover,bruiser,-16.62,12.47,0.78
1771,4,recover,pouncer,-18.42,12.48,2.46
1772,1,recover,swarm,-16.32,11.87,0.34
1772,2,recover,swarm,-16.64,11.00,1.19
1772,3,recover,bruiser,-16.62,12.47,0.78
1772,4,recover,pouncer,-18.42,12.48,2.46
1773,1,recover,swarm,-16.32,11.87,0.34
1773,2,recover,swarm,-16.64,11.00,1.19
1773,3,recover,bruiser,-16.62,12.47,0.78
1773,4,recover,pouncer,-18.42,12.48,2.46
1774,1,recover,swarm,-16.32,11.87,0.34
1774,2,recover,swarm,-16.64,11.00,1.19
1774,3,recover,bruiser,-16.62,12.47,0.78
1774,4,recover,pouncer,-18.42,12.48,2.46
1775,1,recover,swarm,-16.32,11.87,0.34
1775,2,recover,swarm,-16.64,11.00,1.19
1775,3,recover,bruiser,-16.62,12.47,0.78
1775,4,recover,pouncer,-18.42,12.48,2.46
1776,1,recover,swarm,-16.32,11.87,0.34
1776,2,recover,swarm,-16.64,11.00,1.19
1776,3,recover,bruiser,-16.62,12.47,0.78
1776,4,recover,pouncer,-18.42,12.48,2.46
1777,1,recover,swarm,-16.32,11.87,0.34
1777,2,recover,swarm,-16.64,11.00,1.19
1777,3,recover,bruiser,-16.62,12.47,0.78
1777,4,recover,pouncer,-18.42,12.48,2.46
1778,1,recover,swarm,-16.32,11.87,0.34
1778,2,recover,swarm,-16.64,11.00,1.19
1778,3,recover,bruiser,-16.62,12.47,0.78
1778,4,recover,pouncer,-18.42,12.48,2.46
1779,1,recover,swarm,-16.32,11.87,0.34
1779,2,recover,swarm,-16.64,11.00,1.19
1779,3,recover,bruiser,-16.62,12.47,0.78
1779,4,recover,pouncer,-18.42,12.48,2.46
1780,1,recover,swarm,-16.32,11.87,0.34
1780,2,recover,swarm,-16.64,11.00,1.19
1780,3,recover,bruiser,-16.62,12.47,0.78
1780,4,recover,pouncer,-18.42,12.48,2.46
1781,1,recover,swarm,-16.32,11.87,0.34
1781,2,recover,swarm,-16.64,11.00,1.19
1781,3,recover,bruiser,-16.62,12.47,0.78
1781,4,recover,pouncer,-18.42,12.48,2.46
1782,1,recover,swarm,-16.32,11.87,0.34
1782,2,recover,swarm,-16.64,11.00,1.19
1782,3,recover,bruiser,-16.62,12.47,0.78
1782,4,recover,pouncer,-18.42,12.48,2.46
1783,1,recover,swarm,-16.32,11.87,0.34
1783,2,recover,swarm,-16.64,11.00,1.19
1783,3,recover,bruiser,-16.62,12.47,0.78
1783,4,recover,pouncer,-18.42,12.48,2.46
1784,1,recover,swarm,-16.32,11.87,0.34
1784,2,recover,swarm,-16.64,11.00,1.19
1784,3,recover,bruiser,-16.62,12.47,0.78
1784,4,recover,pouncer,-18.42,12.48,2.46
1785,1,recover,swarm,-16.32,11.87,0.34
1785,2,chase,swarm,-16.64,11.00,1.19
1785,3,recover,bruiser,-16.62,12.47,0.78
1785,4,stalk,pouncer,-18.42,12.48,2.46
1786,1,recover,swarm,-16.32,11.87,0.34
1786,2,windup,swarm,-16.64,11.00,1.19
1786,3,recover,bruiser,-16.62,12.47,0.78
1786,4,crouch,pouncer,-18.45,12.45,2.49
1787,1,recover,swarm,-16.32,11.87,0.34
1787,2,windup,swarm,-16.64,11.00,1.19
1787,3,recover,bruiser,-16.62,12.47,0.78
1787,4,crouch,pouncer,-18.45,12.45,2.49
1788,1,recover,swarm,-16.32,11.87,0.34
1788,2,windup,swarm,-16.64,11.00,1.19
1788,3,recover,bruiser,-16.62,12.47,0.78
1788,4,crouch,pouncer,-18.45,12.45,2.49
1789,1,recover,swarm,-16.32,11.87,0.34
1789,2,windup,swarm,-16.64,11.00,1.19
1789,3,recover,bruiser,-16.62,12.47,0.78
1789,4,crouch,pouncer,-18.45,12.45,2.49
1790,1,recover,swarm,-16.32,11.87,0.34
1790,2,windup,swarm,-16.64,11.00,1.19
1790,3,recover,bruiser,-16.62,12.47,0.78
1790,4,crouch,pouncer,-18.45,12.45,2.49
1791,1,recover,swarm,-16.32,11.87,0.34
1791,2,windup,swarm,-16.64,11.00,1.19
1791,3,recover,bruiser,-16.62,12.47,0.78
1791,4,crouch,pouncer,-18.45,12.45,2.49
1792,1,recover,swarm,-16.32,11.87,0.34
1792,2,windup,swarm,-16.64,11.00,1.19
1792,3,recover,bruiser,-16.62,12.47,0.78
1792,4,crouch,pouncer,-18.45,12.45,2.49
1793,1,recover,swarm,-16.32,11.87,0.34
1793,2,windup,swarm,-16.64,11.00,1.19
1793,3,recover,bruiser,-16.62,12.47,0.78
1793,4,crouch,pouncer,-18.45,12.45,2.49
1794,1,recover,swarm,-16.32,11.87,0.34
1794,2,windup,swarm,-16.64,11.00,1.19
1794,3,recover,bruiser,-16.62,12.47,0.78
1794,4,crouch,pouncer,-18.45,12.45,2.49
1795,1,recover,swarm,-16.32,11.87,0.34
1795,2,windup,swarm,-16.64,11.00,1.19
1795,3,recover,bruiser,-16.62,12.47,0.78
1795,4,crouch,pouncer,-18.45,12.45,2.49
1796,1,recover,swarm,-16.32,11.87,0.34
1796,2,windup,swarm,-16.64,11.00,1.19
1796,3,recover,bruiser,-16.62,12.47,0.78
1796,4,crouch,pouncer,-18.45,12.45,2.49
1797,1,chase,swarm,-16.32,11.87,0.34
1797,2,windup,swarm,-16.64,11.00,1.19
1797,3,advance,bruiser,-16.62,12.47,0.78
1797,4,crouch,pouncer,-18.45,12.45,2.49
1798,1,windup,swarm,-16.32,11.87,0.34
1798,2,windup,swarm,-16.64,11.00,1.19
1798,3,windup,bruiser,-16.62,12.47,0.78
1798,4,crouch,pouncer,-18.45,12.45,2.49
1799,1,windup,swarm,-16.32,11.87,0.34
1799,2,strike,swarm,-16.64,11.00,1.19
1799,3,windup,bruiser,-16.62,12.47,0.78
1799,4,crouch,pouncer,-18.45,12.45,2.49
1800,1,windup,swarm,-16.32,11.87,0.34
1800,2,strike,swarm,-16.61,11.01,1.16
1800,3,windup,bruiser,-16.62,12.47,0.78
1800,4,crouch,pouncer,-18.45,12.45,2.49
1801,1,windup,swarm,-16.32,11.87,0.34
1801,2,strike,swarm,-16.49,11.06,1.06
1801,3,windup,bruiser,-16.62,12.47,0.78
1801,4,crouch,pouncer,-18.45,12.45,2.49
1802,1,windup,swarm,-16.32,11.87,0.34
1802,2,strike,swarm,-16.46,11.05,1.05
1802,3,windup,bruiser,-16.62,12.47,0.78
1802,4,crouch,pouncer,-18.45,12.45,2.49
1803,1,windup,swarm,-16.32,11.87,0.34
1803,2,strike,swarm,-16.27,11.01,1.02
1803,3,windup,bruiser,-16.62,12.47,0.78
1803,4,crouch,pouncer,-18.45,12.45,2.49
1804,1,windup,swarm,-16.32,11.87,0.34
1804,2,strike,swarm,-16.24,11.01,1.02
1804,3,windup,bruiser,-16.62,12.47,0.78
1804,4,crouch,pouncer,-18.45,12.45,2.49
1805,1,windup,swarm,-16.32,11.87,0.34
1805,2,strike,swarm,-16.11,11.01,1.00
1805,3,windup,bruiser,-16.62,12.47,0.78
1805,4,crouch,pouncer,-18.45,12.45,2.49
1806,1,windup,swarm,-16.32,11.87,0.34
1806,2,strike,swarm,-16.08,11.01,0.99
1806,3,windup,bruiser,-16.62,12.47,0.78
1806,4,pounce,pouncer,-18.45,12.45,2.49
1807,1,windup,swarm,-16.32,11.87,0.34
1807,2,strike,swarm,-16.05,11.01,0.99
1807,3,windup,bruiser,-16.62,12.47,0.78
1807,4,pounce,pouncer,-18.41,12.44,2.45
1808,1,windup,swarm,-16.32,11.87,0.34
1808,2,strike,swarm,-15.84,11.03,0.98
1808,3,windup,bruiser,-16.62,12.47,0.78
1808,4,pounce,pouncer,-18.09,12.38,2.13
1809,1,strike,swarm,-16.32,11.87,0.34
1809,2,strike,swarm,-15.71,11.07,0.97
1809,3,windup,bruiser,-16.62,12.47,0.78
1809,4,pounce,pouncer,-17.89,12.35,1.93
1810,1,strike,swarm,-16.29,11.87,0.32
1810,2,strike,swarm,-15.69,11.08,0.97
1810,3,windup,bruiser,-16.62,12.47,0.78
1810,4,pounce,pouncer,-17.85,12.34,1.88
1811,1,strike,swarm,-16.05,11.82,0.18
1811,2,strike,swarm,-15.46,11.17,0.99
1811,3,windup,bruiser,-16.62,12.47,0.78
1811,4,pounce,pouncer,-17.49,12.26,1.52
1812,1,strike,swarm,-16.02,11.83,0.17
1812,2,recover,swarm,-15.43,11.18,1.00
1812,3,windup,bruiser,-16.62,12.47,0.78
1812,4,pounce,pouncer,-17.47,12.22,1.49
1813,1,strike,swarm,-15.85,11.90,0.18
1813,2,recover,swarm,-15.43,11.18,1.00
1813,3,windup,bruiser,-16.62,12.47,0.78
1813,4,pounce,pouncer,-17.35,11.96,1.35
1814,1,strike,swarm,-15.82,11.92,0.20
1814,2,recover,swarm,-15.43,11.18,1.00
1814,3,windup,bruiser,-16.62,12.47,0.78
1814,4,pounce,pouncer,-17.33,11.92,1.34
1815,1,strike,swarm,-15.68,12.03,0.32
1815,2,recover,swarm,-15.43,11.18,1.00
1815,3,windup,bruiser,-16.62,12.47,0.78
1815,4,pounce,pouncer,-17.21,11.69,1.25
1816,1,strike,swarm,-15.66,12.05,0.35
1816,2,recover,swarm,-15.43,11.18,1.00
1816,3,windup,bruiser,-16.62,12.47,0.78
1816,4,pounce,pouncer,-17.18,11.65,1.23
1817,1,strike,swarm,-15.46,12.21,0.58
1817,2,recover,swarm,-15.43,11.18,1.00
1817,3,windup,bruiser,-16.62,12.47,0.78
1817,4,pounce,pouncer,-16.91,11.37,1.11
1818,1,strike,swarm,-15.43,12.23,0.61
1818,2,recover,swarm,-15.43,11.18,1.00
1818,3,windup,bruiser,-16.62,12.47,0.78
1818,4,pounce,pouncer,-16.88,11.35,1.09
1819,1,strike,swarm,-15.29,12.34,0.79
1819,2,recover,swarm,-15.43,11.18,1.00
1819,3,windup,bruiser,-16.62,12.47,0.78
1819,4,pounce,pouncer,-16.63,11.22,1.00
1820,1,recover,swarm,-15.26,12.35,0.82
1820,2,recover,swarm,-15.43,11.18,1.00
1820,3,windup,bruiser,-16.62,12.47,0.78
1820,4,pounce,pouncer,-16.59,11.21,0.99
1821,1,recover,swarm,-15.26,12.35,0.82
1821,2,recover,swarm,-15.43,11.18,1.00
1821,3,windup,bruiser,-16.62,12.47,0.78
1821,4,pounce,pouncer,-16.42,11.15,0.95
1822,1,recover,swarm,-15.26,12.35,0.82
1822,2,recover,swarm,-15.43,11.18,1.00
1822,3,windup,bruiser,-16.62,12.47,0.78
1822,4,pounce,pouncer,-16.37,11.13,0.95
1823,1,recover,swarm,-15.26,12.35,0.82
1823,2,recover,swarm,-15.43,11.18,1.00
1823,3,windup,bruiser,-16.62,12.47,0.78
1823,4,pounce,pouncer,-16.22,11.01,1.01
1824,1,recover,swarm,-15.26,12.35,0.82
1824,2,recover,swarm,-15.43,11.18,1.00
1824,3,windup,bruiser,-16.62,12.47,0.78
1824,4,pounce,pouncer,-16.22,10.96,1.06
1825,1,recover,swarm,-15.26,12.35,0.82
1825,2,recover,swarm,-15.43,11.18,1.00
1825,3,windup,bruiser,-16.62,12.47,0.78
1825,4,pounce,pouncer,-16.19,10.71,1.31
1826,1,recover,swarm,-15.26,12.35,0.82
1826,2,recover,swarm,-15.43,11.18,1.00
1826,3,windup,bruiser,-16.62,12.47,0.78
1826,4,recover,pouncer,-16.17,10.67,1.34
1827,1,recover,swarm,-15.26,12.35,0.82
1827,2,recover,swarm,-15.43,11.18,1.00
1827,3,windup,bruiser,-16.62,12.47,0.78
1827,4,recover,pouncer,-16.17,10.67,1.34
1828,1,recover,swarm,-15.26,12.35,0.82
1828,2,recover,swarm,-15.43,11.18,1.00
1828,3,windup,bruiser,-16.62,12.47,0.78
1828,4,recover,pouncer,-16.17,10.67,1.34
1829,1,recover,swarm,-15.26,12.35,0.82
1829,2,recover,swarm,-15.43,11.18,1.00
1829,3,windup,bruiser,-16.62,12.47,0.78
1829,4,recover,pouncer,-16.17,10.67,1.34
1830,1,recover,swarm,-15.26,12.35,0.82
1830,2,recover,swarm,-15.43,11.18,1.00
1830,3,windup,bruiser,-16.62,12.47,0.78
1830,4,recover,pouncer,-16.17,10.67,1.34
1831,1,recover,swarm,-15.26,12.35,0.82
1831,2,recover,swarm,-15.43,11.18,1.00
1831,3,strike,bruiser,-16.62,12.47,0.78
1831,4,recover,pouncer,-16.17,10.67,1.34
1832,1,recover,swarm,-15.26,12.35,0.82
1832,2,recover,swarm,-15.43,11.18,1.00
1832,3,strike,bruiser,-16.59,12.45,0.74
1832,4,recover,pouncer,-16.17,10.67,1.34
1833,1,recover,swarm,-15.26,12.35,0.82
1833,2,recover,swarm,-15.43,11.18,1.00
1833,3,strike,bruiser,-16.45,12.35,0.57
1833,4,recover,pouncer,-16.17,10.67,1.34
1834,1,recover,swarm,-15.26,12.35,0.82
1834,2,recover,swarm,-15.43,11.18,1.00
1834,3,strike,bruiser,-16.44,12.33,0.54
1834,4,recover,pouncer,-16.17,10.67,1.34
1835,1,recover,swarm,-15.26,12.35,0.82
1835,2,recover,swarm,-15.43,11.18,1.00
1835,3,strike,bruiser,-16.31,12.19,0.36
1835,4,recover,pouncer,-16.17,10.67,1.34
1836,1,recover,swarm,-15.26,12.35,0.82
1836,2,recover,swarm,-15.43,11.18,1.00
1836,3,strike,bruiser,-16.30,12.16,0.34
1836,4,recover,pouncer,-16.17,10.67,1.34
1837,1,recover,swarm,-15.26,12.35,0.82
1837,2,recover,swarm,-15.43,11.18,1.00
1837,3,strike,bruiser,-16.26,12.07,0.27
1837,4,recover,pouncer,-16.17,10.67,1.34
1838,1,recover,swarm,-15.26,12.35,0.82
1838,2,recover,swarm,-15.43,11.18,1.00
1838,3,strike,bruiser,-16.25,12.05,0.26
1838,4,recover,pouncer,-16.17,10.67,1.34
1839,1,recover,swarm,-15.26,12.35,0.82
1839,2,recover,swarm,-15.43,11.18,1.00
1839,3,strike,bruiser,-16.21,11.89,0.24
1839,4,recover,pouncer,-16.17,10.67,1.34
1840,1,recover,swarm,-15.26,12.35,0.82
1840,2,recover,swarm,-15.43,11.18,1.00
1840,3,strike,bruiser,-16.21,11.86,0.25
1840,4,recover,pouncer,-16.17,10.67,1.34
1841,1,recover,swarm,-15.26,12.35,0.82
1841,2,recover,swarm,-15.43,11.18,1.00
1841,3,strike,bruiser,-16.22,11.72,0.35
1841,4,recover,pouncer,-16.17,10.67,1.34
1842,1,recover,swarm,-15.26,12.35,0.82
1842,2,recover,swarm,-15.43,11.18,1.00
1842,3,strike,bruiser,-16.23,11.75,0.34
1842,4,recover,pouncer,-16.17,10.67,1.34
1843,1,recover,swarm,-15.26,12.35,0.82
1843,2,recover,swarm,-15.43,11.18,1.00
1843,3,strike,bruiser,-16.28,11.84,0.32
1843,4,recover,pouncer,-16.17,10.67,1.34
1844,1,recover,swarm,-15.26,12.35,0.82
1844,2,recover,swarm,-15.43,11.18,1.00
1844,3,strike,bruiser,-16.27,11.82,0.32
1844,4,recover,pouncer,-16.17,10.67,1.34
1845,1,recover,swarm,-15.26,12.35,0.82
1845,2,recover,swarm,-15.43,11.18,1.00
1845,3,strike,bruiser,-16.19,11.67,0.38
1845,4,recover,pouncer,-16.17,10.67,1.34
1846,1,recover,swarm,-15.26,12.35,0.82
1846,2,recover,swarm,-15.43,11.18,1.00
1846,3,strike,bruiser,-16.20,11.70,0.36
1846,4,recover,pouncer,-16.17,10.67,1.34
1847,1,recover,swarm,-15.26,12.35,0.82
1847,2,recover,swarm,-15.43,11.18,1.00
1847,3,strike,bruiser,-16.28,11.85,0.32
1847,4,recover,pouncer,-16.17,10.67,1.34
1848,1,recover,swarm,-15.26,12.35,0.82
1848,2,recover,swarm,-15.43,11.18,1.00
1848,3,recover,bruiser,-16.27,11.83,0.32
1848,4,recover,pouncer,-16.17,10.67,1.34
1849,1,recover,swarm,-15.26,12.35,0.82
1849,2,recover,swarm,-15.43,11.18,1.00
1849,3,recover,bruiser,-16.27,11.83,0.32
1849,4,recover,pouncer,-16.17,10.67,1.34
1850,1,recover,swarm,-15.26,12.35,0.82
1850,2,recover,swarm,-15.43,11.18,1.00
1850,3,recover,bruiser,-16.27,11.83,0.32
1850,4,recover,pouncer,-16.17,10.67,1.34
1851,1,recover,swarm,-15.26,12.35,0.82
1851,2,recover,swarm,-15.43,11.18,1.00
1851,3,recover,bruiser,-16.27,11.83,0.32
1851,4,recover,pouncer,-16.17,10.67,1.34
1852,1,recover,swarm,-15.26,12.35,0.82
1852,2,recover,swarm,-15.43,11.18,1.00
1852,3,recover,bruiser,-16.27,11.83,0.32
1852,4,recover,pouncer,-16.17,10.67,1.34
1853,1,recover,swarm,-15.26,12.35,0.82
1853,2,recover,swarm,-15.43,11.18,1.00
1853,3,recover,bruiser,-16.27,11.83,0.32
1853,4,recover,pouncer,-16.17,10.67,1.34
1854,1,recover,swarm,-15.26,12.35,0.82
1854,2,chase,swarm,-15.43,11.18,1.00
1854,3,recover,bruiser,-16.27,11.83,0.32
1854,4,recover,pouncer,-16.17,10.67,1.34
1855,1,recover,swarm,-15.26,12.35,0.82
1855,2,windup,swarm,-15.43,11.18,1.00
1855,3,recover,bruiser,-16.27,11.83,0.32
1855,4,recover,pouncer,-16.17,10.67,1.34
1856,1,recover,swarm,-15.26,12.35,0.82
1856,2,windup,swarm,-15.43,11.18,1.00
1856,3,recover,bruiser,-16.27,11.83,0.32
1856,4,recover,pouncer,-16.17,10.67,1.34
1857,1,recover,swarm,-15.26,12.35,0.82
1857,2,windup,swarm,-15.43,11.18,1.00
1857,3,recover,bruiser,-16.27,11.83,0.32
1857,4,recover,pouncer,-16.17,10.67,1.34
1858,1,recover,swarm,-15.26,12.35,0.82
1858,2,windup,swarm,-15.43,11.18,1.00
1858,3,recover,bruiser,-16.27,11.83,0.32
1858,4,recover,pouncer,-16.17,10.67,1.34
1859,1,recover,swarm,-15.26,12.35,0.82
1859,2,windup,swarm,-15.43,11.18,1.00
1859,3,recover,bruiser,-16.27,11.83,0.32
1859,4,recover,pouncer,-16.17,10.67,1.34
1860,1,recover,swarm,-15.26,12.35,0.82
1860,2,windup,swarm,-15.43,11.18,1.00
1860,3,recover,bruiser,-16.27,11.83,0.32
1860,4,recover,pouncer,-16.17,10.67,1.34
1861,1,recover,swarm,-15.26,12.35,0.82
1861,2,windup,swarm,-15.43,11.18,1.00
1861,3,recover,bruiser,-16.27,11.83,0.32
1861,4,recover,pouncer,-16.17,10.67,1.34
1862,1,chase,swarm,-15.26,12.35,0.82
1862,2,windup,swarm,-15.43,11.18,1.00
1862,3,recover,bruiser,-16.27,11.83,0.32
1862,4,recover,pouncer,-16.17,10.67,1.34
1863,1,windup,swarm,-15.26,12.35,0.82
1863,2,windup,swarm,-15.43,11.18,1.00
1863,3,recover,bruiser,-16.27,11.83,0.32
1863,4,recover,pouncer,-16.17,10.67,1.34
1864,1,windup,swarm,-15.26,12.35,0.82
1864,2,windup,swarm,-15.43,11.18,1.00
1864,3,recover,bruiser,-16.27,11.83,0.32
1864,4,recover,pouncer,-16.17,10.67,1.34
1865,1,windup,swarm,-15.26,12.35,0.82
1865,2,windup,swarm,-15.43,11.18,1.00
1865,3,recover,bruiser,-16.27,11.83,0.32
1865,4,recover,pouncer,-16.17,10.67,1.34
1866,1,windup,swarm,-15.26,12.35,0.82
1866,2,strike,swarm,-15.43,11.18,1.00
1866,3,recover,bruiser,-16.27,11.83,0.32
1866,4,recover,pouncer,-16.17,10.67,1.34
1867,1,windup,swarm,-15.26,12.35,0.82
1867,2,strike,swarm,-15.30,11.39,0.92
1867,3,recover,bruiser,-16.27,11.83,0.32
1867,4,recover,pouncer,-16.17,10.67,1.34
1868,1,windup,swarm,-15.26,12.35,0.82
1868,2,strike,swarm,-15.29,11.42,0.92
1868,3,recover,bruiser,-16.27,11.83,0.32
1868,4,recover,pouncer,-16.17,10.67,1.34
1869,1,windup,swarm,-15.26,12.35,0.82
1869,2,strike,swarm,-14.65,12.36,1.40
1869,3,recover,bruiser,-16.27,11.83,0.32
1869,4,recover,pouncer,-16.17,10.67,1.34
1870,1,strike,swarm,-15.26,12.35,0.82
1870,2,recover,swarm,-14.62,12.39,1.43
1870,3,recover,bruiser,-16.27,11.83,0.32
1870,4,recover,pouncer,-16.17,10.67,1.34
1871,1,strike,swarm,-15.47,12.32,0.62
1871,2,recover,swarm,-14.62,12.39,1.43
1871,3,recover,bruiser,-16.27,11.83,0.32
1871,4,recover,pouncer,-16.17,10.67,1.34
1872,1,strike,swarm,-15.51,12.31,0.58
1872,2,recover,swarm,-14.62,12.39,1.43
1872,3,recover,bruiser,-16.27,11.83,0.32
1872,4,recover,pouncer,-16.17,10.67,1.34
1873,1,strike,swarm,-15.62,12.31,0.49
1873,2,recover,swarm,-14.62,12.39,1.43
1873,3,recover,bruiser,-16.27,11.83,0.32
1873,4,recover,pouncer,-16.17,10.67,1.34
1874,1,strike,swarm,-15.65,12.31,0.47
1874,2,recover,swarm,-14.62,12.39,1.43
1874,3,recover,bruiser,-16.27,11.83,0.32
1874,4,recover,pouncer,-16.17,10.67,1.34
1875,1,strike,swarm,-15.78,12.34,0.41
1875,2,recover,swarm,-14.62,12.39,1.43
1875,3,recover,bruiser,-16.27,11.83,0.32
1875,4,recover,pouncer,-16.17,10.67,1.34
1876,1,strike,swarm,-15.80,12.37,0.42
1876,2,recover,swarm,-14.62,12.39,1.43
1876,3,recover,bruiser,-16.27,11.83,0.32
1876,4,recover,pouncer,-16.17,10.67,1.34
1877,1,strike,swarm,-15.97,12.57,0.57
1877,2,recover,swarm,-14.62,12.39,1.43
1877,3,recover,bruiser,-16.27,11.83,0.32
1877,4,recover,pouncer,-16.17,10.67,1.34
1878,1,strike,swarm,-15.99,12.59,0.59
1878,2,recover,swarm,-14.62,12.39,1.43
1878,3,recover,bruiser,-16.27,11.83,0.32
1878,4,recover,pouncer,-16.17,10.67,1.34
1879,1,strike,swarm,-16.10,12.68,0.69
1879,2,recover,swarm,-14.62,12.39,1.43
1879,3,recover,bruiser,-16.27,11.83,0.32
1879,4,recover,pouncer,-16.17,10.67,1.34
1880,1,strike,swarm,-16.12,12.70,0.71
1880,2,recover,swarm,-14.62,12.39,1.43
1880,3,recover,bruiser,-16.27,11.83,0.32
1880,4,recover,pouncer,-16.17,10.67,1.34
1881,1,strike,swarm,-16.25,12.76,0.81
1881,2,recover,swarm,-14.62,12.39,1.43
1881,3,recover,bruiser,-16.27,11.83,0.32
1881,4,recover,pouncer,-16.17,10.67,1.34
1882,1,strike,swarm,-16.29,12.78,0.83
1882,2,recover,swarm,-14.62,12.39,1.43
1882,3,recover,bruiser,-16.27,11.83,0.32
1882,4,stalk,pouncer,-16.17,10.67,1.34
1883,1,strike,swarm,-16.52,12.84,0.99
1883,2,recover,swarm,-14.62,12.39,1.43
1883,3,recover,bruiser,-16.27,11.83,0.32
1883,4,crouch,pouncer,-16.10,10.58,1.42
1884,1,recover,swarm,-16.55,12.84,1.01
1884,2,recover,swarm,-14.62,12.39,1.43
1884,3,recover,bruiser,-16.27,11.83,0.32
1884,4,crouch,pouncer,-16.10,10.58,1.42
1885,1,recover,swarm,-16.55,12.84,1.01
1885,2,recover,swarm,-14.62,12.39,1.43
1885,3,recover,bruiser,-16.27,11.83,0.32
1885,4,crouch,pouncer,-16.10,10.58,1.42
1886,1,recover,swarm,-16.55,12.84,1.01
1886,2,recover,swarm,-14.62,12.39,1.43
1886,3,recover,bruiser,-16.27,11.83,0.32
1886,4,crouch,pouncer,-16.10,10.58,1.42
1887,1,recover,swarm,-16.55,12.84,1.01
1887,2,recover,swarm,-14.62,12.39,1.43
1887,3,recover,bruiser,-16.27,11.83,0.32
1887,4,crouch,pouncer,-16.10,10.58,1.42
1888,1,recover,swarm,-16.55,12.84,1.01
1888,2,recover,swarm,-14.62,12.39,1.43
1888,3,recover,bruiser,-16.27,11.83,0.32
1888,4,crouch,pouncer,-16.10,10.58,1.42
1889,1,recover,swarm,-16.55,12.84,1.01
1889,2,recover,swarm,-14.62,12.39,1.43
1889,3,recover,bruiser,-16.27,11.83,0.32
1889,4,crouch,pouncer,-16.10,10.58,1.42
1890,1,recover,swarm,-16.55,12.84,1.01
1890,2,recover,swarm,-14.62,12.39,1.43
1890,3,recover,bruiser,-16.27,11.83,0.32
1890,4,crouch,pouncer,-16.10,10.58,1.42
1891,1,recover,swarm,-16.55,12.84,1.01
1891,2,recover,swarm,-14.62,12.39,1.43
1891,3,recover,bruiser,-16.27,11.83,0.32
1891,4,crouch,pouncer,-16.10,10.58,1.42
1892,1,recover,swarm,-16.55,12.84,1.01
1892,2,recover,swarm,-14.62,12.39,1.43
1892,3,recover,bruiser,-16.27,11.83,0.32
1892,4,crouch,pouncer,-16.10,10.58,1.42
1893,1,recover,swarm,-16.55,12.84,1.01
1893,2,recover,swarm,-14.62,12.39,1.43
1893,3,recover,bruiser,-16.27,11.83,0.32
1893,4,crouch,pouncer,-16.10,10.58,1.42
1894,1,recover,swarm,-16.55,12.84,1.01
1894,2,recover,swarm,-14.62,12.39,1.43
1894,3,recover,bruiser,-16.27,11.83,0.32
1894,4,crouch,pouncer,-16.10,10.58,1.42
1895,1,recover,swarm,-16.55,12.84,1.01
1895,2,recover,swarm,-14.62,12.39,1.43
1895,3,recover,bruiser,-16.27,11.83,0.32
1895,4,crouch,pouncer,-16.10,10.58,1.42
1896,1,recover,swarm,-16.55,12.84,1.01
1896,2,recover,swarm,-14.62,12.39,1.43
1896,3,recover,bruiser,-16.27,11.83,0.32
1896,4,crouch,pouncer,-16.10,10.58,1.42
1897,1,recover,swarm,-16.55,12.84,1.01
1897,2,recover,swarm,-14.62,12.39,1.43
1897,3,recover,bruiser,-16.27,11.83,0.32
1897,4,crouch,pouncer,-16.10,10.58,1.42
1898,1,recover,swarm,-16.55,12.84,1.01
1898,2,recover,swarm,-14.62,12.39,1.43
1898,3,recover,bruiser,-16.27,11.83,0.32
1898,4,crouch,pouncer,-16.10,10.58,1.42
1899,1,recover,swarm,-16.55,12.84,1.01
1899,2,recover,swarm,-14.62,12.39,1.43
1899,3,recover,bruiser,-16.27,11.83,0.32
1899,4,crouch,pouncer,-16.10,10.58,1.42
1900,1,recover,swarm,-16.55,12.84,1.01
1900,2,recover,swarm,-14.62,12.39,1.43
1900,3,advance,bruiser,-16.27,11.83,0.32
1900,4,crouch,pouncer,-16.10,10.58,1.42
1901,1,recover,swarm,-16.55,12.84,1.01
1901,2,recover,swarm,-14.62,12.39,1.43
1901,3,windup,bruiser,-16.27,11.83,0.32
1901,4,crouch,pouncer,-16.10,10.58,1.42
1902,1,recover,swarm,-16.55,12.84,1.01
1902,2,recover,swarm,-14.62,12.39,1.43
1902,3,windup,bruiser,-16.27,11.83,0.32
1902,4,crouch,pouncer,-16.10,10.58,1.42
1903,1,recover,swarm,-16.55,12.84,1.01
1903,2,recover,swarm,-14.62,12.39,1.43
1903,3,windup,bruiser,-16.27,11.83,0.32
1903,4,crouch,pouncer,-16.10,10.58,1.42
1904,1,recover,swarm,-16.55,12.84,1.01
1904,2,recover,swarm,-14.62,12.39,1.43
1904,3,windup,bruiser,-16.27,11.83,0.32
1904,4,crouch,pouncer,-16.10,10.58,1.42
1905,1,recover,swarm,-16.55,12.84,1.01
1905,2,recover,swarm,-14.62,12.39,1.43
1905,3,windup,bruiser,-16.27,11.83,0.32
1905,4,crouch,pouncer,-16.10,10.58,1.42
1906,1,recover,swarm,-16.55,12.84,1.01
1906,2,recover,swarm,-14.62,12.39,1.43
1906,3,windup,bruiser,-16.27,11.83,0.32
1906,4,crouch,pouncer,-16.10,10.58,1.42
1907,1,recover,swarm,-16.55,12.84,1.01
1907,2,recover,swarm,-14.62,12.39,1.43
1907,3,windup,bruiser,-16.27,11.83,0.32
1907,4,crouch,pouncer,-16.10,10.58,1.42
1908,1,recover,swarm,-16.55,12.84,1.01
1908,2,recover,swarm,-14.62,12.39,1.43
1908,3,windup,bruiser,-16.27,11.83,0.32
1908,4,crouch,pouncer,-16.10,10.58,1.42
1909,1,recover,swarm,-16.55,12.84,1.01
1909,2,recover,swarm,-14.62,12.39,1.43
1909,3,windup,bruiser,-16.27,11.83,0.32
1909,4,crouch,pouncer,-16.10,10.58,1.42
1910,1,recover,swarm,-16.55,12.84,1.01
1910,2,recover,swarm,-14.62,12.39,1.43
1910,3,windup,bruiser,-16.27,11.83,0.32
1910,4,crouch,pouncer,-16.10,10.58,1.42
1911,1,recover,swarm,-16.55,12.84,1.01
1911,2,recover,swarm,-14.62,12.39,1.43
1911,3,windup,bruiser,-16.27,11.83,0.32
1911,4,crouch,pouncer,-16.10,10.58,1.42
1912,1,recover,swarm,-16.55,12.84,1.01
1912,2,recover,swarm,-14.62,12.39,1.43
1912,3,windup,bruiser,-16.27,11.83,0.32
1912,4,pounce,pouncer,-16.10,10.58,1.42
1913,1,recover,swarm,-16.55,12.84,1.01
1913,2,recover,swarm,-14.62,12.39,1.43
1913,3,windup,bruiser,-16.27,11.83,0.32
1913,4,pounce,pouncer,-16.09,10.73,1.27
1914,1,recover,swarm,-16.55,12.84,1.01
1914,2,recover,swarm,-14.62,12.39,1.43
1914,3,windup,bruiser,-16.27,11.83,0.32
1914,4,pounce,pouncer,-16.04,10.98,1.02
1915,1,recover,swarm,-16.55,12.84,1.01
1915,2,chase,swarm,-14.62,12.39,1.43
1915,3,windup,bruiser,-16.27,11.83,0.32
1915,4,pounce,pouncer,-15.99,11.00,1.00
1916,1,recover,swarm,-16.55,12.84,1.01
1916,2,windup,swarm,-14.62,12.39,1.43
1916,3,windup,bruiser,-16.27,11.83,0.32
1916,4,pounce,pouncer,-14.71,11.66,1.33
1917,1,recover,swarm,-16.55,12.84,1.01
1917,2,windup,swarm,-14.62,12.39,1.43
1917,3,windup,bruiser,-16.27,11.83,0.32
1917,4,pounce,pouncer,-14.74,11.61,1.32
1918,1,recover,swarm,-16.55,12.84,1.01
1918,2,windup,swarm,-14.62,12.39,1.43
1918,3,windup,bruiser,-16.27,11.83,0.32
1918,4,pounce,pouncer,-14.95,11.56,1.14
1919,1,recover,swarm,-16.55,12.84,1.01
1919,2,windup,swarm,-14.62,12.39,1.43
1919,3,windup,bruiser,-16.27,11.83,0.32
1919,4,pounce,pouncer,-15.08,11.69,0.97
1920,1,recover,swarm,-16.55,12.84,1.01
1920,2,windup,swarm,-14.62,12.39,1.43
1920,3,windup,bruiser,-16.27,11.83,0.32
1920,4,pounce,pouncer,-15.12,11.73,0.92
1921,1,recover,swarm,-16.55,12.84,1.01
1921,2,windup,swarm,-14.62,12.39,1.43
1921,3,windup,bruiser,-16.27,11.83,0.32
1921,4,pounce,pouncer,-15.27,11.89,0.74
1922,1,chase,swarm,-16.55,12.84,1.01
1922,2,windup,swarm,-14.62,12.39,1.43
1922,3,windup,bruiser,-16.27,11.83,0.32
1922,4,pounce,pouncer,-15.28,11.94,0.72
1923,1,windup,swarm,-16.55,12.84,1.01
1923,2,windup,swarm,-14.62,12.39,1.43
1923,3,windup,bruiser,-16.27,11.83,0.32
1923,4,pounce,pouncer,-15.34,12.12,0.68
1924,1,windup,swarm,-16.55,12.84,1.01
1924,2,strike,swarm,-14.62,12.39,1.43
1924,3,windup,bruiser,-16.27,11.83,0.32
1924,4,pounce,pouncer,-15.36,12.17,0.67
1925,1,windup,swarm,-16.55,12.84,1.01
1925,2,strike,swarm,-14.49,12.45,1.57
1925,3,windup,bruiser,-16.27,11.83,0.32
1925,4,pounce,pouncer,-15.43,12.37,0.68
1926,1,windup,swarm,-16.55,12.84,1.01
1926,2,strike,swarm,-14.52,12.43,1.54
1926,3,windup,bruiser,-16.27,11.83,0.32
1926,4,recover,pouncer,-15.43,12.41,0.71
1927,1,windup,swarm,-16.55,12.84,1.01
1927,2,strike,swarm,-14.62,12.28,1.41
1927,3,windup,bruiser,-16.27,11.83,0.32
1927,4,recover,pouncer,-15.43,12.41,0.71
1928,1,windup,swarm,-16.55,12.84,1.01
1928,2,strike,swarm,-14.62,12.25,1.40
1928,3,windup,bruiser,-16.27,11.83,0.32
1928,4,recover,pouncer,-15.43,12.41,0.71
1929,1,windup,swarm,-16.55,12.84,1.01
1929,2,strike,swarm,-14.64,12.03,1.36
1929,3,windup,bruiser,-16.27,11.83,0.32
1929,4,recover,pouncer,-15.43,12.41,0.71
1930,1,windup,swarm,-16.55,12.84,1.01
1930,2,strike,swarm,-14.65,11.99,1.35
1930,3,windup,bruiser,-16.27,11.83,0.32
1930,4,recover,pouncer,-15.43,12.41,0.71
1931,1,windup,swarm,-16.55,12.84,1.01
1931,2,strike,swarm,-14.69,11.86,1.31
1931,3,windup,bruiser,-16.27,11.83,0.32
1931,4,recover,pouncer,-15.43,12.41,0.71
1932,1,windup,swarm,-16.55,12.84,1.01
1932,2,strike,swarm,-14.71,11.83,1.30
1932,3,windup,bruiser,-16.27,11.83,0.32
1932,4,recover,pouncer,-15.43,12.41,0.71
1933,1,windup,swarm,-16.55,12.84,1.01
1933,2,strike,swarm,-14.76,11.74,1.27
1933,3,strike,bruiser,-16.27,11.83,0.32
1933,4,recover,pouncer,-15.43,12.41,0.71
1934,1,windup,swarm,-16.55,12.84,1.01
1934,2,strike,swarm,-14.78,11.71,1.26
1934,3,strike,bruiser,-16.24,11.81,0.30
1934,4,recover,pouncer,-15.43,12.41,0.71
1935,1,windup,swarm,-16.55,12.84,1.01
1935,2,strike,swarm,-14.87,11.57,1.21
1935,3,strike,bruiser,-16.11,11.75,0.27
1935,4,recover,pouncer,-15.43,12.41,0.71
1936,1,windup,swarm,-16.55,12.84,1.01
1936,2,strike,swarm,-14.89,11.53,1.20
1936,3,strike,bruiser,-16.08,11.74,0.27
1936,4,recover,pouncer,-15.43,12.41,0.71
1937,1,windup,swarm,-16.55,12.84,1.01
1937,2,strike,swarm,-14.96,11.43,1.19
1937,3,strike,bruiser,-15.99,11.69,0.31
1937,4,recover,pouncer,-15.43,12.41,0.71
1938,1,windup,swarm,-16.55,12.84,1.01
1938,2,recover,swarm,-14.97,11.40,1.19
1938,3,strike,bruiser,-16.02,11.70,0.30
1938,4,recover,pouncer,-15.43,12.41,0.71
1939,1,windup,swarm,-16.55,12.84,1.01
1939,2,recover,swarm,-14.97,11.40,1.19
1939,3,strike,bruiser,-16.11,11.83,0.21
1939,4,recover,pouncer,-15.43,12.41,0.71
1940,1,strike,swarm,-16.55,12.84,1.01
1940,2,recover,swarm,-14.97,11.40,1.19
1940,3,strike,bruiser,-16.09,11.80,0.22
1940,4,recover,pouncer,-15.43,12.41,0.71
1941,1,strike,swarm,-16.49,12.72,0.87
1941,2,recover,swarm,-14.97,11.40,1.19
1941,3,strike,bruiser,-16.02,11.72,0.29
1941,4,recover,pouncer,-15.43,12.41,0.71
1942,1,strike,swarm,-16.49,12.69,0.85
1942,2,recover,swarm,-14.97,11.40,1.19
1942,3,strike,bruiser,-16.01,11.69,0.31
1942,4,recover,pouncer,-15.43,12.41,0.71
1943,1,strike,swarm,-16.49,12.51,0.71
1943,2,recover,swarm,-14.97,11.40,1.19
1943,3,strike,bruiser,-15.95,11.55,0.45
1943,4,recover,pouncer,-15.43,12.41,0.71
1944,1,strike,swarm,-16.50,12.48,0.70
1944,2,recover,swarm,-14.97,11.40,1.19
1944,3,strike,bruiser,-15.94,11.53,0.47
1944,4,recover,pouncer,-15.43,12.41,0.71
1945,1,strike,swarm,-16.53,12.35,0.63
1945,2,recover,swarm,-14.97,11.40,1.19
1945,3,strike,bruiser,-15.88,11.43,0.58
1945,4,recover,pouncer,-15.43,12.41,0.71
1946,1,strike,swarm,-16.53,12.32,0.62
1946,2,recover,swarm,-14.97,11.40,1.19
1946,3,strike,bruiser,-15.87,11.41,0.60
1946,4,recover,pouncer,-15.43,12.41,0.71
1947,1,strike,swarm,-16.54,12.21,0.58
1947,2,recover,swarm,-14.97,11.40,1.19
1947,3,strike,bruiser,-15.82,11.34,0.69
1947,4,recover,pouncer,-15.43,12.41,0.71
1948,1,strike,swarm,-16.54,12.18,0.57
1948,2,recover,swarm,-14.97,11.40,1.19
1948,3,strike,bruiser,-15.81,11.32,0.71
1948,4,recover,pouncer,-15.43,12.41,0.71
1949,1,strike,swarm,-16.54,12.04,0.54
1949,2,recover,swarm,-14.97,11.40,1.19
1949,3,strike,bruiser,-15.74,11.22,0.83
1949,4,recover,pouncer,-15.43,12.41,0.71
1950,1,strike,swarm,-16.53,12.01,0.53
1950,2,recover,swarm,-14.97,11.40,1.19
1950,3,strike,bruiser,-15.73,11.20,0.85
1950,4,recover,pouncer,-15.43,12.41,0.71
1951,1,strike,swarm,-16.52,11.88,0.53
1951,2,recover,swarm,-14.97,11.40,1.19
1951,3,strike,bruiser,-15.66,11.11,0.95
1951,4,recover,pouncer,-15.43,12.41,0.71
1952,1,strike,swarm,-16.51,11.85,0.53
1952,2,recover,swarm,-14.97,11.40,1.19
1952,3,recover,bruiser,-15.65,11.08,0.98
1952,4,recover,pouncer,-15.43,12.41,0.71
1953,1,strike,swarm,-16.49,11.76,0.54
1953,2,recover,swarm,-14.97,11.40,1.19
1953,3,recover,bruiser,-15.65,11.08,0.98
1953,4,recover,pouncer,-15.43,12.41,0.71
1954,1,strike,swarm,-16.47,11.66,0.58
1954,2,recover,swarm,-14.97,11.40,1.19
1954,3,recover,bruiser,-15.65,11.08,0.98
1954,4,recover,pouncer,-15.43,12.41,0.71
1955,1,strike,swarm,-16.46,11.57,0.63
1955,2,recover,swarm,-14.97,11.40,1.19
1955,3,recover,bruiser,-15.65,11.08,0.98
1955,4,recover,pouncer,-15.43,12.41,0.71
1956,1,recover,swarm,-16.48,11.46,0.72
1956,2,recover,swarm,-14.97,11.40,1.19
1956,3,recover,bruiser,-15.65,11.08,0.98
1956,4,recover,pouncer,-15.43,12.41,0.71
1957,1,recover,swarm,-16.48,11.46,0.72
1957,2,recover,swarm,-14.97,11.40,1.19
1957,3,recover,bruiser,-15.65,11.08,0.98
1957,4,recover,pouncer,-15.43,12.41,0.71
1958,1,recover,swarm,-16.48,11.46,0.72
1958,2,recover,swarm,-14.97,11.40,1.19
1958,3,recover,bruiser,-15.65,11.08,0.98
1958,4,recover,pouncer,-15.43,12.41,0.71
1959,1,recover,swarm,-16.48,11.46,0.72
1959,2,recover,swarm,-14.97,11.40,1.19
1959,3,recover,bruiser,-15.65,11.08,0.98
1959,4,recover,pouncer,-15.43,12.41,0.71
1960,1,recover,swarm,-16.48,11.46,0.72
1960,2,recover,swarm,-14.97,11.40,1.19
1960,3,recover,bruiser,-15.65,11.08,0.98
1960,4,recover,pouncer,-15.43,12.41,0.71
1961,1,recover,swarm,-16.48,11.46,0.72
1961,2,recover,swarm,-14.97,11.40,1.19
1961,3,recover,bruiser,-15.65,11.08,0.98
1961,4,recover,pouncer,-15.43,12.41,0.71
1962,1,recover,swarm,-16.48,11.46,0.72
1962,2,recover,swarm,-14.97,11.40,1.19
1962,3,recover,bruiser,-15.65,11.08,0.98
1962,4,recover,pouncer,-15.43,12.41,0.71
1963,1,recover,swarm,-16.48,11.46,0.72
1963,2,recover,swarm,-14.97,11.40,1.19
1963,3,recover,bruiser,-15.65,11.08,0.98
1963,4,recover,pouncer,-15.43,12.41,0.71
1964,1,recover,swarm,-16.48,11.46,0.72
1964,2,recover,swarm,-14.97,11.40,1.19
1964,3,recover,bruiser,-15.65,11.08,0.98
1964,4,recover,pouncer,-15.43,12.41,0.71
1965,1,recover,swarm,-16.48,11.46,0.72
1965,2,recover,swarm,-14.97,11.40,1.19
1965,3,recover,bruiser,-15.65,11.08,0.98
1965,4,recover,pouncer,-15.43,12.41,0.71
1966,1,recover,swarm,-16.48,11.46,0.72
1966,2,recover,swarm,-14.97,11.40,1.19
1966,3,recover,bruiser,-15.65,11.08,0.98
1966,4,recover,pouncer,-15.43,12.41,0.71
1967,1,recover,swarm,-16.48,11.46,0.72
1967,2,recover,swarm,-14.97,11.40,1.19
1967,3,recover,bruiser,-15.65,11.08,0.98
1967,4,recover,pouncer,-15.43,12.41,0.71
1968,1,recover,swarm,-16.48,11.46,0.72
1968,2,recover,swarm,-14.97,11.40,1.19
1968,3,recover,bruiser,-15.65,11.08,0.98
1968,4,recover,pouncer,-15.43,12.41,0.71
1969,1,recover,swarm,-16.48,11.46,0.72
1969,2,recover,swarm,-14.97,11.40,1.19
1969,3,recover,bruiser,-15.65,11.08,0.98
1969,4,recover,pouncer,-15.43,12.41,0.71
1970,1,recover,swarm,-16.48,11.46,0.72
1970,2,recover,swarm,-14.97,11.40,1.19
1970,3,recover,bruiser,-15.65,11.08,0.98
1970,4,recover,pouncer,-15.43,12.41,0.71
1971,1,recover,swarm,-16.48,11.46,0.72
1971,2,recover,swarm,-14.97,11.40,1.19
1971,3,recover,bruiser,-15.65,11.08,0.98
1971,4,recover,pouncer,-15.43,12.41,0.71
1972,1,recover,swarm,-16.48,11.46,0.72
1972,2,recover,swarm,-14.97,11.40,1.19
1972,3,recover,bruiser,-15.65,11.08,0.98
1972,4,recover,pouncer,-15.43,12.41,0.71
1973,1,recover,swarm,-16.48,11.46,0.72
1973,2,recover,swarm,-14.97,11.40,1.19
1973,3,recover,bruiser,-15.65,11.08,0.98
1973,4,recover,pouncer,-15.43,12.41,0.71
1974,1,recover,swarm,-16.48,11.46,0.72
1974,2,recover,swarm,-14.97,11.40,1.19
1974,3,recover,bruiser,-15.65,11.08,0.98
1974,4,recover,pouncer,-15.43,12.41,0.71
1975,1,recover,swarm,-16.48,11.46,0.72
1975,2,recover,swarm,-14.97,11.40,1.19
1975,3,recover,bruiser,-15.65,11.08,0.98
1975,4,recover,pouncer,-15.43,12.41,0.71
1976,1,recover,swarm,-16.48,11.46,0.72
1976,2,recover,swarm,-14.97,11.40,1.19
1976,3,recover,bruiser,-15.65,11.08,0.98
1976,4,recover,pouncer,-15.43,12.41,0.71
1977,1,recover,swarm,-16.48,11.46,0.72
1977,2,recover,swarm,-14.97,11.40,1.19
1977,3,recover,bruiser,-15.65,11.08,0.98
1977,4,recover,pouncer,-15.43,12.41,0.71
1978,1,recover,swarm,-16.48,11.46,0.72
1978,2,recover,swarm,-14.97,11.40,1.19
1978,3,recover,bruiser,-15.65,11.08,0.98
1978,4,recover,pouncer,-15.43,12.41,0.71
1979,1,recover,swarm,-16.48,11.46,0.72
1979,2,recover,swarm,-14.97,11.40,1.19
1979,3,recover,bruiser,-15.65,11.08,0.98
1979,4,recover,pouncer,-15.43,12.41,0.71
1980,1,recover,swarm,-16.48,11.46,0.72
1980,2,recover,swarm,-14.97,11.40,1.19
1980,3,recover,bruiser,-15.65,11.08,0.98
1980,4,recover,pouncer,-15.43,12.41,0.71
1981,1,recover,swarm,-16.48,11.46,0.72
1981,2,recover,swarm,-14.97,11.40,1.19
1981,3,recover,bruiser,-15.65,11.08,0.98
1981,4,recover,pouncer,-15.43,12.41,0.71
1982,1,recover,swarm,-16.48,11.46,0.72
1982,2,recover,swarm,-14.97,11.40,1.19
1982,3,recover,bruiser,-15.65,11.08,0.98
1982,4,recover,pouncer,-15.43,12.41,0.71
1983,1,recover,swarm,-16.48,11.46,0.72
1983,2,chase,swarm,-14.97,11.40,1.19
1983,3,recover,bruiser,-15.65,11.08,0.98
1983,4,recover,pouncer,-15.43,12.41,0.71
1984,1,recover,swarm,-16.48,11.46,0.72
1984,2,windup,swarm,-14.97,11.40,1.19
1984,3,recover,bruiser,-15.65,11.08,0.98
1984,4,recover,pouncer,-15.43,12.41,0.71
1985,1,chase,swarm,-16.48,11.46,0.72
1985,2,windup,swarm,-14.97,11.40,1.19
1985,3,recover,bruiser,-15.65,11.08,0.98
1985,4,stalk,pouncer,-15.43,12.41,0.71
1986,1,windup,swarm,-16.48,11.46,0.72
1986,2,windup,swarm,-14.97,11.40,1.19
1986,3,recover,bruiser,-15.65,11.08,0.98
1986,4,crouch,pouncer,-15.41,12.42,0.73
1987,1,windup,swarm,-16.48,11.46,0.72
1987,2,windup,swarm,-14.97,11.40,1.19
1987,3,recover,bruiser,-15.65,11.08,0.98
1987,4,crouch,pouncer,-15.41,12.42,0.73
1988,1,windup,swarm,-16.48,11.46,0.72
1988,2,windup,swarm,-14.97,11.40,1.19
1988,3,recover,bruiser,-15.65,11.08,0.98
1988,4,crouch,pouncer,-15.41,12.42,0.73
1989,1,windup,swarm,-16.48,11.46,0.72
1989,2,windup,swarm,-14.97,11.40,1.19
1989,3,recover,bruiser,-15.65,11.08,0.98
1989,4,crouch,pouncer,-15.41,12.42,0.73
1990,1,windup,swarm,-16.48,11.46,0.72
1990,2,windup,swarm,-14.97,11.40,1.19
1990,3,recover,bruiser,-15.65,11.08,0.98
1990,4,crouch,pouncer,-15.41,12.42,0.73
1991,1,windup,swarm,-16.48,11.46,0.72
1991,2,windup,swarm,-14.97,11.40,1.19
1991,3,recover,bruiser,-15.65,11.08,0.98
1991,4,crouch,pouncer,-15.41,12.42,0.73
1992,1,windup,swarm,-16.48,11.46,0.72
1992,2,windup,swarm,-14.97,11.40,1.19
1992,3,recover,bruiser,-15.65,11.08,0.98
1992,4,crouch,pouncer,-15.41,12.42,0.73
1993,1,windup,swarm,-16.48,11.46,0.72
1993,2,windup,swarm,-14.97,11.40,1.19
1993,3,recover,bruiser,-15.65,11.08,0.98
1993,4,crouch,pouncer,-15.41,12.42,0.73
1994,1,windup,swarm,-16.48,11.46,0.72
1994,2,windup,swarm,-14.97,11.40,1.19
1994,3,recover,bruiser,-15.65,11.08,0.98
1994,4,crouch,pouncer,-15.41,12.42,0.73
1995,1,windup,swarm,-16.48,11.46,0.72
1995,2,windup,swarm,-14.97,11.40,1.19
1995,3,recover,bruiser,-15.65,11.08,0.98
1995,4,crouch,pouncer,-15.41,12.42,0.73
1996,1,windup,swarm,-16.48,11.46,0.72
1996,2,strike,swarm,-14.97,11.40,1.19
1996,3,recover,bruiser,-15.65,11.08,0.98
1996,4,crouch,pouncer,-15.41,12.42,0.73
1997,1,windup,swarm,-16.48,11.46,0.72
1997,2,strike,swarm,-14.89,11.57,1.19
1997,3,recover,bruiser,-15.65,11.08,0.98
1997,4,crouch,pouncer,-15.41,12.42,0.73
1998,1,windup,swarm,-16.48,11.46,0.72
1998,2,strike,swarm,-14.88,11.61,1.19
1998,3,recover,bruiser,-15.65,11.08,0.98
1998,4,crouch,pouncer,-15.41,12.42,0.73
1999,1,windup,swarm,-16.48,11.46,0.72
1999,2,strike,swarm,-14.82,11.80,1.20
1999,3,recover,bruiser,-15.65,11.08,0.98
1999,4,crouch,pouncer,-15.41,12.42,0.73
2000,1,windup,swarm,-16.48,11.46,0.72
2000,2,strike,swarm,-14.80,11.84,1.21
2000,3,recover,bruiser,-15.65,11.08,0.98
2000,4,crouch,pouncer,-15.41,12.42,0.73
2001,1,strike,swarm,-16.48,11.46,0.72
2001,2,strike,swarm,-14.71,11.98,1.29
2001,3,advance,bruiser,-15.65,11.08,0.98
2001,4,crouch,pouncer,-15.41,12.42,0.73
2002,1,strike,swarm,-16.48,11.51,0.68
2002,2,strike,swarm,-14.77,11.98,1.23
2002,3,windup,bruiser,-15.65,11.08,0.98
2002,4,crouch,pouncer,-15.41,12.42,0.73
2003,1,strike,swarm,-16.48,11.65,0.59
2003,2,strike,swarm,-14.64,11.92,1.37
2003,3,windup,bruiser,-15.65,11.08,0.98
2003,4,crouch,pouncer,-15.41,12.42,0.73
2004,1,strike,swarm,-16.47,11.69,0.56
2004,2,strike,swarm,-14.67,11.94,1.33
2004,3,windup,bruiser,-15.65,11.08,0.98
2004,4,crouch,pouncer,-15.41,12.42,0.73
2005,1,strike,swarm,-16.42,11.95,0.43
2005,2,strike,swarm,-14.92,12.01,1.08
2005,3,windup,bruiser,-15.65,11.08,0.98
2005,4,crouch,pouncer,-15.41,12.42,0.73
2006,1,strike,swarm,-16.41,12.00,0.41
2006,2,strike,swarm,-14.87,11.99,1.13
2006,3,windup,bruiser,-15.65,11.08,0.98
2006,4,crouch,pouncer,-15.41,12.42,0.73
2007,1,strike,swarm,-16.39,12.14,0.41
2007,2,strike,swarm,-14.74,11.93,1.26
2007,3,windup,bruiser,-15.65,11.08,0.98
2007,4,crouch,pouncer,-15.41,12.42,0.73
2008,1,strike,swarm,-16.38,12.20,0.43
2008,2,recover,swarm,-14.77,11.97,1.23
2008,3,windup,bruiser,-15.65,11.08,0.98
2008,4,crouch,pouncer,-15.41,12.42,0.73
2009,1,strike,swarm,-16.36,12.37,0.51
2009,2,recover,swarm,-14.77,11.97,1.23
2009,3,windup,bruiser,-15.65,11.08,0.98
2009,4,crouch,pouncer,-15.41,12.42,0.73
2010,1,strike,swarm,-16.36,12.41,0.55
2010,2,recover,swarm,-14.77,11.97,1.23
2010,3,windup,bruiser,-15.65,11.08,0.98
2010,4,crouch,pouncer,-15.41,12.42,0.73
2011,1,strike,swarm,-16.37,12.63,0.74
2011,2,recover,swarm,-14.77,11.97,1.23
2011,3,windup,bruiser,-15.65,11.08,0.98
2011,4,crouch,pouncer,-15.41,12.42,0.73
2012,1,recover,swarm,-16.37,12.67,0.76
2012,2,recover,swarm,-14.77,11.97,1.23
2012,3,windup,bruiser,-15.65,11.08,0.98
2012,4,pounce,pouncer,-15.41,12.42,0.73
2013,1,recover,swarm,-16.37,12.67,0.76
2013,2,recover,swarm,-14.77,11.97,1.23
2013,3,windup,bruiser,-15.65,11.08,0.98
2013,4,pounce,pouncer,-15.61,12.39,0.56
2014,1,recover,swarm,-16.37,12.67,0.76
2014,2,recover,swarm,-14.77,11.97,1.23
2014,3,windup,bruiser,-15.65,11.08,0.98
2014,4,pounce,pouncer,-15.64,12.35,0.50
2015,1,recover,swarm,-16.37,12.67,0.76
2015,2,recover,swarm,-14.77,11.97,1.23
2015,3,windup,bruiser,-15.65,11.08,0.98
2015,4,pounce,pouncer,-15.82,12.14,0.23
2016,1,recover,swarm,-16.37,12.67,0.76
2016,2,recover,swarm,-14.77,11.97,1.23
2016,3,windup,bruiser,-15.65,11.08,0.98
2016,4,pounce,pouncer,-15.85,12.09,0.17
2017,1,recover,swarm,-16.37,12.67,0.76
2017,2,recover,swarm,-14.77,11.97,1.23
2017,3,windup,bruiser,-15.65,11.08,0.98
2017,4,pounce,pouncer,-16.02,11.89,0.12
2018,1,recover,swarm,-16.37,12.67,0.76
2018,2,recover,swarm,-14.77,11.97,1.23
2018,3,windup,bruiser,-15.65,11.08,0.98
2018,4,pounce,pouncer,-16.07,11.85,0.17
2019,1,recover,swarm,-16.37,12.67,0.76
2019,2,recover,swarm,-14.77,11.97,1.23
2019,3,windup,bruiser,-15.65,11.08,0.98
2019,4,pounce,pouncer,-16.26,11.72,0.38
2020,1,recover,swarm,-16.37,12.67,0.76
2020,2,recover,swarm,-14.77,11.97,1.23
2020,3,windup,bruiser,-15.65,11.08,0.98
2020,4,pounce,pouncer,-16.30,11.70,0.43
2021,1,recover,swarm,-16.37,12.67,0.76
2021,2,recover,swarm,-14.77,11.97,1.23
2021,3,windup,bruiser,-15.65,11.08,0.98
2021,4,pounce,pouncer,-16.49,11.61,0.63
2022,1,recover,swarm,-16.37,12.67,0.76
2022,2,recover,swarm,-14.77,11.97,1.23
2022,3,windup,bruiser,-15.65,11.08,0.98
2022,4,pounce,pouncer,-16.55,11.58,0.69
2023,1,recover,swarm,-16.37,12.67,0.76
2023,2,recover,swarm,-14.77,11.97,1.23
2023,3,windup,bruiser,-15.65,11.08,0.98
2023,4,pounce,pouncer,-16.73,11.49,0.89
2024,1,recover,swarm,-16.37,12.67,0.76
2024,2,recover,swarm,-14.77,11.97,1.23
2024,3,windup,bruiser,-15.65,11.08,0.98
2024,4,pounce,pouncer,-16.77,11.46,0.94
2025,1,recover,swarm,-16.37,12.67,0.76
2025,2,recover,swarm,-14.77,11.97,1.23
2025,3,windup,bruiser,-15.65,11.08,0.98
2025,4,pounce,pouncer,-16.99,11.35,1.19
2026,1,recover,swarm,-16.37,12.67,0.76
2026,2,recover,swarm,-14.77,11.97,1.23
2026,3,windup,bruiser,-15.65,11.08,0.98
2026,4,pounce,pouncer,-17.04,11.31,1.24
2027,1,recover,swarm,-16.37,12.67,0.76
2027,2,recover,swarm,-14.77,11.97,1.23
2027,3,windup,bruiser,-15.65,11.08,0.98
2027,4,pounce,pouncer,-17.17,11.22,1.41
2028,1,recover,swarm,-16.37,12.67,0.76
2028,2,recover,swarm,-14.77,11.97,1.23
2028,3,windup,bruiser,-15.65,11.08,0.98
2028,4,pounce,pouncer,-17.22,11.19,1.46
2029,1,recover,swarm,-16.37,12.67,0.76
2029,2,recover,swarm,-14.77,11.97,1.23
2029,3,windup,bruiser,-15.65,11.08,0.98
2029,4,pounce,pouncer,-17.34,11.10,1.62
2030,1,recover,swarm,-16.37,12.67,0.76
2030,2,recover,swarm,-14.77,11.97,1.23
2030,3,windup,bruiser,-15.65,11.08,0.98
2030,4,pounce,pouncer,-17.39,11.06,1.68
2031,1,recover,swarm,-16.37,12.67,0.76
2031,2,recover,swarm,-14.77,11.97,1.23
2031,3,windup,bruiser,-15.65,11.08,0.98
2031,4,pounce,pouncer,-17.53,10.97,1.84
2032,1,recover,swarm,-16.37,12.67,0.76
2032,2,recover,swarm,-14.77,11.97,1.23
2032,3,windup,bruiser,-15.65,11.08,0.98
2032,4,pounce,pouncer,-17.58,10.93,1.90
2033,1,recover,swarm,-16.37,12.67,0.76
2033,2,recover,swarm,-14.77,11.97,1.23
2033,3,windup,bruiser,-15.65,11.08,0.98
2033,4,pounce,pouncer,-17.70,10.85,2.05
2034,1,recover,swarm,-16.37,12.67,0.76
2034,2,recover,swarm,-14.77,11.97,1.23
2034,3,windup,bruiser,-15.65,11.08,0.98
2034,4,pounce,pouncer,-17.74,10.82,2.11
2035,1,recover,swarm,-16.37,12.67,0.76
2035,2,recover,swarm,-14.77,11.97,1.23
2035,3,windup,bruiser,-15.65,11.08,0.98
2035,4,pounce,pouncer,-17.97,10.66,2.38
2036,1,recover,swarm,-16.37,12.67,0.76
2036,2,recover,swarm,-14.77,11.97,1.23
2036,3,windup,bruiser,-15.65,11.08,0.98
2036,4,recover,pouncer,-18.01,10.63,2.44
2037,1,recover,swarm,-16.37,12.67,0.76
2037,2,recover,swarm,-14.77,11.97,1.23
2037,3,windup,bruiser,-15.65,11.08,0.98
2037,4,recover,pouncer,-18.01,10.63,2.44
2038,1,recover,swarm,-16.37,12.67,0.76
2038,2,recover,swarm,-14.77,11.97,1.23
2038,3,windup,bruiser,-15.65,11.08,0.98
2038,4,recover,pouncer,-18.01,10.63,2.44
2039,1,recover,swarm,-16.37,12.67,0.76
2039,2,recover,swarm,-14.77,11.97,1.23
2039,3,windup,bruiser,-15.65,11.08,0.98
2039,4,recover,pouncer,-18.01,10.63,2.44
2040,1,recover,swarm,-16.37,12.67,0.76
2040,2,recover,swarm,-14.77,11.97,1.23
2040,3,windup,bruiser,-15.65,11.08,0.98
2040,4,recover,pouncer,-18.01,10.63,2.44
2041,1,recover,swarm,-16.37,12.67,0.76
2041,2,recover,swarm,-14.77,11.97,1.23
2041,3,windup,bruiser,-15.65,11.08,0.98
2041,4,recover,pouncer,-18.01,10.63,2.44
2042,1,recover,swarm,-16.37,12.67,0.76
2042,2,recover,swarm,-14.77,11.97,1.23
2042,3,strike,bruiser,-15.65,11.08,0.98
2042,4,recover,pouncer,-18.01,10.63,2.44
2043,1,recover,swarm,-16.37,12.67,0.76
2043,2,recover,swarm,-14.77,11.97,1.23
2043,3,strike,bruiser,-15.71,11.21,0.84
2043,4,recover,pouncer,-18.01,10.63,2.44
2044,1,recover,swarm,-16.37,12.67,0.76
2044,2,recover,swarm,-14.77,11.97,1.23
2044,3,strike,bruiser,-15.73,11.24,0.81
2044,4,recover,pouncer,-18.01,10.63,2.44
2045,1,recover,swarm,-16.37,12.67,0.76
2045,2,recover,swarm,-14.77,11.97,1.23
2045,3,strike,bruiser,-15.78,11.32,0.71
2045,4,recover,pouncer,-18.01,10.63,2.44
2046,1,recover,swarm,-16.37,12.67,0.76
2046,2,recover,swarm,-14.77,11.97,1.23
2046,3,strike,bruiser,-15.80,11.35,0.68
2046,4,recover,pouncer,-18.01,10.63,2.44
2047,1,recover,swarm,-16.37,12.67,0.76
2047,2,recover,swarm,-14.77,11.97,1.23
2047,3,strike,bruiser,-15.86,11.45,0.57
2047,4,recover,pouncer,-18.01,10.63,2.44
2048,1,recover,swarm,-16.37,12.67,0.76
2048,2,recover,swarm,-14.77,11.97,1.23
2048,3,strike,bruiser,-15.87,11.47,0.54
2048,4,recover,pouncer,-18.01,10.63,2.44
2049,1,recover,swarm,-16.37,12.67,0.76
2049,2,recover,swarm,-14.77,11.97,1.23
2049,3,strike,bruiser,-15.93,11.56,0.44
2049,4,recover,pouncer,-18.01,10.63,2.44
2050,1,recover,swarm,-16.37,12.67,0.76
2050,2,recover,swarm,-14.77,11.97,1.23
2050,3,strike,bruiser,-15.94,11.59,0.42
2050,4,recover,pouncer,-18.01,10.63,2.44
2051,1,recover,swarm,-16.37,12.67,0.76
2051,2,recover,swarm,-14.77,11.97,1.23
2051,3,strike,bruiser,-15.98,11.66,0.34
2051,4,recover,pouncer,-18.01,10.63,2.44
2052,1,recover,swarm,-16.37,12.67,0.76
2052,2,chase,swarm,-14.77,11.97,1.23
2052,3,strike,bruiser,-16.00,11.68,0.32
2052,4,recover,pouncer,-18.01,10.63,2.44
2053,1,recover,swarm,-16.37,12.67,0.76
2053,2,windup,swarm,-14.77,11.97,1.23
2053,3,strike,bruiser,-16.06,11.80,0.21
2053,4,recover,pouncer,-18.01,10.63,2.44
2054,1,recover,swarm,-16.37,12.67,0.76
2054,2,windup,swarm,-14.77,11.97,1.23
2054,3,strike,bruiser,-16.07,11.82,0.19
2054,4,recover,pouncer,-18.01,10.63,2.44
2055,1,recover,swarm,-16.37,12.67,0.76
2055,2,windup,swarm,-14.77,11.97,1.23
2055,3,strike,bruiser,-16.15,11.96,0.16
2055,4,recover,pouncer,-18.01,10.63,2.44
2056,1,recover,swarm,-16.37,12.67,0.76
2056,2,windup,swarm,-14.77,11.97,1.23
2056,3,strike,bruiser,-16.16,11.94,0.17
2056,4,recover,pouncer,-18.01,10.63,2.44
2057,1,recover,swarm,-16.37,12.67,0.76
2057,2,windup,swarm,-14.77,11.97,1.23
2057,3,strike,bruiser,-16.21,11.86,0.25
2057,4,recover,pouncer,-18.01,10.63,2.44
2058,1,chase,swarm,-16.37,12.67,0.76
2058,2,windup,swarm,-14.77,11.97,1.23
2058,3,strike,bruiser,-16.23,11.86,0.27
2058,4,recover,pouncer,-18.01,10.63,2.44
2059,1,windup,swarm,-16.37,12.67,0.76
2059,2,windup,swarm,-14.77,11.97,1.23
2059,3,strike,bruiser,-16.30,11.86,0.33
2059,4,recover,pouncer,-18.01,10.63,2.44
2060,1,windup,swarm,-16.37,12.67,0.76
2060,2,windup,swarm,-14.77,11.97,1.23
2060,3,strike,bruiser,-16.39,11.85,0.42
2060,4,recover,pouncer,-18.01,10.63,2.44
2061,1,windup,swarm,-16.37,12.67,0.76
2061,2,windup,swarm,-14.77,11.97,1.23
2061,3,strike,bruiser,-16.46,11.84,0.49
2061,4,recover,pouncer,-18.01,10.63,2.44
2062,1,windup,swarm,-16.37,12.67,0.76
2062,2,windup,swarm,-14.77,11.97,1.23
2062,3,recover,bruiser,-16.55,11.84,0.57
2062,4,recover,pouncer,-18.01,10.63,2.44
2063,1,windup,swarm,-16.37,12.67,0.76
2063,2,windup,swarm,-14.77,11.97,1.23
2063,3,recover,bruiser,-16.55,11.84,0.57
2063,4,recover,pouncer,-18.01,10.63,2.44
2064,1,windup,swarm,-16.37,12.67,0.76
2064,2,windup,swarm,-14.77,11.97,1.23
2064,3,recover,bruiser,-16.55,11.84,0.57
2064,4,recover,pouncer,-18.01,10.63,2.44
2065,1,windup,swarm,-16.37,12.67,0.76
2065,2,windup,swarm,-14.77,11.97,1.23
2065,3,recover,bruiser,-16.55,11.84,0.57
2065,4,recover,pouncer,-18.01,10.63,2.44
2066,1,windup,swarm,-16.37,12.67,0.76
2066,2,windup,swarm,-14.77,11.97,1.23
2066,3,recover,bruiser,-16.55,11.84,0.57
2066,4,recover,pouncer,-18.01,10.63,2.44
2067,1,windup,swarm,-16.37,12.67,0.76
2067,2,windup,swarm,-14.77,11.97,1.23
2067,3,recover,bruiser,-16.55,11.84,0.57
2067,4,recover,pouncer,-18.01,10.63,2.44
2068,1,windup,swarm,-16.37,12.67,0.76
2068,2,windup,swarm,-14.77,11.97,1.23
2068,3,recover,bruiser,-16.55,11.84,0.57
2068,4,recover,pouncer,-18.01,10.63,2.44
2069,1,windup,swarm,-16.37,12.67,0.76
2069,2,strike,swarm,-14.77,11.97,1.23
2069,3,recover,bruiser,-16.55,11.84,0.57
2069,4,recover,pouncer,-18.01,10.63,2.44
2070,1,windup,swarm,-16.37,12.67,0.76
2070,2,strike,swarm,-14.87,11.98,1.13
2070,3,recover,bruiser,-16.55,11.84,0.57
2070,4,recover,pouncer,-18.01,10.63,2.44
2071,1,windup,swarm,-16.37,12.67,0.76
2071,2,strike,swarm,-14.97,11.98,1.03
2071,3,recover,bruiser,-16.55,11.84,0.57
2071,4,recover,pouncer,-18.01,10.63,2.44
2072,1,windup,swarm,-16.37,12.67,0.76
2072,2,strike,swarm,-15.07,11.98,0.93
2072,3,recover,bruiser,-16.55,11.84,0.57
2072,4,recover,pouncer,-18.01,10.63,2.44
2073,1,windup,swarm,-16.37,12.67,0.76
2073,2,strike,swarm,-15.17,11.98,0.83
2073,3,recover,bruiser,-16.55,11.84,0.57
2073,4,recover,pouncer,-18.01,10.63,2.44
2074,1,windup,swarm,-16.37,12.67,0.76
2074,2,strike,swarm,-15.27,11.99,0.73
2074,3,recover,bruiser,-16.55,11.84,0.57
2074,4,recover,pouncer,-18.01,10.63,2.44
2075,1,strike,swarm,-16.37,12.67,0.76
2075,2,strike,swarm,-15.37,11.99,0.63
2075,3,recover,bruiser,-16.55,11.84,0.57
2075,4,recover,pouncer,-18.01,10.63,2.44
2076,1,strike,swarm,-16.27,12.69,0.74
2076,2,strike,swarm,-15.47,11.98,0.53
2076,3,recover,bruiser,-16.55,11.84,0.57
2076,4,recover,pouncer,-18.01,10.63,2.44
2077,1,strike,swarm,-16.18,12.74,0.76
2077,2,strike,swarm,-15.54,11.91,0.47
2077,3,recover,bruiser,-16.55,11.84,0.57
2077,4,recover,pouncer,-18.01,10.63,2.44
2078,1,strike,swarm,-16.08,12.77,0.77
2078,2,strike,swarm,-15.57,11.81,0.47
2078,3,recover,bruiser,-16.55,11.84,0.57
2078,4,recover,pouncer,-18.01,10.63,2.44
2079,1,strike,swarm,-15.93,12.76,0.76
2079,2,strike,swarm,-15.63,11.67,0.49
2079,3,recover,bruiser,-16.55,11.84,0.57
2079,4,recover,pouncer,-18.01,10.63,2.44
2080,1,strike,swarm,-15.89,12.74,0.75
2080,2,strike,swarm,-15.65,11.63,0.51
2080,3,recover,bruiser,-16.55,11.84,0.57
2080,4,recover,pouncer,-18.01,10.63,2.44
2081,1,strike,swarm,-15.79,12.70,0.73
2081,2,strike,swarm,-15.69,11.53,0.56
2081,3,recover,bruiser,-16.55,11.84,0.57
2081,4,recover,pouncer,-18.01,10.63,2.44
2082,1,strike,swarm,-15.70,12.65,0.71
2082,2,strike,swarm,-15.74,11.44,0.62
2082,3,recover,bruiser,-16.55,11.84,0.57
2082,4,recover,pouncer,-18.01,10.63,2.44
2083,1,strike,swarm,-15.63,12.59,0.70
2083,2,recover,swarm,-15.78,11.36,0.67
2083,3,recover,bruiser,-16.55,11.84,0.57
2083,4,recover,pouncer,-18.01,10.63,2.44
2084,1,strike,swarm,-15.56,12.53,0.69
2084,2,recover,swarm,-15.78,11.36,0.67
2084,3,recover,bruiser,-16.55,11.84,0.57
2084,4,recover,pouncer,-18.01,10.63,2.44
2085,1,strike,swarm,-15.47,12.46,0.70
2085,2,recover,swarm,-15.78,11.36,0.67
2085,3,recover,bruiser,-16.55,11.84,0.57
2085,4,recover,pouncer,-18.01,10.63,2.44
2086,1,strike,swarm,-15.40,12.40,0.72
2086,2,recover,swarm,-15.78,11.36,0.67
2086,3,recover,bruiser,-16.55,11.84,0.57
2086,4,recover,pouncer,-18.01,10.63,2.44
2087,1,strike,swarm,-15.31,12.34,0.77
2087,2,recover,swarm,-15.78,11.36,0.67
2087,3,recover,bruiser,-16.55,11.84,0.57
2087,4,recover,pouncer,-18.01,10.63,2.44
2088,1,strike,swarm,-15.24,12.28,0.81
2088,2,recover,swarm,-15.78,11.36,0.67
2088,3,recover,bruiser,-16.55,11.84,0.57
2088,4,recover,pouncer,-18.01,10.63,2.44
2089,1,recover,swarm,-15.15,12.23,0.88
2089,2,recover,swarm,-15.78,11.36,0.67
2089,3,recover,bruiser,-16.55,11.84,0.57
2089,4,recover,pouncer,-18.01,10.63,2.44
2090,1,recover,swarm,-15.15,12.23,0.88
2090,2,recover,swarm,-15.78,11.36,0.67
2090,3,recover,bruiser,-16.55,11.84,0.57
2090,4,recover,pouncer,-18.01,10.63,2.44
2091,1,recover,swarm,-15.15,12.23,0.88
2091,2,recover,swarm,-15.78,11.36,0.67
2091,3,recover,bruiser,-16.55,11.84,0.57
2091,4,recover,pouncer,-18.01,10.63,2.44
2092,1,recover,swarm,-15.15,12.23,0.88
2092,2,recover,swarm,-15.78,11.36,0.67
2092,3,recover,bruiser,-16.55,11.84,0.57
2092,4,recover,pouncer,-18.01,10.63,2.44
2093,1,recover,swarm,-15.15,12.23,0.88
2093,2,recover,swarm,-15.78,11.36,0.67
2093,3,recover,bruiser,-16.55,11.84,0.57
2093,4,recover,pouncer,-18.01,10.63,2.44
2094,1,recover,swarm,-15.15,12.23,0.88
2094,2,recover,swarm,-15.78,11.36,0.67
2094,3,recover,bruiser,-16.55,11.84,0.57
2094,4,recover,pouncer,-18.01,10.63,2.44
2095,1,recover,swarm,-15.15,12.23,0.88
2095,2,recover,swarm,-15.78,11.36,0.67
2095,3,recover,bruiser,-16.55,11.84,0.57
2095,4,recover,pouncer,-18.01,10.63,2.44
2096,1,recover,swarm,-15.15,12.23,0.88
2096,2,recover,swarm,-15.78,11.36,0.67
2096,3,recover,bruiser,-16.55,11.84,0.57
2096,4,recover,pouncer,-18.01,10.63,2.44
2097,1,recover,swarm,-15.15,12.23,0.88
2097,2,recover,swarm,-15.78,11.36,0.67
2097,3,recover,bruiser,-16.55,11.84,0.57
2097,4,recover,pouncer,-18.01,10.63,2.44
2098,1,recover,swarm,-15.15,12.23,0.88
2098,2,recover,swarm,-15.78,11.36,0.67
2098,3,recover,bruiser,-16.55,11.84,0.57
2098,4,recover,pouncer,-18.01,10.63,2.44
2099,1,recover,swarm,-15.15,12.23,0.88
2099,2,recover,swarm,-15.78,11.36,0.67
2099,3,recover,bruiser,-16.55,11.84,0.57
2099,4,recover,pouncer,-18.01,10.63,2.44
2100,1,recover,swarm,-15.15,12.23,0.88
2100,2,recover,swarm,-15.78,11.36,0.67
2100,3,recover,bruiser,-16.55,11.84,0.57
2100,4,recover,pouncer,-18.01,10.63,2.44
2101,1,recover,swarm,-15.15,12.23,0.88
2101,2,recover,swarm,-15.78,11.36,0.67
2101,3,recover,bruiser,-16.55,11.84,0.57
2101,4,recover,pouncer,-18.01,10.63,2.44
2102,1,recover,swarm,-15.15,12.23,0.88
2102,2,recover,swarm,-15.78,11.36,0.67
2102,3,recover,bruiser,-16.55,11.84,0.57
2102,4,recover,pouncer,-18.01,10.63,2.44
2103,1,recover,swarm,-15.15,12.23,0.88
2103,2,recover,swarm,-15.78,11.36,0.67
2103,3,recover,bruiser,-16.55,11.84,0.57
2103,4,recover,pouncer,-18.01,10.63,2.44
2104,1,recover,swarm,-15.15,12.23,0.88
2104,2,recover,swarm,-15.78,11.36,0.67
2104,3,recover,bruiser,-16.55,11.84,0.57
2104,4,recover,pouncer,-18.01,10.63,2.44
2105,1,recover,swarm,-15.15,12.23,0.88
2105,2,recover,swarm,-15.78,11.36,0.67
2105,3,recover,bruiser,-16.55,11.84,0.57
2105,4,recover,pouncer,-18.01,10.63,2.44
2106,1,recover,swarm,-15.15,12.23,0.88
2106,2,recover,swarm,-15.78,11.36,0.67
2106,3,recover,bruiser,-16.55,11.84,0.57
2106,4,recover,pouncer,-18.01,10.63,2.44
2107,1,recover,swarm,-15.15,12.23,0.88
2107,2,recover,swarm,-15.78,11.36,0.67
2107,3,recover,bruiser,-16.55,11.84,0.57
2107,4,recover,pouncer,-18.01,10.63,2.44
2108,1,recover,swarm,-15.15,12.23,0.88
2108,2,recover,swarm,-15.78,11.36,0.67
2108,3,recover,bruiser,-16.55,11.84,0.57
2108,4,recover,pouncer,-18.01,10.63,2.44
2109,1,recover,swarm,-15.15,12.23,0.88
2109,2,recover,swarm,-15.78,11.36,0.67
2109,3,recover,bruiser,-16.55,11.84,0.57
2109,4,recover,pouncer,-18.01,10.63,2.44
2110,1,recover,swarm,-15.15,12.23,0.88
2110,2,recover,swarm,-15.78,11.36,0.67
2110,3,recover,bruiser,-16.55,11.84,0.57
2110,4,stalk,pouncer,-18.01,10.63,2.44
2111,1,recover,swarm,-15.15,12.23,0.88
2111,2,recover,swarm,-15.78,11.36,0.67
2111,3,recover,bruiser,-16.55,11.84,0.57
2111,4,crouch,pouncer,-18.01,10.58,2.46
2112,1,recover,swarm,-15.15,12.23,0.88
2112,2,recover,swarm,-15.78,11.36,0.67
2112,3,recover,bruiser,-16.55,11.84,0.57
2112,4,crouch,pouncer,-18.01,10.58,2.46
2113,1,recover,swarm,-15.15,12.23,0.88
2113,2,recover,swarm,-15.78,11.36,0.67
2113,3,recover,bruiser,-16.55,11.84,0.57
2113,4,crouch,pouncer,-18.01,10.58,2.46
2114,1,recover,swarm,-15.15,12.23,0.88
2114,2,recover,swarm,-15.78,11.36,0.67
2114,3,recover,bruiser,-16.55,11.84,0.57
2114,4,crouch,pouncer,-18.01,10.58,2.46
2115,1,recover,swarm,-15.15,12.23,0.88
2115,2,recover,swarm,-15.78,11.36,0.67
2115,3,recover,bruiser,-16.55,11.84,0.57
2115,4,crouch,pouncer,-18.01,10.58,2.46
2116,1,recover,swarm,-15.15,12.23,0.88
2116,2,recover,swarm,-15.78,11.36,0.67
2116,3,recover,bruiser,-16.55,11.84,0.57
2116,4,crouch,pouncer,-18.01,10.58,2.46
2117,1,recover,swarm,-15.15,12.23,0.88
2117,2,recover,swarm,-15.78,11.36,0.67
2117,3,recover,bruiser,-16.55,11.84,0.57
2117,4,crouch,pouncer,-18.01,10.58,2.46
2118,1,recover,swarm,-15.15,12.23,0.88
2118,2,recover,swarm,-15.78,11.36,0.67
2118,3,recover,bruiser,-16.55,11.84,0.57
2118,4,crouch,pouncer,-18.01,10.58,2.46
2119,1,recover,swarm,-15.15,12.23,0.88
2119,2,recover,swarm,-15.78,11.36,0.67
2119,3,recover,bruiser,-16.55,11.84,0.57
2119,4,crouch,pouncer,-18.01,10.58,2.46
2120,1,recover,swarm,-15.15,12.23,0.88
2120,2,recover,swarm,-15.78,11.36,0.67
2120,3,recover,bruiser,-16.55,11.84,0.57
2120,4,crouch,pouncer,-18.01,10.58,2.46
2121,1,recover,swarm,-15.15,12.23,0.88
2121,2,recover,swarm,-15.78,11.36,0.67
2121,3,recover,bruiser,-16.55,11.84,0.57
2121,4,crouch,pouncer,-18.01,10.58,2.46
2122,1,recover,swarm,-15.15,12.23,0.88
2122,2,recover,swarm,-15.78,11.36,0.67
2122,3,recover,bruiser,-16.55,11.84,0.57
2122,4,crouch,pouncer,-18.01,10.58,2.46
2123,1,recover,swarm,-15.15,12.23,0.88
2123,2,recover,swarm,-15.78,11.36,0.67
2123,3,recover,bruiser,-16.55,11.84,0.57
2123,4,crouch,pouncer,-18.01,10.58,2.46
2124,1,recover,swarm,-15.15,12.23,0.88
2124,2,recover,swarm,-15.78,11.36,0.67
2124,3,recover,bruiser,-16.55,11.84,0.57
2124,4,crouch,pouncer,-18.01,10.58,2.46
2125,1,recover,swarm,-15.15,12.23,0.88
2125,2,recover,swarm,-15.78,11.36,0.67
2125,3,recover,bruiser,-16.55,11.84,0.57
2125,4,crouch,pouncer,-18.01,10.58,2.46
2126,1,recover,swarm,-15.15,12.23,0.88
2126,2,chase,swarm,-15.78,11.36,0.67
2126,3,recover,bruiser,-16.55,11.84,0.57
2126,4,crouch,pouncer,-18.01,10.58,2.46
2127,1,recover,swarm,-15.15,12.23,0.88
2127,2,windup,swarm,-15.78,11.36,0.67
2127,3,recover,bruiser,-16.55,11.84,0.57
2127,4,crouch,pouncer,-18.01,10.58,2.46
2128,1,recover,swarm,-15.15,12.23,0.88
2128,2,windup,swarm,-15.78,11.36,0.67
2128,3,advance,bruiser,-16.55,11.84,0.57
2128,4,crouch,pouncer,-18.01,10.58,2.46
2129,1,recover,swarm,-15.15,12.23,0.88
2129,2,windup,swarm,-15.78,11.36,0.67
2129,3,windup,bruiser,-16.55,11.84,0.57
2129,4,crouch,pouncer,-18.01,10.58,2.46
2130,1,recover,swarm,-15.15,12.23,0.88
2130,2,windup,swarm,-15.78,11.36,0.67
2130,3,windup,bruiser,-16.55,11.84,0.57
2130,4,crouch,pouncer,-18.01,10.58,2.46
2131,1,chase,swarm,-15.15,12.23,0.88
2131,2,windup,swarm,-15.78,11.36,0.67
2131,3,windup,bruiser,-16.55,11.84,0.57
2131,4,crouch,pouncer,-18.01,10.58,2.46
2132,1,windup,swarm,-15.15,12.23,0.88
2132,2,windup,swarm,-15.78,11.36,0.67
2132,3,windup,bruiser,-16.55,11.84,0.57
2132,4,crouch,pouncer,-18.01,10.58,2.46
2133,1,windup,swarm,-15.15,12.23,0.88
2133,2,windup,swarm,-15.78,11.36,0.67
2133,3,windup,bruiser,-16.55,11.84,0.57
2133,4,crouch,pouncer,-18.01,10.58,2.46
2134,1,windup,swarm,-15.15,12.23,0.88
2134,2,windup,swarm,-15.78,11.36,0.67
2134,3,windup,bruiser,-16.55,11.84,0.57
2134,4,crouch,pouncer,-18.01,10.58,2.46
2135,1,windup,swarm,-15.15,12.23,0.88
2135,2,windup,swarm,-15.78,11.36,0.67
2135,3,windup,bruiser,-16.55,11.84,0.57
2135,4,crouch,pouncer,-18.01,10.58,2.46
2136,1,windup,swarm,-15.15,12.23,0.88
2136,2,windup,swarm,-15.78,11.36,0.67
2136,3,windup,bruiser,-16.55,11.84,0.57
2136,4,crouch,pouncer,-18.01,10.58,2.46
2137,1,windup,swarm,-15.15,12.23,0.88
2137,2,windup,swarm,-15.78,11.36,0.67
2137,3,windup,bruiser,-16.55,11.84,0.57
2137,4,crouch,pouncer,-18.01,10.58,2.46
2138,1,windup,swarm,-15.15,12.23,0.88
2138,2,windup,swarm,-15.78,11.36,0.67
2138,3,windup,bruiser,-16.55,11.84,0.57
2138,4,pounce,pouncer,-18.01,10.58,2.46
2139,1,windup,swarm,-15.15,12.23,0.88
2139,2,windup,swarm,-15.78,11.36,0.67
2139,3,windup,bruiser,-16.55,11.84,0.57
2139,4,pounce,pouncer,-17.70,10.80,2.08
2140,1,windup,swarm,-15.15,12.23,0.88
2140,2,windup,swarm,-15.78,11.36,0.67
2140,3,windup,bruiser,-16.55,11.84,0.57
2140,4,pounce,pouncer,-17.66,10.83,2.03
2141,1,windup,swarm,-15.15,12.23,0.88
2141,2,windup,swarm,-15.78,11.36,0.67
2141,3,windup,bruiser,-16.55,11.84,0.57
2141,4,pounce,pouncer,-17.34,11.06,1.64
2142,1,windup,swarm,-15.15,12.23,0.88
2142,2,strike,swarm,-15.78,11.36,0.67
2142,3,windup,bruiser,-16.55,11.84,0.57
2142,4,pounce,pouncer,-17.29,11.08,1.59
2143,1,windup,swarm,-15.15,12.23,0.88
2143,2,strike,swarm,-15.73,11.48,0.59
2143,3,windup,bruiser,-16.55,11.84,0.57
2143,4,pounce,pouncer,-17.12,11.17,1.40
2144,1,windup,swarm,-15.15,12.23,0.88
2144,2,strike,swarm,-15.74,11.50,0.56
2144,3,windup,bruiser,-16.55,11.84,0.57
2144,4,pounce,pouncer,-17.08,11.16,1.37
2145,1,windup,swarm,-15.15,12.23,0.88
2145,2,strike,swarm,-15.76,11.61,0.45
2145,3,windup,bruiser,-16.55,11.84,0.57
2145,4,pounce,pouncer,-16.92,11.10,1.29
2146,1,strike,swarm,-15.15,12.23,0.88
2146,2,strike,swarm,-15.75,11.64,0.44
2146,3,windup,bruiser,-16.55,11.84,0.57
2146,4,pounce,pouncer,-16.89,11.07,1.29
2147,1,strike,swarm,-15.24,12.33,0.83
2147,2,strike,swarm,-15.77,11.78,0.32
2147,3,windup,bruiser,-16.55,11.84,0.57
2147,4,pounce,pouncer,-16.72,10.95,1.27
2148,1,strike,swarm,-15.25,12.36,0.83
2148,2,strike,swarm,-15.76,11.80,0.31
2148,3,windup,bruiser,-16.55,11.84,0.57
2148,4,pounce,pouncer,-16.68,10.94,1.26
2149,1,strike,swarm,-15.27,12.41,0.84
2149,2,strike,swarm,-15.75,11.85,0.29
2149,3,windup,bruiser,-16.55,11.84,0.57
2149,4,pounce,pouncer,-16.60,10.91,1.25
2150,1,strike,swarm,-15.31,12.50,0.86
2150,2,strike,swarm,-15.77,11.96,0.24
2150,3,windup,bruiser,-16.55,11.84,0.57
2150,4,pounce,pouncer,-16.45,10.87,1.22
2151,1,strike,swarm,-15.34,12.60,0.89
2151,2,strike,swarm,-15.79,12.05,0.22
2151,3,windup,bruiser,-16.55,11.84,0.57
2151,4,pounce,pouncer,-16.31,10.85,1.19
2152,1,strike,swarm,-15.37,12.69,0.94
2152,2,strike,swarm,-15.82,12.15,0.23
2152,3,windup,bruiser,-16.55,11.84,0.57
2152,4,pounce,pouncer,-16.16,10.86,1.15
2153,1,strike,swarm,-15.40,12.80,1.00
2153,2,strike,swarm,-15.85,12.25,0.29
2153,3,windup,bruiser,-16.55,11.84,0.57
2153,4,pounce,pouncer,-15.99,10.88,1.12
2154,1,strike,swarm,-15.43,12.89,1.05
2154,2,strike,swarm,-15.89,12.34,0.35
2154,3,windup,bruiser,-16.55,11.84,0.57
2154,4,pounce,pouncer,-15.86,10.91,1.09
2155,1,strike,swarm,-15.46,12.98,1.12
2155,2,strike,swarm,-15.93,12.43,0.43
2155,3,windup,bruiser,-16.55,11.84,0.57
2155,4,pounce,pouncer,-15.72,10.96,1.07
2156,1,strike,swarm,-15.50,13.07,1.18
2156,2,strike,swarm,-15.98,12.51,0.51
2156,3,windup,bruiser,-16.55,11.84,0.57
2156,4,pounce,pouncer,-15.59,11.03,1.06
2157,1,strike,swarm,-15.54,13.18,1.27
2157,2,strike,swarm,-16.05,12.61,0.61
2157,3,windup,bruiser,-16.55,11.84,0.57
2157,4,pounce,pouncer,-15.43,11.12,1.05
2158,1,strike,swarm,-15.57,13.26,1.33
2158,2,recover,swarm,-16.10,12.67,0.68
2158,3,windup,bruiser,-16.55,11.84,0.57
2158,4,pounce,pouncer,-15.33,11.19,1.05
2159,1,strike,swarm,-15.63,13.35,1.40
2159,2,recover,swarm,-16.10,12.67,0.68
2159,3,windup,bruiser,-16.55,11.84,0.57
2159,4,recover,pouncer,-15.20,11.28,1.07
2160,1,strike,swarm,-15.68,13.42,1.46
2160,2,recover,swarm,-16.10,12.67,0.68
2160,3,windup,bruiser,-16.55,11.84,0.57
2160,4,recover,pouncer,-15.20,11.28,1.07
2161,1,recover,swarm,-15.76,13.49,1.51
2161,2,recover,swarm,-16.10,12.67,0.68
2161,3,windup,bruiser,-16.55,11.84,0.57
2161,4,recover,pouncer,-15.20,11.28,1.07
2162,1,recover,swarm,-15.76,13.49,1.51
2162,2,recover,swarm,-16.10,12.67,0.68
2162,3,windup,bruiser,-16.55,11.84,0.57
2162,4,recover,pouncer,-15.20,11.28,1.07
2163,1,recover,swarm,-15.76,13.49,1.51
2163,2,recover,swarm,-16.10,12.67,0.68
2163,3,windup,bruiser,-16.55,11.84,0.57
2163,4,recover,pouncer,-15.20,11.28,1.07
2164,1,recover,swarm,-15.76,13.49,1.51
2164,2,recover,swarm,-16.10,12.67,0.68
2164,3,windup,bruiser,-16.55,11.84,0.57
2164,4,recover,pouncer,-15.20,11.28,1.07
2165,1,recover,swarm,-15.76,13.49,1.51
2165,2,recover,swarm,-16.10,12.67,0.68
2165,3,windup,bruiser,-16.55,11.84,0.57
2165,4,recover,pouncer,-15.20,11.28,1.07
2166,1,recover,swarm,-15.76,13.49,1.51
2166,2,recover,swarm,-16.10,12.67,0.68
2166,3,windup,bruiser,-16.55,11.84,0.57
2166,4,recover,pouncer,-15.20,11.28,1.07
2167,1,recover,swarm,-15.76,13.49,1.51
2167,2,recover,swarm,-16.10,12.67,0.68
2167,3,windup,bruiser,-16.55,11.84,0.57
2167,4,recover,pouncer,-15.20,11.28,1.07
2168,1,recover,swarm,-15.76,13.49,1.51
2168,2,recover,swarm,-16.10,12.67,0.68
2168,3,strike,bruiser,-16.55,11.84,0.57
2168,4,recover,pouncer,-15.20,11.28,1.07
2169,1,recover,swarm,-15.76,13.49,1.51
2169,2,recover,swarm,-16.10,12.67,0.68
2169,3,strike,bruiser,-16.48,11.80,0.52
2169,4,recover,pouncer,-15.20,11.28,1.07
2170,1,recover,swarm,-15.76,13.49,1.51
2170,2,recover,swarm,-16.10,12.67,0.68
2170,3,strike,bruiser,-16.40,11.76,0.47
2170,4,recover,pouncer,-15.20,11.28,1.07
2171,1,recover,swarm,-15.76,13.49,1.51
2171,2,recover,swarm,-16.10,12.67,0.68
2171,3,strike,bruiser,-16.33,11.73,0.43
2171,4,recover,pouncer,-15.20,11.28,1.07
2172,1,recover,swarm,-15.76,13.49,1.51
2172,2,recover,swarm,-16.10,12.67,0.68
2172,3,strike,bruiser,-16.25,11.69,0.40
2172,4,recover,pouncer,-15.20,11.28,1.07
2173,1,recover,swarm,-15.76,13.49,1.51
2173,2,recover,swarm,-16.10,12.67,0.68
2173,3,strike,bruiser,-16.17,11.66,0.38
2173,4,recover,pouncer,-15.20,11.28,1.07
2174,1,recover,swarm,-15.76,13.49,1.51
2174,2,recover,swarm,-16.10,12.67,0.68
2174,3,strike,bruiser,-16.09,11.64,0.37
2174,4,recover,pouncer,-15.20,11.28,1.07
2175,1,recover,swarm,-15.76,13.49,1.51
2175,2,recover,swarm,-16.10,12.67,0.68
2175,3,strike,bruiser,-16.01,11.64,0.36
2175,4,recover,pouncer,-15.20,11.28,1.07
2176,1,recover,swarm,-15.76,13.49,1.51
2176,2,recover,swarm,-16.10,12.67,0.68
2176,3,strike,bruiser,-15.93,11.67,0.34
2176,4,recover,pouncer,-15.20,11.28,1.07
2177,1,recover,swarm,-15.76,13.49,1.51
2177,2,recover,swarm,-16.10,12.67,0.68
2177,3,strike,bruiser,-15.78,11.78,0.31
2177,4,recover,pouncer,-15.20,11.28,1.07
2178,1,recover,swarm,-15.76,13.49,1.51
2178,2,recover,swarm,-16.10,12.67,0.68
2178,3,strike,bruiser,-15.77,11.79,0.31
2178,4,recover,pouncer,-15.20,11.28,1.07
2179,1,recover,swarm,-15.76,13.49,1.51
2179,2,recover,swarm,-16.10,12.67,0.68
2179,3,strike,bruiser,-15.56,11.95,0.44
2179,4,recover,pouncer,-15.20,11.28,1.07
2180,1,recover,swarm,-15.76,13.49,1.51
2180,2,recover,swarm,-16.10,12.67,0.68
2180,3,strike,bruiser,-15.54,11.97,0.46
2180,4,recover,pouncer,-15.20,11.28,1.07
2181,1,recover,swarm,-15.76,13.49,1.51
2181,2,recover,swarm,-16.10,12.67,0.68
2181,3,strike,bruiser,-15.42,12.04,0.58
2181,4,recover,pouncer,-15.20,11.28,1.07
2182,1,recover,swarm,-15.76,13.49,1.51
2182,2,recover,swarm,-16.10,12.67,0.68
2182,3,strike,bruiser,-15.40,12.05,0.60
2182,4,recover,pouncer,-15.20,11.28,1.07
2183,1,recover,swarm,-15.76,13.49,1.51
2183,2,recover,swarm,-16.10,12.67,0.68
2183,3,recover,bruiser,-15.27,12.14,0.75
2183,4,recover,pouncer,-15.20,11.28,1.07
2184,1,recover,swarm,-15.76,13.49,1.51
2184,2,recover,swarm,-16.10,12.67,0.68
2184,3,recover,bruiser,-15.27,12.14,0.75
2184,4,recover,pouncer,-15.20,11.28,1.07
2185,1,recover,swarm,-15.76,13.49,1.51
2185,2,recover,swarm,-16.10,12.67,0.68
2185,3,recover,bruiser,-15.27,12.14,0.75
2185,4,recover,pouncer,-15.20,11.28,1.07
2186,1,recover,swarm,-15.76,13.49,1.51
2186,2,recover,swarm,-16.10,12.67,0.68
2186,3,recover,bruiser,-15.27,12.14,0.75
2186,4,recover,pouncer,-15.20,11.28,1.07
2187,1,recover,swarm,-15.76,13.49,1.51
2187,2,recover,swarm,-16.10,12.67,0.68
2187,3,recover,bruiser,-15.27,12.14,0.75
2187,4,recover,pouncer,-15.20,11.28,1.07
2188,1,recover,swarm,-15.76,13.49,1.51
2188,2,recover,swarm,-16.10,12.67,0.68
2188,3,recover,bruiser,-15.27,12.14,0.75
2188,4,recover,pouncer,-15.20,11.28,1.07
2189,1,recover,swarm,-15.76,13.49,1.51
2189,2,recover,swarm,-16.10,12.67,0.68
2189,3,recover,bruiser,-15.27,12.14,0.75
2189,4,recover,pouncer,-15.20,11.28,1.07
2190,1,recover,swarm,-15.76,13.49,1.51
2190,2,recover,swarm,-16.10,12.67,0.68
2190,3,recover,bruiser,-15.27,12.14,0.75
2190,4,recover,pouncer,-15.20,11.28,1.07
2191,1,recover,swarm,-15.76,13.49,1.51
2191,2,recover,swarm,-16.10,12.67,0.68
2191,3,recover,bruiser,-15.27,12.14,0.75
2191,4,recover,pouncer,-15.20,11.28,1.07
2192,1,recover,swarm,-15.76,13.49,1.51
2192,2,recover,swarm,-16.10,12.67,0.68
2192,3,recover,bruiser,-15.27,12.14,0.75
2192,4,recover,pouncer,-15.20,11.28,1.07
2193,1,recover,swarm,-15.76,13.49,1.51
2193,2,recover,swarm,-16.10,12.67,0.68
2193,3,recover,bruiser,-15.27,12.14,0.75
2193,4,recover,pouncer,-15.20,11.28,1.07
2194,1,recover,swarm,-15.76,13.49,1.51
2194,2,recover,swarm,-16.10,12.67,0.68
2194,3,recover,bruiser,-15.27,12.14,0.75
2194,4,recover,pouncer,-15.20,11.28,1.07
2195,1,recover,swarm,-15.76,13.49,1.51
2195,2,recover,swarm,-16.10,12.67,0.68
2195,3,recover,bruiser,-15.27,12.14,0.75
2195,4,recover,pouncer,-15.20,11.28,1.07
2196,1,recover,swarm,-15.76,13.49,1.51
2196,2,recover,swarm,-16.10,12.67,0.68
2196,3,recover,bruiser,-15.27,12.14,0.75
2196,4,recover,pouncer,-15.20,11.28,1.07
2197,1,recover,swarm,-15.76,13.49,1.51
2197,2,recover,swarm,-16.10,12.67,0.68
2197,3,recover,bruiser,-15.27,12.14,0.75
2197,4,recover,pouncer,-15.20,11.28,1.07
2198,1,recover,swarm,-15.76,13.49,1.51
2198,2,chase,swarm,-16.10,12.67,0.68
2198,3,recover,bruiser,-15.27,12.14,0.75
2198,4,recover,pouncer,-15.20,11.28,1.07
2199,1,recover,swarm,-15.76,13.49,1.51
2199,2,windup,swarm,-16.10,12.67,0.68
2199,3,recover,bruiser,-15.27,12.14,0.75
2199,4,recover,pouncer,-15.20,11.28,1.07
2200,1,recover,swarm,-15.76,13.49,1.51
2200,2,windup,swarm,-16.10,12.67,0.68
2200,3,recover,bruiser,-15.27,12.14,0.75
2200,4,recover,pouncer,-15.20,11.28,1.07
2201,1,recover,swarm,-15.76,13.49,1.51
2201,2,windup,swarm,-16.10,12.67,0.68
2201,3,recover,bruiser,-15.27,12.14,0.75
2201,4,recover,pouncer,-15.20,11.28,1.07
2202,1,chase,swarm,-15.76,13.49,1.51
2202,2,windup,swarm,-16.10,12.67,0.68
2202,3,recover,bruiser,-15.27,12.14,0.75
2202,4,recover,pouncer,-15.20,11.28,1.07
2203,1,chase,swarm,-15.86,13.53,1.54
2203,2,windup,swarm,-16.10,12.67,0.68
2203,3,recover,bruiser,-15.27,12.14,0.75
2203,4,recover,pouncer,-15.20,11.28,1.07
2204,1,chase,swarm,-15.88,13.54,1.54
2204,2,windup,swarm,-16.10,12.67,0.68
2204,3,recover,bruiser,-15.27,12.14,0.75
2204,4,recover,pouncer,-15.20,11.28,1.07
2205,1,chase,swarm,-16.00,13.57,1.57
2205,2,windup,swarm,-16.10,12.67,0.68
2205,3,recover,bruiser,-15.27,12.14,0.75
2205,4,recover,pouncer,-15.20,11.28,1.07
2206,1,chase,swarm,-16.03,13.57,1.57
2206,2,windup,swarm,-16.10,12.67,0.68
2206,3,recover,bruiser,-15.27,12.14,0.75
2206,4,recover,pouncer,-15.20,11.28,1.07
2207,1,chase,swarm,-16.16,13.58,1.59
2207,2,windup,swarm,-16.10,12.67,0.68
2207,3,recover,bruiser,-15.27,12.14,0.75
2207,4,recover,pouncer,-15.20,11.28,1.07
2208,1,chase,swarm,-16.18,13.58,1.59
2208,2,windup,swarm,-16.10,12.67,0.68
2208,3,recover,bruiser,-15.27,12.14,0.75
2208,4,recover,pouncer,-15.20,11.28,1.07
2209,1,chase,swarm,-16.32,13.56,1.60
2209,2,windup,swarm,-16.10,12.67,0.68
2209,3,recover,bruiser,-15.27,12.14,0.75
2209,4,recover,pouncer,-15.20,11.28,1.07
2210,1,chase,swarm,-16.35,13.56,1.60
2210,2,windup,swarm,-16.10,12.67,0.68
2210,3,recover,bruiser,-15.27,12.14,0.75
2210,4,recover,pouncer,-15.20,11.28,1.07
2211,1,chase,swarm,-16.60,13.46,1.58
2211,2,windup,swarm,-16.10,12.67,0.68
2211,3,recover,bruiser,-15.27,12.14,0.75
2211,4,recover,pouncer,-15.20,11.28,1.07
2212,1,chase,swarm,-16.62,13.45,1.57
2212,2,strike,swarm,-16.10,12.67,0.68
2212,3,recover,bruiser,-15.27,12.14,0.75
2212,4,recover,pouncer,-15.20,11.28,1.07
2213,1,chase,swarm,-16.70,13.38,1.55
2213,2,strike,swarm,-16.09,12.52,0.53
2213,3,recover,bruiser,-15.27,12.14,0.75
2213,4,recover,pouncer,-15.20,11.28,1.07
2214,1,chase,swarm,-16.71,13.36,1.53
2214,2,strike,swarm,-16.10,12.49,0.50
2214,3,recover,bruiser,-15.27,12.14,0.75
2214,4,recover,pouncer,-15.20,11.28,1.07
2215,1,chase,swarm,-16.75,13.23,1.44
2215,2,strike,swarm,-16.15,12.32,0.35
2215,3,recover,bruiser,-15.27,12.14,0.75
2215,4,recover,pouncer,-15.20,11.28,1.07
2216,1,windup,swarm,-16.75,13.23,1.44
2216,2,strike,swarm,-16.16,12.29,0.33
2216,3,recover,bruiser,-15.27,12.14,0.75
2216,4,recover,pouncer,-15.20,11.28,1.07
2217,1,windup,swarm,-16.75,13.23,1.44
2217,2,strike,swarm,-16.23,12.10,0.25
2217,3,recover,bruiser,-15.27,12.14,0.75
2217,4,recover,pouncer,-15.20,11.28,1.07
2218,1,windup,swarm,-16.75,13.23,1.44
2218,2,strike,swarm,-16.24,12.07,0.25
2218,3,recover,bruiser,-15.27,12.14,0.75
2218,4,recover,pouncer,-15.20,11.28,1.07
2219,1,windup,swarm,-16.75,13.23,1.44
2219,2,strike,swarm,-16.30,11.94,0.31
2219,3,recover,bruiser,-15.27,12.14,0.75
2219,4,recover,pouncer,-15.20,11.28,1.07
2220,1,windup,swarm,-16.75,13.23,1.44
2220,2,strike,swarm,-16.31,11.91,0.32
2220,3,recover,bruiser,-15.27,12.14,0.75
2220,4,recover,pouncer,-15.20,11.28,1.07
2221,1,windup,swarm,-16.75,13.23,1.44
2221,2,strike,swarm,-16.37,11.74,0.45
2221,3,recover,bruiser,-15.27,12.14,0.75
2221,4,recover,pouncer,-15.20,11.28,1.07
2222,1,windup,swarm,-16.75,13.23,1.44
2222,2,strike,swarm,-16.37,11.71,0.47
2222,3,recover,bruiser,-15.27,12.14,0.75
2222,4,recover,pouncer,-15.20,11.28,1.07
2223,1,windup,swarm,-16.75,13.23,1.44
2223,2,strike,swarm,-16.39,11.57,0.58
2223,3,recover,bruiser,-15.27,12.14,0.75
2223,4,recover,pouncer,-15.20,11.28,1.07
2224,1,windup,swarm,-16.75,13.23,1.44
2224,2,strike,swarm,-16.40,11.54,0.61
2224,3,recover,bruiser,-15.27,12.14,0.75
2224,4,recover,pouncer,-15.20,11.28,1.07
2225,1,windup,swarm,-16.75,13.23,1.44
2225,2,strike,swarm,-16.41,11.35,0.77
2225,3,recover,bruiser,-15.27,12.14,0.75
2225,4,recover,pouncer,-15.20,11.28,1.07
2226,1,windup,swarm,-16.75,13.23,1.44
2226,2,recover,swarm,-16.41,11.31,0.80
2226,3,recover,bruiser,-15.27,12.14,0.75
2226,4,recover,pouncer,-15.20,11.28,1.07
2227,1,windup,swarm,-16.75,13.23,1.44
2227,2,recover,swarm,-16.41,11.31,0.80
2227,3,recover,bruiser,-15.27,12.14,0.75
2227,4,stalk,pouncer,-15.20,11.28,1.07
2228,1,windup,swarm,-16.75,13.23,1.44
2228,2,recover,swarm,-16.41,11.31,0.80
2228,3,recover,bruiser,-15.27,12.14,0.75
2228,4,crouch,pouncer,-15.19,11.28,1.09
2229,1,windup,swarm,-16.75,13.23,1.44
2229,2,recover,swarm,-16.41,11.31,0.80
2229,3,recover,bruiser,-15.27,12.14,0.75
2229,4,crouch,pouncer,-15.19,11.28,1.09
2230,1,windup,swarm,-16.75,13.23,1.44
2230,2,recover,swarm,-16.41,11.31,0.80
2230,3,recover,bruiser,-15.27,12.14,0.75
2230,4,crouch,pouncer,-15.19,11.28,1.09
2231,1,windup,swarm,-16.75,13.23,1.44
2231,2,recover,swarm,-16.41,11.31,0.80
2231,3,recover,bruiser,-15.27,12.14,0.75
2231,4,crouch,pouncer,-15.19,11.28,1.09
2232,1,strike,swarm,-16.75,13.23,1.44
2232,2,recover,swarm,-16.41,11.31,0.80
2232,3,recover,bruiser,-15.27,12.14,0.75
2232,4,crouch,pouncer,-15.19,11.28,1.09
2233,1,strike,swarm,-16.69,13.13,1.32
2233,2,recover,swarm,-16.41,11.31,0.80
2233,3,recover,bruiser,-15.27,12.14,0.75
2233,4,crouch,pouncer,-15.19,11.28,1.09
2234,1,strike,swarm,-16.67,13.10,1.29
2234,2,recover,swarm,-16.41,11.31,0.80
2234,3,recover,bruiser,-15.27,12.14,0.75
2234,4,crouch,pouncer,-15.19,11.28,1.09
2235,1,strike,swarm,-16.59,12.96,1.13
2235,2,recover,swarm,-16.41,11.31,0.80
2235,3,recover,bruiser,-15.27,12.14,0.75
2235,4,crouch,pouncer,-15.19,11.28,1.09
2236,1,strike,swarm,-16.57,12.93,1.09
2236,2,recover,swarm,-16.41,11.31,0.80
2236,3,recover,bruiser,-15.27,12.14,0.75
2236,4,crouch,pouncer,-15.19,11.28,1.09
2237,1,strike,swarm,-16.48,12.79,0.92
2237,2,recover,swarm,-16.41,11.31,0.80
2237,3,recover,bruiser,-15.27,12.14,0.75
2237,4,crouch,pouncer,-15.19,11.28,1.09
2238,1,strike,swarm,-16.46,12.76,0.89
2238,2,recover,swarm,-16.41,11.31,0.80
2238,3,recover,bruiser,-15.27,12.14,0.75
2238,4,crouch,pouncer,-15.19,11.28,1.09
2239,1,strike,swarm,-16.33,12.53,0.63
2239,2,recover,swarm,-16.41,11.31,0.80
2239,3,recover,bruiser,-15.27,12.14,0.75
2239,4,crouch,pouncer,-15.19,11.28,1.09
2240,1,strike,swarm,-16.31,12.50,0.59
2240,2,recover,swarm,-16.41,11.31,0.80
2240,3,recover,bruiser,-15.27,12.14,0.75
2240,4,crouch,pouncer,-15.19,11.28,1.09
2241,1,strike,swarm,-16.24,12.30,0.38
2241,2,recover,swarm,-16.41,11.31,0.80
2241,3,recover,bruiser,-15.27,12.14,0.75
2241,4,crouch,pouncer,-15.19,11.28,1.09
2242,1,strike,swarm,-16.24,12.26,0.36
2242,2,recover,swarm,-16.41,11.31,0.80
2242,3,recover,bruiser,-15.27,12.14,0.75
2242,4,crouch,pouncer,-15.19,11.28,1.09
2243,1,strike,swarm,-16.23,12.12,0.26
2243,2,recover,swarm,-16.41,11.31,0.80
2243,3,recover,bruiser,-15.27,12.14,0.75
2243,4,crouch,pouncer,-15.19,11.28,1.09
2244,1,strike,swarm,-16.21,12.14,0.25
2244,2,recover,swarm,-16.41,11.31,0.80
2244,3,recover,bruiser,-15.27,12.14,0.75
2244,4,crouch,pouncer,-15.19,11.28,1.09
2245,1,strike,swarm,-16.12,12.26,0.29
2245,2,recover,swarm,-16.41,11.31,0.80
2245,3,recover,bruiser,-15.27,12.14,0.75
2245,4,crouch,pouncer,-15.19,11.28,1.09
2246,1,recover,swarm,-16.14,12.25,0.28
2246,2,recover,swarm,-16.41,11.31,0.80
2246,3,advance,bruiser,-15.27,12.14,0.75
2246,4,crouch,pouncer,-15.19,11.28,1.09
2247,1,recover,swarm,-16.14,12.25,0.28
2247,2,recover,swarm,-16.41,11.31,0.80
2247,3,windup,bruiser,-15.27,12.14,0.75
2247,4,crouch,pouncer,-15.19,11.28,1.09
2248,1,recover,swarm,-16.14,12.25,0.28
2248,2,recover,swarm,-16.41,11.31,0.80
2248,3,windup,bruiser,-15.27,12.14,0.75
2248,4,crouch,pouncer,-15.19,11.28,1.09
2249,1,recover,swarm,-16.14,12.25,0.28
2249,2,recover,swarm,-16.41,11.31,0.80
2249,3,windup,bruiser,-15.27,12.14,0.75
2249,4,crouch,pouncer,-15.19,11.28,1.09
2250,1,recover,swarm,-16.14,12.25,0.28
2250,2,recover,swarm,-16.41,11.31,0.80
2250,3,windup,bruiser,-15.27,12.14,0.75
2250,4,crouch,pouncer,-15.19,11.28,1.09
2251,1,recover,swarm,-16.14,12.25,0.28
2251,2,recover,swarm,-16.41,11.31,0.80
2251,3,windup,bruiser,-15.27,12.14,0.75
2251,4,crouch,pouncer,-15.19,11.28,1.09
2252,1,recover,swarm,-16.14,12.25,0.28
2252,2,recover,swarm,-16.41,11.31,0.80
2252,3,windup,bruiser,-15.27,12.14,0.75
2252,4,crouch,pouncer,-15.19,11.28,1.09
2253,1,recover,swarm,-16.14,12.25,0.28
2253,2,recover,swarm,-16.41,11.31,0.80
2253,3,windup,bruiser,-15.27,12.14,0.75
2253,4,crouch,pouncer,-15.19,11.28,1.09
2254,1,recover,swarm,-16.14,12.25,0.28
2254,2,recover,swarm,-16.41,11.31,0.80
2254,3,windup,bruiser,-15.27,12.14,0.75
2254,4,crouch,pouncer,-15.19,11.28,1.09
2255,1,recover,swarm,-16.14,12.25,0.28
2255,2,recover,swarm,-16.41,11.31,0.80
2255,3,windup,bruiser,-15.27,12.14,0.75
2255,4,pounce,pouncer,-15.19,11.28,1.09
2256,1,recover,swarm,-16.14,12.25,0.28
2256,2,recover,swarm,-16.41,11.31,0.80
2256,3,windup,bruiser,-15.27,12.14,0.75
2256,4,pounce,pouncer,-15.23,11.26,1.07
2257,1,recover,swarm,-16.14,12.25,0.28
2257,2,recover,swarm,-16.41,11.31,0.80
2257,3,windup,bruiser,-15.27,12.14,0.75
2257,4,pounce,pouncer,-15.46,11.17,0.99
2258,1,recover,swarm,-16.14,12.25,0.28
2258,2,recover,swarm,-16.41,11.31,0.80
2258,3,windup,bruiser,-15.27,12.14,0.75
2258,4,pounce,pouncer,-15.50,11.15,0.99
2259,1,recover,swarm,-16.14,12.25,0.28
2259,2,recover,swarm,-16.41,11.31,0.80
2259,3,windup,bruiser,-15.27,12.14,0.75
2259,4,pounce,pouncer,-15.70,11.02,1.02
2260,1,recover,swarm,-16.14,12.25,0.28
2260,2,recover,swarm,-16.41,11.31,0.80
2260,3,windup,bruiser,-15.27,12.14,0.75
2260,4,pounce,pouncer,-15.65,11.04,1.02
2261,1,recover,swarm,-16.14,12.25,0.28
2261,2,recover,swarm,-16.41,11.31,0.80
2261,3,windup,bruiser,-15.27,12.14,0.75
2261,4,pounce,pouncer,-15.48,11.17,0.98
2262,1,recover,swarm,-16.14,12.25,0.28
2262,2,recover,swarm,-16.41,11.31,0.80
2262,3,windup,bruiser,-15.27,12.14,0.75
2262,4,pounce,pouncer,-15.52,11.14,0.99
2263,1,recover,swarm,-16.14,12.25,0.28
2263,2,recover,swarm,-16.41,11.31,0.80
2263,3,windup,bruiser,-15.27,12.14,0.75
2263,4,pounce,pouncer,-15.69,11.02,1.03
2264,1,recover,swarm,-16.14,12.25,0.28
2264,2,recover,swarm,-16.41,11.31,0.80
2264,3,windup,bruiser,-15.27,12.14,0.75
2264,4,pounce,pouncer,-15.64,11.04,1.03
2265,1,recover,swarm,-16.14,12.25,0.28
2265,2,recover,swarm,-16.41,11.31,0.80
2265,3,windup,bruiser,-15.27,12.14,0.75
2265,4,pounce,pouncer,-15.47,11.19,0.97
2266,1,recover,swarm,-16.14,12.25,0.28
2266,2,recover,swarm,-16.41,11.31,0.80
2266,3,windup,bruiser,-15.27,12.14,0.75
2266,4,pounce,pouncer,-15.49,11.16,0.98
2267,1,recover,swarm,-16.14,12.25,0.28
2267,2,recover,swarm,-16.41,11.31,0.80
2267,3,windup,bruiser,-15.27,12.14,0.75
2267,4,pounce,pouncer,-15.68,11.00,1.05
2268,1,recover,swarm,-16.14,12.25,0.28
2268,2,recover,swarm,-16.41,11.31,0.80
2268,3,windup,bruiser,-15.27,12.14,0.75
2268,4,pounce,pouncer,-15.64,11.03,1.04
2269,1,recover,swarm,-16.14,12.25,0.28
2269,2,recover,swarm,-16.41,11.31,0.80
2269,3,windup,bruiser,-15.27,12.14,0.75
2269,4,pounce,pouncer,-15.48,11.22,0.94
2270,1,recover,swarm,-16.14,12.25,0.28
2270,2,chase,swarm,-16.41,11.31,0.80
2270,3,windup,bruiser,-15.27,12.14,0.75
2270,4,pounce,pouncer,-15.50,11.16,0.97
2271,1,recover,swarm,-16.14,12.25,0.28
2271,2,windup,swarm,-16.41,11.31,0.80
2271,3,windup,bruiser,-15.27,12.14,0.75
2271,4,pounce,pouncer,-15.66,10.96,1.10
2272,1,recover,swarm,-16.14,12.25,0.28
2272,2,windup,swarm,-16.41,11.31,0.80
2272,3,windup,bruiser,-15.27,12.14,0.75
2272,4,pounce,pouncer,-15.64,11.01,1.06
2273,1,recover,swarm,-16.14,12.25,0.28
2273,2,windup,swarm,-16.41,11.31,0.80
2273,3,windup,bruiser,-15.27,12.14,0.75
2273,4,pounce,pouncer,-15.54,11.17,0.95
2274,1,recover,swarm,-16.14,12.25,0.28
2274,2,windup,swarm,-16.41,11.31,0.80
2274,3,windup,bruiser,-15.27,12.14,0.75
2274,4,pounce,pouncer,-15.55,11.11,1.00
2275,1,recover,swarm,-16.14,12.25,0.28
2275,2,windup,swarm,-16.41,11.31,0.80
2275,3,windup,bruiser,-15.27,12.14,0.75
2275,4,pounce,pouncer,-15.86,10.92,1.09
2276,1,recover,swarm,-16.14,12.25,0.28
2276,2,windup,swarm,-16.41,11.31,0.80
2276,3,windup,bruiser,-15.27,12.14,0.75
2276,4,recover,pouncer,-15.81,10.91,1.11
2277,1,recover,swarm,-16.14,12.25,0.28
2277,2,windup,swarm,-16.41,11.31,0.80
2277,3,windup,bruiser,-15.27,12.14,0.75
2277,4,recover,pouncer,-15.81,10.91,1.11
2278,1,recover,swarm,-16.14,12.25,0.28
2278,2,windup,swarm,-16.41,11.31,0.80
2278,3,windup,bruiser,-15.27,12.14,0.75
2278,4,recover,pouncer,-15.81,10.91,1.11
2279,1,recover,swarm,-16.14,12.25,0.28
2279,2,windup,swarm,-16.41,11.31,0.80
2279,3,windup,bruiser,-15.27,12.14,0.75
2279,4,recover,pouncer,-15.81,10.91,1.11
2280,1,recover,swarm,-16.14,12.25,0.28
2280,2,windup,swarm,-16.41,11.31,0.80
2280,3,windup,bruiser,-15.27,12.14,0.75
2280,4,recover,pouncer,-15.81,10.91,1.11
2281,1,recover,swarm,-16.14,12.25,0.28
2281,2,windup,swarm,-16.41,11.31,0.80
2281,3,windup,bruiser,-15.27,12.14,0.75
2281,4,recover,pouncer,-15.81,10.91,1.11
2282,1,recover,swarm,-16.14,12.25,0.28
2282,2,windup,swarm,-16.41,11.31,0.80
2282,3,windup,bruiser,-15.27,12.14,0.75
2282,4,recover,pouncer,-15.81,10.91,1.11
2283,1,recover,swarm,-16.14,12.25,0.28
2283,2,windup,swarm,-16.41,11.31,0.80
2283,3,windup,bruiser,-15.27,12.14,0.75
2283,4,recover,pouncer,-15.81,10.91,1.11
2284,1,recover,swarm,-16.14,12.25,0.28
2284,2,windup,swarm,-16.41,11.31,0.80
2284,3,windup,bruiser,-15.27,12.14,0.75
2284,4,recover,pouncer,-15.81,10.91,1.11
2285,1,recover,swarm,-16.14,12.25,0.28
2285,2,strike,swarm,-16.41,11.31,0.80
2285,3,windup,bruiser,-15.27,12.14,0.75
2285,4,recover,pouncer,-15.81,10.91,1.11
2286,1,recover,swarm,-16.14,12.25,0.28
2286,2,strike,swarm,-16.43,11.35,0.78
2286,3,strike,bruiser,-15.27,12.14,0.75
2286,4,recover,pouncer,-15.81,10.91,1.11
2287,1,recover,swarm,-16.14,12.25,0.28
2287,2,strike,swarm,-16.50,11.43,0.75
2287,3,strike,bruiser,-15.31,12.06,0.70
2287,4,recover,pouncer,-15.81,10.91,1.11
2288,1,chase,swarm,-16.14,12.25,0.28
2288,2,strike,swarm,-16.52,11.47,0.75
2288,3,strike,bruiser,-15.32,12.03,0.69
2288,4,recover,pouncer,-15.81,10.91,1.11
2289,1,windup,swarm,-16.14,12.25,0.28
2289,2,strike,swarm,-16.61,11.57,0.75
2289,3,strike,bruiser,-15.34,11.91,0.67
2289,4,recover,pouncer,-15.81,10.91,1.11
2290,1,windup,swarm,-16.14,12.25,0.28
2290,2,strike,swarm,-16.64,11.59,0.76
2290,3,strike,bruiser,-15.34,11.88,0.67
2290,4,recover,pouncer,-15.81,10.91,1.11
2291,1,windup,swarm,-16.14,12.25,0.28
2291,2,strike,swarm,-16.72,11.67,0.79
2291,3,strike,bruiser,-15.36,11.79,0.68
2291,4,recover,pouncer,-15.81,10.91,1.11
2292,1,windup,swarm,-16.14,12.25,0.28
2292,2,strike,swarm,-16.75,11.70,0.81
2292,3,strike,bruiser,-15.38,11.77,0.67
2292,4,recover,pouncer,-15.81,10.91,1.11
2293,1,windup,swarm,-16.14,12.25,0.28
2293,2,strike,swarm,-16.83,11.78,0.86
2293,3,strike,bruiser,-15.43,11.85,0.59
2293,4,recover,pouncer,-15.81,10.91,1.11
2294,1,windup,swarm,-16.14,12.25,0.28
2294,2,strike,swarm,-16.86,11.81,0.88
2294,3,strike,bruiser,-15.41,11.82,0.62
2294,4,recover,pouncer,-15.81,10.91,1.11
2295,1,windup,swarm,-16.14,12.25,0.28
2295,2,strike,swarm,-16.93,11.91,0.93
2295,3,strike,bruiser,-15.36,11.74,0.69
2295,4,recover,pouncer,-15.81,10.91,1.11
2296,1,windup,swarm,-16.14,12.25,0.28
2296,2,strike,swarm,-16.95,11.94,0.95
2296,3,strike,bruiser,-15.38,11.77,0.67
2296,4,recover,pouncer,-15.81,10.91,1.11
2297,1,windup,swarm,-16.14,12.25,0.28
2297,2,strike,swarm,-17.08,12.18,1.09
2297,3,strike,bruiser,-15.60,11.74,0.48
2297,4,recover,pouncer,-15.81,10.91,1.11
2298,1,windup,swarm,-16.14,12.25,0.28
2298,2,strike,swarm,-17.09,12.21,1.11
2298,3,strike,bruiser,-15.58,11.72,0.51
2298,4,recover,pouncer,-15.81,10.91,1.11
2299,1,windup,swarm,-16.14,12.25,0.28
2299,2,strike,swarm,-17.13,12.38,1.19
2299,3,strike,bruiser,-15.46,11.65,0.65
2299,4,recover,pouncer,-15.81,10.91,1.11
2300,1,windup,swarm,-16.14,12.25,0.28
2300,2,recover,swarm,-17.13,12.42,1.20
2300,3,strike,bruiser,-15.45,11.68,0.63
2300,4,recover,pouncer,-15.81,10.91,1.11
2301,1,windup,swarm,-16.14,12.25,0.28
2301,2,recover,swarm,-17.13,12.42,1.20
2301,3,strike,bruiser,-15.42,11.85,0.60
2301,4,recover,pouncer,-15.81,10.91,1.11
2302,1,windup,swarm,-16.14,12.25,0.28
2302,2,recover,swarm,-17.13,12.42,1.20
2302,3,strike,bruiser,-15.40,11.81,0.63
2302,4,recover,pouncer,-15.81,10.91,1.11
2303,1,windup,swarm,-16.14,12.25,0.28
2303,2,recover,swarm,-17.13,12.42,1.20
2303,3,strike,bruiser,-15.34,11.69,0.73
2303,4,recover,pouncer,-15.81,10.91,1.11
2304,1,strike,swarm,-16.14,12.25,0.28
2304,2,recover,swarm,-17.13,12.42,1.20
2304,3,recover,bruiser,-15.35,11.72,0.70
2304,4,recover,pouncer,-15.81,10.91,1.11
2305,1,strike,swarm,-16.04,12.13,0.14
2305,2,recover,swarm,-17.13,12.42,1.20
2305,3,recover,bruiser,-15.35,11.72,0.70
2305,4,recover,pouncer,-15.81,10.91,1.11
2306,1,strike,swarm,-16.05,12.09,0.10
2306,2,recover,swarm,-17.13,12.42,1.20
2306,3,recover,bruiser,-15.35,11.72,0.70
2306,4,recover,pouncer,-15.81,10.91,1.11
2307,1,strike,swarm,-16.16,11.81,0.24
2307,2,recover,swarm,-17.13,12.42,1.20
2307,3,recover,bruiser,-15.35,11.72,0.70
2307,4,recover,pouncer,-15.81,10.91,1.11
2308,1,strike,swarm,-16.18,11.80,0.27
2308,2,recover,swarm,-17.13,12.42,1.20
2308,3,recover,bruiser,-15.35,11.72,0.70
2308,4,recover,pouncer,-15.81,10.91,1.11
2309,1,strike,swarm,-16.30,11.70,0.42
2309,2,recover,swarm,-17.13,12.42,1.20
2309,3,recover,bruiser,-15.35,11.72,0.70
2309,4,recover,pouncer,-15.81,10.91,1.11
2310,1,strike,swarm,-16.32,11.65,0.47
2310,2,recover,swarm,-17.13,12.42,1.20
2310,3,recover,bruiser,-15.35,11.72,0.70
2310,4,recover,pouncer,-15.81,10.91,1.11
2311,1,strike,swarm,-16.41,11.52,0.63
2311,2,recover,swarm,-17.13,12.42,1.20
2311,3,recover,bruiser,-15.35,11.72,0.70
2311,4,recover,pouncer,-15.81,10.91,1.11
2312,1,strike,swarm,-16.43,11.49,0.67
2312,2,recover,swarm,-17.13,12.42,1.20
2312,3,recover,bruiser,-15.35,11.72,0.70
2312,4,recover,pouncer,-15.81,10.91,1.11
2313,1,strike,swarm,-16.52,11.35,0.84
2313,2,recover,swarm,-17.13,12.42,1.20
2313,3,recover,bruiser,-15.35,11.72,0.70
2313,4,recover,pouncer,-15.81,10.91,1.11
2314,1,strike,swarm,-16.54,11.32,0.87
2314,2,recover,swarm,-17.13,12.42,1.20
2314,3,recover,bruiser,-15.35,11.72,0.70
2314,4,recover,pouncer,-15.81,10.91,1.11
2315,1,strike,swarm,-16.61,11.20,1.00
2315,2,recover,swarm,-17.13,12.42,1.20
2315,3,recover,bruiser,-15.35,11.72,0.70
2315,4,recover,pouncer,-15.81,10.91,1.11
2316,1,strike,swarm,-16.63,11.18,1.04
2316,2,recover,swarm,-17.13,12.42,1.20
2316,3,recover,bruiser,-15.35,11.72,0.70
2316,4,recover,pouncer,-15.81,10.91,1.11
2317,1,recover,swarm,-16.73,10.99,1.25
2317,2,recover,swarm,-17.13,12.42,1.20
2317,3,recover,bruiser,-15.35,11.72,0.70
2317,4,recover,pouncer,-15.81,10.91,1.11
2318,1,recover,swarm,-16.73,10.99,1.25
2318,2,recover,swarm,-17.13,12.42,1.20
2318,3,recover,bruiser,-15.35,11.72,0.70
2318,4,recover,pouncer,-15.81,10.91,1.11
2319,1,recover,swarm,-16.73,10.99,1.25
2319,2,recover,swarm,-17.13,12.42,1.20
2319,3,recover,bruiser,-15.35,11.72,0.70
2319,4,recover,pouncer,-15.81,10.91,1.11
2320,1,recover,swarm,-16.73,10.99,1.25
2320,2,recover,swarm,-17.13,12.42,1.20
2320,3,recover,bruiser,-15.35,11.72,0.70
2320,4,recover,pouncer,-15.81,10.91,1.11
2321,1,recover,swarm,-16.73,10.99,1.25
2321,2,recover,swarm,-17.13,12.42,1.20
2321,3,recover,bruiser,-15.35,11.72,0.70
2321,4,recover,pouncer,-15.81,10.91,1.11
2322,1,recover,swarm,-16.73,10.99,1.25
2322,2,recover,swarm,-17.13,12.42,1.20
2322,3,recover,bruiser,-15.35,11.72,0.70
2322,4,recover,pouncer,-15.81,10.91,1.11
2323,1,recover,swarm,-16.73,10.99,1.25
2323,2,recover,swarm,-17.13,12.42,1.20
2323,3,recover,bruiser,-15.35,11.72,0.70
2323,4,recover,pouncer,-15.81,10.91,1.11
2324,1,recover,swarm,-16.73,10.99,1.25
2324,2,recover,swarm,-17.13,12.42,1.20
2324,3,recover,bruiser,-15.35,11.72,0.70
2324,4,recover,pouncer,-15.81,10.91,1.11
2325,1,recover,swarm,-16.73,10.99,1.25
2325,2,recover,swarm,-17.13,12.42,1.20
2325,3,recover,bruiser,-15.35,11.72,0.70
2325,4,recover,pouncer,-15.81,10.91,1.11
2326,1,recover,swarm,-16.73,10.99,1.25
2326,2,recover,swarm,-17.13,12.42,1.20
2326,3,recover,bruiser,-15.35,11.72,0.70
2326,4,recover,pouncer,-15.81,10.91,1.11
2327,1,recover,swarm,-16.73,10.99,1.25
2327,2,recover,swarm,-17.13,12.42,1.20
2327,3,recover,bruiser,-15.35,11.72,0.70
2327,4,recover,pouncer,-15.81,10.91,1.11
2328,1,recover,swarm,-16.73,10.99,1.25
2328,2,recover,swarm,-17.13,12.42,1.20
2328,3,recover,bruiser,-15.35,11.72,0.70
2328,4,recover,pouncer,-15.81,10.91,1.11
2329,1,recover,swarm,-16.73,10.99,1.25
2329,2,recover,swarm,-17.13,12.42,1.20
2329,3,recover,bruiser,-15.35,11.72,0.70
2329,4,recover,pouncer,-15.81,10.91,1.11
2330,1,recover,swarm,-16.73,10.99,1.25
2330,2,recover,swarm,-17.13,12.42,1.20
2330,3,recover,bruiser,-15.35,11.72,0.70
2330,4,recover,pouncer,-15.81,10.91,1.11
2331,1,recover,swarm,-16.73,10.99,1.25
2331,2,recover,swarm,-17.13,12.42,1.20
2331,3,recover,bruiser,-15.35,11.72,0.70
2331,4,recover,pouncer,-15.81,10.91,1.11
2332,1,recover,swarm,-16.73,10.99,1.25
2332,2,recover,swarm,-17.13,12.42,1.20
2332,3,recover,bruiser,-15.35,11.72,0.70
2332,4,recover,pouncer,-15.81,10.91,1.11
2333,1,recover,swarm,-16.73,10.99,1.25
2333,2,recover,swarm,-17.13,12.42,1.20
2333,3,recover,bruiser,-15.35,11.72,0.70
2333,4,recover,pouncer,-15.81,10.91,1.11
2334,1,recover,swarm,-16.73,10.99,1.25
2334,2,recover,swarm,-17.13,12.42,1.20
2334,3,recover,bruiser,-15.35,11.72,0.70
2334,4,recover,pouncer,-15.81,10.91,1.11
2335,1,recover,swarm,-16.73,10.99,1.25
2335,2,recover,swarm,-17.13,12.42,1.20
2335,3,recover,bruiser,-15.35,11.72,0.70
2335,4,recover,pouncer,-15.81,10.91,1.11
2336,1,recover,swarm,-16.73,10.99,1.25
2336,2,recover,swarm,-17.13,12.42,1.20
2336,3,recover,bruiser,-15.35,11.72,0.70
2336,4,recover,pouncer,-15.81,10.91,1.11
2337,1,recover,swarm,-16.73,10.99,1.25
2337,2,recover,swarm,-17.13,12.42,1.20
2337,3,recover,bruiser,-15.35,11.72,0.70
2337,4,recover,pouncer,-15.81,10.91,1.11
2338,1,recover,swarm,-16.73,10.99,1.25
2338,2,recover,swarm,-17.13,12.42,1.20
2338,3,recover,bruiser,-15.35,11.72,0.70
2338,4,recover,pouncer,-15.81,10.91,1.11
2339,1,recover,swarm,-16.73,10.99,1.25
2339,2,recover,swarm,-17.13,12.42,1.20
2339,3,recover,bruiser,-15.35,11.72,0.70
2339,4,recover,pouncer,-15.81,10.91,1.11
2340,1,recover,swarm,-16.73,10.99,1.25
2340,2,chase,swarm,-17.13,12.42,1.20
2340,3,recover,bruiser,-15.35,11.72,0.70
2340,4,recover,pouncer,-15.81,10.91,1.11
2341,1,recover,swarm,-16.73,10.99,1.25
2341,2,windup,swarm,-17.13,12.42,1.20
2341,3,recover,bruiser,-15.35,11.72,0.70
2341,4,recover,pouncer,-15.81,10.91,1.11
2342,1,recover,swarm,-16.73,10.99,1.25
2342,2,windup,swarm,-17.13,12.42,1.20
2342,3,recover,bruiser,-15.35,11.72,0.70
2342,4,recover,pouncer,-15.81,10.91,1.11
2343,1,recover,swarm,-16.73,10.99,1.25
2343,2,windup,swarm,-17.13,12.42,1.20
2343,3,recover,bruiser,-15.35,11.72,0.70
2343,4,recover,pouncer,-15.81,10.91,1.11
2344,1,recover,swarm,-16.73,10.99,1.25
2344,2,windup,swarm,-17.13,12.42,1.20
2344,3,recover,bruiser,-15.35,11.72,0.70
2344,4,recover,pouncer,-15.81,10.91,1.11
2345,1,recover,swarm,-16.73,10.99,1.25
2345,2,windup,swarm,-17.13,12.42,1.20
2345,3,recover,bruiser,-15.35,11.72,0.70
2345,4,recover,pouncer,-15.81,10.91,1.11
2346,1,recover,swarm,-16.73,10.99,1.25
2346,2,windup,swarm,-17.13,12.42,1.20
2346,3,recover,bruiser,-15.35,11.72,0.70
2346,4,stalk,pouncer,-15.81,10.91,1.11
2347,1,recover,swarm,-16.73,10.99,1.25
2347,2,windup,swarm,-17.13,12.42,1.20
2347,3,recover,bruiser,-15.35,11.72,0.70
2347,4,crouch,pouncer,-15.82,10.86,1.16
2348,1,recover,swarm,-16.73,10.99,1.25
2348,2,windup,swarm,-17.13,12.42,1.20
2348,3,recover,bruiser,-15.35,11.72,0.70
2348,4,crouch,pouncer,-15.82,10.86,1.16
2349,1,recover,swarm,-16.73,10.99,1.25
2349,2,windup,swarm,-17.13,12.42,1.20
2349,3,recover,bruiser,-15.35,11.72,0.70
2349,4,crouch,pouncer,-15.82,10.86,1.16
2350,1,recover,swarm,-16.73,10.99,1.25
2350,2,windup,swarm,-17.13,12.42,1.20
2350,3,recover,bruiser,-15.35,11.72,0.70
2350,4,crouch,pouncer,-15.82,10.86,1.16
2351,1,recover,swarm,-16.73,10.99,1.25
2351,2,windup,swarm,-17.13,12.42,1.20
2351,3,recover,bruiser,-15.35,11.72,0.70
2351,4,crouch,pouncer,-15.82,10.86,1.16
2352,1,recover,swarm,-16.73,10.99,1.25
2352,2,windup,swarm,-17.13,12.42,1.20
2352,3,recover,bruiser,-15.35,11.72,0.70
2352,4,crouch,pouncer,-15.82,10.86,1.16
2353,1,recover,swarm,-16.73,10.99,1.25
2353,2,windup,swarm,-17.13,12.42,1.20
2353,3,recover,bruiser,-15.35,11.72,0.70
2353,4,crouch,pouncer,-15.82,10.86,1.16
2354,1,recover,swarm,-16.73,10.99,1.25
2354,2,windup,swarm,-17.13,12.42,1.20
2354,3,recover,bruiser,-15.35,11.72,0.70
2354,4,crouch,pouncer,-15.82,10.86,1.16
2355,1,recover,swarm,-16.73,10.99,1.25
2355,2,strike,swarm,-17.13,12.42,1.20
2355,3,recover,bruiser,-15.35,11.72,0.70
2355,4,crouch,pouncer,-15.82,10.86,1.16
2356,1,chase,swarm,-16.73,10.99,1.25
2356,2,strike,swarm,-17.10,12.40,1.17
2356,3,recover,bruiser,-15.35,11.72,0.70
2356,4,crouch,pouncer,-15.82,10.86,1.16
2357,1,windup,swarm,-16.73,10.99,1.25
2357,2,strike,swarm,-16.97,12.36,1.04
2357,3,recover,bruiser,-15.35,11.72,0.70
2357,4,crouch,pouncer,-15.82,10.86,1.16
2358,1,windup,swarm,-16.73,10.99,1.25
2358,2,strike,swarm,-16.94,12.34,1.00
2358,3,recover,bruiser,-15.35,11.72,0.70
2358,4,crouch,pouncer,-15.82,10.86,1.16
2359,1,windup,swarm,-16.73,10.99,1.25
2359,2,strike,swarm,-16.81,12.30,0.86
2359,3,recover,bruiser,-15.35,11.72,0.70
2359,4,crouch,pouncer,-15.82,10.86,1.16
2360,1,windup,swarm,-16.73,10.99,1.25
2360,2,strike,swarm,-16.78,12.29,0.84
2360,3,recover,bruiser,-15.35,11.72,0.70
2360,4,crouch,pouncer,-15.82,10.86,1.16
2361,1,windup,swarm,-16.73,10.99,1.25
2361,2,strike,swarm,-16.52,12.19,0.55
2361,3,recover,bruiser,-15.35,11.72,0.70
2361,4,crouch,pouncer,-15.82,10.86,1.16
2362,1,windup,swarm,-16.73,10.99,1.25
2362,2,strike,swarm,-16.49,12.19,0.53
2362,3,recover,bruiser,-15.35,11.72,0.70
2362,4,crouch,pouncer,-15.82,10.86,1.16
2363,1,windup,swarm,-16.73,10.99,1.25
2363,2,strike,swarm,-16.36,12.17,0.40
2363,3,recover,bruiser,-15.35,11.72,0.70
2363,4,crouch,pouncer,-15.82,10.86,1.16
2364,1,windup,swarm,-16.73,10.99,1.25
2364,2,strike,swarm,-16.33,12.16,0.37
2364,3,recover,bruiser,-15.35,11.72,0.70
2364,4,crouch,pouncer,-15.82,10.86,1.16
2365,1,windup,swarm,-16.73,10.99,1.25
2365,2,strike,swarm,-16.22,12.16,0.27
2365,3,recover,bruiser,-15.35,11.72,0.70
2365,4,crouch,pouncer,-15.82,10.86,1.16
2366,1,windup,swarm,-16.73,10.99,1.25
2366,2,strike,swarm,-16.19,12.16,0.25
2366,3,recover,bruiser,-15.35,11.72,0.70
2366,4,crouch,pouncer,-15.82,10.86,1.16
2367,1,windup,swarm,-16.73,10.99,1.25
2367,2,strike,swarm,-16.09,12.16,0.18
2367,3,recover,bruiser,-15.35,11.72,0.70
2367,4,crouch,pouncer,-15.82,10.86,1.16
2368,1,windup,swarm,-16.73,10.99,1.25
2368,2,strike,swarm,-16.06,12.18,0.19
2368,3,advance,bruiser,-15.35,11.72,0.70
2368,4,crouch,pouncer,-15.82,10.86,1.16
2369,1,windup,swarm,-16.73,10.99,1.25
2369,2,strike,swarm,-15.93,12.30,0.31
2369,3,windup,bruiser,-15.35,11.72,0.70
2369,4,crouch,pouncer,-15.82,10.86,1.16
2370,1,windup,swarm,-16.73,10.99,1.25
2370,2,recover,swarm,-15.91,12.32,0.33
2370,3,windup,bruiser,-15.35,11.72,0.70
2370,4,crouch,pouncer,-15.82,10.86,1.16
2371,1,windup,swarm,-16.73,10.99,1.25
2371,2,recover,swarm,-15.91,12.32,0.33
2371,3,windup,bruiser,-15.35,11.72,0.70
2371,4,crouch,pouncer,-15.82,10.86,1.16
2372,1,windup,swarm,-16.73,10.99,1.25
2372,2,recover,swarm,-15.91,12.32,0.33
2372,3,windup,bruiser,-15.35,11.72,0.70
2372,4,crouch,pouncer,-15.82,10.86,1.16
2373,1,windup,swarm,-16.73,10.99,1.25
2373,2,recover,swarm,-15.91,12.32,0.33
2373,3,windup,bruiser,-15.35,11.72,0.70
2373,4,crouch,pouncer,-15.82,10.86,1.16
2374,1,strike,swarm,-16.73,10.99,1.25
2374,2,recover,swarm,-15.91,12.32,0.33
2374,3,windup,bruiser,-15.35,11.72,0.70
2374,4,crouch,pouncer,-15.82,10.86,1.16
2375,1,strike,swarm,-16.76,11.17,1.13
2375,2,recover,swarm,-15.91,12.32,0.33
2375,3,windup,bruiser,-15.35,11.72,0.70
2375,4,pounce,pouncer,-15.82,10.86,1.16
2376,1,strike,swarm,-16.76,11.20,1.10
2376,2,recover,swarm,-15.91,12.32,0.33
2376,3,windup,bruiser,-15.35,11.72,0.70
2376,4,pounce,pouncer,-15.80,10.90,1.12
2377,1,strike,swarm,-16.75,11.38,0.98
2377,2,recover,swarm,-15.91,12.32,0.33
2377,3,windup,bruiser,-15.35,11.72,0.70
2377,4,pounce,pouncer,-15.72,11.15,0.89
2378,1,strike,swarm,-16.75,11.41,0.96
2378,2,recover,swarm,-15.91,12.32,0.33
2378,3,windup,bruiser,-15.35,11.72,0.70
2378,4,pounce,pouncer,-15.75,11.12,0.92
2379,1,strike,swarm,-16.75,11.57,0.87
2379,2,recover,swarm,-15.91,12.32,0.33
2379,3,windup,bruiser,-15.35,11.72,0.70
2379,4,pounce,pouncer,-15.91,10.95,1.05
2380,1,strike,swarm,-16.75,11.60,0.85
2380,2,recover,swarm,-15.91,12.32,0.33
2380,3,windup,bruiser,-15.35,11.72,0.70
2380,4,pounce,pouncer,-15.95,10.98,1.02
2381,1,strike,swarm,-16.78,11.74,0.82
2381,2,recover,swarm,-15.91,12.32,0.33
2381,3,windup,bruiser,-15.35,11.72,0.70
2381,4,pounce,pouncer,-16.12,11.10,0.90
2382,1,strike,swarm,-16.79,11.77,0.82
2382,2,recover,swarm,-15.91,12.32,0.33
2382,3,windup,bruiser,-15.35,11.72,0.70
2382,4,pounce,pouncer,-16.16,11.08,0.94
2383,1,strike,swarm,-16.84,11.92,0.84
2383,2,recover,swarm,-15.91,12.32,0.33
2383,3,windup,bruiser,-15.35,11.72,0.70
2383,4,pounce,pouncer,-16.36,11.21,0.87
2384,1,strike,swarm,-16.85,11.94,0.85
2384,2,recover,swarm,-15.91,12.32,0.33
2384,3,windup,bruiser,-15.35,11.72,0.70
2384,4,pounce,pouncer,-16.37,11.17,0.91
2385,1,strike,swarm,-16.91,12.17,0.93
2385,2,recover,swarm,-15.91,12.32,0.33
2385,3,windup,bruiser,-15.35,11.72,0.70
2385,4,pounce,pouncer,-16.52,11.48,0.73
2386,1,strike,swarm,-16.92,12.20,0.94
2386,2,recover,swarm,-15.91,12.32,0.33
2386,3,windup,bruiser,-15.35,11.72,0.70
2386,4,pounce,pouncer,-16.54,11.44,0.78
2387,1,strike,swarm,-16.95,12.33,1.01
2387,2,recover,swarm,-15.91,12.32,0.33
2387,3,windup,bruiser,-15.35,11.72,0.70
2387,4,pounce,pouncer,-16.67,11.27,0.99
2388,1,recover,swarm,-16.95,12.36,1.02
2388,2,recover,swarm,-15.91,12.32,0.33
2388,3,windup,bruiser,-15.35,11.72,0.70
2388,4,pounce,pouncer,-16.67,11.31,0.96
2389,1,recover,swarm,-16.95,12.36,1.02
2389,2,recover,swarm,-15.91,12.32,0.33
2389,3,windup,bruiser,-15.35,11.72,0.70
2389,4,pounce,pouncer,-16.71,11.50,0.86
2390,1,recover,swarm,-16.95,12.36,1.02
2390,2,recover,swarm,-15.91,12.32,0.33
2390,3,windup,bruiser,-15.35,11.72,0.70
2390,4,pounce,pouncer,-16.75,11.50,0.90
2391,1,recover,swarm,-16.95,12.36,1.02
2391,2,recover,swarm,-15.91,12.32,0.33
2391,3,windup,bruiser,-15.35,11.72,0.70
2391,4,pounce,pouncer,-16.93,11.51,1.05
2392,1,recover,swarm,-16.95,12.36,1.02
2392,2,recover,swarm,-15.91,12.32,0.33
2392,3,windup,bruiser,-15.35,11.72,0.70
2392,4,pounce,pouncer,-16.97,11.53,1.07
2393,1,recover,swarm,-16.95,12.36,1.02
2393,2,recover,swarm,-15.91,12.32,0.33
2393,3,windup,bruiser,-15.35,11.72,0.70
2393,4,pounce,pouncer,-17.14,11.58,1.22
2394,1,recover,swarm,-16.95,12.36,1.02
2394,2,recover,swarm,-15.91,12.32,0.33
2394,3,windup,bruiser,-15.35,11.72,0.70
2394,4,pounce,pouncer,-17.19,11.58,1.26
2395,1,recover,swarm,-16.95,12.36,1.02
2395,2,recover,swarm,-15.91,12.32,0.33
2395,3,windup,bruiser,-15.35,11.72,0.70
2395,4,pounce,pouncer,-17.32,11.60,1.38
2396,1,recover,swarm,-16.95,12.36,1.02
2396,2,recover,swarm,-15.91,12.32,0.33
2396,3,windup,bruiser,-15.35,11.72,0.70
2396,4,pounce,pouncer,-17.47,11.64,1.51
2397,1,recover,swarm,-16.95,12.36,1.02
2397,2,recover,swarm,-15.91,12.32,0.33
2397,3,windup,bruiser,-15.35,11.72,0.70
2397,4,pounce,pouncer,-17.61,11.71,1.63
2398,1,recover,swarm,-16.95,12.36,1.02
2398,2,recover,swarm,-15.91,12.32,0.33
2398,3,windup,bruiser,-15.35,11.72,0.70
2398,4,recover,pouncer,-17.78,11.82,1.78
2399,1,recover,swarm,-16.95,12.36,1.02
2399,2,recover,swarm,-15.91,12.32,0.33
2399,3,windup,bruiser,-15.35,11.72,0.70
2399,4,recover,pouncer,-17.78,11.82,1.78
2400,1,recover,swarm,-16.95,12.36,1.02
2400,2,recover,swarm,-15.91,12.32,0.33
2400,3,windup,bruiser,-15.35,11.72,0.70
2400,4,recover,pouncer,-17.78,11.82,1.78
2401,1,recover,swarm,-16.95,12.36,1.02
2401,2,recover,swarm,-15.91,12.32,0.33
2401,3,windup,bruiser,-15.35,11.72,0.70
2401,4,recover,pouncer,-17.78,11.82,1.78
