frame,enemy,state,archetype,x,z,dist
1,1,patrol,swarm,-7.00,-6.00,17.46
1,2,patrol,swarm,-4.00,-9.00,19.42
1,3,patrol,bruiser,9.00,-8.00,20.12
1,4,patrol,pouncer,3.00,-14.00,24.19
2,1,patrol,swarm,-7.04,-5.99,17.47
2,2,patrol,swarm,-4.02,-8.97,19.39
2,3,patrol,bruiser,9.02,-8.01,20.14
2,4,patrol,pouncer,2.98,-13.96,24.15
3,1,patrol,swarm,-7.27,-5.94,17.52
3,2,patrol,swarm,-4.15,-8.77,19.22
3,3,patrol,bruiser,9.18,-8.05,20.25
3,4,patrol,pouncer,2.88,-13.70,23.87
4,1,patrol,swarm,-7.29,-5.93,17.52
4,2,patrol,swarm,-4.17,-8.75,19.21
4,3,patrol,bruiser,9.19,-8.05,20.25
4,4,patrol,pouncer,2.87,-13.68,23.85
5,1,patrol,swarm,-7.30,-5.93,17.53
5,2,patrol,swarm,-4.17,-8.74,19.20
5,3,patrol,bruiser,9.20,-8.05,20.26
5,4,patrol,pouncer,2.87,-13.67,23.84
6,1,patrol,swarm,-7.30,-5.93,17.53
6,2,patrol,swarm,-4.17,-8.74,19.20
6,3,patrol,bruiser,9.20,-8.05,20.26
6,4,patrol,pouncer,2.87,-13.66,23.83
7,1,patrol,swarm,-7.32,-5.93,17.53
7,2,patrol,swarm,-4.18,-8.73,19.19
7,3,patrol,bruiser,9.21,-8.05,20.27
7,4,patrol,pouncer,2.86,-13.65,23.82
8,1,patrol,swarm,-7.32,-5.93,17.53
8,2,patrol,swarm,-4.18,-8.72,19.18
8,3,patrol,bruiser,9.22,-8.05,20.27
8,4,patrol,pouncer,2.86,-13.64,23.81
9,1,patrol,swarm,-7.33,-5.93,17.53
9,2,patrol,swarm,-4.19,-8.72,19.18
9,3,patrol,bruiser,9.22,-8.05,20.27
9,4,patrol,pouncer,2.86,-13.63,23.80
10,1,patrol,swarm,-7.34,-5.92,17.53
10,2,patrol,swarm,-4.20,-8.71,19.17
10,3,patrol,bruiser,9.23,-8.06,20.28
10,4,patrol,pouncer,2.85,-13.62,23.79
11,1,patrol,swarm,-7.36,-5.92,17.54
11,2,patrol,swarm,-4.20,-8.70,19.16
11,3,patrol,bruiser,9.24,-8.06,20.28
11,4,patrol,pouncer,2.84,-13.60,23.77
12,1,patrol,swarm,-7.38,-5.92,17.54
12,2,patrol,swarm,-4.21,-8.68,19.15
12,3,patrol,bruiser,9.25,-8.06,20.29
12,4,patrol,pouncer,2.84,-13.58,23.75
13,1,patrol,swarm,-7.39,-5.91,17.55
13,2,patrol,swarm,-4.22,-8.66,19.14
13,3,patrol,bruiser,9.26,-8.07,20.30
13,4,patrol,pouncer,2.83,-13.56,23.73
14,1,patrol,swarm,-7.41,-5.91,17.55
14,2,patrol,swarm,-4.24,-8.65,19.12
14,3,patrol,bruiser,9.27,-8.07,20.31
14,4,patrol,pouncer,2.82,-13.54,23.71
15,1,patrol,swarm,-7.43,-5.90,17.55
15,2,patrol,swarm,-4.25,-8.63,19.11
15,3,patrol,bruiser,9.29,-8.07,20.32
15,4,patrol,pouncer,2.81,-13.52,23.69
16,1,patrol,swarm,-7.45,-5.90,17.56
16,2,patrol,swarm,-4.26,-8.62,19.10
16,3,patrol,bruiser,9.30,-8.07,20.33
16,4,patrol,pouncer,2.80,-13.50,23.66
17,1,patrol,swarm,-7.47,-5.89,17.56
17,2,patrol,swarm,-4.27,-8.60,19.08
17,3,patrol,bruiser,9.31,-8.08,20.34
17,4,patrol,pouncer,2.80,-13.48,23.64
18,1,patrol,swarm,-7.49,-5.89,17.57
18,2,patrol,swarm,-4.28,-8.58,19.07
18,3,patrol,bruiser,9.32,-8.08,20.34
18,4,patrol,pouncer,2.79,-13.45,23.62
19,1,patrol,swarm,-7.51,-5.89,17.57
19,2,patrol,swarm,-4.29,-8.57,19.06
19,3,patrol,bruiser,9.34,-8.08,20.35
19,4,patrol,pouncer,2.78,-13.43,23.60
20,1,patrol,swarm,-7.53,-5.88,17.57
20,2,patrol,swarm,-4.30,-8.55,19.04
20,3,patrol,bruiser,9.35,-8.09,20.36
20,4,patrol,pouncer,2.77,-13.41,23.58
21,1,patrol,swarm,-7.55,-5.88,17.58
21,2,patrol,swarm,-4.31,-8.53,19.03
21,3,patrol,bruiser,9.36,-8.09,20.37
21,4,patrol,pouncer,2.76,-13.39,23.55
22,1,patrol,swarm,-7.56,-5.87,17.58
22,2,patrol,swarm,-4.32,-8.52,19.02
22,3,patrol,bruiser,9.37,-8.09,20.38
22,4,patrol,pouncer,2.75,-13.37,23.53
23,1,patrol,swarm,-7.58,-5.87,17.59
23,2,patrol,swarm,-4.33,-8.50,19.00
23,3,patrol,bruiser,9.39,-8.10,20.39
23,4,patrol,pouncer,2.75,-13.35,23.51
24,1,patrol,swarm,-7.60,-5.86,17.59
24,2,patrol,swarm,-4.34,-8.48,18.99
24,3,patrol,bruiser,9.40,-8.10,20.40
24,4,patrol,pouncer,2.74,-13.33,23.49
25,1,patrol,swarm,-7.62,-5.86,17.60
25,2,patrol,swarm,-4.35,-8.47,18.98
25,3,patrol,bruiser,9.41,-8.10,20.40
25,4,patrol,pouncer,2.73,-13.31,23.47
26,1,patrol,swarm,-7.64,-5.86,17.60
26,2,patrol,swarm,-4.36,-8.45,18.96
26,3,patrol,bruiser,9.42,-8.11,20.41
26,4,patrol,pouncer,2.72,-13.29,23.45
27,1,patrol,swarm,-7.66,-5.85,17.61
27,2,patrol,swarm,-4.38,-8.44,18.95
27,3,patrol,bruiser,9.44,-8.11,20.42
27,4,patrol,pouncer,2.71,-13.26,23.42
28,1,patrol,swarm,-7.68,-5.85,17.61
28,2,patrol,swarm,-4.39,-8.42,18.94
28,3,patrol,bruiser,9.45,-8.11,20.43
28,4,patrol,pouncer,2.71,-13.24,23.40
29,1,patrol,swarm,-7.70,-5.84,17.62
29,2,patrol,swarm,-4.40,-8.40,18.92
29,3,patrol,bruiser,9.47,-8.12,20.44
29,4,patrol,pouncer,2.69,-13.22,23.37
30,1,patrol,swarm,-7.71,-5.84,17.62
30,2,patrol,swarm,-4.41,-8.39,18.91
30,3,patrol,bruiser,9.47,-8.12,20.45
30,4,patrol,pouncer,2.69,-13.20,23.36
31,1,patrol,swarm,-7.74,-5.83,17.62
31,2,patrol,swarm,-4.42,-8.37,18.90
31,3,patrol,bruiser,9.49,-8.12,20.46
31,4,patrol,pouncer,2.68,-13.18,23.34
32,1,patrol,swarm,-7.75,-5.83,17.63
32,2,patrol,swarm,-4.43,-8.36,18.88
32,3,patrol,bruiser,9.50,-8.13,20.46
32,4,patrol,pouncer,2.67,-13.16,23.32
33,1,patrol,swarm,-7.77,-5.83,17.63
33,2,patrol,swarm,-4.44,-8.34,18.87
33,3,patrol,bruiser,9.51,-8.13,20.47
33,4,patrol,pouncer,2.66,-13.14,23.29
34,1,patrol,swarm,-7.79,-5.82,17.64
34,2,patrol,swarm,-4.45,-8.33,18.86
34,3,patrol,bruiser,9.52,-8.13,20.48
34,4,patrol,pouncer,2.66,-13.12,23.27
35,1,patrol,swarm,-7.81,-5.82,17.64
35,2,patrol,swarm,-4.46,-8.31,18.85
35,3,patrol,bruiser,9.53,-8.13,20.49
35,4,patrol,pouncer,2.65,-13.10,23.25
36,1,patrol,swarm,-7.83,-5.81,17.65
36,2,patrol,swarm,-4.47,-8.29,18.83
36,3,patrol,bruiser,9.55,-8.14,20.50
36,4,patrol,pouncer,2.64,-13.08,23.23
37,1,patrol,swarm,-7.84,-5.81,17.65
37,2,patrol,swarm,-4.48,-8.28,18.82
37,3,patrol,bruiser,9.56,-8.14,20.51
37,4,patrol,pouncer,2.63,-13.06,23.21
38,1,patrol,swarm,-7.86,-5.81,17.65
38,2,patrol,swarm,-4.49,-8.26,18.81
38,3,patrol,bruiser,9.57,-8.14,20.51
38,4,patrol,pouncer,2.62,-13.04,23.19
39,1,patrol,swarm,-7.88,-5.80,17.66
39,2,patrol,swarm,-4.50,-8.25,18.79
39,3,patrol,bruiser,9.59,-8.15,20.52
39,4,patrol,pouncer,2.62,-13.02,23.16
40,1,patrol,swarm,-7.90,-5.80,17.66
40,2,patrol,swarm,-4.51,-8.23,18.78
40,3,patrol,bruiser,9.60,-8.15,20.53
40,4,patrol,pouncer,2.61,-12.99,23.14
41,1,patrol,swarm,-7.92,-5.79,17.67
41,2,patrol,swarm,-4.52,-8.21,18.77
41,3,patrol,bruiser,9.61,-8.15,20.54
41,4,patrol,pouncer,2.60,-12.97,23.12
42,1,patrol,swarm,-7.94,-5.79,17.67
42,2,patrol,swarm,-4.53,-8.20,18.76
42,3,patrol,bruiser,9.62,-8.16,20.55
42,4,patrol,pouncer,2.59,-12.96,23.10
43,1,patrol,swarm,-7.96,-5.79,17.68
43,2,patrol,swarm,-4.54,-8.18,18.74
43,3,patrol,bruiser,9.63,-8.16,20.56
43,4,patrol,pouncer,2.58,-12.93,23.08
44,1,patrol,swarm,-7.97,-5.78,17.68
44,2,patrol,swarm,-4.55,-8.17,18.73
44,3,patrol,bruiser,9.65,-8.16,20.56
44,4,patrol,pouncer,2.58,-12.92,23.06
45,1,patrol,swarm,-7.99,-5.78,17.69
45,2,patrol,swarm,-4.56,-8.15,18.72
45,3,patrol,bruiser,9.66,-8.16,20.57
45,4,patrol,pouncer,2.57,-12.90,23.04
46,1,patrol,swarm,-8.01,-5.77,17.69
46,2,patrol,swarm,-4.57,-8.14,18.71
46,3,patrol,bruiser,9.67,-8.17,20.58
46,4,patrol,pouncer,2.56,-12.88,23.02
47,1,patrol,swarm,-8.03,-5.77,17.70
47,2,patrol,swarm,-4.58,-8.12,18.69
47,3,patrol,bruiser,9.68,-8.17,20.59
47,4,patrol,pouncer,2.55,-12.86,23.00
48,1,patrol,swarm,-8.05,-5.77,17.70
48,2,patrol,swarm,-4.59,-8.11,18.68
48,3,patrol,bruiser,9.69,-8.17,20.60
48,4,patrol,pouncer,2.55,-12.83,22.98
49,1,patrol,swarm,-8.07,-5.76,17.70
49,2,patrol,swarm,-4.61,-8.09,18.67
49,3,patrol,bruiser,9.71,-8.18,20.61
49,4,patrol,pouncer,2.54,-12.81,22.95
50,1,patrol,swarm,-8.08,-5.76,17.71
50,2,patrol,swarm,-4.62,-8.08,18.66
50,3,patrol,bruiser,9.72,-8.18,20.61
50,4,patrol,pouncer,2.53,-12.79,22.93
51,1,patrol,swarm,-8.10,-5.75,17.71
51,2,patrol,swarm,-4.63,-8.06,18.64
51,3,patrol,bruiser,9.73,-8.18,20.62
51,4,patrol,pouncer,2.52,-12.77,22.91
52,1,patrol,swarm,-8.12,-5.75,17.72
52,2,patrol,swarm,-4.64,-8.05,18.63
52,3,patrol,bruiser,9.74,-8.19,20.63
52,4,patrol,pouncer,2.51,-12.75,22.89
53,1,patrol,swarm,-8.14,-5.74,17.72
53,2,patrol,swarm,-4.65,-8.03,18.62
53,3,patrol,bruiser,9.75,-8.19,20.64
53,4,patrol,pouncer,2.51,-12.73,22.87
54,1,patrol,swarm,-8.16,-5.74,17.73
54,2,patrol,swarm,-4.66,-8.01,18.61
54,3,patrol,bruiser,9.77,-8.19,20.65
54,4,patrol,pouncer,2.50,-12.71,22.85
55,1,patrol,swarm,-8.17,-5.74,17.73
55,2,patrol,swarm,-4.67,-8.00,18.59
55,3,patrol,bruiser,9.78,-8.19,20.66
55,4,patrol,pouncer,2.49,-12.69,22.83
56,1,patrol,swarm,-8.19,-5.73,17.74
56,2,patrol,swarm,-4.68,-7.99,18.58
56,3,patrol,bruiser,9.79,-8.20,20.66
56,4,patrol,pouncer,2.48,-12.67,22.81
57,1,patrol,swarm,-8.21,-5.73,17.74
57,2,patrol,swarm,-4.69,-7.97,18.57
57,3,patrol,bruiser,9.80,-8.20,20.67
57,4,patrol,pouncer,2.47,-12.65,22.79
58,1,patrol,swarm,-8.23,-5.72,17.75
58,2,patrol,swarm,-4.70,-7.95,18.56
58,3,patrol,bruiser,9.81,-8.20,20.68
58,4,patrol,pouncer,2.47,-12.63,22.77
59,1,patrol,swarm,-8.25,-5.72,17.75
59,2,patrol,swarm,-4.71,-7.94,18.54
59,3,patrol,bruiser,9.83,-8.21,20.69
59,4,patrol,pouncer,2.46,-12.61,22.75
60,1,patrol,swarm,-8.26,-5.72,17.76
60,2,patrol,swarm,-4.72,-7.92,18.53
60,3,patrol,bruiser,9.84,-8.21,20.70
60,4,patrol,pouncer,2.45,-12.59,22.73
61,1,patrol,swarm,-8.28,-5.71,17.76
61,2,patrol,swarm,-4.73,-7.91,18.52
61,3,patrol,bruiser,9.85,-8.21,20.71
61,4,patrol,pouncer,2.44,-12.57,22.71
62,1,patrol,swarm,-8.30,-5.71,17.77
62,2,patrol,swarm,-4.74,-7.89,18.51
62,3,patrol,bruiser,9.86,-8.22,20.71
62,4,patrol,pouncer,2.44,-12.55,22.69
63,1,patrol,swarm,-8.32,-5.70,17.77
63,2,patrol,swarm,-4.75,-7.88,18.50
63,3,patrol,bruiser,9.87,-8.22,20.72
63,4,patrol,pouncer,2.43,-12.53,22.66
64,1,patrol,swarm,-8.33,-5.70,17.78
64,2,patrol,swarm,-4.76,-7.86,18.49
64,3,patrol,bruiser,9.88,-8.22,20.73
64,4,patrol,pouncer,2.42,-12.51,22.64
65,1,patrol,swarm,-8.35,-5.70,17.78
65,2,patrol,swarm,-4.77,-7.85,18.47
65,3,patrol,bruiser,9.90,-8.23,20.74
65,4,patrol,pouncer,2.41,-12.49,22.62
66,1,patrol,swarm,-8.38,-5.69,17.79
66,2,patrol,swarm,-4.78,-7.82,18.46
66,3,patrol,bruiser,9.91,-8.23,20.75
66,4,patrol,pouncer,2.40,-12.46,22.59
67,1,patrol,swarm,-8.39,-5.69,17.79
67,2,patrol,swarm,-4.79,-7.82,18.45
67,3,patrol,bruiser,9.92,-8.23,20.75
67,4,patrol,pouncer,2.40,-12.45,22.58
68,1,patrol,swarm,-8.43,-5.68,17.80
68,2,patrol,swarm,-4.81,-7.78,18.42
68,3,patrol,bruiser,9.95,-8.24,20.77
68,4,patrol,pouncer,2.38,-12.41,22.53
69,1,patrol,swarm,-8.44,-5.68,17.80
69,2,patrol,swarm,-4.82,-7.77,18.42
69,3,patrol,bruiser,9.95,-8.24,20.78
69,4,patrol,pouncer,2.38,-12.40,22.52
70,1,patrol,swarm,-8.49,-5.66,17.82
70,2,patrol,swarm,-4.85,-7.73,18.38
70,3,patrol,bruiser,9.99,-8.25,20.80
70,4,patrol,pouncer,2.35,-12.34,22.46
71,1,patrol,swarm,-8.50,-5.66,17.82
71,2,patrol,swarm,-4.85,-7.72,18.37
71,3,patrol,bruiser,9.99,-8.25,20.81
71,4,patrol,pouncer,2.35,-12.33,22.45
72,1,patrol,swarm,-8.53,-5.66,17.83
72,2,patrol,swarm,-4.87,-7.69,18.35
72,3,patrol,bruiser,10.01,-8.25,20.82
72,4,patrol,pouncer,2.33,-12.29,22.42
73,1,patrol,swarm,-8.58,-5.64,17.84
73,2,patrol,swarm,-4.90,-7.65,18.32
73,3,patrol,bruiser,10.05,-8.26,20.84
73,4,patrol,pouncer,2.31,-12.24,22.36
74,1,patrol,swarm,-8.59,-5.64,17.85
74,2,patrol,swarm,-4.90,-7.64,18.31
74,3,patrol,bruiser,10.05,-8.26,20.85
74,4,patrol,pouncer,2.31,-12.23,22.35
75,1,patrol,swarm,-8.63,-5.63,17.86
75,2,patrol,swarm,-4.92,-7.61,18.29
75,3,patrol,bruiser,10.08,-8.27,20.87
75,4,patrol,pouncer,2.29,-12.19,22.31
76,1,patrol,swarm,-8.64,-5.63,17.86
76,2,patrol,swarm,-4.93,-7.60,18.28
76,3,patrol,bruiser,10.09,-8.27,20.87
76,4,patrol,pouncer,2.29,-12.18,22.29
77,1,patrol,swarm,-8.68,-5.62,17.87
77,2,patrol,swarm,-4.95,-7.57,18.26
77,3,patrol,bruiser,10.11,-8.28,20.89
77,4,patrol,pouncer,2.27,-12.13,22.25
78,1,patrol,swarm,-8.68,-5.62,17.87
78,2,patrol,swarm,-4.96,-7.56,18.25
78,3,patrol,bruiser,10.12,-8.28,20.89
78,4,patrol,pouncer,2.27,-12.12,22.24
79,1,patrol,swarm,-8.75,-5.61,17.89
79,2,patrol,swarm,-5.00,-7.51,18.20
79,3,patrol,bruiser,10.16,-8.29,20.92
79,4,patrol,pouncer,2.24,-12.05,22.16
80,1,patrol,swarm,-8.76,-5.61,17.90
80,2,patrol,swarm,-5.00,-7.50,18.20
80,3,patrol,bruiser,10.17,-8.29,20.93
80,4,patrol,pouncer,2.24,-12.04,22.15
81,1,patrol,swarm,-9.02,-5.55,17.97
81,2,patrol,swarm,-5.15,-7.28,18.03
81,3,patrol,bruiser,10.34,-8.34,21.05
81,4,patrol,pouncer,2.12,-11.75,21.86
82,1,patrol,swarm,-9.03,-5.55,17.98
82,2,patrol,swarm,-5.15,-7.27,18.02
82,3,patrol,bruiser,10.34,-8.34,21.05
82,4,patrol,pouncer,2.12,-11.74,21.85
83,1,patrol,swarm,-9.07,-5.54,17.99
83,2,patrol,swarm,-5.17,-7.24,18.00
83,3,patrol,bruiser,10.37,-8.34,21.07
83,4,patrol,pouncer,2.10,-11.70,21.80
84,1,patrol,swarm,-9.07,-5.53,17.99
84,2,patrol,swarm,-5.18,-7.23,17.99
84,3,patrol,bruiser,10.37,-8.34,21.07
84,4,patrol,pouncer,2.10,-11.69,21.79
85,1,patrol,swarm,-9.17,-5.51,17.74
85,2,patrol,swarm,-5.23,-7.15,17.60
85,3,patrol,bruiser,10.44,-8.36,20.78
85,4,patrol,pouncer,2.06,-11.58,21.31
86,1,patrol,swarm,-9.18,-5.51,17.71
86,2,patrol,swarm,-5.23,-7.15,17.57
86,3,patrol,bruiser,10.44,-8.36,20.75
86,4,patrol,pouncer,2.05,-11.57,21.27
87,1,patrol,swarm,-9.22,-5.50,17.61
87,2,patrol,swarm,-5.19,-7.18,17.45
87,3,patrol,bruiser,10.47,-8.37,20.63
87,4,patrol,pouncer,2.04,-11.53,21.08
88,1,patrol,swarm,-9.23,-5.50,17.59
88,2,patrol,swarm,-5.18,-7.19,17.43
88,3,patrol,bruiser,10.47,-8.36,20.60
88,4,patrol,pouncer,2.03,-11.52,21.04
89,1,patrol,swarm,-9.26,-5.49,17.50
89,2,patrol,swarm,-5.14,-7.21,17.31
89,3,patrol,bruiser,10.46,-8.33,20.44
89,4,patrol,pouncer,2.02,-11.48,20.85
90,1,patrol,swarm,-9.27,-5.49,17.48
90,2,patrol,swarm,-5.14,-7.22,17.29
90,3,patrol,bruiser,10.46,-8.33,20.41
90,4,patrol,pouncer,2.01,-11.47,20.82
91,1,patrol,swarm,-9.29,-5.49,17.42
91,2,patrol,swarm,-5.12,-7.24,17.23
91,3,patrol,bruiser,10.46,-8.31,20.32
91,4,patrol,pouncer,2.00,-11.45,20.71
92,1,patrol,swarm,-9.30,-5.48,17.40
92,2,patrol,swarm,-5.11,-7.24,17.20
92,3,patrol,bruiser,10.45,-8.31,20.28
92,4,patrol,pouncer,2.00,-11.44,20.67
93,1,patrol,swarm,-9.33,-5.48,17.33
93,2,patrol,swarm,-5.08,-7.26,17.12
93,3,patrol,bruiser,10.45,-8.28,20.16
93,4,patrol,pouncer,1.99,-11.41,20.53
94,1,patrol,swarm,-9.33,-5.48,17.32
94,2,patrol,swarm,-5.07,-7.27,17.10
94,3,patrol,bruiser,10.45,-8.28,20.13
94,4,patrol,pouncer,1.99,-11.40,20.50
95,1,patrol,swarm,-9.38,-5.47,17.21
95,2,patrol,swarm,-5.03,-7.30,16.97
95,3,patrol,bruiser,10.44,-8.25,19.95
95,4,patrol,pouncer,1.97,-11.35,20.29
96,1,patrol,swarm,-9.38,-5.47,17.19
96,2,patrol,swarm,-5.03,-7.30,16.95
96,3,patrol,bruiser,10.44,-8.24,19.92
96,4,patrol,pouncer,1.96,-11.35,20.26
97,1,patrol,swarm,-9.41,-5.46,17.13
97,2,patrol,swarm,-5.00,-7.32,16.87
97,3,patrol,bruiser,10.43,-8.22,19.81
97,4,patrol,pouncer,1.95,-11.32,20.13
98,1,patrol,swarm,-9.41,-5.46,17.11
98,2,patrol,swarm,-5.00,-7.32,16.85
98,3,patrol,bruiser,10.43,-8.21,19.78
98,4,patrol,pouncer,1.95,-11.31,20.10
99,1,patrol,swarm,-9.44,-5.45,17.04
99,2,patrol,swarm,-4.97,-7.35,16.75
99,3,patrol,bruiser,10.42,-8.19,19.65
99,4,patrol,pouncer,1.94,-11.28,19.94
100,1,patrol,swarm,-9.45,-5.45,17.02
100,2,patrol,swarm,-4.96,-7.35,16.73
100,3,patrol,bruiser,10.42,-8.18,19.61
100,4,patrol,pouncer,1.93,-11.27,19.90
101,1,patrol,swarm,-9.48,-5.44,16.95
101,2,patrol,swarm,-4.93,-7.37,16.64
101,3,patrol,bruiser,10.42,-8.16,19.49
101,4,patrol,pouncer,1.92,-11.24,19.76
102,1,patrol,swarm,-9.49,-5.44,16.93
102,2,patrol,swarm,-4.92,-7.38,16.62
102,3,patrol,bruiser,10.41,-8.16,19.47
102,4,patrol,pouncer,1.92,-11.23,19.73
103,1,patrol,swarm,-9.51,-5.44,16.88
103,2,patrol,swarm,-4.90,-7.39,16.55
103,3,patrol,bruiser,10.41,-8.14,19.37
103,4,patrol,pouncer,1.91,-11.20,19.62
104,1,patrol,swarm,-9.52,-5.44,16.86
104,2,patrol,swarm,-4.89,-7.40,16.53
104,3,patrol,bruiser,10.41,-8.13,19.34
104,4,patrol,pouncer,1.91,-11.20,19.58
105,1,patrol,swarm,-9.55,-5.43,16.78
105,2,patrol,swarm,-4.86,-7.42,16.42
105,3,patrol,bruiser,10.40,-8.11,19.19
105,4,patrol,pouncer,1.89,-11.16,19.41
106,1,patrol,swarm,-9.56,-5.43,16.76
106,2,patrol,swarm,-4.85,-7.43,16.40
106,3,patrol,bruiser,10.40,-8.10,19.16
106,4,patrol,pouncer,1.89,-11.15,19.38
107,1,patrol,swarm,-9.58,-5.42,16.70
107,2,patrol,swarm,-4.83,-7.45,16.32
107,3,patrol,bruiser,10.39,-8.08,19.04
107,4,patrol,pouncer,1.88,-11.12,19.24
108,1,patrol,swarm,-9.59,-5.42,16.68
108,2,patrol,swarm,-4.82,-7.45,16.30
108,3,patrol,bruiser,10.39,-8.07,19.01
108,4,patrol,pouncer,1.87,-11.11,19.21
109,1,patrol,swarm,-9.62,-5.41,16.61
109,2,patrol,swarm,-4.79,-7.47,16.21
109,3,patrol,bruiser,10.39,-8.05,18.89
109,4,patrol,pouncer,1.86,-11.08,19.07
110,1,patrol,swarm,-9.63,-5.41,16.60
110,2,patrol,swarm,-4.79,-7.48,16.19
110,3,patrol,bruiser,10.39,-8.05,18.86
110,4,patrol,pouncer,1.86,-11.08,19.03
111,1,patrol,swarm,-9.65,-5.40,16.53
111,2,patrol,swarm,-4.76,-7.50,16.10
111,3,patrol,bruiser,10.38,-8.02,18.74
111,4,patrol,pouncer,1.85,-11.05,18.89
112,1,patrol,swarm,-9.66,-5.40,16.52
112,2,patrol,swarm,-4.75,-7.50,16.08
112,3,patrol,bruiser,10.38,-8.02,18.71
112,4,patrol,pouncer,1.84,-11.04,18.86
113,1,patrol,swarm,-9.68,-5.40,16.46
113,2,patrol,swarm,-4.73,-7.52,16.00
113,3,patrol,bruiser,10.37,-8.00,18.60
113,4,patrol,pouncer,1.83,-11.01,18.73
114,1,patrol,swarm,-9.69,-5.40,16.44
114,2,patrol,swarm,-4.72,-7.53,15.98
114,3,patrol,bruiser,10.37,-7.99,18.57
114,4,patrol,pouncer,1.83,-11.00,18.69
115,1,patrol,swarm,-9.71,-5.39,16.39
115,2,patrol,swarm,-4.70,-7.55,15.91
115,3,patrol,bruiser,10.37,-7.97,18.47
115,4,patrol,pouncer,1.82,-10.98,18.57
116,1,patrol,swarm,-9.72,-5.39,16.37
116,2,patrol,swarm,-4.69,-7.55,15.88
116,3,patrol,bruiser,10.36,-7.97,18.43
116,4,patrol,pouncer,1.82,-10.97,18.53
117,1,patrol,swarm,-9.75,-5.38,16.31
117,2,patrol,swarm,-4.66,-7.57,15.80
117,3,patrol,bruiser,10.36,-7.95,18.32
117,4,patrol,pouncer,1.81,-10.94,18.41
118,1,patrol,swarm,-9.76,-5.38,16.29
118,2,patrol,swarm,-4.65,-7.58,15.78
118,3,patrol,bruiser,10.36,-7.94,18.29
118,4,patrol,pouncer,1.80,-10.93,18.37
119,1,patrol,swarm,-9.78,-5.38,16.24
119,2,patrol,swarm,-4.63,-7.59,15.70
119,3,patrol,bruiser,10.35,-7.92,18.18
119,4,patrol,pouncer,1.79,-10.90,18.24
120,1,patrol,swarm,-9.79,-5.37,16.22
120,2,patrol,swarm,-4.62,-7.60,15.68
120,3,patrol,bruiser,10.35,-7.92,18.15
120,4,patrol,pouncer,1.79,-10.90,18.21
121,1,patrol,swarm,-9.82,-5.37,16.16
121,2,patrol,swarm,-4.59,-7.62,15.59
121,3,patrol,bruiser,10.34,-7.89,18.02
121,4,patrol,pouncer,1.78,-10.86,18.06
122,1,patrol,swarm,-9.82,-5.37,16.14
122,2,patrol,swarm,-4.59,-7.63,15.56
122,3,patrol,bruiser,10.34,-7.89,17.99
122,4,patrol,pouncer,1.77,-10.86,18.02
123,1,patrol,swarm,-9.84,-5.36,16.09
123,2,patrol,swarm,-4.56,-7.64,15.50
123,3,patrol,bruiser,10.34,-7.87,17.90
123,4,patrol,pouncer,1.76,-10.83,17.91
124,1,patrol,swarm,-9.85,-5.36,16.08
124,2,patrol,swarm,-4.56,-7.65,15.48
124,3,patrol,bruiser,10.34,-7.86,17.87
124,4,patrol,pouncer,1.76,-10.83,17.88
125,1,patrol,swarm,-9.88,-5.35,16.01
125,2,patrol,swarm,-4.53,-7.67,15.38
125,3,patrol,bruiser,10.33,-7.84,17.73
125,4,patrol,pouncer,1.75,-10.79,17.72
126,1,patrol,swarm,-9.89,-5.35,15.99
126,2,patrol,swarm,-4.52,-7.68,15.35
126,3,patrol,bruiser,10.33,-7.83,17.70
126,4,patrol,pouncer,1.75,-10.78,17.68
127,1,patrol,swarm,-9.91,-5.35,15.94
127,2,patrol,swarm,-4.49,-7.69,15.28
127,3,patrol,bruiser,10.32,-7.81,17.59
127,4,patrol,pouncer,1.73,-10.76,17.56
128,1,patrol,swarm,-9.92,-5.34,15.93
128,2,patrol,swarm,-4.49,-7.70,15.26
128,3,patrol,bruiser,10.32,-7.81,17.56
128,4,patrol,pouncer,1.73,-10.75,17.52
129,1,patrol,swarm,-9.94,-5.34,15.87
129,2,patrol,swarm,-4.46,-7.72,15.18
129,3,patrol,bruiser,10.32,-7.79,17.45
129,4,patrol,pouncer,1.72,-10.72,17.40
130,1,patrol,swarm,-9.95,-5.34,15.86
130,2,patrol,swarm,-4.46,-7.72,15.16
130,3,patrol,bruiser,10.32,-7.78,17.42
130,4,patrol,pouncer,1.72,-10.71,17.36
131,1,patrol,swarm,-9.97,-5.33,15.81
131,2,patrol,swarm,-4.43,-7.74,15.09
131,3,patrol,bruiser,10.31,-7.76,17.33
131,4,patrol,pouncer,1.71,-10.69,17.25
132,1,patrol,swarm,-9.98,-5.33,15.80
132,2,patrol,swarm,-4.43,-7.74,15.06
132,3,patrol,bruiser,10.31,-7.76,17.30
132,4,patrol,pouncer,1.71,-10.68,17.21
133,1,patrol,swarm,-10.00,-5.33,15.75
133,2,patrol,swarm,-4.40,-7.76,14.99
133,3,patrol,bruiser,10.30,-7.74,17.20
133,4,patrol,pouncer,1.70,-10.66,17.10
134,1,patrol,swarm,-10.01,-5.32,15.73
134,2,patrol,swarm,-4.39,-7.77,14.96
134,3,patrol,bruiser,10.30,-7.73,17.16
134,4,patrol,pouncer,1.69,-10.65,17.05
135,1,patrol,swarm,-10.04,-5.32,15.67
135,2,patrol,swarm,-4.36,-7.79,14.87
135,3,patrol,bruiser,10.30,-7.71,17.03
135,4,patrol,pouncer,1.68,-10.61,16.90
136,1,patrol,swarm,-10.05,-5.32,15.66
136,2,patrol,swarm,-4.36,-7.80,14.84
136,3,patrol,bruiser,10.29,-7.70,17.00
136,4,patrol,pouncer,1.68,-10.61,16.86
137,1,patrol,swarm,-10.09,-5.31,15.57
137,2,patrol,swarm,-4.31,-7.83,14.70
137,3,patrol,bruiser,10.28,-7.67,16.80
137,4,patrol,pouncer,1.66,-10.56,16.63
138,1,patrol,swarm,-10.10,-5.30,15.55
138,2,patrol,swarm,-4.30,-7.84,14.68
138,3,patrol,bruiser,10.28,-7.66,16.77
138,4,patrol,pouncer,1.65,-10.55,16.59
139,1,patrol,swarm,-10.12,-5.30,15.51
139,2,patrol,swarm,-4.28,-7.85,14.61
139,3,patrol,bruiser,10.28,-7.64,16.68
139,4,patrol,pouncer,1.65,-10.53,16.49
140,1,patrol,swarm,-10.12,-5.30,15.50
140,2,patrol,swarm,-4.27,-7.86,14.59
140,3,patrol,bruiser,10.28,-7.64,16.65
140,4,patrol,pouncer,1.64,-10.52,16.45
141,1,patrol,swarm,-10.19,-5.28,15.36
141,2,patrol,swarm,-4.20,-7.91,14.37
141,3,patrol,bruiser,10.26,-7.58,16.35
141,4,patrol,pouncer,1.61,-10.44,16.10
142,1,patrol,swarm,-10.20,-5.28,15.35
142,2,patrol,swarm,-4.20,-7.91,14.35
142,3,patrol,bruiser,10.26,-7.58,16.32
142,4,patrol,pouncer,1.61,-10.44,16.06
143,1,patrol,swarm,-10.22,-5.28,15.30
143,2,patrol,swarm,-4.17,-7.93,14.26
143,3,patrol,bruiser,10.26,-7.56,16.21
143,4,patrol,pouncer,1.60,-10.41,15.93
144,1,patrol,swarm,-10.23,-5.27,15.29
144,2,patrol,swarm,-4.16,-7.94,14.24
144,3,patrol,bruiser,10.25,-7.55,16.17
144,4,patrol,pouncer,1.61,-10.42,15.91
145,1,patrol,swarm,-10.25,-5.27,15.24
145,2,patrol,swarm,-4.14,-7.96,14.17
145,3,patrol,bruiser,10.25,-7.53,16.08
145,4,patrol,pouncer,1.63,-10.44,15.85
146,1,patrol,swarm,-10.26,-5.27,15.23
146,2,patrol,swarm,-4.13,-7.96,14.15
146,3,patrol,bruiser,10.25,-7.53,16.05
146,4,patrol,pouncer,1.63,-10.45,15.83
147,1,patrol,swarm,-10.29,-5.26,15.18
147,2,patrol,swarm,-4.10,-7.98,14.05
147,3,patrol,bruiser,10.24,-7.50,15.92
147,4,patrol,pouncer,1.66,-10.49,15.74
148,1,patrol,swarm,-10.30,-5.26,15.16
148,2,patrol,swarm,-4.09,-7.99,14.02
148,3,patrol,bruiser,10.24,-7.49,15.88
148,4,patrol,pouncer,1.67,-10.50,15.72
149,1,patrol,swarm,-10.52,-5.21,14.77
149,2,patrol,swarm,-3.85,-8.17,13.27
149,3,patrol,bruiser,10.19,-7.31,14.88
149,4,patrol,pouncer,1.89,-10.77,15.06
150,1,patrol,swarm,-10.53,-5.21,14.76
150,2,patrol,swarm,-3.84,-8.17,13.25
150,3,patrol,bruiser,10.19,-7.30,14.85
150,4,patrol,pouncer,1.90,-10.78,15.04
151,1,patrol,swarm,-10.56,-5.20,14.71
151,2,patrol,swarm,-3.81,-8.20,13.14
151,3,patrol,bruiser,10.18,-7.28,14.71
151,4,patrol,pouncer,1.93,-10.81,14.95
152,1,patrol,swarm,-10.57,-5.20,14.70
152,2,patrol,swarm,-3.80,-8.20,13.12
152,3,patrol,bruiser,10.18,-7.27,14.68
152,4,patrol,pouncer,1.94,-10.82,14.93
153,1,patrol,swarm,-10.59,-5.19,14.66
153,2,patrol,swarm,-3.78,-8.22,13.04
153,3,patrol,bruiser,10.17,-7.25,14.57
153,4,patrol,pouncer,1.96,-10.85,14.85
154,1,patrol,swarm,-10.60,-5.19,14.66
154,2,patrol,swarm,-3.77,-8.23,13.02
154,3,patrol,bruiser,10.17,-7.25,14.55
154,4,patrol,pouncer,1.97,-10.86,14.84
155,1,patrol,swarm,-10.62,-5.19,14.63
155,2,patrol,swarm,-3.75,-8.24,12.95
155,3,patrol,bruiser,10.17,-7.23,14.46
155,4,patrol,pouncer,1.99,-10.88,14.78
156,1,patrol,swarm,-10.62,-5.19,14.62
156,2,patrol,swarm,-3.74,-8.25,12.93
156,3,patrol,bruiser,10.17,-7.22,14.44
156,4,patrol,pouncer,1.99,-10.89,14.76
157,1,patrol,swarm,-10.64,-5.18,14.59
157,2,patrol,swarm,-3.72,-8.26,12.87
157,3,patrol,bruiser,10.16,-7.21,14.35
157,4,patrol,pouncer,2.01,-10.91,14.70
158,1,patrol,swarm,-10.65,-5.18,14.58
158,2,patrol,swarm,-3.71,-8.27,12.84
158,3,patrol,bruiser,10.16,-7.20,14.32
158,4,patrol,pouncer,2.02,-10.92,14.68
159,1,patrol,swarm,-10.67,-5.18,14.55
159,2,patrol,swarm,-3.70,-8.28,12.78
159,3,patrol,bruiser,10.16,-7.19,14.24
159,4,patrol,pouncer,2.04,-10.94,14.63
160,1,patrol,swarm,-10.67,-5.18,14.54
160,2,patrol,swarm,-3.69,-8.29,12.76
160,3,patrol,bruiser,10.16,-7.18,14.21
160,4,patrol,pouncer,2.04,-10.95,14.61
161,1,patrol,swarm,-10.70,-5.17,14.50
161,2,patrol,swarm,-3.65,-8.31,12.65
161,3,patrol,bruiser,10.15,-7.16,14.07
161,4,patrol,pouncer,2.07,-10.99,14.51
162,1,patrol,swarm,-10.71,-5.17,14.49
162,2,patrol,swarm,-3.65,-8.32,12.63
162,3,patrol,bruiser,10.15,-7.15,14.05
162,4,patrol,pouncer,2.08,-11.00,14.49
163,1,patrol,swarm,-10.73,-5.16,14.46
163,2,patrol,swarm,-3.62,-8.34,12.56
163,3,patrol,bruiser,10.14,-7.13,13.96
163,4,patrol,pouncer,2.10,-11.02,14.43
164,1,patrol,swarm,-10.74,-5.16,14.45
164,2,patrol,swarm,-3.62,-8.34,12.54
164,3,patrol,bruiser,10.14,-7.13,13.93
164,4,patrol,pouncer,2.11,-11.03,14.41
165,1,patrol,swarm,-10.76,-5.16,14.43
165,2,patrol,swarm,-3.60,-8.36,12.47
165,3,patrol,bruiser,10.14,-7.11,13.84
165,4,patrol,pouncer,2.13,-11.05,14.36
166,1,patrol,swarm,-10.76,-5.16,14.42
166,2,patrol,swarm,-3.59,-8.36,12.45
166,3,patrol,bruiser,10.14,-7.11,13.82
166,4,patrol,pouncer,2.13,-11.06,14.34
167,1,patrol,swarm,-10.78,-5.15,14.39
167,2,patrol,swarm,-3.57,-8.38,12.38
167,3,patrol,bruiser,10.13,-7.09,13.73
167,4,patrol,pouncer,2.15,-11.09,14.28
168,1,patrol,swarm,-10.79,-5.15,14.38
168,2,patrol,swarm,-3.56,-8.38,12.37
168,3,patrol,bruiser,10.13,-7.09,13.70
168,4,patrol,pouncer,2.16,-11.09,14.26
169,1,patrol,swarm,-10.81,-5.14,14.35
169,2,patrol,swarm,-3.53,-8.40,12.28
169,3,patrol,bruiser,10.13,-7.06,13.59
169,4,patrol,pouncer,2.19,-11.13,14.18
170,1,patrol,swarm,-10.82,-5.14,14.34
170,2,patrol,swarm,-3.53,-8.41,12.26
170,3,patrol,bruiser,10.12,-7.06,13.57
170,4,patrol,pouncer,2.19,-11.13,14.16
171,1,patrol,swarm,-10.84,-5.14,14.32
171,2,patrol,swarm,-3.51,-8.42,12.20
171,3,patrol,bruiser,10.12,-7.05,13.49
171,4,patrol,pouncer,2.21,-11.16,14.11
172,1,patrol,swarm,-10.84,-5.14,14.32
172,2,patrol,swarm,-3.50,-8.43,12.18
172,3,patrol,bruiser,10.12,-7.04,13.47
172,4,patrol,pouncer,2.21,-11.16,14.10
173,1,patrol,swarm,-10.86,-5.13,14.29
173,2,patrol,swarm,-3.48,-8.44,12.11
173,3,patrol,bruiser,10.12,-7.02,13.38
173,4,patrol,pouncer,2.24,-11.19,14.03
174,1,patrol,swarm,-10.87,-5.13,14.29
174,2,patrol,swarm,-3.47,-8.45,12.09
174,3,patrol,bruiser,10.11,-7.02,13.35
174,4,patrol,pouncer,2.24,-11.19,14.02
175,1,patrol,swarm,-10.89,-5.13,14.25
175,2,alert,swarm,-3.47,-8.45,11.99
175,3,patrol,bruiser,10.11,-7.00,13.24
175,4,alert,pouncer,2.24,-11.19,13.90
176,1,patrol,swarm,-10.90,-5.13,14.25
176,2,alert,swarm,-3.47,-8.45,11.97
176,3,patrol,bruiser,10.11,-6.99,13.22
176,4,alert,pouncer,2.24,-11.19,13.88
177,1,patrol,swarm,-10.93,-5.12,14.22
177,2,alert,swarm,-3.47,-8.45,11.86
177,3,patrol,bruiser,10.10,-6.97,13.09
177,4,alert,pouncer,2.24,-11.19,13.75
178,1,patrol,swarm,-10.94,-5.12,14.21
178,2,alert,swarm,-3.47,-8.45,11.83
178,3,patrol,bruiser,10.10,-6.96,13.06
178,4,alert,pouncer,2.24,-11.19,13.72
179,1,patrol,swarm,-10.95,-5.11,14.19
179,2,alert,swarm,-3.47,-8.45,11.76
179,3,patrol,bruiser,10.10,-6.95,12.98
179,4,alert,pouncer,2.24,-11.19,13.64
180,1,patrol,swarm,-10.96,-5.11,14.18
180,2,alert,swarm,-3.47,-8.45,11.74
180,3,patrol,bruiser,10.09,-6.94,12.96
180,4,alert,pouncer,2.24,-11.19,13.61
181,1,patrol,swarm,-10.98,-5.11,14.16
181,2,alert,swarm,-3.47,-8.45,11.66
181,3,patrol,bruiser,10.09,-6.93,12.86
181,4,alert,pouncer,2.24,-11.19,13.51
182,1,patrol,swarm,-10.99,-5.11,14.16
182,2,alert,swarm,-3.47,-8.45,11.64
182,3,patrol,bruiser,10.09,-6.92,12.84
182,4,alert,pouncer,2.24,-11.19,13.50
183,1,patrol,swarm,-11.01,-5.10,14.14
183,2,alert,swarm,-3.47,-8.45,11.57
183,3,patrol,bruiser,10.08,-6.91,12.76
183,4,alert,pouncer,2.24,-11.19,13.41
184,1,patrol,swarm,-11.01,-5.10,14.13
184,2,alert,swarm,-3.47,-8.45,11.55
184,3,patrol,bruiser,10.08,-6.90,12.73
184,4,alert,pouncer,2.24,-11.19,13.39
185,1,patrol,swarm,-11.03,-5.10,14.11
185,2,alert,swarm,-3.47,-8.45,11.47
185,3,patrol,bruiser,10.08,-6.88,12.64
185,4,alert,pouncer,2.24,-11.19,13.29
186,1,patrol,swarm,-11.04,-5.10,14.11
186,2,alert,swarm,-3.47,-8.45,11.44
186,3,patrol,bruiser,10.08,-6.88,12.62
186,4,alert,pouncer,2.24,-11.19,13.27
187,1,patrol,swarm,-11.06,-5.09,14.09
187,2,alert,swarm,-3.47,-8.45,11.36
187,3,patrol,bruiser,10.07,-6.86,12.52
187,4,alert,pouncer,2.24,-11.19,13.16
188,1,patrol,swarm,-11.07,-5.09,14.08
188,2,alert,swarm,-3.47,-8.45,11.34
188,3,patrol,bruiser,10.07,-6.86,12.49
188,4,alert,pouncer,2.24,-11.19,13.14
189,1,patrol,swarm,-11.08,-5.09,14.07
189,2,alert,swarm,-3.47,-8.45,11.27
189,3,patrol,bruiser,10.07,-6.84,12.42
189,4,alert,pouncer,2.24,-11.19,13.06
190,1,patrol,swarm,-11.09,-5.08,14.06
190,2,alert,swarm,-3.47,-8.45,11.25
190,3,patrol,bruiser,10.07,-6.84,12.40
190,4,alert,pouncer,2.24,-11.19,13.04
191,1,patrol,swarm,-11.11,-5.08,14.04
191,2,alert,swarm,-3.47,-8.45,11.18
191,3,patrol,bruiser,10.06,-6.82,12.32
191,4,alert,pouncer,2.24,-11.19,12.96
192,1,patrol,swarm,-11.11,-5.08,14.04
192,2,alert,swarm,-3.47,-8.45,11.17
192,3,patrol,bruiser,10.06,-6.82,12.30
192,4,alert,pouncer,2.24,-11.19,12.94
193,1,patrol,swarm,-11.13,-5.07,14.02
193,2,alert,swarm,-3.47,-8.45,11.08
193,3,patrol,bruiser,10.06,-6.80,12.20
193,4,alert,pouncer,2.24,-11.19,12.83
194,1,patrol,swarm,-11.14,-5.07,14.02
194,2,alert,swarm,-3.47,-8.45,11.06
194,3,patrol,bruiser,10.06,-6.80,12.18
194,4,alert,pouncer,2.24,-11.19,12.81
195,1,patrol,swarm,-11.16,-5.07,14.00
195,2,alert,swarm,-3.47,-8.45,10.98
195,3,patrol,bruiser,10.05,-6.78,12.10
195,4,alert,pouncer,2.24,-11.19,12.72
196,1,patrol,swarm,-11.16,-5.07,14.00
196,2,alert,swarm,-3.47,-8.45,10.96
196,3,patrol,bruiser,10.05,-6.77,12.07
196,4,alert,pouncer,2.24,-11.19,12.69
197,1,patrol,swarm,-11.19,-5.06,13.98
197,2,alert,swarm,-3.47,-8.45,10.87
197,3,patrol,bruiser,10.04,-6.75,11.97
197,4,alert,pouncer,2.24,-11.19,12.59
198,1,patrol,swarm,-11.19,-5.06,13.98
198,2,alert,swarm,-3.47,-8.45,10.85
198,3,patrol,bruiser,10.04,-6.75,11.95
198,4,alert,pouncer,2.24,-11.19,12.56
199,1,patrol,swarm,-11.24,-5.05,13.95
199,2,alert,swarm,-3.47,-8.45,10.70
199,3,patrol,bruiser,10.03,-6.72,11.77
199,4,alert,pouncer,2.24,-11.19,12.38
200,1,patrol,swarm,-11.24,-5.05,13.95
200,2,chase,swarm,-3.47,-8.45,10.67
200,3,patrol,bruiser,10.03,-6.71,11.75
200,4,alert,pouncer,2.24,-11.19,12.34
201,1,patrol,swarm,-11.26,-5.05,13.93
201,2,chase,swarm,-3.37,-8.40,10.50
201,3,patrol,bruiser,10.03,-6.69,11.65
201,4,alert,pouncer,2.24,-11.19,12.24
202,1,patrol,swarm,-11.27,-5.04,13.93
202,2,chase,swarm,-3.34,-8.38,10.45
202,3,patrol,bruiser,10.03,-6.69,11.63
202,4,stalk,pouncer,2.24,-11.19,12.22
203,1,patrol,swarm,-11.29,-5.04,13.92
203,2,chase,swarm,-3.24,-8.33,10.27
203,3,patrol,bruiser,10.02,-6.67,11.54
203,4,stalk,pouncer,2.18,-11.15,12.07
204,1,patrol,swarm,-11.30,-5.04,13.92
204,2,chase,swarm,-3.21,-8.31,10.22
204,3,patrol,bruiser,10.02,-6.66,11.51
204,4,stalk,pouncer,2.20,-11.14,12.03
205,1,patrol,swarm,-11.32,-5.03,13.91
205,2,chase,swarm,-3.12,-8.25,10.06
205,3,patrol,bruiser,10.02,-6.65,11.43
205,4,stalk,pouncer,2.25,-11.09,11.90
206,1,patrol,swarm,-11.32,-5.03,13.90
206,2,chase,swarm,-3.09,-8.24,10.01
206,3,patrol,bruiser,10.01,-6.64,11.40
206,4,stalk,pouncer,2.26,-11.08,11.86
207,1,patrol,swarm,-11.35,-5.03,13.89
207,2,chase,swarm,-2.99,-8.16,9.80
207,3,patrol,bruiser,10.01,-6.62,11.31
207,4,stalk,pouncer,2.32,-11.03,11.70
208,1,patrol,swarm,-11.35,-5.03,13.89
208,2,chase,swarm,-2.97,-8.14,9.76
208,3,patrol,bruiser,10.01,-6.62,11.29
208,4,stalk,pouncer,2.33,-11.01,11.67
209,1,patrol,swarm,-11.37,-5.02,13.88
209,2,chase,swarm,-2.89,-8.07,9.58
209,3,patrol,bruiser,10.00,-6.60,11.20
209,4,stalk,pouncer,2.38,-10.97,11.53
210,1,patrol,swarm,-11.38,-5.02,13.88
210,2,chase,swarm,-2.88,-8.05,9.54
210,3,patrol,bruiser,10.00,-6.60,11.18
210,4,stalk,pouncer,2.39,-10.96,11.50
211,1,patrol,swarm,-11.40,-5.02,13.87
211,2,chase,swarm,-2.81,-7.98,9.38
211,3,patrol,bruiser,10.00,-6.58,11.11
211,4,stalk,pouncer,2.43,-10.92,11.38
212,1,patrol,swarm,-11.40,-5.02,13.87
212,2,chase,swarm,-2.80,-7.96,9.34
212,3,patrol,bruiser,10.00,-6.58,11.09
212,4,stalk,pouncer,2.44,-10.91,11.35
213,1,patrol,swarm,-11.42,-5.01,13.86
213,2,chase,swarm,-2.72,-7.86,9.13
213,3,patrol,bruiser,9.99,-6.56,11.00
213,4,stalk,pouncer,2.50,-10.86,11.20
214,1,patrol,swarm,-11.43,-5.01,13.86
214,2,chase,swarm,-2.71,-7.84,9.08
214,3,patrol,bruiser,9.99,-6.56,10.98
214,4,stalk,pouncer,2.51,-10.85,11.17
215,1,patrol,swarm,-11.45,-5.00,13.85
215,2,chase,swarm,-2.64,-7.72,8.86
215,3,patrol,bruiser,9.99,-6.54,10.88
215,4,stalk,pouncer,2.57,-10.80,11.01
216,1,patrol,swarm,-11.46,-5.00,13.85
216,2,chase,swarm,-2.63,-7.70,8.81
216,3,patrol,bruiser,9.99,-6.53,10.86
216,4,stalk,pouncer,2.59,-10.79,10.98
217,1,patrol,swarm,-11.48,-5.00,13.85
217,2,chase,swarm,-2.58,-7.59,8.61
217,3,patrol,bruiser,9.98,-6.51,10.77
217,4,stalk,pouncer,2.64,-10.74,10.84
218,1,patrol,swarm,-11.48,-5.00,13.85
218,2,chase,swarm,-2.58,-7.57,8.58
218,3,patrol,bruiser,9.98,-6.51,10.76
218,4,stalk,pouncer,2.65,-10.73,10.81
219,1,patrol,swarm,-11.50,-4.99,13.84
219,2,chase,swarm,-2.54,-7.47,8.40
219,3,patrol,bruiser,9.98,-6.49,10.68
219,4,stalk,pouncer,2.70,-10.69,10.68
220,1,patrol,swarm,-11.51,-4.99,13.84
220,2,chase,swarm,-2.54,-7.45,8.35
220,3,patrol,bruiser,9.97,-6.49,10.66
220,4,stalk,pouncer,2.71,-10.68,10.65
221,1,patrol,swarm,-11.53,-4.99,13.84
221,2,chase,swarm,-2.51,-7.32,8.14
221,3,patrol,bruiser,9.97,-6.47,10.56
221,4,stalk,pouncer,2.78,-10.63,10.50
222,1,patrol,swarm,-11.54,-4.99,13.84
222,2,chase,swarm,-2.50,-7.29,8.10
222,3,patrol,bruiser,9.97,-6.47,10.54
222,4,stalk,pouncer,2.79,-10.62,10.47
223,1,patrol,swarm,-11.56,-4.98,13.84
223,2,chase,swarm,-2.49,-7.19,7.93
223,3,patrol,bruiser,9.96,-6.45,10.47
223,4,stalk,pouncer,2.84,-10.58,10.35
224,1,patrol,swarm,-11.56,-4.98,13.84
224,2,chase,swarm,-2.49,-7.16,7.89
224,3,patrol,bruiser,9.96,-6.45,10.45
224,4,stalk,pouncer,2.85,-10.57,10.31
225,1,patrol,swarm,-11.58,-4.98,13.84
225,2,chase,swarm,-2.48,-7.05,7.70
225,3,patrol,bruiser,9.96,-6.43,10.37
225,4,stalk,pouncer,2.91,-10.53,10.18
226,1,patrol,swarm,-11.59,-4.98,13.84
226,2,chase,swarm,-2.48,-7.02,7.66
226,3,patrol,bruiser,9.96,-6.42,10.34
226,4,stalk,pouncer,2.92,-10.52,10.14
227,1,patrol,swarm,-11.61,-4.97,13.84
227,2,chase,swarm,-2.48,-6.89,7.47
227,3,patrol,bruiser,9.95,-6.40,10.26
227,4,stalk,pouncer,2.98,-10.47,10.00
228,1,patrol,swarm,-11.61,-4.97,13.84
228,2,chase,swarm,-2.48,-6.87,7.43
228,3,patrol,bruiser,9.95,-6.40,10.24
228,4,stalk,pouncer,3.00,-10.46,9.97
229,1,patrol,swarm,-11.64,-4.96,13.84
229,2,chase,swarm,-2.49,-6.74,7.25
229,3,patrol,bruiser,9.95,-6.38,10.15
229,4,stalk,pouncer,3.06,-10.42,9.83
230,1,patrol,swarm,-11.64,-4.96,13.84
230,2,chase,swarm,-2.49,-6.71,7.20
230,3,patrol,bruiser,9.94,-6.38,10.13
230,4,stalk,pouncer,3.08,-10.40,9.79
231,1,patrol,swarm,-11.67,-4.96,13.84
231,2,chase,swarm,-2.50,-6.58,7.02
231,3,patrol,bruiser,9.94,-6.36,10.04
231,4,stalk,pouncer,3.14,-10.36,9.64
232,1,patrol,swarm,-11.67,-4.96,13.84
232,2,chase,swarm,-2.50,-6.55,6.98
232,3,patrol,bruiser,9.94,-6.35,10.02
232,4,stalk,pouncer,3.16,-10.35,9.61
233,1,patrol,swarm,-11.69,-4.95,13.85
233,2,chase,swarm,-2.51,-6.43,6.81
233,3,patrol,bruiser,9.93,-6.33,9.94
233,4,stalk,pouncer,3.22,-10.31,9.48
234,1,patrol,swarm,-11.70,-4.95,13.85
234,2,chase,swarm,-2.52,-6.40,6.78
234,3,patrol,bruiser,9.93,-6.33,9.92
234,4,stalk,pouncer,3.23,-10.30,9.44
235,1,patrol,swarm,-11.72,-4.95,13.85
235,2,chase,swarm,-2.53,-6.27,6.60
235,3,patrol,bruiser,9.93,-6.31,9.83
235,4,stalk,pouncer,3.30,-10.25,9.30
236,1,patrol,swarm,-11.73,-4.94,13.85
236,2,chase,swarm,-2.53,-6.24,6.56
236,3,patrol,bruiser,9.93,-6.31,9.80
236,4,stalk,pouncer,3.32,-10.24,9.26
237,1,patrol,swarm,-11.75,-4.94,13.86
237,2,chase,swarm,-2.55,-6.11,6.39
237,3,patrol,bruiser,9.92,-6.29,9.72
237,4,stalk,pouncer,3.38,-10.20,9.12
238,1,patrol,swarm,-11.76,-4.94,13.86
238,2,chase,swarm,-2.55,-6.07,6.35
238,3,patrol,bruiser,9.92,-6.28,9.70
238,4,stalk,pouncer,3.40,-10.18,9.08
239,1,patrol,swarm,-11.78,-4.93,13.87
239,2,chase,swarm,-2.56,-5.96,6.20
239,3,patrol,bruiser,9.91,-6.26,9.62
239,4,stalk,pouncer,3.46,-10.15,8.95
240,1,patrol,swarm,-11.79,-4.93,13.87
240,2,chase,swarm,-2.57,-5.92,6.15
240,3,patrol,bruiser,9.91,-6.26,9.59
240,4,stalk,pouncer,3.48,-10.13,8.91
241,1,patrol,swarm,-11.81,-4.93,13.88
241,2,chase,swarm,-2.58,-5.80,6.02
241,3,patrol,bruiser,9.91,-6.24,9.52
241,4,stalk,pouncer,3.54,-10.09,8.79
242,1,patrol,swarm,-11.81,-4.93,13.88
242,2,chase,swarm,-2.58,-5.77,5.97
242,3,patrol,bruiser,9.91,-6.23,9.50
242,4,stalk,pouncer,3.56,-10.08,8.75
243,1,patrol,swarm,-11.84,-4.92,13.90
243,2,chase,swarm,-2.59,-5.60,5.78
243,3,patrol,bruiser,9.90,-6.21,9.39
243,4,stalk,pouncer,3.65,-10.03,8.57
244,1,patrol,swarm,-11.85,-4.92,13.90
244,2,chase,swarm,-2.59,-5.57,5.75
244,3,patrol,bruiser,9.90,-6.21,9.37
244,4,stalk,pouncer,3.66,-10.02,8.55
245,1,patrol,swarm,-11.87,-4.91,13.91
245,2,chase,swarm,-2.59,-5.45,5.61
245,3,patrol,bruiser,9.89,-6.19,9.30
245,4,stalk,pouncer,3.73,-9.98,8.42
246,1,patrol,swarm,-11.88,-4.91,13.91
246,2,chase,swarm,-2.59,-5.42,5.58
246,3,patrol,bruiser,9.90,-6.19,9.29
246,4,stalk,pouncer,3.74,-9.98,8.39
247,1,patrol,swarm,-11.90,-4.91,13.92
247,2,chase,swarm,-2.58,-5.31,5.46
247,3,patrol,bruiser,9.92,-6.20,9.25
247,4,stalk,pouncer,3.80,-9.94,8.28
248,1,patrol,swarm,-11.90,-4.91,13.93
248,2,chase,swarm,-2.58,-5.28,5.43
248,3,patrol,bruiser,9.92,-6.20,9.24
248,4,stalk,pouncer,3.82,-9.93,8.25
249,1,patrol,swarm,-11.93,-4.90,13.94
249,2,chase,swarm,-2.57,-5.12,5.25
249,3,patrol,bruiser,9.95,-6.21,9.19
249,4,stalk,pouncer,3.90,-9.89,8.09
250,1,patrol,swarm,-11.94,-4.90,13.95
250,2,chase,swarm,-2.56,-5.09,5.22
250,3,patrol,bruiser,9.95,-6.22,9.18
250,4,stalk,pouncer,3.92,-9.88,8.05
251,1,patrol,swarm,-11.95,-4.90,13.96
251,2,chase,swarm,-2.55,-4.99,5.11
251,3,patrol,bruiser,9.97,-6.22,9.15
251,4,stalk,pouncer,3.98,-9.85,7.95
252,1,patrol,swarm,-11.96,-4.89,13.96
252,2,chase,swarm,-2.54,-4.95,5.07
252,3,patrol,bruiser,9.97,-6.23,9.14
252,4,stalk,pouncer,4.00,-9.84,7.92
253,1,patrol,swarm,-11.98,-4.89,13.98
253,2,chase,swarm,-2.51,-4.83,4.94
253,3,patrol,bruiser,9.99,-6.24,9.10
253,4,stalk,pouncer,4.06,-9.80,7.80
254,1,patrol,swarm,-11.99,-4.89,13.98
254,2,chase,swarm,-2.50,-4.80,4.91
254,3,patrol,bruiser,10.00,-6.24,9.09
254,4,stalk,pouncer,4.08,-9.79,7.76
255,1,patrol,swarm,-12.02,-4.88,14.00
255,2,chase,swarm,-2.45,-4.65,4.75
255,3,patrol,bruiser,10.02,-6.25,9.05
255,4,stalk,pouncer,4.17,-9.75,7.61
256,1,patrol,swarm,-12.02,-4.88,14.01
256,2,chase,swarm,-2.44,-4.62,4.72
256,3,patrol,bruiser,10.03,-6.25,9.04
256,4,stalk,pouncer,4.18,-9.74,7.58
257,1,patrol,swarm,-12.05,-4.88,14.03
257,2,chase,swarm,-2.38,-4.48,4.56
257,3,alert,bruiser,10.03,-6.25,8.97
257,4,stalk,pouncer,4.27,-9.69,7.44
258,1,patrol,swarm,-12.05,-4.87,14.04
258,2,chase,swarm,-2.36,-4.46,4.53
258,3,alert,bruiser,10.03,-6.25,8.95
258,4,stalk,pouncer,4.28,-9.69,7.41
259,1,patrol,swarm,-12.08,-4.87,14.06
259,2,chase,swarm,-2.29,-4.33,4.39
259,3,alert,bruiser,10.03,-6.25,8.89
259,4,stalk,pouncer,4.37,-9.65,7.28
260,1,patrol,swarm,-12.08,-4.87,14.06
260,2,chase,swarm,-2.27,-4.31,4.36
260,3,alert,bruiser,10.03,-6.25,8.88
260,4,stalk,pouncer,4.38,-9.64,7.25
261,1,patrol,swarm,-12.12,-4.86,14.10
261,2,chase,swarm,-2.15,-4.16,4.17
261,3,alert,bruiser,10.03,-6.25,8.79
261,4,stalk,pouncer,4.48,-9.59,7.08
262,1,patrol,swarm,-12.12,-4.86,14.10
262,2,chase,swarm,-2.13,-4.14,4.14
262,3,alert,bruiser,10.03,-6.25,8.78
262,4,stalk,pouncer,4.50,-9.58,7.06
263,1,patrol,swarm,-12.15,-4.85,14.13
263,2,chase,swarm,-2.01,-4.04,3.99
263,3,alert,bruiser,10.03,-6.25,8.71
263,4,stalk,pouncer,4.59,-9.54,6.92
264,1,patrol,swarm,-12.15,-4.85,14.14
264,2,chase,swarm,-1.99,-4.03,3.96
264,3,alert,bruiser,10.03,-6.25,8.70
264,4,stalk,pouncer,4.60,-9.53,6.90
265,1,patrol,swarm,-12.18,-4.85,14.16
265,2,chase,swarm,-1.86,-3.95,3.82
265,3,alert,bruiser,10.03,-6.25,8.64
265,4,stalk,pouncer,4.68,-9.49,6.77
266,1,patrol,swarm,-12.18,-4.85,14.17
266,2,chase,swarm,-1.83,-3.94,3.78
266,3,alert,bruiser,10.03,-6.25,8.63
266,4,stalk,pouncer,4.70,-9.48,6.74
267,1,patrol,swarm,-12.21,-4.84,14.20
267,2,chase,swarm,-1.71,-3.89,3.66
267,3,alert,bruiser,10.03,-6.25,8.58
267,4,stalk,pouncer,4.77,-9.45,6.64
268,1,patrol,swarm,-12.21,-4.84,14.20
268,2,chase,swarm,-1.68,-3.88,3.62
268,3,alert,bruiser,10.03,-6.25,8.56
268,4,stalk,pouncer,4.79,-9.44,6.61
269,1,patrol,swarm,-12.23,-4.84,14.22
269,2,chase,swarm,-1.59,-3.86,3.54
269,3,alert,bruiser,10.03,-6.25,8.53
269,4,stalk,pouncer,4.84,-9.41,6.54
270,1,patrol,swarm,-12.23,-4.84,14.23
270,2,chase,swarm,-1.56,-3.86,3.52
270,3,alert,bruiser,10.03,-6.25,8.52
270,4,stalk,pouncer,4.85,-9.41,6.51
271,1,patrol,swarm,-12.25,-4.83,14.25
271,2,chase,swarm,-1.44,-3.85,3.40
271,3,alert,bruiser,10.03,-6.25,8.47
271,4,stalk,pouncer,4.92,-9.37,6.42
272,1,patrol,swarm,-12.26,-4.83,14.26
272,2,chase,swarm,-1.41,-3.85,3.38
272,3,alert,bruiser,10.03,-6.25,8.46
272,4,stalk,pouncer,4.94,-9.36,6.39
273,1,patrol,swarm,-12.28,-4.83,14.28
273,2,chase,swarm,-1.31,-3.86,3.28
273,3,alert,bruiser,10.03,-6.25,8.42
273,4,stalk,pouncer,5.00,-9.34,6.31
274,1,patrol,swarm,-12.28,-4.82,14.29
274,2,chase,swarm,-1.28,-3.86,3.26
274,3,alert,bruiser,10.03,-6.25,8.41
274,4,stalk,pouncer,5.01,-9.33,6.29
275,1,patrol,swarm,-12.31,-4.82,14.33
275,2,chase,swarm,-1.13,-3.90,3.13
275,3,alert,bruiser,10.03,-6.25,8.36
275,4,stalk,pouncer,5.10,-9.29,6.17
276,1,patrol,swarm,-12.31,-4.82,14.33
276,2,chase,swarm,-1.10,-3.91,3.09
276,3,alert,bruiser,10.03,-6.25,8.36
276,4,stalk,pouncer,5.12,-9.28,6.17
277,1,patrol,swarm,-12.34,-4.81,14.36
277,2,chase,swarm,-0.97,-3.96,2.96
277,3,alert,bruiser,10.03,-6.25,8.36
277,4,stalk,pouncer,5.19,-9.24,6.17
278,1,patrol,swarm,-12.34,-4.81,14.36
278,2,chase,swarm,-0.93,-3.98,2.92
278,3,alert,bruiser,10.03,-6.25,8.36
278,4,stalk,pouncer,5.21,-9.22,6.17
279,1,patrol,swarm,-12.37,-4.81,14.38
279,2,chase,swarm,-0.81,-4.04,2.81
279,3,alert,bruiser,10.03,-6.25,8.36
279,4,stalk,pouncer,5.28,-9.19,6.18
280,1,patrol,swarm,-12.37,-4.80,14.39
280,2,chase,swarm,-0.78,-4.05,2.77
280,3,alert,bruiser,10.03,-6.25,8.36
280,4,stalk,pouncer,5.30,-9.17,6.18
281,1,patrol,swarm,-12.41,-4.80,14.43
281,2,chase,swarm,-0.59,-4.18,2.59
281,3,alert,bruiser,10.03,-6.25,8.36
281,4,stalk,pouncer,5.42,-9.11,6.19
282,1,patrol,swarm,-12.42,-4.79,14.43
282,2,chase,swarm,-0.56,-4.20,2.56
282,3,alert,bruiser,10.03,-6.25,8.36
282,4,stalk,pouncer,5.44,-9.09,6.19
283,1,patrol,swarm,-12.44,-4.79,14.46
283,2,chase,swarm,-0.43,-4.28,2.45
283,3,alert,bruiser,10.03,-6.25,8.36
283,4,stalk,pouncer,5.52,-9.05,6.20
284,1,patrol,swarm,-12.45,-4.79,14.46
284,2,chase,swarm,-0.41,-4.29,2.43
284,3,advance,bruiser,10.03,-6.25,8.36
284,4,stalk,pouncer,5.54,-9.04,6.20
285,1,patrol,swarm,-12.47,-4.78,14.49
285,2,chase,swarm,-0.27,-4.38,2.31
285,3,advance,bruiser,9.97,-6.24,8.29
285,4,stalk,pouncer,5.62,-8.98,6.20
286,1,patrol,swarm,-12.48,-4.78,14.50
286,2,chase,swarm,-0.25,-4.40,2.29
286,3,advance,bruiser,9.96,-6.23,8.28
286,4,stalk,pouncer,5.64,-8.97,6.20
287,1,patrol,swarm,-12.50,-4.78,14.52
287,2,chase,swarm,-0.12,-4.48,2.18
287,3,advance,bruiser,9.90,-6.22,8.22
287,4,stalk,pouncer,5.71,-8.92,6.21
288,1,patrol,swarm,-12.51,-4.77,14.53
288,2,chase,swarm,-0.10,-4.50,2.16
288,3,advance,bruiser,9.89,-6.21,8.21
288,4,stalk,pouncer,5.73,-8.91,6.21
289,1,patrol,swarm,-12.53,-4.77,14.55
289,2,chase,swarm,0.01,-4.57,2.07
289,3,advance,bruiser,9.84,-6.20,8.16
289,4,stalk,pouncer,5.80,-8.87,6.21
290,1,patrol,swarm,-12.54,-4.77,14.55
290,2,chase,swarm,0.04,-4.58,2.05
290,3,advance,bruiser,9.83,-6.20,8.15
290,4,stalk,pouncer,5.81,-8.86,6.21
291,1,patrol,swarm,-12.56,-4.76,14.58
291,2,chase,swarm,0.17,-4.66,1.95
291,3,advance,bruiser,9.77,-6.18,8.09
291,4,stalk,pouncer,5.89,-8.80,6.22
292,1,patrol,swarm,-12.57,-4.76,14.58
292,2,chase,swarm,0.20,-4.67,1.93
292,3,advance,bruiser,9.76,-6.18,8.08
292,4,stalk,pouncer,5.90,-8.79,6.22
293,1,patrol,swarm,-12.59,-4.76,14.60
293,2,chase,swarm,0.32,-4.73,1.85
293,3,advance,bruiser,9.71,-6.16,8.03
293,4,stalk,pouncer,5.97,-8.74,6.22
294,1,patrol,swarm,-12.59,-4.76,14.61
294,2,chase,swarm,0.35,-4.75,1.82
294,3,advance,bruiser,9.70,-6.16,8.01
294,4,stalk,pouncer,5.98,-8.73,6.22
295,1,patrol,swarm,-12.62,-4.75,14.63
295,2,chase,swarm,0.47,-4.80,1.74
295,3,advance,bruiser,9.65,-6.15,7.96
295,4,stalk,pouncer,6.05,-8.68,6.23
296,1,patrol,swarm,-12.62,-4.75,14.64
296,2,chase,swarm,0.51,-4.81,1.71
296,3,advance,bruiser,9.63,-6.14,7.95
296,4,stalk,pouncer,6.07,-8.67,6.23
297,1,patrol,swarm,-12.65,-4.74,14.66
297,2,chase,swarm,0.67,-4.87,1.61
297,3,advance,bruiser,9.57,-6.12,7.88
297,4,stalk,pouncer,6.15,-8.60,6.23
298,1,patrol,swarm,-12.66,-4.74,14.67
298,2,chase,swarm,0.71,-4.88,1.58
298,3,advance,bruiser,9.56,-6.12,7.87
298,4,stalk,pouncer,6.17,-8.58,6.24
299,1,patrol,swarm,-12.68,-4.74,14.69
299,2,chase,swarm,0.83,-4.90,1.50
299,3,advance,bruiser,9.51,-6.11,7.82
299,4,stalk,pouncer,6.23,-8.54,6.24
300,1,patrol,swarm,-12.68,-4.73,14.69
300,2,chase,swarm,0.86,-4.91,1.48
300,3,advance,bruiser,9.50,-6.10,7.81
300,4,stalk,pouncer,6.24,-8.52,6.24
301,1,patrol,swarm,-12.70,-4.71,14.71
301,2,windup,swarm,0.86,-4.91,1.48
301,3,advance,bruiser,9.44,-6.09,7.75
301,4,stalk,pouncer,6.32,-8.46,6.24
302,1,patrol,swarm,-12.70,-4.71,14.72
302,2,windup,swarm,0.86,-4.91,1.48
302,3,advance,bruiser,9.43,-6.08,7.73
302,4,stalk,pouncer,6.33,-8.45,6.24
303,1,patrol,swarm,-12.72,-4.70,14.73
303,2,windup,swarm,0.86,-4.91,1.48
303,3,advance,bruiser,9.39,-6.07,7.69
303,4,stalk,pouncer,6.38,-8.40,6.25
304,1,patrol,swarm,-12.72,-4.69,14.73
304,2,windup,swarm,0.86,-4.91,1.48
304,3,advance,bruiser,9.37,-6.07,7.68
304,4,stalk,pouncer,6.40,-8.39,6.25
305,1,patrol,swarm,-12.74,-4.68,14.75
305,2,windup,swarm,0.86,-4.91,1.48
305,3,advance,bruiser,9.33,-6.05,7.63
305,4,stalk,pouncer,6.45,-8.34,6.25
306,1,patrol,swarm,-12.74,-4.67,14.75
306,2,windup,swarm,0.86,-4.91,1.48
306,3,advance,bruiser,9.32,-6.05,7.62
306,4,stalk,pouncer,6.46,-8.33,6.25
307,1,patrol,swarm,-12.75,-4.66,14.76
307,2,windup,swarm,0.86,-4.91,1.48
307,3,advance,bruiser,9.28,-6.04,7.58
307,4,stalk,pouncer,6.51,-8.28,6.26
308,1,patrol,swarm,-12.76,-4.65,14.77
308,2,windup,swarm,0.86,-4.91,1.48
308,3,advance,bruiser,9.26,-6.04,7.56
308,4,stalk,pouncer,6.53,-8.26,6.26
309,1,patrol,swarm,-12.79,-4.63,14.79
309,2,windup,swarm,0.86,-4.91,1.48
309,3,advance,bruiser,9.19,-6.01,7.48
309,4,stalk,pouncer,6.62,-8.17,6.26
310,1,patrol,swarm,-12.79,-4.62,14.80
310,2,windup,swarm,0.86,-4.91,1.48
310,3,advance,bruiser,9.17,-6.01,7.47
310,4,stalk,pouncer,6.64,-8.16,6.26
311,1,patrol,swarm,-12.80,-4.61,14.81
311,2,windup,swarm,0.86,-4.91,1.48
311,3,advance,bruiser,9.13,-6.00,7.43
311,4,stalk,pouncer,6.68,-8.11,6.27
312,1,patrol,swarm,-12.81,-4.61,14.81
312,2,windup,swarm,0.86,-4.91,1.48
312,3,advance,bruiser,9.12,-6.00,7.42
312,4,stalk,pouncer,6.69,-8.10,6.27
313,1,patrol,swarm,-12.82,-4.59,14.83
313,2,windup,swarm,0.86,-4.91,1.48
313,3,advance,bruiser,9.08,-5.98,7.37
313,4,stalk,pouncer,6.74,-8.05,6.27
314,1,patrol,swarm,-12.82,-4.59,14.83
314,2,strike,swarm,0.86,-4.91,1.48
314,3,advance,bruiser,9.07,-5.98,7.36
314,4,stalk,pouncer,6.75,-8.04,6.27
315,1,patrol,swarm,-12.84,-4.58,14.84
315,2,strike,swarm,0.99,-4.80,1.31
315,3,advance,bruiser,9.03,-5.97,7.31
315,4,stalk,pouncer,6.80,-7.98,6.27
316,1,patrol,swarm,-12.84,-4.57,14.85
316,2,strike,swarm,1.02,-4.78,1.28
316,3,advance,bruiser,9.02,-5.96,7.30
316,4,stalk,pouncer,6.81,-7.97,6.27
317,1,patrol,swarm,-12.86,-4.55,14.87
317,2,strike,swarm,1.18,-4.64,1.07
317,3,advance,bruiser,8.96,-5.95,7.25
317,4,stalk,pouncer,6.88,-7.90,6.28
318,1,patrol,swarm,-12.86,-4.55,14.87
318,2,strike,swarm,1.21,-4.62,1.03
318,3,advance,bruiser,8.95,-5.95,7.23
318,4,stalk,pouncer,6.89,-7.89,6.28
319,1,patrol,swarm,-12.88,-4.54,14.88
319,2,strike,swarm,1.31,-4.53,0.89
319,3,advance,bruiser,8.91,-5.93,7.20
319,4,stalk,pouncer,6.93,-7.84,6.28
320,1,patrol,swarm,-12.88,-4.53,14.88
320,2,strike,swarm,1.34,-4.50,0.85
320,3,advance,bruiser,8.90,-5.93,7.18
320,4,stalk,pouncer,6.94,-7.83,6.28
321,1,patrol,swarm,-12.89,-4.52,14.90
321,2,strike,swarm,1.48,-4.39,0.67
321,3,advance,bruiser,8.85,-5.92,7.13
321,4,stalk,pouncer,6.99,-7.77,6.28
322,1,patrol,swarm,-12.90,-4.51,14.90
322,2,strike,swarm,1.51,-4.36,0.63
322,3,advance,bruiser,8.84,-5.91,7.12
322,4,stalk,pouncer,7.00,-7.75,6.29
323,1,patrol,swarm,-12.91,-4.50,14.92
323,2,strike,swarm,1.62,-4.27,0.48
323,3,advance,bruiser,8.80,-5.90,7.08
323,4,stalk,pouncer,7.05,-7.70,6.29
324,1,patrol,swarm,-12.91,-4.50,14.92
324,2,strike,swarm,1.65,-4.24,0.44
324,3,advance,bruiser,8.79,-5.90,7.07
324,4,stalk,pouncer,7.06,-7.69,6.29
325,1,patrol,swarm,-12.94,-4.47,14.94
325,2,strike,swarm,1.88,-4.05,0.15
325,3,advance,bruiser,8.71,-5.88,6.98
325,4,stalk,pouncer,7.14,-7.58,6.29
326,1,patrol,swarm,-12.94,-4.47,14.95
326,2,recover,swarm,1.91,-4.03,0.11
326,3,advance,bruiser,8.70,-5.87,6.98
326,4,stalk,pouncer,7.15,-7.57,6.29
327,1,patrol,swarm,-12.96,-4.45,14.96
327,2,recover,swarm,1.91,-4.03,0.11
327,3,advance,bruiser,8.66,-5.86,6.93
327,4,stalk,pouncer,7.19,-7.52,6.30
328,1,patrol,swarm,-12.96,-4.45,14.96
328,2,recover,swarm,1.91,-4.03,0.11
328,3,advance,bruiser,8.65,-5.86,6.92
328,4,stalk,pouncer,7.20,-7.50,6.30
329,1,patrol,swarm,-13.00,-4.42,15.00
329,2,recover,swarm,1.91,-4.03,0.11
329,3,advance,bruiser,8.54,-5.83,6.81
329,4,stalk,pouncer,7.30,-7.36,6.31
330,1,patrol,swarm,-13.00,-4.41,15.00
330,2,recover,swarm,1.91,-4.03,0.11
330,3,advance,bruiser,8.53,-5.83,6.80
330,4,stalk,pouncer,7.31,-7.35,6.31
331,1,patrol,swarm,-13.01,-4.40,15.01
331,2,recover,swarm,1.91,-4.03,0.11
331,3,advance,bruiser,8.49,-5.81,6.76
331,4,stalk,pouncer,7.35,-7.29,6.31
332,1,patrol,swarm,-13.01,-4.40,15.02
332,2,recover,swarm,1.91,-4.03,0.11
332,3,advance,bruiser,8.48,-5.81,6.75
332,4,stalk,pouncer,7.36,-7.27,6.31
333,1,patrol,swarm,-13.03,-4.38,15.03
333,2,recover,swarm,1.91,-4.03,0.11
333,3,advance,bruiser,8.44,-5.80,6.70
333,4,stalk,pouncer,7.40,-7.21,6.31
334,1,patrol,swarm,-13.03,-4.38,15.03
334,2,recover,swarm,1.91,-4.03,0.11
334,3,advance,bruiser,8.43,-5.80,6.69
334,4,stalk,pouncer,7.41,-7.20,6.31
335,1,patrol,swarm,-13.05,-4.36,15.05
335,2,recover,swarm,1.91,-4.03,0.11
335,3,advance,bruiser,8.38,-5.78,6.65
335,4,stalk,pouncer,7.45,-7.14,6.31
336,1,patrol,swarm,-13.05,-4.36,15.05
336,2,recover,swarm,1.91,-4.03,0.11
336,3,advance,bruiser,8.38,-5.78,6.64
336,4,stalk,pouncer,7.45,-7.13,6.32
337,1,patrol,swarm,-13.06,-4.35,15.06
337,2,recover,swarm,1.91,-4.03,0.11
337,3,advance,bruiser,8.33,-5.77,6.60
337,4,stalk,pouncer,7.49,-7.07,6.32
338,1,patrol,swarm,-13.06,-4.35,15.06
338,2,recover,swarm,1.91,-4.03,0.11
338,3,advance,bruiser,8.32,-5.77,6.59
338,4,stalk,pouncer,7.50,-7.06,6.32
339,1,patrol,swarm,-13.08,-4.33,15.08
339,2,recover,swarm,1.91,-4.03,0.11
339,3,advance,bruiser,8.27,-5.75,6.53
339,4,stalk,pouncer,7.55,-6.98,6.32
340,1,patrol,swarm,-13.09,-4.32,15.08
340,2,recover,swarm,1.91,-4.03,0.11
340,3,advance,bruiser,8.26,-5.75,6.52
340,4,stalk,pouncer,7.55,-6.96,6.32
341,1,patrol,swarm,-13.10,-4.31,15.10
341,2,recover,swarm,1.91,-4.03,0.11
341,3,advance,bruiser,8.21,-5.73,6.47
341,4,stalk,pouncer,7.59,-6.89,6.32
342,1,patrol,swarm,-13.10,-4.31,15.10
342,2,recover,swarm,1.91,-4.03,0.11
342,3,advance,bruiser,8.20,-5.73,6.46
342,4,stalk,pouncer,7.60,-6.88,6.32
343,1,patrol,swarm,-13.12,-4.29,15.12
343,2,recover,swarm,1.91,-4.03,0.11
343,3,advance,bruiser,8.16,-5.72,6.41
343,4,stalk,pouncer,7.64,-6.82,6.33
344,1,patrol,swarm,-13.12,-4.29,15.12
344,2,recover,swarm,1.91,-4.03,0.11
344,3,advance,bruiser,8.15,-5.71,6.40
344,4,stalk,pouncer,7.64,-6.80,6.33
345,1,patrol,swarm,-13.13,-4.28,15.13
345,2,recover,swarm,1.91,-4.03,0.11
345,3,advance,bruiser,8.11,-5.70,6.36
345,4,stalk,pouncer,7.67,-6.75,6.33
346,1,patrol,swarm,-13.13,-4.28,15.13
346,2,recover,swarm,1.91,-4.03,0.11
346,3,advance,bruiser,8.11,-5.69,6.36
346,4,stalk,pouncer,7.68,-6.74,6.33
347,1,patrol,swarm,-13.16,-4.25,15.16
347,2,recover,swarm,1.91,-4.03,0.11
347,3,advance,bruiser,8.04,-5.65,6.28
347,4,stalk,pouncer,7.75,-6.63,6.34
348,1,patrol,swarm,-13.16,-4.25,15.16
348,2,recover,swarm,1.91,-4.03,0.11
348,3,advance,bruiser,8.03,-5.64,6.27
348,4,stalk,pouncer,7.75,-6.62,6.35
349,1,patrol,swarm,-13.17,-4.24,15.17
349,2,recover,swarm,1.91,-4.03,0.11
349,3,advance,bruiser,8.01,-5.61,6.24
349,4,stalk,pouncer,7.80,-6.57,6.36
350,1,patrol,swarm,-13.18,-4.23,15.17
350,2,recover,swarm,1.91,-4.03,0.11
350,3,advance,bruiser,8.00,-5.60,6.23
350,4,stalk,pouncer,7.81,-6.56,6.37
351,1,patrol,swarm,-13.20,-4.21,15.19
351,2,recover,swarm,1.91,-4.03,0.11
351,3,advance,bruiser,7.96,-5.56,6.18
351,4,stalk,pouncer,7.88,-6.49,6.41
352,1,patrol,swarm,-13.20,-4.21,15.19
352,2,recover,swarm,1.91,-4.03,0.11
352,3,advance,bruiser,7.95,-5.55,6.17
352,4,stalk,pouncer,7.89,-6.48,6.42
353,1,patrol,swarm,-13.21,-4.20,15.21
353,2,recover,swarm,1.91,-4.03,0.11
353,3,advance,bruiser,7.92,-5.52,6.13
353,4,stalk,pouncer,7.96,-6.45,6.46
354,1,patrol,swarm,-13.21,-4.19,15.21
354,2,recover,swarm,1.91,-4.03,0.11
354,3,advance,bruiser,7.91,-5.51,6.12
354,4,stalk,pouncer,7.97,-6.45,6.47
355,1,patrol,swarm,-13.23,-4.18,15.22
355,2,recover,swarm,1.91,-4.03,0.11
355,3,advance,bruiser,7.88,-5.48,6.08
355,4,stalk,pouncer,8.03,-6.42,6.52
356,1,patrol,swarm,-13.23,-4.18,15.23
356,2,recover,swarm,1.91,-4.03,0.11
356,3,advance,bruiser,7.88,-5.47,6.07
356,4,stalk,pouncer,8.05,-6.41,6.53
357,1,patrol,swarm,-13.24,-4.16,15.24
357,2,recover,swarm,1.91,-4.03,0.11
357,3,advance,bruiser,7.84,-5.45,6.03
357,4,stalk,pouncer,8.11,-6.38,6.58
358,1,patrol,swarm,-13.25,-4.16,15.24
358,2,recover,swarm,1.91,-4.03,0.11
358,3,advance,bruiser,7.83,-5.44,6.03
358,4,stalk,pouncer,8.12,-6.37,6.59
359,1,patrol,swarm,-13.28,-4.13,15.27
359,2,recover,swarm,1.91,-4.03,0.11
359,3,advance,bruiser,7.75,-5.38,5.93
359,4,stalk,pouncer,8.27,-6.29,6.70
360,1,patrol,swarm,-13.28,-4.13,15.28
360,2,recover,swarm,1.91,-4.03,0.11
360,3,advance,bruiser,7.74,-5.37,5.92
360,4,stalk,pouncer,8.28,-6.28,6.70
361,1,patrol,swarm,-13.29,-4.11,15.29
361,2,recover,swarm,1.91,-4.03,0.11
361,3,advance,bruiser,7.70,-5.35,5.87
361,4,stalk,pouncer,8.34,-6.23,6.74
362,1,patrol,swarm,-13.30,-4.11,15.29
362,2,recover,swarm,1.91,-4.03,0.11
362,3,advance,bruiser,7.69,-5.35,5.87
362,4,stalk,pouncer,8.34,-6.22,6.74
363,1,patrol,swarm,-13.31,-4.10,15.31
363,2,recover,swarm,1.91,-4.03,0.11
363,3,advance,bruiser,7.64,-5.32,5.81
363,4,stalk,pouncer,8.40,-6.16,6.77
364,1,patrol,swarm,-13.32,-4.09,15.31
364,2,chase,swarm,1.91,-4.03,0.11
364,3,advance,bruiser,7.63,-5.32,5.80
364,4,stalk,pouncer,8.41,-6.14,6.78
365,1,patrol,swarm,-13.34,-4.07,15.33
365,2,windup,swarm,1.91,-4.03,0.11
365,3,advance,bruiser,7.57,-5.29,5.74
365,4,stalk,pouncer,8.47,-6.05,6.81
366,1,patrol,swarm,-13.34,-4.07,15.33
366,2,windup,swarm,1.91,-4.03,0.11
366,3,advance,bruiser,7.56,-5.29,5.73
366,4,stalk,pouncer,8.48,-6.04,6.81
367,1,patrol,swarm,-13.35,-4.06,15.35
367,2,windup,swarm,1.91,-4.03,0.11
367,3,advance,bruiser,7.52,-5.28,5.68
367,4,stalk,pouncer,8.51,-5.98,6.83
368,1,patrol,swarm,-13.35,-4.05,15.35
368,2,windup,swarm,1.91,-4.03,0.11
368,3,advance,bruiser,7.51,-5.27,5.67
368,4,stalk,pouncer,8.52,-5.96,6.83
369,1,patrol,swarm,-13.37,-4.04,15.36
369,2,windup,swarm,1.91,-4.03,0.11
369,3,advance,bruiser,7.46,-5.26,5.62
369,4,stalk,pouncer,8.55,-5.88,6.84
370,1,patrol,swarm,-13.37,-4.03,15.37
370,2,windup,swarm,1.91,-4.03,0.11
370,3,advance,bruiser,7.45,-5.26,5.61
370,4,stalk,pouncer,8.56,-5.87,6.84
371,1,patrol,swarm,-13.39,-4.02,15.38
371,2,windup,swarm,1.91,-4.03,0.11
371,3,advance,bruiser,7.41,-5.25,5.57
371,4,stalk,pouncer,8.58,-5.80,6.84
372,1,patrol,swarm,-13.39,-4.02,15.38
372,2,windup,swarm,1.91,-4.03,0.11
372,3,advance,bruiser,7.40,-5.24,5.56
372,4,stalk,pouncer,8.58,-5.79,6.84
373,1,patrol,swarm,-13.40,-4.01,15.39
373,2,windup,swarm,1.91,-4.03,0.11
373,3,advance,bruiser,7.36,-5.23,5.52
373,4,stalk,pouncer,8.60,-5.73,6.84
374,1,patrol,swarm,-13.40,-4.00,15.40
374,2,windup,swarm,1.91,-4.03,0.11
374,3,advance,bruiser,7.35,-5.23,5.51
374,4,stalk,pouncer,8.60,-5.71,6.84
375,1,patrol,swarm,-13.42,-3.99,15.41
375,2,windup,swarm,1.91,-4.03,0.11
375,3,advance,bruiser,7.31,-5.22,5.46
375,4,stalk,pouncer,8.61,-5.64,6.83
376,1,patrol,swarm,-13.42,-3.99,15.41
376,2,windup,swarm,1.91,-4.03,0.11
376,3,advance,bruiser,7.29,-5.22,5.45
376,4,stalk,pouncer,8.62,-5.62,6.83
377,1,patrol,swarm,-13.45,-3.95,15.45
377,2,windup,swarm,1.91,-4.03,0.11
377,3,advance,bruiser,7.18,-5.19,5.34
377,4,stalk,pouncer,8.65,-5.45,6.82
378,1,patrol,swarm,-13.46,-3.95,15.45
378,2,strike,swarm,1.91,-4.03,0.11
378,3,advance,bruiser,7.17,-5.19,5.32
378,4,stalk,pouncer,8.66,-5.43,6.82
379,1,patrol,swarm,-13.48,-3.93,15.47
379,2,strike,swarm,2.10,-3.86,0.14
379,3,advance,bruiser,7.10,-5.17,5.25
379,4,stalk,pouncer,8.63,-5.54,6.82
380,1,patrol,swarm,-13.48,-3.93,15.47
380,2,strike,swarm,2.13,-3.84,0.18
380,3,advance,bruiser,7.09,-5.17,5.24
380,4,stalk,pouncer,8.62,-5.56,6.82
381,1,patrol,swarm,-13.50,-3.91,15.49
381,2,strike,swarm,2.33,-3.67,0.45
381,3,advance,bruiser,7.02,-5.15,5.17
381,4,stalk,pouncer,8.59,-5.67,6.81
382,1,patrol,swarm,-13.50,-3.90,15.50
382,2,strike,swarm,2.36,-3.65,0.48
382,3,advance,bruiser,7.01,-5.15,5.16
382,4,stalk,pouncer,8.58,-5.68,6.81
383,1,patrol,swarm,-13.52,-3.89,15.51
383,2,strike,swarm,2.48,-3.54,0.64
383,3,advance,bruiser,6.97,-5.14,5.11
383,4,stalk,pouncer,8.56,-5.75,6.81
384,1,patrol,swarm,-13.52,-3.89,15.51
384,2,strike,swarm,2.51,-3.52,0.67
384,3,advance,bruiser,6.96,-5.14,5.10
384,4,stalk,pouncer,8.56,-5.77,6.81
385,1,patrol,swarm,-13.53,-3.88,15.52
385,2,strike,swarm,2.62,-3.43,0.81
385,3,advance,bruiser,6.92,-5.13,5.06
385,4,stalk,pouncer,8.54,-5.83,6.81
386,1,patrol,swarm,-13.53,-3.87,15.53
386,2,strike,swarm,2.64,-3.41,0.85
386,3,advance,bruiser,6.91,-5.13,5.05
386,4,stalk,pouncer,8.53,-5.84,6.81
387,1,patrol,swarm,-13.55,-3.86,15.45
387,2,strike,swarm,2.80,-3.28,1.08
387,3,advance,bruiser,6.85,-5.11,5.11
387,4,stalk,pouncer,8.50,-5.93,6.92
388,1,patrol,swarm,-13.55,-3.85,15.43
388,2,strike,swarm,2.82,-3.25,1.12
388,3,advance,bruiser,6.84,-5.11,5.12
388,4,stalk,pouncer,8.49,-5.94,6.93
389,1,patrol,swarm,-13.57,-3.84,15.36
389,2,strike,swarm,2.97,-3.13,1.35
389,3,advance,bruiser,6.79,-5.10,5.17
389,4,stalk,pouncer,8.46,-6.03,7.04
390,1,patrol,swarm,-13.57,-3.84,15.34
390,2,recover,swarm,3.00,-3.11,1.39
390,3,advance,bruiser,6.78,-5.09,5.18
390,4,stalk,pouncer,8.45,-6.04,7.06
391,1,patrol,swarm,-13.59,-3.82,15.25
391,2,recover,swarm,3.00,-3.11,1.45
391,3,advance,bruiser,6.72,-5.08,5.25
391,4,stalk,pouncer,8.41,-6.14,7.19
392,1,patrol,swarm,-13.59,-3.81,15.24
392,2,recover,swarm,3.00,-3.11,1.46
392,3,advance,bruiser,6.71,-5.07,5.26
392,4,stalk,pouncer,8.40,-6.15,7.20
393,1,patrol,swarm,-13.62,-3.78,15.09
393,2,recover,swarm,3.00,-3.11,1.58
393,3,advance,bruiser,6.61,-5.04,5.37
393,4,stalk,pouncer,8.32,-6.29,7.40
394,1,patrol,swarm,-13.62,-3.78,15.08
394,2,recover,swarm,3.00,-3.11,1.59
394,3,advance,bruiser,6.60,-5.04,5.38
394,4,stalk,pouncer,8.31,-6.31,7.42
395,1,patrol,swarm,-13.64,-3.77,15.00
395,2,recover,swarm,3.00,-3.11,1.66
395,3,advance,bruiser,6.54,-5.02,5.43
395,4,stalk,pouncer,8.27,-6.38,7.53
396,1,patrol,swarm,-13.64,-3.76,14.99
396,2,recover,swarm,3.00,-3.11,1.68
396,3,advance,bruiser,6.54,-5.02,5.44
396,4,stalk,pouncer,8.26,-6.40,7.54
397,1,patrol,swarm,-13.65,-3.75,14.94
397,2,recover,swarm,3.00,-3.11,1.74
397,3,advance,bruiser,6.50,-5.01,5.49
397,4,stalk,pouncer,8.22,-6.45,7.62
398,1,patrol,swarm,-13.65,-3.76,14.92
398,2,recover,swarm,3.00,-3.11,1.75
398,3,advance,bruiser,6.49,-5.01,5.49
398,4,stalk,pouncer,8.22,-6.46,7.63
399,1,patrol,swarm,-13.66,-3.80,14.84
399,2,recover,swarm,3.00,-3.11,1.83
399,3,advance,bruiser,6.44,-4.99,5.55
399,4,stalk,pouncer,8.16,-6.53,7.73
400,1,patrol,swarm,-13.66,-3.80,14.82
400,2,recover,swarm,3.00,-3.11,1.85
400,3,advance,bruiser,6.43,-4.99,5.56
400,4,stalk,pouncer,8.16,-6.54,7.75
401,1,patrol,swarm,-13.66,-3.84,14.75
401,2,recover,swarm,3.00,-3.11,1.92
401,3,advance,bruiser,6.38,-4.97,5.61
401,4,stalk,pouncer,8.11,-6.60,7.84
402,1,patrol,swarm,-13.66,-3.84,14.74
402,2,recover,swarm,3.00,-3.11,1.93
402,3,advance,bruiser,6.38,-4.97,5.62
402,4,stalk,pouncer,8.10,-6.61,7.85
403,1,patrol,swarm,-13.66,-3.88,14.66
403,2,recover,swarm,3.00,-3.11,2.02
403,3,advance,bruiser,6.33,-4.95,5.68
403,4,stalk,pouncer,8.05,-6.68,7.95
404,1,patrol,swarm,-13.66,-3.89,14.64
404,2,recover,swarm,3.00,-3.11,2.04
404,3,advance,bruiser,6.32,-4.95,5.69
404,4,stalk,pouncer,8.04,-6.69,7.97
405,1,patrol,swarm,-13.66,-3.93,14.54
405,2,recover,swarm,3.00,-3.11,2.16
405,3,advance,bruiser,6.25,-4.92,5.76
405,4,stalk,pouncer,7.97,-6.77,8.09
406,1,patrol,swarm,-13.66,-3.94,14.53
406,2,recover,swarm,3.00,-3.11,2.18
406,3,advance,bruiser,6.25,-4.92,5.77
406,4,stalk,pouncer,7.96,-6.78,8.10
407,1,patrol,swarm,-13.67,-3.97,14.46
407,2,recover,swarm,3.00,-3.11,2.26
407,3,advance,bruiser,6.20,-4.90,5.82
407,4,stalk,pouncer,7.91,-6.83,8.18
408,1,patrol,swarm,-13.67,-3.98,14.45
408,2,recover,swarm,3.00,-3.11,2.27
408,3,advance,bruiser,6.19,-4.90,5.83
408,4,stalk,pouncer,7.90,-6.84,8.20
409,1,patrol,swarm,-13.67,-4.01,14.38
409,2,recover,swarm,3.00,-3.11,2.36
409,3,advance,bruiser,6.15,-4.88,5.88
409,4,stalk,pouncer,7.85,-6.90,8.29
410,1,patrol,swarm,-13.67,-4.02,14.37
410,2,recover,swarm,3.00,-3.11,2.38
410,3,advance,bruiser,6.14,-4.88,5.89
410,4,stalk,pouncer,7.83,-6.91,8.30
411,1,patrol,swarm,-13.67,-4.06,14.29
411,2,recover,swarm,3.00,-3.11,2.48
411,3,advance,bruiser,6.09,-4.86,5.95
411,4,stalk,pouncer,7.77,-6.97,8.40
412,1,patrol,swarm,-13.67,-4.07,14.27
412,2,recover,swarm,3.00,-3.11,2.51
412,3,advance,bruiser,6.08,-4.85,5.97
412,4,stalk,pouncer,7.75,-6.98,8.42
413,1,patrol,swarm,-13.67,-4.11,14.18
413,2,recover,swarm,3.00,-3.11,2.64
413,3,advance,bruiser,6.02,-4.83,6.04
413,4,stalk,pouncer,7.68,-7.05,8.53
414,1,patrol,swarm,-13.67,-4.12,14.16
414,2,recover,swarm,3.00,-3.11,2.66
414,3,advance,bruiser,6.00,-4.83,6.05
414,4,stalk,pouncer,7.66,-7.06,8.56
415,1,patrol,swarm,-13.68,-4.15,14.11
415,2,recover,swarm,3.00,-3.11,2.74
415,3,advance,bruiser,5.97,-4.81,6.10
415,4,stalk,pouncer,7.61,-7.10,8.62
416,1,patrol,swarm,-13.68,-4.16,14.09
416,2,recover,swarm,3.00,-3.11,2.76
416,3,advance,bruiser,5.96,-4.81,6.11
416,4,stalk,pouncer,7.60,-7.12,8.64
417,1,patrol,swarm,-13.68,-4.22,13.97
417,2,recover,swarm,3.00,-3.11,2.95
417,3,advance,bruiser,5.87,-4.77,6.21
417,4,stalk,pouncer,7.48,-7.20,8.80
418,1,patrol,swarm,-13.68,-4.23,13.96
418,2,recover,swarm,3.00,-3.11,2.96
418,3,advance,bruiser,5.86,-4.77,6.22
418,4,stalk,pouncer,7.47,-7.21,8.82
419,1,patrol,swarm,-13.68,-4.26,13.90
419,2,recover,swarm,3.00,-3.11,3.04
419,3,advance,bruiser,5.83,-4.75,6.27
419,4,stalk,pouncer,7.42,-7.25,8.88
420,1,patrol,swarm,-13.68,-4.26,13.89
420,2,recover,swarm,3.00,-3.11,3.07
420,3,advance,bruiser,5.82,-4.75,6.28
420,4,stalk,pouncer,7.41,-7.26,8.90
421,1,patrol,swarm,-13.68,-4.29,13.84
421,2,recover,swarm,3.00,-3.11,3.14
421,3,advance,bruiser,5.78,-4.73,6.32
421,4,stalk,pouncer,7.36,-7.30,8.96
422,1,patrol,swarm,-13.68,-4.30,13.83
422,2,recover,swarm,3.00,-3.11,3.17
422,3,advance,bruiser,5.77,-4.73,6.34
422,4,stalk,pouncer,7.34,-7.30,8.98
423,1,patrol,swarm,-13.69,-4.34,13.75
423,2,recover,swarm,3.00,-3.11,3.29
423,3,advance,bruiser,5.72,-4.70,6.40
423,4,stalk,pouncer,7.26,-7.36,9.08
424,1,patrol,swarm,-13.69,-4.35,13.74
424,2,recover,swarm,3.00,-3.11,3.31
424,3,advance,bruiser,5.71,-4.70,6.42
424,4,stalk,pouncer,7.25,-7.37,9.10
425,1,patrol,swarm,-13.69,-4.40,13.65
425,2,recover,swarm,3.00,-3.11,3.46
425,3,advance,bruiser,5.64,-4.67,6.50
425,4,stalk,pouncer,7.15,-7.42,9.21
426,1,patrol,swarm,-13.69,-4.40,13.63
426,2,chase,swarm,3.00,-3.11,3.48
426,3,advance,bruiser,5.63,-4.66,6.51
426,4,crouch,pouncer,7.14,-7.43,9.23
427,1,patrol,swarm,-13.69,-4.44,13.57
427,2,chase,swarm,2.86,-3.07,3.45
427,3,advance,bruiser,5.58,-4.64,6.57
427,4,crouch,pouncer,7.14,-7.43,9.35
428,1,patrol,swarm,-13.69,-4.45,13.56
428,2,chase,swarm,2.84,-3.06,3.45
428,3,advance,bruiser,5.57,-4.64,6.58
428,4,crouch,pouncer,7.14,-7.43,9.37
429,1,patrol,swarm,-13.69,-4.48,13.50
429,2,chase,swarm,2.71,-3.04,3.43
429,3,advance,bruiser,5.53,-4.61,6.64
429,4,crouch,pouncer,7.14,-7.43,9.49
430,1,patrol,swarm,-13.70,-4.49,13.48
430,2,chase,swarm,2.68,-3.04,3.42
430,3,advance,bruiser,5.52,-4.61,6.66
430,4,crouch,pouncer,7.14,-7.43,9.51
431,1,patrol,swarm,-13.70,-4.53,13.42
431,2,chase,swarm,2.54,-3.03,3.41
431,3,advance,bruiser,5.47,-4.59,6.72
431,4,crouch,pouncer,7.14,-7.43,9.63
432,1,patrol,swarm,-13.70,-4.53,13.41
432,2,chase,swarm,2.51,-3.03,3.40
432,3,advance,bruiser,5.46,-4.58,6.73
432,4,crouch,pouncer,7.14,-7.43,9.65
433,1,patrol,swarm,-13.70,-4.56,13.37
433,2,chase,swarm,2.42,-3.03,3.39
433,3,advance,bruiser,5.43,-4.57,6.77
433,4,crouch,pouncer,7.14,-7.43,9.73
434,1,patrol,swarm,-13.70,-4.56,13.36
434,2,chase,swarm,2.39,-3.03,3.39
434,3,advance,bruiser,5.42,-4.56,6.78
434,4,crouch,pouncer,7.14,-7.43,9.76
435,1,patrol,swarm,-13.70,-4.64,13.25
435,2,chase,swarm,2.13,-3.06,3.39
435,3,advance,bruiser,5.33,-4.51,6.90
435,4,crouch,pouncer,7.14,-7.43,9.99
436,1,patrol,swarm,-13.70,-4.64,13.24
436,2,chase,swarm,2.10,-3.06,3.39
436,3,advance,bruiser,5.32,-4.51,6.91
436,4,crouch,pouncer,7.14,-7.43,10.01
437,1,patrol,swarm,-13.71,-4.67,13.19
437,2,chase,swarm,1.98,-3.08,3.40
437,3,advance,bruiser,5.28,-4.49,6.97
437,4,crouch,pouncer,7.14,-7.43,10.11
438,1,patrol,swarm,-13.71,-4.68,13.18
438,2,chase,swarm,1.96,-3.08,3.40
438,3,advance,bruiser,5.27,-4.48,6.98
438,4,crouch,pouncer,7.14,-7.43,10.14
439,1,patrol,swarm,-13.71,-4.70,13.14
439,2,chase,swarm,1.86,-3.09,3.41
439,3,advance,bruiser,5.23,-4.47,7.02
439,4,crouch,pouncer,7.14,-7.43,10.22
440,1,patrol,swarm,-13.71,-4.71,13.13
440,2,chase,swarm,1.83,-3.10,3.41
440,3,advance,bruiser,5.22,-4.46,7.03
440,4,crouch,pouncer,7.14,-7.43,10.24
441,1,patrol,swarm,-13.71,-4.74,13.09
441,2,chase,swarm,1.75,-3.11,3.42
441,3,advance,bruiser,5.19,-4.45,7.07
441,4,crouch,pouncer,7.14,-7.43,10.32
442,1,patrol,swarm,-13.71,-4.74,13.08
442,2,chase,swarm,1.71,-3.12,3.42
442,3,advance,bruiser,5.18,-4.44,7.09
442,4,crouch,pouncer,7.14,-7.43,10.35
443,1,patrol,swarm,-13.71,-4.77,13.04
443,2,chase,swarm,1.60,-3.13,3.44
443,3,advance,bruiser,5.14,-4.42,7.14
443,4,crouch,pouncer,7.14,-7.43,10.45
444,1,patrol,swarm,-13.71,-4.78,13.02
444,2,chase,swarm,1.56,-3.14,3.45
444,3,advance,bruiser,5.13,-4.41,7.16
444,4,crouch,pouncer,7.14,-7.43,10.48
445,1,patrol,swarm,-13.71,-4.81,12.99
445,2,chase,swarm,1.47,-3.15,3.46
445,3,advance,bruiser,5.10,-4.40,7.20
445,4,crouch,pouncer,7.14,-7.43,10.56
446,1,patrol,swarm,-13.71,-4.82,12.98
446,2,chase,swarm,1.44,-3.16,3.47
446,3,advance,bruiser,5.09,-4.39,7.22
446,4,crouch,pouncer,7.14,-7.43,10.59
447,1,patrol,swarm,-13.72,-4.85,12.93
447,2,chase,swarm,1.32,-3.18,3.49
447,3,advance,bruiser,5.04,-4.37,7.27
447,4,crouch,pouncer,7.14,-7.43,10.69
448,1,patrol,swarm,-13.72,-4.86,12.92
448,2,chase,swarm,1.28,-3.18,3.49
448,3,advance,bruiser,5.03,-4.36,7.29
448,4,crouch,pouncer,7.14,-7.43,10.72
449,1,patrol,swarm,-13.72,-4.88,12.89
449,2,chase,swarm,1.19,-3.19,3.51
449,3,advance,bruiser,5.00,-4.35,7.33
449,4,crouch,pouncer,7.14,-7.43,10.80
450,1,patrol,swarm,-13.72,-4.89,12.88
450,2,chase,swarm,1.15,-3.20,3.52
450,3,advance,bruiser,4.99,-4.34,7.35
450,4,crouch,pouncer,7.14,-7.43,10.84
451,1,patrol,swarm,-13.72,-4.92,12.84
451,2,chase,swarm,1.04,-3.21,3.54
451,3,advance,bruiser,4.95,-4.32,7.40
451,4,crouch,pouncer,7.14,-7.43,10.93
452,1,patrol,swarm,-13.72,-4.93,12.83
452,2,chase,swarm,1.01,-3.22,3.55
452,3,advance,bruiser,4.94,-4.31,7.41
452,4,pounce,pouncer,7.14,-7.43,10.96
453,1,patrol,swarm,-13.72,-4.95,12.79
453,2,chase,swarm,0.91,-3.23,3.57
453,3,advance,bruiser,4.90,-4.29,7.46
453,4,pounce,pouncer,6.97,-7.31,10.84
454,1,patrol,swarm,-13.72,-4.96,12.78
454,2,chase,swarm,0.88,-3.23,3.58
454,3,advance,bruiser,4.89,-4.29,7.47
454,4,pounce,pouncer,6.92,-7.27,10.80
455,1,patrol,swarm,-13.72,-5.00,12.74
455,2,chase,swarm,0.72,-3.24,3.61
455,3,advance,bruiser,4.84,-4.26,7.54
455,4,pounce,pouncer,6.67,-7.08,10.62
456,1,patrol,swarm,-13.72,-5.01,12.73
456,2,chase,swarm,0.69,-3.24,3.62
456,3,advance,bruiser,4.83,-4.25,7.56
456,4,pounce,pouncer,6.62,-7.04,10.58
457,1,patrol,swarm,-13.73,-5.04,12.69
457,2,chase,swarm,0.58,-3.25,3.64
457,3,advance,bruiser,4.79,-4.23,7.61
457,4,pounce,pouncer,6.43,-6.89,10.44
458,1,patrol,swarm,-13.73,-5.05,12.68
458,2,chase,swarm,0.54,-3.25,3.65
458,3,advance,bruiser,4.78,-4.23,7.62
458,4,pounce,pouncer,6.37,-6.85,10.40
459,1,patrol,swarm,-13.73,-5.07,12.65
459,2,chase,swarm,0.45,-3.25,3.67
459,3,advance,bruiser,4.75,-4.21,7.67
459,4,pounce,pouncer,6.23,-6.74,10.30
460,1,patrol,swarm,-13.73,-5.08,12.64
460,2,chase,swarm,0.42,-3.25,3.67
460,3,advance,bruiser,4.74,-4.20,7.68
460,4,pounce,pouncer,6.17,-6.70,10.26
461,1,patrol,swarm,-13.73,-5.11,12.61
461,2,chase,swarm,0.30,-3.24,3.70
461,3,advance,bruiser,4.70,-4.18,7.74
461,4,pounce,pouncer,5.98,-6.55,10.12
462,1,patrol,swarm,-13.73,-5.12,12.60
462,2,chase,swarm,0.27,-3.24,3.70
462,3,advance,bruiser,4.69,-4.17,7.75
462,4,pounce,pouncer,5.93,-6.51,10.08
463,1,patrol,swarm,-13.73,-5.17,12.54
463,2,chase,swarm,0.05,-3.22,3.74
463,3,advance,bruiser,4.61,-4.13,7.85
463,4,pounce,pouncer,5.56,-6.23,9.81
464,1,patrol,swarm,-13.73,-5.18,12.54
464,2,chase,swarm,0.03,-3.22,3.74
464,3,advance,bruiser,4.61,-4.13,7.86
464,4,pounce,pouncer,5.53,-6.21,9.79
465,1,patrol,swarm,-13.74,-5.20,12.51
465,2,chase,swarm,-0.08,-3.20,3.75
465,3,advance,bruiser,4.57,-4.11,7.91
465,4,pounce,pouncer,5.35,-6.07,9.66
466,1,patrol,swarm,-13.74,-5.21,12.50
466,2,chase,swarm,-0.11,-3.19,3.76
466,3,advance,bruiser,4.56,-4.10,7.92
466,4,pounce,pouncer,5.31,-6.04,9.63
467,1,patrol,swarm,-13.74,-5.26,12.46
467,2,chase,swarm,-0.31,-3.14,3.78
467,3,advance,bruiser,4.49,-4.06,8.02
467,4,pounce,pouncer,4.97,-5.78,9.38
468,1,patrol,swarm,-13.74,-5.27,12.45
468,2,chase,swarm,-0.33,-3.14,3.78
468,3,advance,bruiser,4.48,-4.06,8.03
468,4,pounce,pouncer,4.93,-5.75,9.35
469,1,patrol,swarm,-13.74,-5.29,12.43
469,2,chase,swarm,-0.43,-3.10,3.78
469,3,advance,bruiser,4.45,-4.04,8.08
469,4,pounce,pouncer,4.76,-5.62,9.23
470,1,patrol,swarm,-13.74,-5.30,12.42
470,2,chase,swarm,-0.45,-3.10,3.78
470,3,advance,bruiser,4.44,-4.03,8.09
470,4,pounce,pouncer,4.73,-5.60,9.21
471,1,patrol,swarm,-13.74,-5.32,12.41
471,2,chase,swarm,-0.52,-3.07,3.78
471,3,advance,bruiser,4.42,-4.02,8.12
471,4,pounce,pouncer,4.61,-5.51,9.12
472,1,patrol,swarm,-13.74,-5.32,12.40
472,2,chase,swarm,-0.54,-3.06,3.78
472,3,advance,bruiser,4.41,-4.01,8.13
472,4,recover,pouncer,4.57,-5.48,9.09
473,1,patrol,swarm,-13.74,-5.35,12.38
473,2,chase,swarm,-0.63,-3.02,3.78
473,3,advance,bruiser,4.38,-3.99,8.18
473,4,recover,pouncer,4.57,-5.48,9.18
474,1,patrol,swarm,-13.74,-5.35,12.38
474,2,chase,swarm,-0.65,-3.01,3.78
474,3,advance,bruiser,4.37,-3.99,8.19
474,4,recover,pouncer,4.57,-5.48,9.20
475,1,patrol,swarm,-13.75,-5.38,12.36
475,2,chase,swarm,-0.74,-2.96,3.78
475,3,advance,bruiser,4.33,-3.97,8.24
475,4,recover,pouncer,4.57,-5.48,9.29
476,1,patrol,swarm,-13.75,-5.39,12.35
476,2,chase,swarm,-0.76,-2.94,3.78
476,3,advance,bruiser,4.33,-3.96,8.25
476,4,recover,pouncer,4.57,-5.48,9.31
477,1,patrol,swarm,-13.75,-5.41,12.33
477,2,chase,swarm,-0.84,-2.89,3.77
477,3,advance,bruiser,4.29,-3.94,8.29
477,4,recover,pouncer,4.57,-5.48,9.40
478,1,patrol,swarm,-13.75,-5.42,12.33
478,2,chase,swarm,-0.87,-2.87,3.76
478,3,advance,bruiser,4.28,-3.94,8.31
478,4,recover,pouncer,4.57,-5.48,9.42
479,1,patrol,swarm,-13.75,-5.48,12.29
479,2,chase,swarm,-1.04,-2.70,3.73
479,3,advance,bruiser,4.20,-3.89,8.42
479,4,recover,pouncer,4.57,-5.48,9.63
480,1,patrol,swarm,-13.75,-5.48,12.28
480,2,chase,swarm,-1.06,-2.68,3.73
480,3,advance,bruiser,4.20,-3.88,8.43
480,4,recover,pouncer,4.57,-5.48,9.65
481,1,patrol,swarm,-13.75,-5.50,12.27
481,2,chase,swarm,-1.11,-2.62,3.71
481,3,advance,bruiser,4.17,-3.87,8.47
481,4,recover,pouncer,4.57,-5.48,9.72
482,1,patrol,swarm,-13.75,-5.51,12.27
482,2,chase,swarm,-1.13,-2.60,3.71
482,3,advance,bruiser,4.16,-3.86,8.48
482,4,recover,pouncer,4.57,-5.48,9.75
483,1,patrol,swarm,-13.76,-5.55,12.25
483,2,chase,swarm,-1.21,-2.48,3.68
483,3,advance,bruiser,4.11,-3.83,8.55
483,4,recover,pouncer,4.57,-5.48,9.87
484,1,patrol,swarm,-13.76,-5.55,12.24
484,2,chase,swarm,-1.22,-2.46,3.68
484,3,advance,bruiser,4.10,-3.83,8.56
484,4,recover,pouncer,4.57,-5.48,9.89
485,1,patrol,swarm,-13.76,-5.57,12.23
485,2,chase,swarm,-1.26,-2.39,3.67
485,3,advance,bruiser,4.08,-3.81,8.60
485,4,recover,pouncer,4.57,-5.48,9.96
486,1,patrol,swarm,-13.76,-5.58,12.23
486,2,chase,swarm,-1.27,-2.36,3.66
486,3,advance,bruiser,4.07,-3.81,8.61
486,4,recover,pouncer,4.57,-5.48,9.99
487,1,patrol,swarm,-13.76,-5.61,12.22
487,2,chase,swarm,-1.31,-2.26,3.64
487,3,advance,bruiser,4.03,-3.78,8.66
487,4,recover,pouncer,4.57,-5.48,10.08
488,1,patrol,swarm,-13.76,-5.61,12.22
488,2,chase,swarm,-1.32,-2.24,3.64
488,3,advance,bruiser,4.02,-3.78,8.67
488,4,recover,pouncer,4.57,-5.48,10.10
489,1,patrol,swarm,-13.76,-5.66,12.20
489,2,chase,swarm,-1.37,-2.05,3.62
489,3,advance,bruiser,3.96,-3.74,8.76
489,4,recover,pouncer,4.57,-5.48,10.27
490,1,patrol,swarm,-13.76,-5.67,12.19
490,2,chase,swarm,-1.37,-2.02,3.62
490,3,advance,bruiser,3.95,-3.73,8.78
490,4,recover,pouncer,4.57,-5.48,10.29
491,1,patrol,swarm,-13.76,-5.70,12.18
491,2,chase,swarm,-1.40,-1.88,3.61
491,3,advance,bruiser,3.91,-3.70,8.84
491,4,recover,pouncer,4.57,-5.48,10.41
492,1,patrol,swarm,-13.76,-5.71,12.18
492,2,chase,swarm,-1.40,-1.85,3.61
492,3,advance,bruiser,3.90,-3.70,8.86
492,4,recover,pouncer,4.57,-5.48,10.44
493,1,patrol,swarm,-13.77,-5.74,12.17
493,2,chase,swarm,-1.42,-1.71,3.61
493,3,advance,bruiser,3.85,-3.67,8.92
493,4,recover,pouncer,4.57,-5.48,10.56
494,1,patrol,swarm,-13.77,-5.75,12.17
494,2,chase,swarm,-1.42,-1.69,3.61
494,3,advance,bruiser,3.84,-3.66,8.93
494,4,recover,pouncer,4.57,-5.48,10.58
495,1,patrol,swarm,-13.77,-5.78,12.16
495,2,chase,swarm,-1.43,-1.56,3.62
495,3,advance,bruiser,3.80,-3.64,8.99
495,4,recover,pouncer,4.57,-5.48,10.69
496,1,patrol,swarm,-13.77,-5.78,12.16
496,2,chase,swarm,-1.43,-1.54,3.62
496,3,advance,bruiser,3.79,-3.63,9.00
496,4,recover,pouncer,4.57,-5.48,10.71
497,1,patrol,swarm,-13.77,-5.83,12.15
497,2,chase,swarm,-1.44,-1.33,3.64
497,3,advance,bruiser,3.72,-3.59,9.10
497,4,recover,pouncer,4.57,-5.48,10.89
498,1,patrol,swarm,-13.77,-5.84,12.15
498,2,chase,swarm,-1.44,-1.31,3.64
498,3,advance,bruiser,3.72,-3.59,9.11
498,4,recover,pouncer,4.57,-5.48,10.91
499,1,patrol,swarm,-13.77,-5.88,12.14
499,2,chase,swarm,-1.44,-1.15,3.67
499,3,advance,bruiser,3.66,-3.55,9.19
499,4,recover,pouncer,4.57,-5.48,11.05
500,1,patrol,swarm,-13.77,-5.88,12.14
500,2,chase,swarm,-1.44,-1.12,3.67
500,3,advance,bruiser,3.66,-3.55,9.20
500,4,recover,pouncer,4.57,-5.48,11.07
501,1,patrol,swarm,-13.78,-5.95,12.14
501,2,chase,swarm,-1.44,-0.84,3.73
501,3,advance,bruiser,3.56,-3.49,9.33
501,4,recover,pouncer,4.57,-5.48,11.32
502,1,patrol,swarm,-13.78,-5.96,12.14
502,2,chase,swarm,-1.44,-0.81,3.73
502,3,advance,bruiser,3.56,-3.48,9.34
502,4,recover,pouncer,4.57,-5.48,11.34
503,1,patrol,swarm,-13.78,-5.98,12.14
503,2,chase,swarm,-1.44,-0.71,3.75
503,3,advance,bruiser,3.52,-3.46,9.39
503,4,recover,pouncer,4.57,-5.48,11.43
504,1,patrol,swarm,-13.78,-5.99,12.14
504,2,chase,swarm,-1.44,-0.68,3.76
504,3,advance,bruiser,3.51,-3.45,9.40
504,4,recover,pouncer,4.57,-5.48,11.45
505,1,patrol,swarm,-13.78,-6.01,12.15
505,2,chase,swarm,-1.45,-0.57,3.78
505,3,advance,bruiser,3.48,-3.43,9.46
505,4,recover,pouncer,4.57,-5.48,11.55
506,1,patrol,swarm,-13.78,-6.02,12.15
506,2,chase,swarm,-1.45,-0.55,3.78
506,3,advance,bruiser,3.47,-3.42,9.47
506,4,recover,pouncer,4.57,-5.48,11.57
507,1,patrol,swarm,-13.78,-6.04,12.15
507,2,chase,swarm,-1.46,-0.46,3.80
507,3,advance,bruiser,3.44,-3.41,9.51
507,4,recover,pouncer,4.57,-5.48,11.65
508,1,patrol,swarm,-13.78,-6.05,12.15
508,2,chase,swarm,-1.46,-0.43,3.81
508,3,advance,bruiser,3.43,-3.40,9.52
508,4,recover,pouncer,4.57,-5.48,11.67
509,1,patrol,swarm,-13.79,-6.07,12.16
509,2,chase,swarm,-1.47,-0.32,3.83
509,3,advance,bruiser,3.40,-3.38,9.58
509,4,recover,pouncer,4.57,-5.48,11.77
510,1,patrol,swarm,-13.79,-6.08,12.16
510,2,chase,swarm,-1.47,-0.29,3.84
510,3,advance,bruiser,3.39,-3.37,9.59
510,4,recover,pouncer,4.57,-5.48,11.79
511,1,patrol,swarm,-13.79,-6.12,12.17
511,2,chase,swarm,-1.49,-0.12,3.87
511,3,advance,bruiser,3.33,-3.33,9.67
511,4,recover,pouncer,4.57,-5.48,11.94
512,1,patrol,swarm,-13.79,-6.12,12.17
512,2,chase,swarm,-1.49,-0.10,3.88
512,3,advance,bruiser,3.33,-3.33,9.68
512,4,recover,pouncer,4.57,-5.48,11.96
513,1,patrol,swarm,-13.79,-6.15,12.18
513,2,chase,swarm,-1.50,-0.01,3.90
513,3,advance,bruiser,3.30,-3.31,9.72
513,4,recover,pouncer,4.57,-5.48,12.04
514,1,patrol,swarm,-13.79,-6.15,12.18
514,2,chase,swarm,-1.51,0.02,3.90
514,3,advance,bruiser,3.29,-3.30,9.73
514,4,recover,pouncer,4.57,-5.48,12.06
515,1,patrol,swarm,-13.79,-6.18,12.19
515,2,chase,swarm,-1.53,0.13,3.92
515,3,advance,bruiser,3.25,-3.28,9.78
515,4,recover,pouncer,4.57,-5.48,12.15
516,1,patrol,swarm,-13.79,-6.18,12.19
516,2,chase,swarm,-1.53,0.15,3.93
516,3,advance,bruiser,3.24,-3.28,9.79
516,4,recover,pouncer,4.57,-5.48,12.17
517,1,patrol,swarm,-13.79,-6.21,12.20
517,2,chase,swarm,-1.55,0.24,3.94
517,3,advance,bruiser,3.21,-3.26,9.84
517,4,recover,pouncer,4.57,-5.48,12.25
518,1,patrol,swarm,-13.79,-6.21,12.20
518,2,chase,swarm,-1.56,0.27,3.95
518,3,advance,bruiser,3.21,-3.25,9.85
518,4,recover,pouncer,4.57,-5.48,12.28
519,1,patrol,swarm,-13.79,-6.25,12.22
519,2,chase,swarm,-1.60,0.42,3.97
519,3,advance,bruiser,3.15,-3.21,9.93
519,4,recover,pouncer,4.57,-5.48,12.42
520,1,patrol,swarm,-13.79,-6.25,12.21
520,2,chase,swarm,-1.61,0.45,3.97
520,3,advance,bruiser,3.15,-3.21,9.94
520,4,recover,pouncer,4.57,-5.48,12.44
521,1,patrol,swarm,-13.77,-6.24,12.19
521,2,chase,swarm,-1.63,0.52,3.98
521,3,advance,bruiser,3.12,-3.19,9.98
521,4,recover,pouncer,4.57,-5.48,12.51
522,1,patrol,swarm,-13.76,-6.24,12.18
522,2,chase,swarm,-1.64,0.55,3.99
522,3,advance,bruiser,3.11,-3.19,9.99
522,4,recover,pouncer,4.57,-5.48,12.53
523,1,patrol,swarm,-13.73,-6.23,12.14
523,2,chase,swarm,-1.69,0.67,4.00
523,3,advance,bruiser,3.07,-3.16,10.05
523,4,recover,pouncer,4.57,-5.48,12.65
524,1,patrol,swarm,-13.72,-6.23,12.14
524,2,chase,swarm,-1.70,0.70,4.00
524,3,advance,bruiser,3.06,-3.15,10.07
524,4,recover,pouncer,4.57,-5.48,12.67
525,1,patrol,swarm,-13.67,-6.21,12.08
525,2,chase,swarm,-1.78,0.87,4.01
525,3,advance,bruiser,3.00,-3.11,10.15
525,4,recover,pouncer,4.57,-5.48,12.83
526,1,patrol,swarm,-13.66,-6.21,12.08
526,2,chase,swarm,-1.79,0.89,4.01
526,3,advance,bruiser,2.99,-3.10,10.17
526,4,recover,pouncer,4.57,-5.48,12.86
527,1,patrol,swarm,-13.64,-6.20,12.06
527,2,chase,swarm,-1.83,0.96,4.01
527,3,advance,bruiser,2.97,-3.09,10.20
527,4,recover,pouncer,4.57,-5.48,12.92
528,1,patrol,swarm,-13.64,-6.20,12.05
528,2,chase,swarm,-1.84,0.98,4.01
528,3,advance,bruiser,2.96,-3.08,10.22
528,4,recover,pouncer,4.57,-5.48,12.94
529,1,patrol,swarm,-13.60,-6.19,12.02
529,2,chase,swarm,-1.91,1.09,4.01
529,3,advance,bruiser,2.92,-3.05,10.28
529,4,recover,pouncer,4.57,-5.48,13.06
530,1,patrol,swarm,-13.59,-6.19,12.01
530,2,chase,swarm,-1.94,1.13,4.01
530,3,advance,bruiser,2.90,-3.04,10.30
530,4,recover,pouncer,4.57,-5.48,13.10
531,1,patrol,swarm,-13.54,-6.17,11.96
531,2,chase,swarm,-2.08,1.28,3.99
531,3,advance,bruiser,2.84,-3.00,10.40
531,4,recover,pouncer,4.57,-5.48,13.28
532,1,alert,swarm,-13.54,-6.17,11.96
532,2,chase,swarm,-2.11,1.31,3.98
532,3,advance,bruiser,2.82,-2.99,10.42
532,4,recover,pouncer,4.57,-5.48,13.31
533,1,alert,swarm,-13.54,-6.17,11.96
533,2,chase,swarm,-2.17,1.36,3.97
533,3,advance,bruiser,2.80,-2.97,10.45
533,4,recover,pouncer,4.57,-5.48,13.38
534,1,alert,swarm,-13.54,-6.17,11.96
534,2,chase,swarm,-2.20,1.38,3.97
534,3,advance,bruiser,2.79,-2.96,10.47
534,4,recover,pouncer,4.57,-5.48,13.41
535,1,alert,swarm,-13.54,-6.17,11.97
535,2,chase,swarm,-2.28,1.44,3.95
535,3,advance,bruiser,2.75,-2.94,10.52
535,4,recover,pouncer,4.57,-5.48,13.50
536,1,alert,swarm,-13.54,-6.17,11.97
536,2,chase,swarm,-2.30,1.46,3.95
536,3,advance,bruiser,2.75,-2.94,10.53
536,4,recover,pouncer,4.57,-5.48,13.52
537,1,alert,swarm,-13.54,-6.17,11.97
537,2,chase,swarm,-2.50,1.55,3.91
537,3,advance,bruiser,2.68,-2.89,10.63
537,4,recover,pouncer,4.57,-5.48,13.71
538,1,alert,swarm,-13.54,-6.17,11.98
538,2,chase,swarm,-2.53,1.57,3.90
538,3,advance,bruiser,2.67,-2.88,10.65
538,4,stalk,pouncer,4.57,-5.48,13.74
539,1,alert,swarm,-13.54,-6.17,11.98
539,2,chase,swarm,-2.62,1.60,3.89
539,3,advance,bruiser,2.63,-2.86,10.70
539,4,stalk,pouncer,4.51,-5.49,13.78
540,1,alert,swarm,-13.54,-6.17,11.98
540,2,chase,swarm,-2.66,1.61,3.88
540,3,advance,bruiser,2.62,-2.85,10.71
540,4,stalk,pouncer,4.49,-5.49,13.80
541,1,alert,swarm,-13.54,-6.17,11.99
541,2,chase,swarm,-2.80,1.64,3.86
541,3,advance,bruiser,2.58,-2.82,10.78
541,4,stalk,pouncer,4.40,-5.50,13.86
542,1,alert,swarm,-13.54,-6.17,11.99
542,2,chase,swarm,-2.84,1.65,3.86
542,3,advance,bruiser,2.56,-2.81,10.80
542,4,stalk,pouncer,4.38,-5.50,13.88
543,1,alert,swarm,-13.54,-6.17,12.00
543,2,chase,swarm,-2.96,1.66,3.84
543,3,advance,bruiser,2.53,-2.78,10.86
543,4,stalk,pouncer,4.30,-5.51,13.93
544,1,alert,swarm,-13.54,-6.17,12.00
544,2,chase,swarm,-3.00,1.67,3.84
544,3,advance,bruiser,2.51,-2.77,10.87
544,4,stalk,pouncer,4.28,-5.51,13.94
545,1,alert,swarm,-13.54,-6.17,12.01
545,2,chase,swarm,-3.11,1.67,3.83
545,3,advance,bruiser,2.48,-2.75,10.93
545,4,stalk,pouncer,4.21,-5.51,13.99
546,1,alert,swarm,-13.54,-6.17,12.02
546,2,chase,swarm,-3.15,1.67,3.83
546,3,advance,bruiser,2.47,-2.74,10.95
546,4,stalk,pouncer,4.19,-5.51,14.01
547,1,alert,swarm,-13.54,-6.17,12.03
547,2,chase,swarm,-3.24,1.67,3.83
547,3,advance,bruiser,2.44,-2.72,10.99
547,4,stalk,pouncer,4.13,-5.52,14.05
548,1,alert,swarm,-13.54,-6.17,12.03
548,2,chase,swarm,-3.28,1.67,3.83
548,3,advance,bruiser,2.43,-2.71,11.01
548,4,stalk,pouncer,4.11,-5.52,14.07
549,1,alert,swarm,-13.54,-6.17,12.04
549,2,chase,swarm,-3.39,1.67,3.83
549,3,advance,bruiser,2.39,-2.69,11.06
549,4,stalk,pouncer,4.04,-5.53,14.12
550,1,alert,swarm,-13.54,-6.17,12.04
550,2,chase,swarm,-3.42,1.67,3.83
550,3,advance,bruiser,2.38,-2.68,11.07
550,4,stalk,pouncer,4.02,-5.53,14.13
551,1,alert,swarm,-13.54,-6.17,12.05
551,2,chase,swarm,-3.53,1.66,3.84
551,3,advance,bruiser,2.35,-2.66,11.13
551,4,stalk,pouncer,3.96,-5.53,14.17
552,1,alert,swarm,-13.54,-6.17,12.06
552,2,chase,swarm,-3.56,1.65,3.84
552,3,advance,bruiser,2.34,-2.65,11.14
552,4,stalk,pouncer,3.94,-5.53,14.19
553,1,alert,swarm,-13.54,-6.17,12.07
553,2,chase,swarm,-3.70,1.64,3.86
553,3,advance,bruiser,2.29,-2.62,11.21
553,4,stalk,pouncer,3.85,-5.54,14.25
554,1,alert,swarm,-13.54,-6.17,12.08
554,2,chase,swarm,-3.73,1.63,3.86
554,3,advance,bruiser,2.28,-2.61,11.22
554,4,stalk,pouncer,3.83,-5.54,14.26
555,1,alert,swarm,-13.54,-6.17,12.09
555,2,chase,swarm,-3.82,1.62,3.87
555,3,advance,bruiser,2.25,-2.59,11.26
555,4,stalk,pouncer,3.78,-5.54,14.30
556,1,chase,swarm,-13.54,-6.17,12.09
556,2,chase,swarm,-3.85,1.62,3.88
556,3,advance,bruiser,2.25,-2.58,11.28
556,4,stalk,pouncer,3.76,-5.55,14.31
557,1,chase,swarm,-13.44,-6.15,12.04
557,2,chase,swarm,-3.94,1.61,3.89
557,3,advance,bruiser,2.21,-2.56,11.32
557,4,stalk,pouncer,3.70,-5.55,14.35
558,1,chase,swarm,-13.41,-6.15,12.02
558,2,chase,swarm,-3.97,1.61,3.90
558,3,advance,bruiser,2.21,-2.56,11.34
558,4,stalk,pouncer,3.68,-5.55,14.37
559,1,chase,swarm,-13.27,-6.12,11.95
559,2,chase,swarm,-4.12,1.59,3.92
559,3,advance,bruiser,2.16,-2.52,11.41
559,4,stalk,pouncer,3.59,-5.55,14.43
560,1,chase,swarm,-13.24,-6.12,11.93
560,2,chase,swarm,-4.14,1.58,3.93
560,3,advance,bruiser,2.15,-2.52,11.42
560,4,stalk,pouncer,3.58,-5.56,14.44
561,1,chase,swarm,-13.15,-6.10,11.89
561,2,chase,swarm,-4.23,1.57,3.95
561,3,advance,bruiser,2.12,-2.50,11.46
561,4,stalk,pouncer,3.52,-5.56,14.48
562,1,chase,swarm,-13.12,-6.09,11.87
562,2,chase,swarm,-4.26,1.57,3.95
562,3,advance,bruiser,2.11,-2.49,11.47
562,4,stalk,pouncer,3.50,-5.56,14.49
563,1,chase,swarm,-12.98,-6.05,11.79
563,2,chase,swarm,-4.41,1.55,3.98
563,3,advance,bruiser,2.07,-2.46,11.54
563,4,stalk,pouncer,3.41,-5.56,14.56
564,1,chase,swarm,-12.96,-6.04,11.78
564,2,chase,swarm,-4.44,1.55,3.99
564,3,advance,bruiser,2.06,-2.45,11.56
564,4,stalk,pouncer,3.40,-5.56,14.57
565,1,chase,swarm,-12.75,-5.96,11.66
565,2,chase,swarm,-4.65,1.53,4.04
565,3,advance,bruiser,1.99,-2.40,11.66
565,4,stalk,pouncer,3.39,-5.43,14.66
566,1,chase,swarm,-12.72,-5.95,11.64
566,2,chase,swarm,-4.68,1.53,4.04
566,3,advance,bruiser,1.98,-2.39,11.67
566,4,stalk,pouncer,3.39,-5.41,14.67
567,1,chase,swarm,-12.64,-5.91,11.59
567,2,chase,swarm,-4.78,1.52,4.06
567,3,advance,bruiser,1.95,-2.37,11.72
567,4,stalk,pouncer,3.39,-5.35,14.71
568,1,chase,swarm,-12.61,-5.90,11.58
568,2,chase,swarm,-4.80,1.52,4.07
568,3,advance,bruiser,1.94,-2.37,11.73
568,4,stalk,pouncer,3.39,-5.34,14.73
569,1,chase,swarm,-12.52,-5.85,11.52
569,2,chase,swarm,-4.91,1.52,4.09
569,3,advance,bruiser,1.91,-2.34,11.78
569,4,stalk,pouncer,3.38,-5.27,14.77
570,1,chase,swarm,-12.49,-5.84,11.50
570,2,chase,swarm,-4.94,1.52,4.10
570,3,advance,bruiser,1.90,-2.34,11.80
570,4,stalk,pouncer,3.38,-5.25,14.78
571,1,chase,swarm,-12.27,-5.66,11.32
571,2,chase,swarm,-5.23,1.52,4.15
571,3,advance,bruiser,1.81,-2.27,11.93
571,4,stalk,pouncer,3.37,-5.08,14.91
572,1,chase,swarm,-12.25,-5.64,11.31
572,2,chase,swarm,-5.25,1.53,4.16
572,3,advance,bruiser,1.80,-2.26,11.94
572,4,stalk,pouncer,3.37,-5.06,14.92
573,1,chase,swarm,-12.18,-5.57,11.24
573,2,chase,swarm,-5.35,1.54,4.17
573,3,advance,bruiser,1.77,-2.24,11.99
573,4,stalk,pouncer,3.37,-5.00,14.96
574,1,chase,swarm,-12.16,-5.55,11.22
574,2,chase,swarm,-5.38,1.54,4.18
574,3,advance,bruiser,1.76,-2.23,12.01
574,4,stalk,pouncer,3.36,-4.98,14.98
575,1,chase,swarm,-12.10,-5.48,11.16
575,2,chase,swarm,-5.48,1.55,4.19
575,3,advance,bruiser,1.73,-2.21,12.05
575,4,stalk,pouncer,3.36,-4.93,15.02
576,1,chase,swarm,-12.08,-5.45,11.14
576,2,chase,swarm,-5.51,1.56,4.19
576,3,advance,bruiser,1.72,-2.21,12.07
576,4,stalk,pouncer,3.36,-4.91,15.03
577,1,chase,swarm,-12.02,-5.36,11.06
577,2,chase,swarm,-5.62,1.58,4.21
577,3,advance,bruiser,1.69,-2.18,12.12
577,4,stalk,pouncer,3.35,-4.84,15.08
578,1,chase,swarm,-12.00,-5.34,11.05
578,2,chase,swarm,-5.64,1.58,4.21
578,3,advance,bruiser,1.68,-2.18,12.13
578,4,stalk,pouncer,3.35,-4.82,15.09
579,1,chase,swarm,-11.95,-5.23,10.96
579,2,chase,swarm,-5.76,1.61,4.22
579,3,advance,bruiser,1.64,-2.15,12.19
579,4,stalk,pouncer,3.35,-4.75,15.14
580,1,chase,swarm,-11.94,-5.21,10.95
580,2,chase,swarm,-5.78,1.62,4.22
580,3,advance,bruiser,1.64,-2.14,12.20
580,4,stalk,pouncer,3.35,-4.73,15.15
581,1,chase,swarm,-11.91,-5.11,10.88
581,2,chase,swarm,-5.88,1.65,4.23
581,3,advance,bruiser,1.60,-2.12,12.25
581,4,stalk,pouncer,3.34,-4.67,15.19
582,1,chase,swarm,-11.90,-5.08,10.86
582,2,chase,swarm,-5.91,1.65,4.23
582,3,advance,bruiser,1.59,-2.11,12.26
582,4,stalk,pouncer,3.34,-4.65,15.21
583,1,chase,swarm,-11.87,-4.98,10.79
583,2,chase,swarm,-6.01,1.69,4.23
583,3,advance,bruiser,1.56,-2.09,12.31
583,4,stalk,pouncer,3.33,-4.59,15.25
584,1,chase,swarm,-11.87,-4.95,10.77
584,2,chase,swarm,-6.03,1.70,4.23
584,3,advance,bruiser,1.55,-2.08,12.33
584,4,stalk,pouncer,3.33,-4.57,15.26
585,1,chase,swarm,-11.86,-4.84,10.70
585,2,chase,swarm,-6.13,1.75,4.23
585,3,advance,bruiser,1.52,-2.06,12.38
585,4,stalk,pouncer,3.33,-4.50,15.31
586,1,chase,swarm,-11.85,-4.82,10.68
586,2,chase,swarm,-6.15,1.76,4.23
586,3,advance,bruiser,1.51,-2.05,12.39
586,4,stalk,pouncer,3.33,-4.49,15.32
587,1,chase,swarm,-11.87,-4.60,10.55
587,2,chase,swarm,-6.34,1.88,4.21
587,3,advance,bruiser,1.44,-2.00,12.49
587,4,stalk,pouncer,3.31,-4.35,15.42
588,1,chase,swarm,-11.87,-4.57,10.54
588,2,chase,swarm,-6.36,1.90,4.21
588,3,advance,bruiser,1.43,-1.99,12.51
588,4,stalk,pouncer,3.31,-4.34,15.43
589,1,chase,swarm,-11.89,-4.46,10.48
589,2,chase,swarm,-6.45,1.97,4.19
589,3,advance,bruiser,1.40,-1.97,12.56
589,4,stalk,pouncer,3.30,-4.27,15.48
590,1,chase,swarm,-11.90,-4.44,10.47
590,2,chase,swarm,-6.47,1.99,4.19
590,3,advance,bruiser,1.39,-1.96,12.57
590,4,stalk,pouncer,3.30,-4.25,15.49
591,1,chase,swarm,-11.94,-4.29,10.39
591,2,chase,swarm,-6.57,2.10,4.17
591,3,advance,bruiser,1.35,-1.93,12.64
591,4,stalk,pouncer,3.29,-4.16,15.55
592,1,chase,swarm,-11.94,-4.26,10.38
592,2,chase,swarm,-6.59,2.12,4.16
592,3,advance,bruiser,1.34,-1.92,12.66
592,4,stalk,pouncer,3.29,-4.14,15.57
593,1,chase,swarm,-11.98,-4.16,10.33
593,2,chase,swarm,-6.65,2.21,4.14
593,3,advance,bruiser,1.30,-1.89,12.71
593,4,stalk,pouncer,3.28,-4.08,15.61
594,1,chase,swarm,-11.99,-4.13,10.31
594,2,chase,swarm,-6.67,2.23,4.14
594,3,advance,bruiser,1.29,-1.89,12.72
594,4,stalk,pouncer,3.28,-4.06,15.63
595,1,chase,swarm,-12.03,-4.04,10.27
595,2,chase,swarm,-6.72,2.31,4.12
595,3,advance,bruiser,1.26,-1.87,12.77
595,4,stalk,pouncer,3.28,-4.00,15.67
596,1,chase,swarm,-12.03,-4.02,10.26
596,2,chase,swarm,-6.73,2.33,4.12
596,3,advance,bruiser,1.26,-1.86,12.78
596,4,stalk,pouncer,3.27,-3.99,15.68
597,1,chase,swarm,-12.07,-3.95,10.23
597,2,chase,swarm,-6.77,2.40,4.11
597,3,advance,bruiser,1.23,-1.84,12.82
597,4,stalk,pouncer,3.27,-3.94,15.71
598,1,chase,swarm,-12.08,-3.93,10.22
598,2,chase,swarm,-6.78,2.42,4.10
598,3,advance,bruiser,1.22,-1.84,12.83
598,4,stalk,pouncer,3.27,-3.92,15.72
599,1,chase,swarm,-12.13,-3.82,10.18
599,2,chase,swarm,-6.82,2.54,4.09
599,3,advance,bruiser,1.19,-1.81,12.89
599,4,stalk,pouncer,3.26,-3.85,15.77
600,1,chase,swarm,-12.14,-3.79,10.17
600,2,chase,swarm,-6.83,2.57,4.08
600,3,advance,bruiser,1.18,-1.80,12.90
600,4,stalk,pouncer,3.26,-3.83,15.78
601,1,chase,swarm,-12.20,-3.69,10.13
601,2,chase,swarm,-6.86,2.67,4.07
601,3,advance,bruiser,1.14,-1.78,12.95
601,4,stalk,pouncer,3.25,-3.76,15.83
602,1,chase,swarm,-12.21,-3.67,10.12
602,2,chase,swarm,-6.87,2.70,4.07
602,3,advance,bruiser,1.14,-1.77,12.96
602,4,stalk,pouncer,3.25,-3.75,15.84
603,1,chase,swarm,-12.26,-3.57,10.08
603,2,chase,swarm,-6.89,2.81,4.06
603,3,advance,bruiser,1.10,-1.74,13.02
603,4,stalk,pouncer,3.24,-3.68,15.89
604,1,chase,swarm,-12.28,-3.55,10.08
604,2,chase,swarm,-6.89,2.83,4.06
604,3,advance,bruiser,1.09,-1.74,13.03
604,4,stalk,pouncer,3.24,-3.67,15.90
605,1,chase,swarm,-12.34,-3.45,10.04
605,2,chase,swarm,-6.91,2.95,4.06
605,3,advance,bruiser,1.05,-1.71,13.09
605,4,stalk,pouncer,3.23,-3.59,15.95
606,1,chase,swarm,-12.35,-3.43,10.03
606,2,chase,swarm,-6.92,2.98,4.06
606,3,advance,bruiser,1.05,-1.70,13.10
606,4,stalk,pouncer,3.23,-3.58,15.97
607,1,chase,swarm,-12.63,-3.01,9.90
607,2,chase,swarm,-6.90,3.48,4.12
607,3,advance,bruiser,0.89,-1.59,13.33
607,4,stalk,pouncer,3.19,-3.27,16.18
608,1,chase,swarm,-12.64,-2.99,9.89
608,2,chase,swarm,-6.90,3.50,4.12
608,3,advance,bruiser,0.89,-1.58,13.35
608,4,stalk,pouncer,3.18,-3.26,16.19
609,1,chase,swarm,-12.69,-2.92,9.86
609,2,chase,swarm,-6.90,3.59,4.14
609,3,advance,bruiser,0.86,-1.56,13.39
609,4,stalk,pouncer,3.18,-3.20,16.23
610,1,chase,swarm,-12.70,-2.90,9.86
610,2,chase,swarm,-6.90,3.61,4.14
610,3,advance,bruiser,0.85,-1.56,13.40
610,4,stalk,pouncer,3.17,-3.19,16.24
611,1,chase,swarm,-12.75,-2.83,9.83
611,2,chase,swarm,-6.90,3.69,4.15
611,3,advance,bruiser,0.83,-1.54,13.44
611,4,stalk,pouncer,3.17,-3.14,16.27
612,1,chase,swarm,-12.76,-2.81,9.83
612,2,chase,swarm,-6.90,3.71,4.15
612,3,advance,bruiser,0.82,-1.53,13.45
612,4,stalk,pouncer,3.17,-3.13,16.28
613,1,chase,swarm,-12.80,-2.74,9.80
613,2,chase,swarm,-6.90,3.80,4.17
613,3,advance,bruiser,0.79,-1.51,13.49
613,4,stalk,pouncer,3.16,-3.08,16.32
614,1,chase,swarm,-12.81,-2.72,9.79
614,2,chase,swarm,-6.90,3.82,4.17
614,3,advance,bruiser,0.79,-1.51,13.50
614,4,stalk,pouncer,3.16,-3.06,16.33
615,1,chase,swarm,-12.86,-2.65,9.77
615,2,chase,swarm,-6.90,3.91,4.19
615,3,advance,bruiser,0.76,-1.49,13.54
615,4,stalk,pouncer,3.15,-3.01,16.36
616,1,chase,swarm,-12.87,-2.63,9.76
616,2,chase,swarm,-6.90,3.93,4.19
616,3,advance,bruiser,0.75,-1.48,13.55
616,4,stalk,pouncer,3.15,-3.00,16.37
617,1,chase,swarm,-12.93,-2.52,9.72
617,2,chase,swarm,-6.90,4.05,4.22
617,3,advance,bruiser,0.72,-1.45,13.61
617,4,stalk,pouncer,3.14,-2.93,16.42
618,1,chase,swarm,-12.94,-2.50,9.71
618,2,chase,swarm,-6.90,4.07,4.22
618,3,advance,bruiser,0.71,-1.45,13.62
618,4,stalk,pouncer,3.13,-2.91,16.43
619,1,chase,swarm,-12.98,-2.43,9.68
619,2,chase,swarm,-6.91,4.15,4.24
619,3,advance,bruiser,0.69,-1.43,13.66
619,4,stalk,pouncer,3.13,-2.86,16.47
620,1,chase,swarm,-12.99,-2.41,9.68
620,2,chase,swarm,-6.91,4.18,4.24
620,3,advance,bruiser,0.68,-1.42,13.67
620,4,stalk,pouncer,3.12,-2.85,16.48
621,1,chase,swarm,-13.04,-2.31,9.64
621,2,chase,swarm,-6.91,4.29,4.27
621,3,advance,bruiser,0.64,-1.40,13.72
621,4,stalk,pouncer,3.11,-2.78,16.53
622,1,chase,swarm,-13.05,-2.29,9.63
622,2,chase,swarm,-6.91,4.31,4.27
622,3,advance,bruiser,0.64,-1.39,13.73
622,4,stalk,pouncer,3.11,-2.77,16.53
623,1,chase,swarm,-13.10,-2.18,9.58
623,2,chase,swarm,-6.92,4.44,4.30
623,3,advance,bruiser,0.60,-1.36,13.79
623,4,stalk,pouncer,3.10,-2.69,16.59
624,1,chase,swarm,-13.11,-2.16,9.57
624,2,chase,swarm,-6.92,4.46,4.30
624,3,advance,bruiser,0.59,-1.36,13.80
624,4,stalk,pouncer,3.10,-2.68,16.60
625,1,chase,swarm,-13.15,-2.07,9.53
625,2,chase,swarm,-6.93,4.56,4.32
625,3,advance,bruiser,0.56,-1.34,13.85
625,4,stalk,pouncer,3.09,-2.62,16.64
626,1,chase,swarm,-13.16,-2.05,9.52
626,2,chase,swarm,-6.93,4.57,4.33
626,3,advance,bruiser,0.56,-1.33,13.86
626,4,stalk,pouncer,3.08,-2.60,16.65
627,1,chase,swarm,-13.19,-1.95,9.48
627,2,chase,swarm,-6.94,4.67,4.35
627,3,advance,bruiser,0.52,-1.31,13.91
627,4,stalk,pouncer,3.07,-2.54,16.69
628,1,chase,swarm,-13.20,-1.92,9.46
628,2,chase,swarm,-6.94,4.70,4.35
628,3,advance,bruiser,0.52,-1.30,13.92
628,4,stalk,pouncer,3.07,-2.53,16.70
629,1,chase,swarm,-13.22,-1.85,9.43
629,2,chase,swarm,-6.95,4.78,4.37
629,3,advance,bruiser,0.49,-1.28,13.95
629,4,stalk,pouncer,3.06,-2.48,16.74
630,1,chase,swarm,-13.24,-1.78,9.40
630,2,chase,swarm,-6.96,4.85,4.38
630,3,advance,bruiser,0.47,-1.27,13.99
630,4,stalk,pouncer,3.06,-2.44,16.77
631,1,chase,swarm,-13.26,-1.72,9.36
631,2,chase,swarm,-6.98,4.92,4.39
631,3,advance,bruiser,0.45,-1.25,14.02
631,4,stalk,pouncer,3.05,-2.39,16.80
632,1,chase,swarm,-13.27,-1.64,9.32
632,2,chase,swarm,-6.99,4.99,4.41
632,3,advance,bruiser,0.43,-1.23,14.06
632,4,stalk,pouncer,3.04,-2.35,16.83
633,1,chase,swarm,-13.28,-1.57,9.28
633,2,chase,swarm,-7.00,5.07,4.42
633,3,advance,bruiser,0.40,-1.21,14.09
633,4,stalk,pouncer,3.03,-2.30,16.86
634,1,chase,swarm,-13.29,-1.49,9.24
634,2,chase,swarm,-7.02,5.14,4.43
634,3,advance,bruiser,0.38,-1.20,14.13
634,4,stalk,pouncer,3.03,-2.26,16.89
635,1,chase,swarm,-13.30,-1.42,9.20
635,2,chase,swarm,-7.04,5.21,4.44
635,3,advance,bruiser,0.36,-1.18,14.16
635,4,stalk,pouncer,3.02,-2.21,16.92
636,1,chase,swarm,-13.30,-1.35,9.16
636,2,chase,swarm,-7.06,5.28,4.45
636,3,advance,bruiser,0.34,-1.16,14.20
636,4,stalk,pouncer,3.01,-2.17,16.95
637,1,chase,swarm,-13.29,-1.27,9.11
637,2,chase,swarm,-7.08,5.35,4.46
637,3,advance,bruiser,0.31,-1.14,14.23
637,4,stalk,pouncer,3.00,-2.13,16.99
638,1,chase,swarm,-13.29,-1.19,9.06
638,2,chase,swarm,-7.11,5.43,4.47
638,3,advance,bruiser,0.29,-1.13,14.27
638,4,stalk,pouncer,2.99,-2.08,17.02
639,1,chase,swarm,-13.28,-1.13,9.03
639,2,chase,swarm,-7.13,5.49,4.47
639,3,advance,bruiser,0.27,-1.11,14.30
639,4,stalk,pouncer,2.99,-2.04,17.05
640,1,chase,swarm,-13.26,-1.05,8.98
640,2,chase,swarm,-7.16,5.56,4.48
640,3,advance,bruiser,0.24,-1.09,14.34
640,4,stalk,pouncer,2.98,-1.99,17.08
641,1,chase,swarm,-13.24,-0.99,8.94
641,2,chase,swarm,-7.19,5.62,4.48
641,3,advance,bruiser,0.22,-1.08,14.37
641,4,stalk,pouncer,2.97,-1.95,17.11
642,1,chase,swarm,-13.10,-0.71,8.77
642,2,chase,swarm,-7.35,5.89,4.47
642,3,advance,bruiser,0.13,-1.00,14.52
642,4,stalk,pouncer,2.93,-1.76,17.24
643,1,chase,swarm,-13.09,-0.69,8.75
643,2,chase,swarm,-7.37,5.91,4.47
643,3,advance,bruiser,0.12,-1.00,14.53
643,4,stalk,pouncer,2.93,-1.75,17.25
644,1,chase,swarm,-13.03,-0.59,8.70
644,2,chase,swarm,-7.44,6.00,4.46
644,3,advance,bruiser,0.08,-0.97,14.59
644,4,stalk,pouncer,2.92,-1.68,17.30
645,1,chase,swarm,-12.97,-0.50,8.65
645,2,chase,swarm,-7.51,6.07,4.45
645,3,advance,bruiser,0.05,-0.94,14.64
645,4,stalk,pouncer,2.91,-1.62,17.34
646,1,chase,swarm,-12.96,-0.48,8.64
646,2,chase,swarm,-7.53,6.09,4.45
646,3,advance,bruiser,0.04,-0.94,14.65
646,4,stalk,pouncer,2.90,-1.60,17.36
647,1,chase,swarm,-12.86,-0.36,8.58
647,2,chase,swarm,-7.64,6.19,4.43
647,3,advance,bruiser,-0.00,-0.90,14.72
647,4,stalk,pouncer,2.88,-1.51,17.42
648,1,chase,swarm,-12.85,-0.34,8.57
648,2,chase,swarm,-7.67,6.21,4.43
648,3,advance,bruiser,-0.01,-0.90,14.73
648,4,stalk,pouncer,2.88,-1.49,17.43
649,1,chase,swarm,-12.77,-0.26,8.53
649,2,chase,swarm,-7.76,6.27,4.41
649,3,advance,bruiser,-0.04,-0.87,14.79
649,4,stalk,pouncer,2.87,-1.42,17.48
650,1,chase,swarm,-12.76,-0.24,8.52
650,2,chase,swarm,-7.78,6.28,4.41
650,3,advance,bruiser,-0.05,-0.86,14.80
650,4,stalk,pouncer,2.87,-1.41,17.49
651,1,chase,swarm,-12.64,-0.12,8.47
651,2,chase,swarm,-7.93,6.35,4.38
651,3,advance,bruiser,-0.10,-0.82,14.88
651,4,stalk,pouncer,2.84,-1.31,17.56
652,1,chase,swarm,-12.62,-0.10,8.46
652,2,chase,swarm,-7.96,6.37,4.37
652,3,advance,bruiser,-0.11,-0.82,14.89
652,4,stalk,pouncer,2.84,-1.29,17.57
653,1,chase,swarm,-12.55,-0.03,8.44
653,2,chase,swarm,-8.05,6.40,4.36
653,3,advance,bruiser,-0.14,-0.79,14.94
653,4,stalk,pouncer,2.83,-1.23,17.61
654,1,chase,swarm,-12.53,-0.01,8.43
654,2,chase,swarm,-8.08,6.41,4.35
654,3,advance,bruiser,-0.15,-0.79,14.95
654,4,stalk,pouncer,2.82,-1.22,17.63
655,1,chase,swarm,-12.47,0.04,8.42
655,2,chase,swarm,-8.15,6.43,4.34
655,3,advance,bruiser,-0.17,-0.77,14.99
655,4,stalk,pouncer,2.81,-1.17,17.66
656,1,chase,swarm,-12.45,0.07,8.41
656,2,chase,swarm,-8.18,6.44,4.34
656,3,advance,bruiser,-0.18,-0.76,15.00
656,4,stalk,pouncer,2.81,-1.15,17.67
657,1,chase,swarm,-12.37,0.14,8.39
657,2,chase,swarm,-8.29,6.46,4.33
657,3,advance,bruiser,-0.22,-0.73,15.06
657,4,stalk,pouncer,2.80,-1.08,17.72
658,1,chase,swarm,-12.34,0.17,8.39
658,2,chase,swarm,-8.33,6.46,4.32
658,3,advance,bruiser,-0.23,-0.73,15.07
658,4,stalk,pouncer,2.79,-1.06,17.73
659,1,chase,swarm,-12.18,0.31,8.36
659,2,chase,swarm,-8.54,6.47,4.31
659,3,advance,bruiser,-0.29,-0.67,15.18
659,4,stalk,pouncer,2.76,-0.93,17.82
660,1,chase,swarm,-12.16,0.33,8.36
660,2,chase,swarm,-8.57,6.47,4.31
660,3,advance,bruiser,-0.30,-0.67,15.19
660,4,stalk,pouncer,2.76,-0.92,17.84
661,1,chase,swarm,-12.09,0.40,8.35
661,2,chase,swarm,-8.67,6.47,4.31
661,3,advance,bruiser,-0.33,-0.64,15.24
661,4,stalk,pouncer,2.75,-0.85,17.88
662,1,chase,swarm,-12.07,0.42,8.35
662,2,chase,swarm,-8.70,6.47,4.31
662,3,advance,bruiser,-0.34,-0.64,15.25
662,4,stalk,pouncer,2.74,-0.84,17.89
663,1,chase,swarm,-12.00,0.48,8.34
663,2,chase,swarm,-8.79,6.47,4.31
663,3,advance,bruiser,-0.37,-0.61,15.30
663,4,stalk,pouncer,2.73,-0.78,17.93
664,1,chase,swarm,-11.98,0.50,8.34
664,2,chase,swarm,-8.82,6.47,4.32
664,3,advance,bruiser,-0.38,-0.61,15.31
664,4,stalk,pouncer,2.73,-0.76,17.94
665,1,chase,swarm,-11.90,0.59,8.34
665,2,chase,swarm,-8.94,6.46,4.32
665,3,advance,bruiser,-0.41,-0.58,15.37
665,4,stalk,pouncer,2.71,-0.69,17.99
666,1,chase,swarm,-11.87,0.61,8.34
666,2,chase,swarm,-8.97,6.46,4.33
666,3,advance,bruiser,-0.42,-0.57,15.38
666,4,stalk,pouncer,2.71,-0.68,18.00
667,1,chase,swarm,-11.79,0.69,8.33
667,2,chase,swarm,-9.09,6.44,4.34
667,3,advance,bruiser,-0.46,-0.54,15.44
667,4,stalk,pouncer,2.69,-0.60,18.05
668,1,chase,swarm,-11.78,0.71,8.33
668,2,chase,swarm,-9.11,6.44,4.34
668,3,advance,bruiser,-0.47,-0.54,15.45
668,4,stalk,pouncer,2.69,-0.59,18.06
669,1,chase,swarm,-11.56,0.95,8.33
669,2,chase,swarm,-9.43,6.39,4.40
669,3,advance,bruiser,-0.56,-0.46,15.60
669,4,stalk,pouncer,2.64,-0.40,18.20
670,1,chase,swarm,-11.55,0.97,8.33
670,2,chase,swarm,-9.46,6.39,4.40
670,3,advance,bruiser,-0.57,-0.46,15.61
670,4,stalk,pouncer,2.64,-0.38,18.21
671,1,chase,swarm,-11.50,1.04,8.33
671,2,chase,swarm,-9.53,6.38,4.42
671,3,advance,bruiser,-0.60,-0.44,15.65
671,4,stalk,pouncer,2.63,-0.33,18.24
672,1,chase,swarm,-11.48,1.06,8.33
672,2,chase,swarm,-9.56,6.37,4.42
672,3,advance,bruiser,-0.60,-0.43,15.66
672,4,stalk,pouncer,2.63,-0.32,18.25
673,1,chase,swarm,-11.42,1.14,8.33
673,2,chase,swarm,-9.66,6.36,4.44
673,3,advance,bruiser,-0.64,-0.41,15.71
673,4,stalk,pouncer,2.61,-0.26,18.30
674,1,chase,swarm,-11.41,1.16,8.32
674,2,chase,swarm,-9.69,6.36,4.45
674,3,advance,bruiser,-0.64,-0.40,15.72
674,4,stalk,pouncer,2.61,-0.24,18.31
675,1,chase,swarm,-11.36,1.24,8.32
675,2,chase,swarm,-9.78,6.35,4.47
675,3,advance,bruiser,-0.67,-0.38,15.77
675,4,stalk,pouncer,2.59,-0.19,18.34
676,1,chase,swarm,-11.34,1.26,8.32
676,2,chase,swarm,-9.81,6.35,4.47
676,3,advance,bruiser,-0.68,-0.37,15.78
676,4,stalk,pouncer,2.59,-0.17,18.36
677,1,chase,swarm,-11.30,1.33,8.32
677,2,chase,swarm,-9.89,6.34,4.49
677,3,advance,bruiser,-0.70,-0.35,15.82
677,4,stalk,pouncer,2.58,-0.12,18.39
678,1,chase,swarm,-11.28,1.36,8.32
678,2,chase,swarm,-9.92,6.34,4.49
678,3,advance,bruiser,-0.71,-0.34,15.84
678,4,stalk,pouncer,2.57,-0.10,18.40
679,1,chase,swarm,-11.24,1.44,8.32
679,2,chase,swarm,-10.01,6.33,4.51
679,3,advance,bruiser,-0.74,-0.32,15.88
679,4,stalk,pouncer,2.56,-0.05,18.44
680,1,chase,swarm,-11.23,1.46,8.32
680,2,chase,swarm,-10.03,6.33,4.52
680,3,advance,bruiser,-0.75,-0.32,15.89
680,4,stalk,pouncer,2.56,-0.04,18.45
681,1,chase,swarm,-11.18,1.56,8.31
681,2,chase,swarm,-10.15,6.32,4.54
681,3,advance,bruiser,-0.78,-0.29,15.95
681,4,stalk,pouncer,2.54,0.03,18.50
682,1,chase,swarm,-11.17,1.58,8.31
682,2,chase,swarm,-10.17,6.32,4.55
682,3,advance,bruiser,-0.79,-0.28,15.96
682,4,stalk,pouncer,2.54,0.05,18.51
683,1,chase,swarm,-11.14,1.67,8.30
683,2,chase,swarm,-10.27,6.31,4.57
683,3,advance,bruiser,-0.82,-0.26,16.00
683,4,stalk,pouncer,2.52,0.10,18.55
684,1,chase,swarm,-11.13,1.70,8.30
684,2,chase,swarm,-10.29,6.31,4.57
684,3,advance,bruiser,-0.83,-0.25,16.01
684,4,stalk,pouncer,2.52,0.12,18.56
685,1,chase,swarm,-11.07,1.98,8.26
685,2,chase,swarm,-10.59,6.31,4.63
685,3,advance,bruiser,-0.92,-0.18,16.15
685,4,stalk,pouncer,2.48,0.29,18.68
686,1,chase,swarm,-11.06,2.00,8.25
686,2,chase,swarm,-10.61,6.31,4.64
686,3,advance,bruiser,-0.92,-0.18,16.16
686,4,stalk,pouncer,2.47,0.31,18.69
687,1,chase,swarm,-11.05,2.09,8.24
687,2,chase,swarm,-10.69,6.32,4.65
687,3,advance,bruiser,-0.95,-0.16,16.21
687,4,stalk,pouncer,2.46,0.36,18.73
688,1,chase,swarm,-11.05,2.12,8.24
688,2,chase,swarm,-10.72,6.32,4.65
688,3,advance,bruiser,-0.96,-0.15,16.22
688,4,stalk,pouncer,2.46,0.37,18.74
689,1,chase,swarm,-11.05,2.21,8.22
689,2,chase,swarm,-10.82,6.33,4.67
689,3,advance,bruiser,-0.99,-0.13,16.26
689,4,stalk,pouncer,2.44,0.43,18.78
690,1,chase,swarm,-11.05,2.24,8.21
690,2,chase,swarm,-10.84,6.33,4.67
690,3,advance,bruiser,-0.99,-0.12,16.27
690,4,stalk,pouncer,2.44,0.45,18.79
691,1,chase,swarm,-11.05,2.32,8.19
691,2,chase,swarm,-10.92,6.34,4.68
691,3,advance,bruiser,-1.02,-0.10,16.32
691,4,stalk,pouncer,2.43,0.50,18.82
692,1,chase,swarm,-11.05,2.35,8.19
692,2,chase,swarm,-10.95,6.35,4.69
692,3,advance,bruiser,-1.03,-0.10,16.33
692,4,stalk,pouncer,2.42,0.51,18.83
693,1,chase,swarm,-11.07,2.44,8.17
693,2,chase,swarm,-11.04,6.36,4.70
693,3,advance,bruiser,-1.05,-0.07,16.37
693,4,stalk,pouncer,2.41,0.57,18.87
694,1,chase,swarm,-11.07,2.46,8.16
694,2,chase,swarm,-11.06,6.37,4.70
694,3,advance,bruiser,-1.06,-0.07,16.38
694,4,stalk,pouncer,2.39,0.56,18.88
695,1,chase,swarm,-11.09,2.54,8.15
695,2,chase,swarm,-11.14,6.38,4.71
695,3,advance,bruiser,-1.09,-0.05,16.42
695,4,stalk,pouncer,2.35,0.55,18.91
696,1,chase,swarm,-11.10,2.56,8.14
696,2,chase,swarm,-11.16,6.39,4.71
696,3,advance,bruiser,-1.09,-0.04,16.43
696,4,stalk,pouncer,2.33,0.55,18.92
697,1,chase,swarm,-11.14,2.67,8.11
697,2,chase,swarm,-11.28,6.42,4.72
697,3,advance,bruiser,-1.13,-0.02,16.49
697,4,stalk,pouncer,2.26,0.53,18.97
698,1,chase,swarm,-11.15,2.69,8.11
698,2,chase,swarm,-11.30,6.43,4.72
698,3,advance,bruiser,-1.14,-0.01,16.50
698,4,stalk,pouncer,2.25,0.53,18.98
699,1,chase,swarm,-11.20,2.79,8.08
699,2,chase,swarm,-11.40,6.47,4.72
699,3,advance,bruiser,-1.17,0.02,16.55
699,4,stalk,pouncer,2.18,0.51,19.03
700,1,chase,swarm,-11.21,2.81,8.08
700,2,chase,swarm,-11.42,6.47,4.72
700,3,advance,bruiser,-1.17,0.02,16.56
700,4,stalk,pouncer,2.17,0.51,19.04
701,1,chase,swarm,-11.26,2.89,8.06
701,2,chase,swarm,-11.51,6.51,4.72
701,3,advance,bruiser,-1.20,0.04,16.61
701,4,stalk,pouncer,2.12,0.49,19.08
702,1,chase,swarm,-11.27,2.90,8.05
702,2,chase,swarm,-11.53,6.52,4.72
702,3,advance,bruiser,-1.21,0.05,16.61
702,4,stalk,pouncer,2.10,0.49,19.08
703,1,chase,swarm,-11.31,2.95,8.04
703,2,chase,swarm,-11.58,6.54,4.72
703,3,advance,bruiser,-1.23,0.06,16.64
703,4,stalk,pouncer,2.07,0.48,19.11
704,1,chase,swarm,-11.35,3.01,8.03
704,2,chase,swarm,-11.64,6.58,4.71
704,3,advance,bruiser,-1.25,0.08,16.68
704,4,stalk,pouncer,2.02,0.47,19.14
705,1,chase,swarm,-11.41,3.07,8.02
705,2,chase,swarm,-11.71,6.62,4.71
705,3,advance,bruiser,-1.27,0.10,16.71
705,4,stalk,pouncer,1.98,0.46,19.17
706,1,chase,swarm,-11.46,3.12,8.01
706,2,chase,swarm,-11.77,6.66,4.70
706,3,advance,bruiser,-1.29,0.12,16.75
706,4,stalk,pouncer,1.94,0.45,19.20
707,1,chase,swarm,-11.51,3.17,8.00
707,2,chase,swarm,-11.83,6.71,4.69
707,3,advance,bruiser,-1.32,0.14,16.78
707,4,stalk,pouncer,1.89,0.44,19.23
708,1,chase,swarm,-11.57,3.21,7.99
708,2,chase,swarm,-11.88,6.75,4.68
708,3,advance,bruiser,-1.34,0.15,16.82
708,4,stalk,pouncer,1.85,0.43,19.26
709,1,chase,swarm,-11.63,3.26,7.98
709,2,chase,swarm,-11.94,6.80,4.67
709,3,advance,bruiser,-1.36,0.17,16.85
709,4,stalk,pouncer,1.80,0.42,19.29
710,1,chase,swarm,-11.69,3.30,7.98
710,2,chase,swarm,-11.99,6.86,4.66
710,3,advance,bruiser,-1.38,0.19,16.89
710,4,stalk,pouncer,1.76,0.41,19.32
711,1,chase,swarm,-11.75,3.34,7.97
711,2,chase,swarm,-12.03,6.91,4.65
711,3,advance,bruiser,-1.40,0.21,16.92
711,4,stalk,pouncer,1.72,0.40,19.35
712,1,chase,swarm,-11.81,3.38,7.97
712,2,chase,swarm,-12.08,6.97,4.64
712,3,advance,bruiser,-1.43,0.22,16.96
712,4,stalk,pouncer,1.67,0.39,19.39
713,1,chase,swarm,-11.87,3.42,7.97
713,2,chase,swarm,-12.12,7.03,4.63
713,3,advance,bruiser,-1.45,0.24,16.99
713,4,stalk,pouncer,1.63,0.38,19.42
714,1,chase,swarm,-11.94,3.45,7.97
714,2,chase,swarm,-12.16,7.10,4.61
714,3,advance,bruiser,-1.47,0.26,17.03
714,4,stalk,pouncer,1.58,0.37,19.45
715,1,chase,swarm,-12.00,3.49,7.97
715,2,chase,swarm,-12.19,7.16,4.60
715,3,advance,bruiser,-1.49,0.28,17.06
715,4,stalk,pouncer,1.54,0.36,19.48
716,1,chase,swarm,-12.07,3.52,7.97
716,2,chase,swarm,-12.22,7.23,4.59
716,3,advance,bruiser,-1.52,0.30,17.10
716,4,stalk,pouncer,1.49,0.35,19.51
717,1,chase,swarm,-12.15,3.56,7.98
717,2,chase,swarm,-12.25,7.31,4.58
717,3,advance,bruiser,-1.54,0.32,17.14
717,4,stalk,pouncer,1.44,0.34,19.55
718,1,chase,swarm,-12.20,3.58,7.98
718,2,chase,swarm,-12.27,7.37,4.58
718,3,advance,bruiser,-1.56,0.33,17.17
718,4,stalk,pouncer,1.41,0.33,19.57
719,1,chase,swarm,-12.28,3.62,7.98
719,2,chase,swarm,-12.29,7.46,4.57
719,3,advance,bruiser,-1.59,0.35,17.21
719,4,stalk,pouncer,1.35,0.32,19.61
720,1,chase,swarm,-12.34,3.65,7.99
720,2,chase,swarm,-12.31,7.51,4.56
720,3,advance,bruiser,-1.61,0.37,17.24
720,4,stalk,pouncer,1.32,0.31,19.63
721,1,chase,swarm,-12.42,3.68,8.00
721,2,chase,swarm,-12.33,7.61,4.56
721,3,advance,bruiser,-1.63,0.39,17.29
721,4,stalk,pouncer,1.26,0.30,19.67
722,1,chase,swarm,-12.47,3.70,8.00
722,2,chase,swarm,-12.33,7.65,4.56
722,3,advance,bruiser,-1.65,0.40,17.31
722,4,stalk,pouncer,1.23,0.30,19.69
723,1,chase,swarm,-12.55,3.73,8.01
723,2,chase,swarm,-12.35,7.74,4.56
723,3,advance,bruiser,-1.67,0.42,17.35
723,4,stalk,pouncer,1.18,0.29,19.73
724,1,chase,swarm,-12.60,3.76,8.01
724,2,chase,swarm,-12.35,7.80,4.56
724,3,advance,bruiser,-1.69,0.44,17.38
724,4,stalk,pouncer,1.14,0.28,19.76
725,1,chase,swarm,-12.68,3.79,8.02
725,2,chase,swarm,-12.36,7.88,4.56
725,3,advance,bruiser,-1.72,0.46,17.42
725,4,stalk,pouncer,1.10,0.27,19.79
726,1,chase,swarm,-12.74,3.81,8.03
726,2,chase,swarm,-12.36,7.95,4.56
726,3,advance,bruiser,-1.74,0.47,17.45
726,4,stalk,pouncer,1.05,0.26,19.82
727,1,chase,swarm,-12.82,3.85,8.03
727,2,chase,swarm,-12.37,8.03,4.57
727,3,advance,bruiser,-1.76,0.49,17.49
727,4,stalk,pouncer,1.00,0.25,19.85
728,1,chase,swarm,-12.87,3.87,8.04
728,2,chase,swarm,-12.37,8.09,4.57
728,3,advance,bruiser,-1.78,0.51,17.52
728,4,stalk,pouncer,0.97,0.25,19.88
729,1,chase,swarm,-12.95,3.90,8.05
729,2,chase,swarm,-12.37,8.17,4.58
729,3,advance,bruiser,-1.80,0.53,17.55
729,4,stalk,pouncer,0.92,0.24,19.91
730,1,chase,swarm,-13.02,3.93,8.05
730,2,chase,swarm,-12.37,8.24,4.59
730,3,advance,bruiser,-1.83,0.54,17.59
730,4,stalk,pouncer,0.87,0.23,19.95
731,1,chase,swarm,-13.08,3.95,8.06
731,2,chase,swarm,-12.37,8.31,4.60
731,3,advance,bruiser,-1.85,0.56,17.62
731,4,stalk,pouncer,0.83,0.22,19.97
732,1,chase,swarm,-13.16,3.98,8.07
732,2,chase,swarm,-12.37,8.39,4.61
732,3,advance,bruiser,-1.87,0.58,17.66
732,4,stalk,pouncer,0.78,0.21,20.01
733,1,chase,swarm,-13.21,4.01,8.07
733,2,chase,swarm,-12.37,8.46,4.62
733,3,advance,bruiser,-1.89,0.60,17.69
733,4,stalk,pouncer,0.74,0.21,20.04
734,1,chase,swarm,-13.28,4.04,8.08
734,2,chase,swarm,-12.37,8.53,4.63
734,3,advance,bruiser,-1.91,0.62,17.73
734,4,stalk,pouncer,0.70,0.20,20.07
735,1,chase,swarm,-13.49,4.14,8.09
735,2,chase,swarm,-12.37,8.76,4.68
735,3,advance,bruiser,-1.98,0.67,17.84
735,4,stalk,pouncer,0.56,0.17,20.16
736,1,chase,swarm,-13.51,4.15,8.09
736,2,chase,swarm,-12.37,8.78,4.68
736,3,advance,bruiser,-1.99,0.68,17.85
736,4,stalk,pouncer,0.55,0.17,20.17
737,1,chase,swarm,-13.67,4.23,8.10
737,2,chase,swarm,-12.37,8.96,4.72
737,3,advance,bruiser,-2.04,0.72,17.93
737,4,stalk,pouncer,0.44,0.15,20.25
738,1,chase,swarm,-13.69,4.25,8.08
738,2,chase,swarm,-12.37,8.99,4.70
738,3,advance,bruiser,-2.05,0.73,17.92
738,4,stalk,pouncer,0.42,0.15,20.24
739,1,chase,swarm,-13.77,4.30,8.01
739,2,chase,swarm,-12.37,9.08,4.64
739,3,advance,bruiser,-2.08,0.75,17.89
739,4,stalk,pouncer,0.37,0.14,20.20
740,1,chase,swarm,-13.80,4.31,7.98
740,2,chase,swarm,-12.37,9.12,4.62
740,3,advance,bruiser,-2.09,0.76,17.87
740,4,stalk,pouncer,0.35,0.14,20.18
741,1,chase,swarm,-13.88,4.37,7.91
741,2,chase,swarm,-12.38,9.22,4.55
741,3,advance,bruiser,-2.12,0.78,17.83
741,4,stalk,pouncer,0.28,0.13,20.14
742,1,chase,swarm,-13.91,4.39,7.88
742,2,chase,swarm,-12.38,9.25,4.53
742,3,advance,bruiser,-2.13,0.79,17.82
742,4,stalk,pouncer,0.26,0.13,20.13
743,1,chase,swarm,-13.98,4.44,7.82
743,2,chase,swarm,-12.39,9.33,4.48
743,3,advance,bruiser,-2.16,0.81,17.79
743,4,stalk,pouncer,0.21,0.12,20.09
744,1,chase,swarm,-13.99,4.45,7.80
744,2,chase,swarm,-12.39,9.36,4.46
744,3,advance,bruiser,-2.16,0.82,17.78
744,4,stalk,pouncer,0.20,0.12,20.08
745,1,chase,swarm,-14.08,4.53,7.70
745,2,chase,swarm,-12.40,9.47,4.39
745,3,advance,bruiser,-2.20,0.84,17.74
745,4,stalk,pouncer,0.13,0.10,20.03
746,1,chase,swarm,-14.10,4.54,7.69
746,2,chase,swarm,-12.40,9.49,4.37
746,3,advance,bruiser,-2.20,0.85,17.73
746,4,stalk,pouncer,0.12,0.10,20.02
747,1,chase,swarm,-14.27,4.74,7.45
747,2,chase,swarm,-12.44,9.75,4.20
747,3,advance,bruiser,-2.28,0.91,17.63
747,4,stalk,pouncer,-0.04,0.08,19.91
748,1,chase,swarm,-14.28,4.77,7.43
748,2,chase,swarm,-12.44,9.78,4.18
748,3,advance,bruiser,-2.29,0.92,17.62
748,4,stalk,pouncer,-0.06,0.08,19.89
749,1,chase,swarm,-14.34,4.84,7.34
749,2,chase,swarm,-12.46,9.87,4.11
749,3,advance,bruiser,-2.32,0.94,17.58
749,4,stalk,pouncer,-0.12,0.07,19.85
750,1,chase,swarm,-14.35,4.86,7.32
750,2,chase,swarm,-12.47,9.90,4.10
750,3,advance,bruiser,-2.33,0.95,17.57
750,4,stalk,pouncer,-0.13,0.07,19.84
751,1,chase,swarm,-14.40,4.95,7.22
751,2,chase,swarm,-12.50,9.99,4.03
751,3,advance,bruiser,-2.36,0.97,17.53
751,4,stalk,pouncer,-0.19,0.06,19.80
752,1,chase,swarm,-14.41,4.97,7.19
752,2,chase,swarm,-12.50,10.02,4.01
752,3,advance,bruiser,-2.36,0.98,17.52
752,4,stalk,pouncer,-0.21,0.06,19.79
753,1,chase,swarm,-14.49,5.25,6.90
753,2,chase,swarm,-12.61,10.29,3.79
753,3,advance,bruiser,-2.45,1.05,17.41
753,4,stalk,pouncer,-0.39,0.03,19.66
754,1,chase,swarm,-14.50,5.27,6.88
754,2,chase,swarm,-12.62,10.31,3.77
754,3,advance,bruiser,-2.46,1.05,17.40
754,4,stalk,pouncer,-0.40,0.03,19.65
755,1,chase,swarm,-14.51,5.50,6.65
755,2,chase,swarm,-12.73,10.51,3.58
755,3,advance,bruiser,-2.53,1.11,17.31
755,4,stalk,pouncer,-0.54,0.01,19.55
756,1,chase,swarm,-14.51,5.53,6.63
756,2,chase,swarm,-12.75,10.53,3.55
756,3,advance,bruiser,-2.54,1.12,17.30
756,4,stalk,pouncer,-0.56,0.01,19.54
757,1,chase,swarm,-13.97,6.49,5.86
757,2,chase,swarm,-13.83,10.76,2.49
757,3,advance,bruiser,-2.87,1.38,16.88
757,4,stalk,pouncer,-1.23,-0.08,19.07
758,1,chase,swarm,-13.96,6.51,5.85
758,2,chase,swarm,-13.85,10.77,2.47
758,3,advance,bruiser,-2.87,1.39,16.87
758,4,stalk,pouncer,-1.24,-0.08,19.06
759,1,chase,swarm,-13.92,6.60,5.78
759,2,chase,swarm,-13.94,10.79,2.37
759,3,advance,bruiser,-2.90,1.41,16.83
759,4,stalk,pouncer,-1.30,-0.08,19.02
760,1,chase,swarm,-13.91,6.62,5.76
760,2,chase,swarm,-13.97,10.79,2.35
760,3,advance,bruiser,-2.91,1.42,16.82
760,4,stalk,pouncer,-1.32,-0.09,19.01
761,1,chase,swarm,-13.86,6.72,5.69
761,2,chase,swarm,-14.07,10.81,2.25
761,3,advance,bruiser,-2.94,1.45,16.78
761,4,stalk,pouncer,-1.38,-0.09,18.96
762,1,chase,swarm,-13.86,6.74,5.67
762,2,chase,swarm,-14.09,10.81,2.23
762,3,advance,bruiser,-2.95,1.45,16.77
762,4,stalk,pouncer,-1.39,-0.09,18.95
763,1,chase,swarm,-13.81,6.83,5.61
763,2,chase,swarm,-14.19,10.82,2.15
763,3,advance,bruiser,-2.98,1.47,16.73
763,4,stalk,pouncer,-1.45,-0.10,18.91
764,1,chase,swarm,-13.80,6.85,5.59
764,2,chase,swarm,-14.22,10.82,2.12
764,3,advance,bruiser,-2.99,1.48,16.72
764,4,stalk,pouncer,-1.47,-0.10,18.90
765,1,chase,swarm,-13.73,7.01,5.47
765,2,chase,swarm,-14.39,10.83,1.98
765,3,advance,bruiser,-3.04,1.52,16.65
765,4,stalk,pouncer,-1.57,-0.11,18.82
766,1,chase,swarm,-13.72,7.04,5.45
766,2,chase,swarm,-14.43,10.83,1.95
766,3,advance,bruiser,-3.05,1.53,16.64
766,4,stalk,pouncer,-1.60,-0.11,18.81
767,1,chase,swarm,-13.66,7.17,5.35
767,2,chase,swarm,-14.57,10.83,1.83
767,3,advance,bruiser,-3.09,1.57,16.58
767,4,stalk,pouncer,-1.69,-0.12,18.74
768,1,chase,swarm,-13.64,7.20,5.33
768,2,chase,swarm,-14.61,10.83,1.81
768,3,advance,bruiser,-3.10,1.57,16.57
768,4,stalk,pouncer,-1.71,-0.12,18.73
769,1,chase,swarm,-13.58,7.35,5.23
769,2,chase,swarm,-14.76,10.83,1.69
769,3,advance,bruiser,-3.15,1.61,16.51
769,4,stalk,pouncer,-1.80,-0.13,18.66
770,1,chase,swarm,-13.57,7.37,5.21
770,2,chase,swarm,-14.79,10.83,1.67
770,3,advance,bruiser,-3.16,1.62,16.50
770,4,stalk,pouncer,-1.82,-0.13,18.65
771,1,chase,swarm,-13.49,7.60,5.06
771,2,chase,swarm,-15.03,10.82,1.51
771,3,advance,bruiser,-3.23,1.68,16.41
771,4,stalk,pouncer,-1.96,-0.14,18.55
772,1,chase,swarm,-13.48,7.62,5.04
772,2,chase,swarm,-15.05,10.83,1.49
772,3,advance,bruiser,-3.24,1.68,16.40
772,4,stalk,pouncer,-1.98,-0.14,18.53
773,1,chase,swarm,-13.44,7.73,4.97
773,2,windup,swarm,-15.05,10.83,1.49
773,3,advance,bruiser,-3.27,1.71,16.35
773,4,stalk,pouncer,-2.05,-0.15,18.49
774,1,chase,swarm,-13.44,7.76,4.95
774,2,windup,swarm,-15.05,10.83,1.49
774,3,advance,bruiser,-3.28,1.72,16.34
774,4,stalk,pouncer,-2.07,-0.15,18.47
775,1,chase,swarm,-13.40,7.89,4.85
775,2,windup,swarm,-15.05,10.83,1.49
775,3,advance,bruiser,-3.32,1.75,16.29
775,4,stalk,pouncer,-2.15,-0.15,18.41
776,1,chase,swarm,-13.39,7.93,4.83
776,2,windup,swarm,-15.05,10.83,1.49
776,3,advance,bruiser,-3.33,1.76,16.28
776,4,stalk,pouncer,-2.17,-0.16,18.40
777,1,chase,swarm,-13.36,8.07,4.72
777,2,windup,swarm,-15.05,10.83,1.49
777,3,advance,bruiser,-3.38,1.80,16.22
777,4,stalk,pouncer,-2.26,-0.16,18.33
778,1,chase,swarm,-13.36,8.10,4.70
778,2,windup,swarm,-15.05,10.83,1.49
778,3,advance,bruiser,-3.39,1.80,16.21
778,4,stalk,pouncer,-2.28,-0.16,18.32
779,1,chase,swarm,-13.33,8.29,4.55
779,2,windup,swarm,-15.05,10.83,1.49
779,3,advance,bruiser,-3.44,1.85,16.13
779,4,stalk,pouncer,-2.40,-0.17,18.24
780,1,chase,swarm,-13.33,8.32,4.53
780,2,windup,swarm,-15.05,10.83,1.49
780,3,advance,bruiser,-3.45,1.86,16.12
780,4,stalk,pouncer,-2.42,-0.17,18.22
781,1,chase,swarm,-13.33,8.52,4.37
781,2,windup,swarm,-15.05,10.83,1.49
781,3,advance,bruiser,-3.51,1.91,16.04
781,4,stalk,pouncer,-2.54,-0.18,18.14
782,1,chase,swarm,-13.33,8.55,4.35
782,2,windup,swarm,-15.05,10.83,1.49
782,3,advance,bruiser,-3.52,1.91,16.03
782,4,stalk,pouncer,-2.56,-0.18,18.12
783,1,chase,swarm,-13.35,8.74,4.19
783,2,windup,swarm,-15.05,10.83,1.49
783,3,advance,bruiser,-3.58,1.96,15.96
783,4,stalk,pouncer,-2.68,-0.18,18.04
784,1,chase,swarm,-13.36,8.77,4.16
784,2,strike,swarm,-15.05,10.83,1.49
784,3,advance,bruiser,-3.59,1.97,15.95
784,4,stalk,pouncer,-2.70,-0.19,18.03
785,1,chase,swarm,-13.43,8.99,3.95
785,2,strike,swarm,-15.25,11.07,1.18
785,3,advance,bruiser,-3.66,2.02,15.86
785,4,stalk,pouncer,-2.84,-0.19,17.93
786,1,chase,swarm,-13.44,9.02,3.91
786,2,strike,swarm,-15.28,11.11,1.13
786,3,advance,bruiser,-3.67,2.03,15.84
786,4,stalk,pouncer,-2.86,-0.19,17.91
787,1,chase,swarm,-13.56,9.23,3.68
787,2,strike,swarm,-15.49,11.37,0.80
787,3,advance,bruiser,-3.74,2.09,15.75
787,4,stalk,pouncer,-3.01,-0.20,17.81
788,1,chase,swarm,-13.58,9.26,3.64
788,2,strike,swarm,-15.52,11.41,0.75
788,3,advance,bruiser,-3.75,2.10,15.74
788,4,stalk,pouncer,-3.03,-0.20,17.79
789,1,chase,swarm,-13.67,9.37,3.50
789,2,strike,swarm,-15.64,11.56,0.56
789,3,advance,bruiser,-3.79,2.13,15.68
789,4,stalk,pouncer,-3.12,-0.20,17.73
790,1,chase,swarm,-13.69,9.40,3.47
790,2,strike,swarm,-15.67,11.59,0.51
790,3,advance,bruiser,-3.80,2.14,15.67
790,4,stalk,pouncer,-3.14,-0.20,17.72
791,1,chase,swarm,-13.80,9.49,3.33
791,2,strike,swarm,-15.79,11.74,0.32
791,3,advance,bruiser,-3.85,2.18,15.61
791,4,stalk,pouncer,-3.22,-0.20,17.66
792,1,chase,swarm,-13.82,9.52,3.29
792,2,strike,swarm,-15.82,11.78,0.27
792,3,advance,bruiser,-3.86,2.19,15.60
792,4,stalk,pouncer,-3.24,-0.20,17.64
793,1,chase,swarm,-13.96,9.61,3.13
793,2,strike,swarm,-15.97,11.96,0.04
793,3,advance,bruiser,-3.91,2.23,15.54
793,4,stalk,pouncer,-3.35,-0.21,17.57
794,1,chase,swarm,-13.99,9.63,3.09
794,2,recover,swarm,-16.00,12.00,0.01
794,3,advance,bruiser,-3.92,2.24,15.52
794,4,stalk,pouncer,-3.37,-0.21,17.55
795,1,chase,swarm,-14.18,9.72,2.91
795,2,recover,swarm,-16.00,12.00,0.01
795,3,advance,bruiser,-3.98,2.28,15.44
795,4,stalk,pouncer,-3.50,-0.21,17.46
796,1,chase,swarm,-14.20,9.73,2.88
796,2,recover,swarm,-16.00,12.00,0.01
796,3,advance,bruiser,-3.99,2.29,15.43
796,4,stalk,pouncer,-3.51,-0.21,17.45
797,1,chase,swarm,-14.33,9.78,2.76
797,2,recover,swarm,-16.00,12.00,0.01
797,3,advance,bruiser,-4.03,2.33,15.38
797,4,stalk,pouncer,-3.52,-0.12,17.39
798,1,chase,swarm,-14.36,9.80,2.73
798,2,recover,swarm,-16.00,12.00,0.01
798,3,advance,bruiser,-4.04,2.33,15.36
798,4,stalk,pouncer,-3.52,-0.10,17.38
799,1,chase,swarm,-14.55,9.86,2.57
799,2,recover,swarm,-16.00,12.00,0.01
799,3,advance,bruiser,-4.10,2.38,15.29
799,4,stalk,pouncer,-3.52,0.02,17.29
800,1,chase,swarm,-14.59,9.87,2.54
800,2,recover,swarm,-16.00,12.00,0.01
800,3,advance,bruiser,-4.11,2.39,15.27
800,4,stalk,pouncer,-3.52,0.04,17.27
801,1,chase,swarm,-14.74,9.91,2.42
801,2,recover,swarm,-16.00,12.00,0.01
801,3,advance,bruiser,-4.16,2.43,15.21
801,4,stalk,pouncer,-3.52,0.14,17.20
802,1,chase,swarm,-14.77,9.93,2.40
802,2,recover,swarm,-16.00,12.00,0.01
802,3,advance,bruiser,-4.17,2.44,15.20
802,4,stalk,pouncer,-3.52,0.16,17.19
803,1,chase,swarm,-14.97,9.98,2.25
803,2,recover,swarm,-16.00,12.00,0.01
803,3,advance,bruiser,-4.23,2.49,15.12
803,4,stalk,pouncer,-3.52,0.29,17.10
804,1,chase,swarm,-15.01,9.99,2.23
804,2,recover,swarm,-16.00,12.00,0.01
804,3,advance,bruiser,-4.24,2.50,15.10
804,4,stalk,pouncer,-3.52,0.31,17.08
805,1,chase,swarm,-15.13,10.03,2.14
805,2,recover,swarm,-16.00,12.00,0.01
805,3,advance,bruiser,-4.28,2.53,15.05
805,4,stalk,pouncer,-3.53,0.39,17.03
806,1,chase,swarm,-15.17,10.05,2.11
806,2,recover,swarm,-16.00,12.00,0.01
806,3,advance,bruiser,-4.29,2.54,15.04
806,4,stalk,pouncer,-3.53,0.41,17.01
807,1,chase,swarm,-15.31,10.10,2.01
807,2,recover,swarm,-16.00,12.00,0.01
807,3,advance,bruiser,-4.34,2.57,14.98
807,4,stalk,pouncer,-3.53,0.51,16.95
808,1,chase,swarm,-15.34,10.11,1.99
808,2,recover,swarm,-16.00,12.00,0.01
808,3,advance,bruiser,-4.35,2.58,14.97
808,4,stalk,pouncer,-3.53,0.53,16.93
809,1,chase,swarm,-15.49,10.17,1.89
809,2,recover,swarm,-16.00,12.00,0.01
809,3,advance,bruiser,-4.40,2.62,14.91
809,4,stalk,pouncer,-3.54,0.63,16.86
810,1,chase,swarm,-15.52,10.18,1.87
810,2,recover,swarm,-16.00,12.00,0.01
810,3,advance,bruiser,-4.41,2.63,14.89
810,4,stalk,pouncer,-3.54,0.64,16.85
811,1,chase,swarm,-15.69,10.27,1.75
811,2,recover,swarm,-16.00,12.00,0.01
811,3,advance,bruiser,-4.47,2.68,14.82
811,4,stalk,pouncer,-3.54,0.76,16.76
812,1,chase,swarm,-15.72,10.29,1.73
812,2,recover,swarm,-16.00,12.00,0.01
812,3,advance,bruiser,-4.47,2.68,14.81
812,4,stalk,pouncer,-3.54,0.78,16.75
813,1,chase,swarm,-15.83,10.36,1.64
813,2,recover,swarm,-16.00,12.00,0.01
813,3,advance,bruiser,-4.51,2.72,14.76
813,4,stalk,pouncer,-3.55,0.86,16.69
814,1,chase,swarm,-15.85,10.37,1.62
814,2,recover,swarm,-16.00,12.00,0.01
814,3,advance,bruiser,-4.52,2.72,14.75
814,4,stalk,pouncer,-3.55,0.88,16.68
815,1,chase,swarm,-15.95,10.44,1.55
815,2,recover,swarm,-16.00,12.00,0.01
815,3,advance,bruiser,-4.56,2.75,14.70
815,4,stalk,pouncer,-3.55,0.95,16.63
816,1,chase,swarm,-15.97,10.46,1.53
816,2,recover,swarm,-16.00,12.00,0.01
816,3,advance,bruiser,-4.57,2.76,14.69
816,4,stalk,pouncer,-3.55,0.97,16.62
817,1,chase,swarm,-16.06,10.54,1.45
817,2,recover,swarm,-16.00,12.00,0.01
817,3,advance,bruiser,-4.60,2.79,14.64
817,4,stalk,pouncer,-3.56,1.05,16.56
818,1,windup,swarm,-16.06,10.54,1.45
818,2,recover,swarm,-16.00,12.00,0.01
818,3,advance,bruiser,-4.61,2.80,14.63
818,4,stalk,pouncer,-3.56,1.06,16.55
819,1,windup,swarm,-16.06,10.54,1.45
819,2,recover,swarm,-16.00,12.00,0.01
819,3,advance,bruiser,-4.66,2.84,14.56
819,4,stalk,pouncer,-3.57,1.17,16.48
820,1,windup,swarm,-16.06,10.54,1.45
820,2,recover,swarm,-16.00,12.00,0.01
820,3,advance,bruiser,-4.67,2.84,14.55
820,4,stalk,pouncer,-3.57,1.18,16.47
821,1,windup,swarm,-16.06,10.54,1.45
821,2,recover,swarm,-16.00,12.00,0.01
821,3,advance,bruiser,-4.72,2.88,14.49
821,4,stalk,pouncer,-3.57,1.28,16.40
822,1,windup,swarm,-16.06,10.54,1.45
822,2,recover,swarm,-16.00,12.00,0.01
822,3,advance,bruiser,-4.73,2.89,14.48
822,4,crouch,pouncer,-3.58,1.30,16.38
823,1,windup,swarm,-16.06,10.54,1.45
823,2,recover,swarm,-16.00,12.00,0.01
823,3,advance,bruiser,-5.06,3.16,14.06
823,4,crouch,pouncer,-3.58,1.30,16.38
824,1,strike,swarm,-16.06,10.54,1.45
824,2,chase,swarm,-16.00,12.00,0.01
824,3,advance,bruiser,-5.07,3.16,14.04
824,4,crouch,pouncer,-3.58,1.30,16.38
825,1,strike,swarm,-16.05,10.74,1.26
825,2,windup,swarm,-16.00,12.00,0.01
825,3,advance,bruiser,-5.11,3.20,13.99
825,4,crouch,pouncer,-3.58,1.30,16.38
826,1,strike,swarm,-16.05,10.78,1.21
826,2,windup,swarm,-16.00,12.00,0.01
826,3,advance,bruiser,-5.12,3.21,13.98
826,4,crouch,pouncer,-3.58,1.30,16.38
827,1,strike,swarm,-16.04,10.98,1.01
827,2,windup,swarm,-16.00,12.00,0.01
827,3,advance,bruiser,-5.17,3.24,13.92
827,4,crouch,pouncer,-3.58,1.30,16.38
828,1,strike,swarm,-16.04,11.02,0.98
828,2,windup,swarm,-16.00,12.00,0.01
828,3,advance,bruiser,-5.17,3.25,13.91
828,4,crouch,pouncer,-3.58,1.30,16.38
829,1,strike,swarm,-16.03,11.15,0.84
829,2,windup,swarm,-16.00,12.00,0.01
829,3,advance,bruiser,-5.20,3.27,13.87
829,4,crouch,pouncer,-3.58,1.30,16.38
830,1,strike,swarm,-16.03,11.18,0.81
830,2,windup,swarm,-16.00,12.00,0.01
830,3,advance,bruiser,-5.21,3.28,13.86
830,4,crouch,pouncer,-3.58,1.30,16.38
831,1,strike,swarm,-15.97,11.32,0.67
831,2,windup,swarm,-16.00,12.00,0.01
831,3,advance,bruiser,-5.24,3.30,13.82
831,4,crouch,pouncer,-3.58,1.30,16.38
832,1,strike,swarm,-15.96,11.29,0.70
832,2,windup,swarm,-16.00,12.00,0.01
832,3,advance,bruiser,-5.25,3.31,13.81
832,4,crouch,pouncer,-3.58,1.30,16.38
833,1,strike,swarm,-15.89,11.17,0.83
833,2,windup,swarm,-16.00,12.00,0.01
833,3,advance,bruiser,-5.28,3.34,13.77
833,4,crouch,pouncer,-3.58,1.30,16.38
834,1,strike,swarm,-15.85,11.19,0.82
834,2,windup,swarm,-16.00,12.00,0.01
834,3,advance,bruiser,-5.29,3.34,13.76
834,4,crouch,pouncer,-3.58,1.30,16.38
835,1,strike,swarm,-15.71,11.23,0.81
835,2,windup,swarm,-16.00,12.00,0.01
835,3,advance,bruiser,-5.32,3.37,13.72
835,4,crouch,pouncer,-3.58,1.30,16.38
836,1,strike,swarm,-15.67,11.24,0.82
836,2,windup,swarm,-16.00,12.00,0.01
836,3,advance,bruiser,-5.33,3.38,13.71
836,4,pounce,pouncer,-3.58,1.30,16.38
837,1,strike,swarm,-15.53,11.28,0.84
837,2,windup,swarm,-16.00,12.00,0.01
837,3,advance,bruiser,-5.36,3.40,13.67
837,4,pounce,pouncer,-3.74,1.44,16.16
838,1,recover,swarm,-15.50,11.30,0.85
838,2,windup,swarm,-16.00,12.00,0.01
838,3,advance,bruiser,-5.37,3.41,13.66
838,4,pounce,pouncer,-3.78,1.48,16.11
839,1,recover,swarm,-15.50,11.30,0.85
839,2,windup,swarm,-16.00,12.00,0.01
839,3,advance,bruiser,-5.40,3.43,13.62
839,4,pounce,pouncer,-3.94,1.62,15.90
840,1,recover,swarm,-15.50,11.30,0.85
840,2,strike,swarm,-16.00,12.00,0.01
840,3,advance,bruiser,-5.41,3.44,13.61
840,4,pounce,pouncer,-3.98,1.64,15.86
841,1,recover,swarm,-15.50,11.30,0.85
841,2,strike,swarm,-15.81,11.91,0.20
841,3,advance,bruiser,-5.45,3.47,13.55
841,4,pounce,pouncer,-4.21,1.85,15.55
842,1,recover,swarm,-15.50,11.30,0.85
842,2,strike,swarm,-15.81,11.95,0.19
842,3,advance,bruiser,-5.46,3.48,13.54
842,4,pounce,pouncer,-4.25,1.88,15.49
843,1,recover,swarm,-15.50,11.30,0.85
843,2,strike,swarm,-15.71,12.15,0.32
843,3,advance,bruiser,-5.51,3.52,13.47
843,4,pounce,pouncer,-4.51,2.11,15.15
844,1,recover,swarm,-15.50,11.30,0.85
844,2,strike,swarm,-15.68,12.15,0.35
844,3,advance,bruiser,-5.52,3.53,13.47
844,4,pounce,pouncer,-4.55,2.14,15.10
845,1,recover,swarm,-15.50,11.30,0.85
845,2,strike,swarm,-15.51,12.17,0.51
845,3,advance,bruiser,-5.55,3.56,13.42
845,4,pounce,pouncer,-4.73,2.30,14.86
846,1,recover,swarm,-15.50,11.30,0.85
846,2,strike,swarm,-15.48,12.18,0.54
846,3,advance,bruiser,-5.56,3.56,13.41
846,4,pounce,pouncer,-4.77,2.33,14.81
847,1,recover,swarm,-15.50,11.30,0.85
847,2,strike,swarm,-15.27,12.20,0.74
847,3,advance,bruiser,-5.61,3.60,13.35
847,4,pounce,pouncer,-5.01,2.53,14.49
848,1,recover,swarm,-15.50,11.30,0.85
848,2,strike,swarm,-15.24,12.19,0.78
848,3,advance,bruiser,-5.61,3.61,13.34
848,4,pounce,pouncer,-5.05,2.56,14.44
849,1,recover,swarm,-15.50,11.30,0.85
849,2,strike,swarm,-15.09,12.18,0.92
849,3,advance,bruiser,-5.65,3.64,13.30
849,4,pounce,pouncer,-5.24,2.70,14.21
850,1,recover,swarm,-15.50,11.30,0.85
850,2,strike,swarm,-15.05,12.17,0.95
850,3,advance,bruiser,-5.65,3.64,13.29
850,4,pounce,pouncer,-5.29,2.71,14.17
851,1,recover,swarm,-15.50,11.30,0.85
851,2,strike,swarm,-14.92,12.14,1.08
851,3,advance,bruiser,-5.68,3.67,13.25
851,4,pounce,pouncer,-5.50,2.75,13.99
852,1,recover,swarm,-15.50,11.30,0.85
852,2,strike,swarm,-14.89,12.13,1.11
852,3,advance,bruiser,-5.68,3.68,13.24
852,4,pounce,pouncer,-5.54,2.74,13.95
853,1,recover,swarm,-15.50,11.30,0.85
853,2,recover,swarm,-14.76,12.08,1.24
853,3,advance,bruiser,-5.71,3.71,13.20
853,4,pounce,pouncer,-5.75,2.73,13.81
854,1,recover,swarm,-15.50,11.30,0.85
854,2,recover,swarm,-14.76,12.08,1.24
854,3,advance,bruiser,-5.71,3.72,13.19
854,4,pounce,pouncer,-5.80,2.73,13.77
855,1,recover,swarm,-15.50,11.30,0.85
855,2,recover,swarm,-14.76,12.08,1.24
855,3,advance,bruiser,-5.74,3.77,13.15
855,4,pounce,pouncer,-6.06,2.75,13.57
856,1,recover,swarm,-15.50,11.30,0.85
856,2,recover,swarm,-14.76,12.08,1.24
856,3,advance,bruiser,-5.74,3.77,13.14
856,4,pounce,pouncer,-6.12,2.76,13.52
857,1,recover,swarm,-15.50,11.30,0.85
857,2,recover,swarm,-14.76,12.08,1.24
857,3,advance,bruiser,-5.77,3.82,13.09
857,4,pounce,pouncer,-6.37,2.83,13.29
858,1,recover,swarm,-15.50,11.30,0.85
858,2,recover,swarm,-14.76,12.08,1.24
858,3,advance,bruiser,-5.77,3.82,13.08
858,4,recover,pouncer,-6.41,2.85,13.24
859,1,recover,swarm,-15.50,11.30,0.85
859,2,recover,swarm,-14.76,12.08,1.24
859,3,advance,bruiser,-5.79,3.85,13.05
859,4,recover,pouncer,-6.41,2.85,13.24
860,1,recover,swarm,-15.50,11.30,0.85
860,2,recover,swarm,-14.76,12.08,1.24
860,3,advance,bruiser,-5.80,3.86,13.04
860,4,recover,pouncer,-6.41,2.85,13.24
861,1,recover,swarm,-15.50,11.30,0.85
861,2,recover,swarm,-14.76,12.08,1.24
861,3,advance,bruiser,-5.83,3.90,12.99
861,4,recover,pouncer,-6.41,2.85,13.24
862,1,recover,swarm,-15.50,11.30,0.85
862,2,recover,swarm,-14.76,12.08,1.24
862,3,advance,bruiser,-5.84,3.91,12.98
862,4,recover,pouncer,-6.41,2.85,13.24
863,1,recover,swarm,-15.50,11.30,0.85
863,2,recover,swarm,-14.76,12.08,1.24
863,3,advance,bruiser,-5.86,3.93,12.94
863,4,recover,pouncer,-6.41,2.85,13.24
864,1,recover,swarm,-15.50,11.30,0.85
864,2,recover,swarm,-14.76,12.08,1.24
864,3,advance,bruiser,-5.87,3.94,12.93
864,4,recover,pouncer,-6.41,2.85,13.24
865,1,recover,swarm,-15.50,11.30,0.85
865,2,recover,swarm,-14.76,12.08,1.24
865,3,advance,bruiser,-5.90,3.98,12.89
865,4,recover,pouncer,-6.41,2.85,13.24
866,1,recover,swarm,-15.50,11.30,0.85
866,2,recover,swarm,-14.76,12.08,1.24
866,3,advance,bruiser,-5.91,3.98,12.88
866,4,recover,pouncer,-6.41,2.85,13.24
867,1,recover,swarm,-15.50,11.30,0.85
867,2,recover,swarm,-14.76,12.08,1.24
867,3,advance,bruiser,-5.94,4.01,12.84
867,4,recover,pouncer,-6.41,2.85,13.24
868,1,recover,swarm,-15.50,11.30,0.85
868,2,recover,swarm,-14.76,12.08,1.24
868,3,advance,bruiser,-5.94,4.02,12.83
868,4,recover,pouncer,-6.41,2.85,13.24
869,1,recover,swarm,-15.50,11.30,0.85
869,2,recover,swarm,-14.76,12.08,1.24
869,3,advance,bruiser,-5.97,4.04,12.79
869,4,recover,pouncer,-6.41,2.85,13.24
870,1,recover,swarm,-15.50,11.30,0.85
870,2,recover,swarm,-14.76,12.08,1.24
870,3,advance,bruiser,-5.98,4.05,12.78
870,4,recover,pouncer,-6.41,2.85,13.24
871,1,recover,swarm,-15.50,11.30,0.85
871,2,recover,swarm,-14.76,12.08,1.24
871,3,advance,bruiser,-6.01,4.08,12.74
871,4,recover,pouncer,-6.41,2.85,13.24
872,1,recover,swarm,-15.50,11.30,0.85
872,2,recover,swarm,-14.76,12.08,1.24
872,3,advance,bruiser,-6.02,4.08,12.73
872,4,recover,pouncer,-6.41,2.85,13.24
873,1,recover,swarm,-15.50,11.30,0.85
873,2,recover,swarm,-14.76,12.08,1.24
873,3,advance,bruiser,-6.04,4.10,12.69
873,4,recover,pouncer,-6.41,2.85,13.24
874,1,recover,swarm,-15.50,11.30,0.85
874,2,recover,swarm,-14.76,12.08,1.24
874,3,advance,bruiser,-6.05,4.11,12.68
874,4,recover,pouncer,-6.41,2.85,13.24
875,1,recover,swarm,-15.50,11.30,0.85
875,2,recover,swarm,-14.76,12.08,1.24
875,3,advance,bruiser,-6.09,4.14,12.64
875,4,recover,pouncer,-6.41,2.85,13.24
876,1,recover,swarm,-15.50,11.30,0.85
876,2,recover,swarm,-14.76,12.08,1.24
876,3,advance,bruiser,-6.09,4.14,12.63
876,4,recover,pouncer,-6.41,2.85,13.24
877,1,recover,swarm,-15.50,11.30,0.85
877,2,recover,swarm,-14.76,12.08,1.24
877,3,advance,bruiser,-6.13,4.17,12.59
877,4,recover,pouncer,-6.41,2.85,13.24
878,1,recover,swarm,-15.50,11.30,0.85
878,2,recover,swarm,-14.76,12.08,1.24
878,3,advance,bruiser,-6.14,4.18,12.58
878,4,recover,pouncer,-6.41,2.85,13.24
879,1,recover,swarm,-15.50,11.30,0.85
879,2,recover,swarm,-14.76,12.08,1.24
879,3,advance,bruiser,-6.18,4.21,12.52
879,4,recover,pouncer,-6.41,2.85,13.24
880,1,recover,swarm,-15.50,11.30,0.85
880,2,recover,swarm,-14.76,12.08,1.24
880,3,advance,bruiser,-6.19,4.22,12.51
880,4,recover,pouncer,-6.41,2.85,13.24
881,1,recover,swarm,-15.50,11.30,0.85
881,2,recover,swarm,-14.76,12.08,1.24
881,3,advance,bruiser,-6.22,4.24,12.48
881,4,recover,pouncer,-6.41,2.85,13.24
882,1,chase,swarm,-15.50,11.30,0.85
882,2,recover,swarm,-14.76,12.08,1.24
882,3,advance,bruiser,-6.22,4.25,12.47
882,4,recover,pouncer,-6.41,2.85,13.24
883,1,windup,swarm,-15.50,11.30,0.85
883,2,recover,swarm,-14.76,12.08,1.24
883,3,advance,bruiser,-6.27,4.28,12.41
883,4,recover,pouncer,-6.41,2.85,13.24
884,1,windup,swarm,-15.50,11.30,0.85
884,2,recover,swarm,-14.76,12.08,1.24
884,3,advance,bruiser,-6.27,4.29,12.40
884,4,recover,pouncer,-6.41,2.85,13.24
885,1,windup,swarm,-15.50,11.30,0.85
885,2,recover,swarm,-14.76,12.08,1.24
885,3,advance,bruiser,-6.30,4.31,12.36
885,4,recover,pouncer,-6.41,2.85,13.24
886,1,windup,swarm,-15.50,11.30,0.85
886,2,recover,swarm,-14.76,12.08,1.24
886,3,advance,bruiser,-6.31,4.32,12.35
886,4,recover,pouncer,-6.41,2.85,13.24
887,1,windup,swarm,-15.50,11.30,0.85
887,2,recover,swarm,-14.76,12.08,1.24
887,3,advance,bruiser,-6.35,4.35,12.30
887,4,recover,pouncer,-6.41,2.85,13.24
888,1,windup,swarm,-15.50,11.30,0.85
888,2,recover,swarm,-14.76,12.08,1.24
888,3,advance,bruiser,-6.36,4.35,12.29
888,4,recover,pouncer,-6.41,2.85,13.24
889,1,windup,swarm,-15.50,11.30,0.85
889,2,recover,swarm,-14.76,12.08,1.24
889,3,advance,bruiser,-6.39,4.38,12.25
889,4,recover,pouncer,-6.41,2.85,13.24
890,1,windup,swarm,-15.50,11.30,0.85
890,2,recover,swarm,-14.76,12.08,1.24
890,3,advance,bruiser,-6.40,4.39,12.24
890,4,recover,pouncer,-6.41,2.85,13.24
891,1,windup,swarm,-15.50,11.30,0.85
891,2,recover,swarm,-14.76,12.08,1.24
891,3,advance,bruiser,-6.42,4.40,12.22
891,4,recover,pouncer,-6.41,2.85,13.24
892,1,windup,swarm,-15.50,11.30,0.85
892,2,recover,swarm,-14.76,12.08,1.24
892,3,advance,bruiser,-6.44,4.42,12.19
892,4,recover,pouncer,-6.41,2.85,13.24
893,1,windup,swarm,-15.50,11.30,0.85
893,2,recover,swarm,-14.76,12.08,1.24
893,3,advance,bruiser,-6.46,4.43,12.16
893,4,recover,pouncer,-6.41,2.85,13.24
894,1,windup,swarm,-15.50,11.30,0.85
894,2,recover,swarm,-14.76,12.08,1.24
894,3,advance,bruiser,-6.48,4.45,12.13
894,4,recover,pouncer,-6.41,2.85,13.24
895,1,windup,swarm,-15.50,11.30,0.85
895,2,recover,swarm,-14.76,12.08,1.24
895,3,advance,bruiser,-6.50,4.47,12.11
895,4,recover,pouncer,-6.41,2.85,13.24
896,1,windup,swarm,-15.50,11.30,0.85
896,2,recover,swarm,-14.76,12.08,1.24
896,3,advance,bruiser,-6.53,4.49,12.08
896,4,recover,pouncer,-6.41,2.85,13.24
897,1,windup,swarm,-15.50,11.30,0.85
897,2,recover,swarm,-14.76,12.08,1.24
897,3,advance,bruiser,-6.55,4.50,12.05
897,4,recover,pouncer,-6.41,2.85,13.24
898,1,windup,swarm,-15.50,11.30,0.85
898,2,chase,swarm,-14.76,12.08,1.24
898,3,advance,bruiser,-6.58,4.53,12.01
898,4,recover,pouncer,-6.41,2.85,13.24
899,1,strike,swarm,-15.50,11.30,0.85
899,2,windup,swarm,-14.76,12.08,1.24
899,3,advance,bruiser,-6.59,4.54,11.99
899,4,recover,pouncer,-6.41,2.85,13.24
900,1,strike,swarm,-15.60,11.35,0.75
900,2,windup,swarm,-14.76,12.08,1.24
900,3,advance,bruiser,-6.62,4.56,11.96
900,4,recover,pouncer,-6.41,2.85,13.24
901,1,strike,swarm,-15.68,11.41,0.66
901,2,windup,swarm,-14.76,12.08,1.24
901,3,advance,bruiser,-6.64,4.58,11.93
901,4,recover,pouncer,-6.41,2.85,13.24
902,1,strike,swarm,-15.76,11.47,0.57
902,2,windup,swarm,-14.76,12.08,1.24
902,3,advance,bruiser,-6.66,4.59,11.90
902,4,recover,pouncer,-6.41,2.85,13.24
903,1,strike,swarm,-15.83,11.53,0.49
903,2,windup,swarm,-14.76,12.08,1.24
903,3,advance,bruiser,-6.68,4.61,11.88
903,4,recover,pouncer,-6.41,2.85,13.24
904,1,strike,swarm,-16.90,12.58,1.08
904,2,windup,swarm,-14.76,12.08,1.24
904,3,advance,bruiser,-7.02,4.87,11.46
904,4,recover,pouncer,-6.41,2.85,13.24
905,1,recover,swarm,-16.92,12.61,1.11
905,2,strike,swarm,-14.76,12.08,1.24
905,3,advance,bruiser,-7.02,4.88,11.44
905,4,recover,pouncer,-6.41,2.85,13.24
906,1,recover,swarm,-16.92,12.61,1.11
906,2,strike,swarm,-14.89,12.07,1.10
906,3,advance,bruiser,-7.05,4.90,11.41
906,4,recover,pouncer,-6.41,2.85,13.24
907,1,recover,swarm,-16.92,12.61,1.11
907,2,strike,swarm,-15.06,12.06,0.94
907,3,advance,bruiser,-7.09,4.93,11.36
907,4,recover,pouncer,-6.41,2.85,13.24
908,1,recover,swarm,-16.92,12.61,1.11
908,2,strike,swarm,-15.09,12.06,0.91
908,3,advance,bruiser,-7.10,4.94,11.35
908,4,recover,pouncer,-6.41,2.85,13.24
909,1,recover,swarm,-16.92,12.61,1.11
909,2,strike,swarm,-15.72,12.01,0.27
909,3,advance,bruiser,-7.24,5.05,11.17
909,4,recover,pouncer,-6.41,2.85,13.24
910,1,recover,swarm,-16.92,12.61,1.11
910,2,strike,swarm,-15.75,12.01,0.24
910,3,advance,bruiser,-7.24,5.06,11.16
910,4,recover,pouncer,-6.41,2.85,13.24
911,1,recover,swarm,-16.92,12.61,1.11
911,2,strike,swarm,-15.90,12.00,0.09
911,3,advance,bruiser,-7.28,5.08,11.12
911,4,recover,pouncer,-6.41,2.85,13.24
912,1,recover,swarm,-16.92,12.61,1.11
912,2,strike,swarm,-15.93,11.99,0.06
912,3,advance,bruiser,-7.29,5.09,11.11
912,4,recover,pouncer,-6.41,2.85,13.24
913,1,recover,swarm,-16.92,12.61,1.11
913,2,strike,swarm,-16.11,11.94,0.13
913,3,advance,bruiser,-7.33,5.12,11.06
913,4,recover,pouncer,-6.41,2.85,13.24
914,1,recover,swarm,-16.92,12.61,1.11
914,2,recover,swarm,-16.13,11.92,0.16
914,3,advance,bruiser,-7.33,5.13,11.05
914,4,recover,pouncer,-6.41,2.85,13.24
915,1,recover,swarm,-16.92,12.61,1.11
915,2,recover,swarm,-16.13,11.92,0.16
915,3,advance,bruiser,-7.36,5.15,11.01
915,4,stalk,pouncer,-6.41,2.85,13.24
916,1,recover,swarm,-16.92,12.61,1.11
916,2,recover,swarm,-16.13,11.92,0.16
916,3,advance,bruiser,-7.37,5.16,11.00
916,4,stalk,pouncer,-6.41,2.86,13.23
917,1,recover,swarm,-16.92,12.61,1.11
917,2,recover,swarm,-16.13,11.92,0.16
917,3,advance,bruiser,-7.54,5.29,10.78
917,4,stalk,pouncer,-6.42,3.21,12.99
918,1,recover,swarm,-16.92,12.61,1.11
918,2,recover,swarm,-16.13,11.92,0.16
918,3,advance,bruiser,-7.55,5.30,10.77
918,4,stalk,pouncer,-6.42,3.23,12.97
919,1,recover,swarm,-16.92,12.61,1.11
919,2,recover,swarm,-16.13,11.92,0.16
919,3,advance,bruiser,-7.60,5.34,10.71
919,4,stalk,pouncer,-6.43,3.32,12.91
920,1,recover,swarm,-16.92,12.61,1.11
920,2,recover,swarm,-16.13,11.92,0.16
920,3,advance,bruiser,-7.61,5.34,10.70
920,4,stalk,pouncer,-6.43,3.34,12.90
921,1,recover,swarm,-16.92,12.61,1.11
921,2,recover,swarm,-16.13,11.92,0.16
921,3,advance,bruiser,-7.64,5.37,10.66
921,4,stalk,pouncer,-6.43,3.40,12.85
922,1,recover,swarm,-16.92,12.61,1.11
922,2,recover,swarm,-16.13,11.92,0.16
922,3,advance,bruiser,-7.65,5.37,10.65
922,4,stalk,pouncer,-6.43,3.42,12.84
923,1,recover,swarm,-16.92,12.61,1.11
923,2,recover,swarm,-16.13,11.92,0.16
923,3,advance,bruiser,-7.79,5.49,10.46
923,4,stalk,pouncer,-6.44,3.72,12.63
924,1,recover,swarm,-16.92,12.61,1.11
924,2,recover,swarm,-16.13,11.92,0.16
924,3,advance,bruiser,-7.80,5.50,10.45
924,4,stalk,pouncer,-6.44,3.73,12.63
925,1,recover,swarm,-16.92,12.61,1.11
925,2,recover,swarm,-16.13,11.92,0.16
925,3,advance,bruiser,-7.84,5.53,10.40
925,4,stalk,pouncer,-6.45,3.81,12.57
926,1,recover,swarm,-16.92,12.61,1.11
926,2,recover,swarm,-16.13,11.92,0.16
926,3,advance,bruiser,-7.85,5.53,10.40
926,4,stalk,pouncer,-6.45,3.82,12.56
927,1,recover,swarm,-16.92,12.61,1.11
927,2,recover,swarm,-16.13,11.92,0.16
927,3,advance,bruiser,-7.89,5.57,10.34
927,4,stalk,pouncer,-6.45,3.91,12.50
928,1,recover,swarm,-16.92,12.61,1.11
928,2,recover,swarm,-16.13,11.92,0.16
928,3,advance,bruiser,-7.90,5.57,10.33
928,4,stalk,pouncer,-6.45,3.93,12.49
929,1,recover,swarm,-16.92,12.61,1.11
929,2,recover,swarm,-16.13,11.92,0.16
929,3,advance,bruiser,-8.02,5.67,10.17
929,4,stalk,pouncer,-6.46,4.18,12.32
930,1,chase,swarm,-16.92,12.61,1.11
930,2,recover,swarm,-16.13,11.92,0.16
930,3,advance,bruiser,-8.03,5.68,10.16
930,4,stalk,pouncer,-6.46,4.20,12.31
931,1,windup,swarm,-16.92,12.61,1.11
931,2,recover,swarm,-16.13,11.92,0.16
931,3,advance,bruiser,-8.06,5.70,10.12
931,4,stalk,pouncer,-6.47,4.25,12.27
932,1,windup,swarm,-16.92,12.61,1.11
932,2,recover,swarm,-16.13,11.92,0.16
932,3,advance,bruiser,-8.07,5.71,10.11
932,4,stalk,pouncer,-6.47,4.27,12.26
933,1,windup,swarm,-16.92,12.61,1.11
933,2,recover,swarm,-16.13,11.92,0.16
933,3,advance,bruiser,-8.11,5.74,10.06
933,4,stalk,pouncer,-6.55,4.26,12.21
934,1,windup,swarm,-16.92,12.61,1.11
934,2,recover,swarm,-16.13,11.92,0.16
934,3,advance,bruiser,-8.11,5.74,10.05
934,4,stalk,pouncer,-6.56,4.25,12.20
935,1,windup,swarm,-16.92,12.61,1.11
935,2,recover,swarm,-16.13,11.92,0.16
935,3,advance,bruiser,-8.14,5.77,10.02
935,4,stalk,pouncer,-6.61,4.24,12.16
936,1,windup,swarm,-16.92,12.61,1.11
936,2,recover,swarm,-16.13,11.92,0.16
936,3,advance,bruiser,-8.15,5.77,10.01
936,4,stalk,pouncer,-6.63,4.24,12.15
937,1,windup,swarm,-16.92,12.61,1.11
937,2,recover,swarm,-16.13,11.92,0.16
937,3,advance,bruiser,-8.18,5.79,9.97
937,4,stalk,pouncer,-6.68,4.23,12.12
938,1,windup,swarm,-16.92,12.61,1.11
938,2,recover,swarm,-16.13,11.92,0.16
938,3,advance,bruiser,-8.18,5.80,9.97
938,4,stalk,pouncer,-6.70,4.23,12.11
939,1,windup,swarm,-16.92,12.61,1.11
939,2,recover,swarm,-16.13,11.92,0.16
939,3,advance,bruiser,-8.21,5.82,9.93
939,4,stalk,pouncer,-6.75,4.22,12.07
940,1,windup,swarm,-16.92,12.61,1.11
940,2,recover,swarm,-16.13,11.92,0.16
940,3,advance,bruiser,-8.22,5.83,9.92
940,4,stalk,pouncer,-6.77,4.22,12.06
941,1,windup,swarm,-16.92,12.61,1.11
941,2,recover,swarm,-16.13,11.92,0.16
941,3,advance,bruiser,-8.24,5.85,9.89
941,4,stalk,pouncer,-6.82,4.21,12.03
942,1,windup,swarm,-16.92,12.61,1.11
942,2,recover,swarm,-16.13,11.92,0.16
942,3,advance,bruiser,-8.25,5.85,9.88
942,4,stalk,pouncer,-6.84,4.21,12.02
943,1,windup,swarm,-16.92,12.61,1.11
943,2,recover,swarm,-16.13,11.92,0.16
943,3,advance,bruiser,-8.30,5.90,9.81
943,4,stalk,pouncer,-6.94,4.19,11.95
944,1,windup,swarm,-16.92,12.61,1.11
944,2,chase,swarm,-16.13,11.92,0.16
944,3,advance,bruiser,-8.31,5.90,9.80
944,4,stalk,pouncer,-6.96,4.19,11.94
945,1,windup,swarm,-16.92,12.61,1.11
945,2,windup,swarm,-16.13,11.92,0.16
945,3,advance,bruiser,-8.34,5.92,9.77
945,4,stalk,pouncer,-7.01,4.18,11.90
946,1,windup,swarm,-16.92,12.61,1.11
946,2,windup,swarm,-16.13,11.92,0.16
946,3,advance,bruiser,-8.35,5.93,9.75
946,4,stalk,pouncer,-7.03,4.18,11.89
947,1,windup,swarm,-16.92,12.61,1.11
947,2,windup,swarm,-16.13,11.92,0.16
947,3,advance,bruiser,-8.38,5.95,9.72
947,4,stalk,pouncer,-7.09,4.17,11.85
948,1,strike,swarm,-16.92,12.61,1.11
948,2,windup,swarm,-16.13,11.92,0.16
948,3,advance,bruiser,-8.39,5.96,9.71
948,4,stalk,pouncer,-7.11,4.16,11.84
949,1,strike,swarm,-16.77,12.54,0.95
949,2,windup,swarm,-16.13,11.92,0.16
949,3,advance,bruiser,-8.42,5.99,9.66
949,4,stalk,pouncer,-7.18,4.15,11.80
950,1,strike,swarm,-16.74,12.54,0.93
950,2,windup,swarm,-16.13,11.92,0.16
950,3,advance,bruiser,-8.43,6.00,9.65
950,4,stalk,pouncer,-7.19,4.15,11.79
951,1,strike,swarm,-16.30,12.67,0.75
951,2,windup,swarm,-16.13,11.92,0.16
951,3,advance,bruiser,-8.53,6.08,9.52
951,4,stalk,pouncer,-7.40,4.12,11.66
952,1,strike,swarm,-16.28,12.69,0.76
952,2,windup,swarm,-16.13,11.92,0.16
952,3,advance,bruiser,-8.54,6.08,9.51
952,4,stalk,pouncer,-7.41,4.11,11.65
953,1,strike,swarm,-16.09,12.83,0.84
953,2,windup,swarm,-16.13,11.92,0.16
953,3,advance,bruiser,-8.59,6.12,9.45
953,4,stalk,pouncer,-7.51,4.10,11.58
954,1,strike,swarm,-16.05,12.84,0.85
954,2,windup,swarm,-16.13,11.92,0.16
954,3,advance,bruiser,-8.60,6.13,9.43
954,4,stalk,pouncer,-7.53,4.10,11.57
955,1,strike,swarm,-15.92,12.87,0.88
955,2,windup,swarm,-16.13,11.92,0.16
955,3,advance,bruiser,-8.63,6.15,9.40
955,4,stalk,pouncer,-7.59,4.09,11.54
956,1,strike,swarm,-15.89,12.87,0.88
956,2,windup,swarm,-16.13,11.92,0.16
956,3,advance,bruiser,-8.63,6.16,9.39
956,4,stalk,pouncer,-7.60,4.08,11.53
957,1,strike,swarm,-15.69,12.88,0.94
957,2,windup,swarm,-16.13,11.92,0.16
957,3,advance,bruiser,-8.68,6.19,9.33
957,4,stalk,pouncer,-7.69,4.07,11.47
958,1,recover,swarm,-15.66,12.88,0.95
958,2,strike,swarm,-16.13,11.92,0.16
958,3,advance,bruiser,-8.69,6.20,9.32
958,4,stalk,pouncer,-7.71,4.07,11.46
959,1,recover,swarm,-15.66,12.88,0.95
959,2,strike,swarm,-16.02,11.93,0.07
959,3,advance,bruiser,-8.71,6.22,9.29
959,4,stalk,pouncer,-7.76,4.06,11.43
960,1,recover,swarm,-15.66,12.88,0.95
960,2,strike,swarm,-15.99,11.92,0.07
960,3,advance,bruiser,-8.72,6.23,9.28
960,4,stalk,pouncer,-7.77,4.06,11.42
961,1,recover,swarm,-15.66,12.88,0.95
961,2,strike,swarm,-15.70,11.88,0.31
961,3,advance,bruiser,-8.78,6.28,9.20
961,4,stalk,pouncer,-7.90,4.04,11.35
962,1,recover,swarm,-15.66,12.88,0.95
962,2,strike,swarm,-15.67,11.87,0.34
962,3,advance,bruiser,-8.79,6.28,9.19
962,4,stalk,pouncer,-7.91,4.04,11.34
963,1,recover,swarm,-15.66,12.88,0.95
963,2,strike,swarm,-15.50,11.84,0.52
963,3,advance,bruiser,-8.83,6.31,9.14
963,4,stalk,pouncer,-7.99,4.02,11.29
964,1,recover,swarm,-15.66,12.88,0.95
964,2,strike,swarm,-15.46,11.84,0.55
964,3,advance,bruiser,-8.84,6.32,9.13
964,4,stalk,pouncer,-8.01,4.02,11.28
965,1,recover,swarm,-15.66,12.88,0.95
965,2,strike,swarm,-15.33,11.83,0.68
965,3,advance,bruiser,-8.87,6.34,9.09
965,4,stalk,pouncer,-8.07,4.01,11.24
966,1,recover,swarm,-15.66,12.88,0.95
966,2,strike,swarm,-15.30,11.84,0.71
966,3,advance,bruiser,-8.87,6.35,9.08
966,4,stalk,pouncer,-8.08,4.01,11.24
967,1,recover,swarm,-15.66,12.88,0.95
967,2,strike,swarm,-15.14,11.85,0.86
967,3,advance,bruiser,-8.91,6.38,9.04
967,4,stalk,pouncer,-8.15,4.00,11.20
968,1,recover,swarm,-15.66,12.88,0.95
968,2,strike,swarm,-15.11,11.85,0.89
968,3,advance,bruiser,-8.92,6.38,9.03
968,4,stalk,pouncer,-8.17,4.00,11.19
969,1,recover,swarm,-15.66,12.88,0.95
969,2,strike,swarm,-14.92,11.89,1.08
969,3,advance,bruiser,-8.96,6.42,8.98
969,4,stalk,pouncer,-8.25,3.98,11.14
970,1,recover,swarm,-15.66,12.88,0.95
970,2,strike,swarm,-14.89,11.90,1.10
970,3,advance,bruiser,-8.97,6.42,8.97
970,4,stalk,pouncer,-8.27,3.98,11.13
971,1,recover,swarm,-15.66,12.88,0.95
971,2,strike,swarm,-14.71,11.96,1.28
971,3,advance,bruiser,-9.01,6.46,8.91
971,4,stalk,pouncer,-8.35,3.97,11.08
972,1,recover,swarm,-15.66,12.88,0.95
972,2,recover,swarm,-14.68,11.98,1.32
972,3,advance,bruiser,-9.02,6.46,8.90
972,4,stalk,pouncer,-8.37,3.97,11.07
973,1,recover,swarm,-15.66,12.88,0.95
973,2,recover,swarm,-14.68,11.98,1.32
973,3,advance,bruiser,-9.07,6.50,8.84
973,4,stalk,pouncer,-8.47,3.95,11.01
974,1,recover,swarm,-15.66,12.88,0.95
974,2,recover,swarm,-14.68,11.98,1.32
974,3,advance,bruiser,-9.07,6.51,8.83
974,4,stalk,pouncer,-8.48,3.95,11.00
975,1,recover,swarm,-15.66,12.88,0.95
975,2,recover,swarm,-14.68,11.98,1.32
975,3,advance,bruiser,-9.10,6.53,8.79
975,4,stalk,pouncer,-8.54,3.94,10.97
976,1,recover,swarm,-15.66,12.88,0.95
976,2,recover,swarm,-14.68,11.98,1.32
976,3,advance,bruiser,-9.11,6.54,8.78
976,4,stalk,pouncer,-8.56,3.94,10.96
977,1,recover,swarm,-15.66,12.88,0.95
977,2,recover,swarm,-14.68,11.98,1.32
977,3,advance,bruiser,-9.15,6.57,8.72
977,4,stalk,pouncer,-8.65,3.93,10.91
978,1,recover,swarm,-15.66,12.88,0.95
978,2,recover,swarm,-14.68,11.98,1.32
978,3,advance,bruiser,-9.16,6.58,8.72
978,4,stalk,pouncer,-8.66,3.92,10.90
979,1,recover,swarm,-15.66,12.88,0.95
979,2,recover,swarm,-14.68,11.98,1.32
979,3,advance,bruiser,-9.20,6.61,8.66
979,4,stalk,pouncer,-8.74,3.91,10.85
980,1,recover,swarm,-15.66,12.88,0.95
980,2,recover,swarm,-14.68,11.98,1.32
980,3,advance,bruiser,-9.21,6.62,8.65
980,4,stalk,pouncer,-8.76,3.91,10.85
981,1,recover,swarm,-15.66,12.88,0.95
981,2,recover,swarm,-14.68,11.98,1.32
981,3,advance,bruiser,-9.25,6.64,8.61
981,4,stalk,pouncer,-8.83,3.90,10.80
982,1,recover,swarm,-15.66,12.88,0.95
982,2,recover,swarm,-14.68,11.98,1.32
982,3,advance,bruiser,-9.25,6.65,8.60
982,4,stalk,pouncer,-8.85,3.90,10.80
983,1,recover,swarm,-15.66,12.88,0.95
983,2,recover,swarm,-14.68,11.98,1.32
983,3,advance,bruiser,-9.29,6.68,8.55
983,4,stalk,pouncer,-8.92,3.89,10.76
984,1,recover,swarm,-15.66,12.88,0.95
984,2,recover,swarm,-14.68,11.98,1.32
984,3,advance,bruiser,-9.30,6.68,8.54
984,4,stalk,pouncer,-8.93,3.88,10.75
985,1,recover,swarm,-15.66,12.88,0.95
985,2,recover,swarm,-14.68,11.98,1.32
985,3,advance,bruiser,-9.34,6.72,8.49
985,4,stalk,pouncer,-9.02,3.87,10.70
986,1,recover,swarm,-15.66,12.88,0.95
986,2,recover,swarm,-14.68,11.98,1.32
986,3,advance,bruiser,-9.35,6.72,8.48
986,4,stalk,pouncer,-9.03,3.87,10.69
987,1,recover,swarm,-15.66,12.88,0.95
987,2,recover,swarm,-14.68,11.98,1.32
987,3,advance,bruiser,-9.38,6.75,8.43
987,4,stalk,pouncer,-9.11,3.86,10.65
988,1,recover,swarm,-15.66,12.88,0.95
988,2,recover,swarm,-14.68,11.98,1.32
988,3,advance,bruiser,-9.39,6.76,8.42
988,4,stalk,pouncer,-9.12,3.86,10.65
989,1,recover,swarm,-15.66,12.88,0.95
989,2,recover,swarm,-14.68,11.98,1.32
989,3,advance,bruiser,-9.43,6.79,8.38
989,4,stalk,pouncer,-9.19,3.85,10.61
990,1,recover,swarm,-15.66,12.88,0.95
990,2,recover,swarm,-14.68,11.98,1.32
990,3,advance,bruiser,-9.43,6.79,8.37
990,4,stalk,pouncer,-9.20,3.85,10.60
991,1,recover,swarm,-15.66,12.88,0.95
991,2,recover,swarm,-14.68,11.98,1.32
991,3,advance,bruiser,-9.47,6.82,8.32
991,4,stalk,pouncer,-9.28,3.84,10.56
992,1,recover,swarm,-15.66,12.88,0.95
992,2,recover,swarm,-14.68,11.98,1.32
992,3,advance,bruiser,-9.48,6.83,8.31
992,4,stalk,pouncer,-9.30,3.84,10.55
993,1,recover,swarm,-15.66,12.88,0.95
993,2,recover,swarm,-14.68,11.98,1.32
993,3,advance,bruiser,-9.52,6.86,8.26
993,4,stalk,pouncer,-9.38,3.83,10.51
994,1,recover,swarm,-15.66,12.88,0.95
994,2,recover,swarm,-14.68,11.98,1.32
994,3,advance,bruiser,-9.53,6.87,8.25
994,4,stalk,pouncer,-9.40,3.82,10.50
995,1,recover,swarm,-15.66,12.88,0.95
995,2,recover,swarm,-14.68,11.98,1.32
995,3,advance,bruiser,-9.62,6.94,8.13
995,4,stalk,pouncer,-9.58,3.80,10.40
996,1,chase,swarm,-15.66,12.88,0.95
996,2,recover,swarm,-14.68,11.98,1.32
996,3,advance,bruiser,-9.63,6.94,8.12
996,4,stalk,pouncer,-9.59,3.80,10.40
997,1,windup,swarm,-15.66,12.88,0.95
997,2,recover,swarm,-14.68,11.98,1.32
997,3,advance,bruiser,-9.66,6.97,8.08
997,4,stalk,pouncer,-9.66,3.79,10.36
998,1,windup,swarm,-15.66,12.88,0.95
998,2,recover,swarm,-14.68,11.98,1.32
998,3,advance,bruiser,-9.67,6.98,8.07
998,4,stalk,pouncer,-9.68,3.79,10.35
999,1,windup,swarm,-15.66,12.88,0.95
999,2,recover,swarm,-14.68,11.98,1.32
999,3,advance,bruiser,-9.71,7.01,8.02
999,4,stalk,pouncer,-9.75,3.78,10.31
1000,1,windup,swarm,-15.66,12.88,0.95
1000,2,recover,swarm,-14.68,11.98,1.32
1000,3,advance,bruiser,-9.71,7.01,8.01
1000,4,stalk,pouncer,-9.77,3.78,10.31
1001,1,windup,swarm,-15.66,12.88,0.95
1001,2,recover,swarm,-14.68,11.98,1.32
1001,3,advance,bruiser,-9.74,7.04,7.97
1001,4,stalk,pouncer,-9.83,3.77,10.27
1002,1,windup,swarm,-15.66,12.88,0.95
1002,2,recover,swarm,-14.68,11.98,1.32
1002,3,advance,bruiser,-9.75,7.04,7.96
1002,4,stalk,pouncer,-9.85,3.77,10.27
1003,1,windup,swarm,-15.66,12.88,0.95
1003,2,recover,swarm,-14.68,11.98,1.32
1003,3,advance,bruiser,-9.78,7.07,7.92
1003,4,stalk,pouncer,-9.91,3.76,10.23
1004,1,windup,swarm,-15.66,12.88,0.95
1004,2,recover,swarm,-14.68,11.98,1.32
1004,3,advance,bruiser,-9.79,7.08,7.91
1004,4,stalk,pouncer,-9.93,3.76,10.23
1005,1,windup,swarm,-15.66,12.88,0.95
1005,2,recover,swarm,-14.68,11.98,1.32
1005,3,advance,bruiser,-9.82,7.10,7.87
1005,4,stalk,pouncer,-9.99,3.75,10.20
1006,1,windup,swarm,-15.66,12.88,0.95
1006,2,recover,swarm,-14.68,11.98,1.32
1006,3,advance,bruiser,-9.83,7.11,7.86
1006,4,stalk,pouncer,-10.00,3.75,10.19
1007,1,windup,swarm,-15.66,12.88,0.95
1007,2,recover,swarm,-14.68,11.98,1.32
1007,3,advance,bruiser,-9.86,7.13,7.82
1007,4,stalk,pouncer,-10.07,3.74,10.16
1008,1,windup,swarm,-15.66,12.88,0.95
1008,2,recover,swarm,-14.68,11.98,1.32
1008,3,advance,bruiser,-9.87,7.14,7.81
1008,4,stalk,pouncer,-10.08,3.74,10.15
1009,1,windup,swarm,-15.66,12.88,0.95
1009,2,recover,swarm,-14.68,11.98,1.32
1009,3,advance,bruiser,-9.92,7.18,7.75
1009,4,stalk,pouncer,-10.19,3.73,10.10
1010,1,windup,swarm,-15.66,12.88,0.95
1010,2,recover,swarm,-14.68,11.98,1.32
1010,3,advance,bruiser,-9.93,7.19,7.73
1010,4,stalk,pouncer,-10.21,3.73,10.09
1011,1,windup,swarm,-15.66,12.88,0.95
1011,2,recover,swarm,-14.68,11.98,1.32
1011,3,advance,bruiser,-9.97,7.21,7.69
1011,4,stalk,pouncer,-10.28,3.72,10.05
1012,1,strike,swarm,-15.66,12.88,0.95
1012,2,chase,swarm,-14.68,11.98,1.32
1012,3,advance,bruiser,-9.98,7.22,7.68
1012,4,stalk,pouncer,-10.30,3.72,10.04
1013,1,strike,swarm,-15.71,12.75,0.81
1013,2,windup,swarm,-14.68,11.98,1.32
1013,3,advance,bruiser,-10.01,7.25,7.64
1013,4,stalk,pouncer,-10.36,3.71,10.01
1014,1,strike,swarm,-15.72,12.71,0.77
1014,2,windup,swarm,-14.68,11.98,1.32
1014,3,advance,bruiser,-10.02,7.25,7.62
1014,4,stalk,pouncer,-10.38,3.71,10.01
1015,1,strike,swarm,-15.81,12.51,0.55
1015,2,windup,swarm,-14.68,11.98,1.32
1015,3,advance,bruiser,-10.06,7.29,7.56
1015,4,stalk,pouncer,-10.48,3.70,9.96
1016,1,strike,swarm,-15.82,12.48,0.52
1016,2,windup,swarm,-14.68,11.98,1.32
1016,3,advance,bruiser,-10.07,7.30,7.55
1016,4,stalk,pouncer,-10.49,3.70,9.95
1017,1,strike,swarm,-15.98,12.15,0.16
1017,2,windup,swarm,-14.68,11.98,1.32
1017,3,advance,bruiser,-10.15,7.36,7.45
1017,4,stalk,pouncer,-10.66,3.68,9.88
1018,1,strike,swarm,-16.00,12.12,0.13
1018,2,windup,swarm,-14.68,11.98,1.32
1018,3,advance,bruiser,-10.16,7.37,7.44
1018,4,stalk,pouncer,-10.67,3.68,9.87
1019,1,strike,swarm,-16.07,11.92,0.11
1019,2,windup,swarm,-14.68,11.98,1.32
1019,3,advance,bruiser,-10.21,7.41,7.38
1019,4,stalk,pouncer,-10.77,3.67,9.82
1020,1,strike,swarm,-16.09,11.88,0.15
1020,2,windup,swarm,-14.68,11.98,1.32
1020,3,advance,bruiser,-10.22,7.41,7.37
1020,4,stalk,pouncer,-10.79,3.67,9.82
1021,1,strike,swarm,-16.23,11.49,0.56
1021,2,windup,swarm,-14.68,11.98,1.32
1021,3,advance,bruiser,-10.31,7.49,7.25
1021,4,stalk,pouncer,-10.97,3.65,9.73
1022,1,recover,swarm,-16.31,11.28,0.78
1022,2,strike,swarm,-14.68,11.98,1.32
1022,3,advance,bruiser,-10.36,7.53,7.18
1022,4,stalk,pouncer,-11.07,3.64,9.69
1023,1,recover,swarm,-16.31,11.28,0.78
1023,2,strike,swarm,-15.17,11.98,0.82
1023,3,advance,bruiser,-10.47,7.61,7.04
1023,4,stalk,pouncer,-11.30,3.63,9.59
1024,1,recover,swarm,-16.31,11.28,0.78
1024,2,strike,swarm,-15.21,11.98,0.78
1024,3,advance,bruiser,-10.48,7.62,7.03
1024,4,stalk,pouncer,-11.32,3.63,9.58
1025,1,recover,swarm,-16.31,11.28,0.78
1025,2,strike,swarm,-15.48,11.99,0.51
1025,3,advance,bruiser,-10.54,7.67,6.96
1025,4,stalk,pouncer,-11.44,3.62,9.53
1026,1,recover,swarm,-16.31,11.28,0.78
1026,2,strike,swarm,-15.52,12.00,0.47
1026,3,advance,bruiser,-10.55,7.68,6.94
1026,4,stalk,pouncer,-11.46,3.62,9.52
1027,1,recover,swarm,-16.31,11.28,0.78
1027,2,strike,swarm,-15.68,12.08,0.32
1027,3,advance,bruiser,-10.59,7.71,6.89
1027,4,stalk,pouncer,-11.54,3.61,9.49
1028,1,recover,swarm,-16.31,11.28,0.78
1028,2,strike,swarm,-15.71,12.10,0.30
1028,3,advance,bruiser,-10.60,7.72,6.88
1028,4,stalk,pouncer,-11.55,3.61,9.48
1029,1,recover,swarm,-16.31,11.28,0.78
1029,2,strike,swarm,-16.12,12.38,0.41
1029,3,advance,bruiser,-10.71,7.80,6.74
1029,4,stalk,pouncer,-11.77,3.60,9.39
1030,1,recover,swarm,-16.31,11.28,0.78
1030,2,recover,swarm,-16.15,12.40,0.43
1030,3,advance,bruiser,-10.72,7.81,6.73
1030,4,stalk,pouncer,-11.79,3.60,9.39
1031,1,recover,swarm,-16.31,11.28,0.78
1031,2,recover,swarm,-16.15,12.40,0.43
1031,3,advance,bruiser,-10.76,7.84,6.67
1031,4,stalk,pouncer,-11.88,3.59,9.35
1032,1,recover,swarm,-16.31,11.28,0.78
1032,2,recover,swarm,-16.15,12.40,0.43
1032,3,advance,bruiser,-10.77,7.85,6.66
1032,4,stalk,pouncer,-11.90,3.59,9.34
1033,1,recover,swarm,-16.31,11.28,0.78
1033,2,recover,swarm,-16.15,12.40,0.43
1033,3,advance,bruiser,-10.80,7.88,6.62
1033,4,stalk,pouncer,-11.97,3.59,9.31
1034,1,recover,swarm,-16.31,11.28,0.78
1034,2,recover,swarm,-16.15,12.40,0.43
1034,3,advance,bruiser,-10.81,7.89,6.61
1034,4,stalk,pouncer,-11.99,3.59,9.31
1035,1,recover,swarm,-16.31,11.28,0.78
1035,2,recover,swarm,-16.15,12.40,0.43
1035,3,advance,bruiser,-10.85,7.92,6.56
1035,4,stalk,pouncer,-12.06,3.59,9.28
1036,1,recover,swarm,-16.31,11.28,0.78
1036,2,recover,swarm,-16.15,12.40,0.43
1036,3,advance,bruiser,-10.86,7.92,6.55
1036,4,stalk,pouncer,-12.08,3.59,9.27
1037,1,recover,swarm,-16.31,11.28,0.78
1037,2,recover,swarm,-16.15,12.40,0.43
1037,3,advance,bruiser,-10.89,7.95,6.51
1037,4,stalk,pouncer,-12.14,3.58,9.25
1038,1,recover,swarm,-16.31,11.28,0.78
1038,2,recover,swarm,-16.15,12.40,0.43
1038,3,advance,bruiser,-10.90,7.95,6.50
1038,4,stalk,pouncer,-12.16,3.58,9.24
1039,1,recover,swarm,-16.31,11.28,0.78
1039,2,recover,swarm,-16.15,12.40,0.43
1039,3,advance,bruiser,-10.98,8.02,6.39
1039,4,stalk,pouncer,-12.33,3.58,9.17
1040,1,recover,swarm,-16.31,11.28,0.78
1040,2,recover,swarm,-16.15,12.40,0.43
1040,3,advance,bruiser,-10.99,8.03,6.38
1040,4,stalk,pouncer,-12.35,3.58,9.17
1041,1,recover,swarm,-16.31,11.28,0.78
1041,2,recover,swarm,-16.15,12.40,0.43
1041,3,advance,bruiser,-11.03,8.05,6.34
1041,4,stalk,pouncer,-12.42,3.58,9.14
1042,1,recover,swarm,-16.31,11.28,0.78
1042,2,recover,swarm,-16.15,12.40,0.43
1042,3,advance,bruiser,-11.03,8.06,6.33
1042,4,stalk,pouncer,-12.44,3.58,9.13
1043,1,recover,swarm,-16.31,11.28,0.78
1043,2,recover,swarm,-16.15,12.40,0.43
1043,3,advance,bruiser,-11.12,8.13,6.22
1043,4,stalk,pouncer,-12.60,3.57,9.07
1044,1,recover,swarm,-16.31,11.28,0.78
1044,2,recover,swarm,-16.15,12.40,0.43
1044,3,advance,bruiser,-11.12,8.13,6.21
1044,4,stalk,pouncer,-12.62,3.57,9.07
1045,1,recover,swarm,-16.31,11.28,0.78
1045,2,recover,swarm,-16.15,12.40,0.43
1045,3,advance,bruiser,-11.17,8.17,6.16
1045,4,stalk,pouncer,-12.71,3.57,9.04
1046,1,recover,swarm,-16.31,11.28,0.78
1046,2,recover,swarm,-16.15,12.40,0.43
1046,3,advance,bruiser,-11.18,8.17,6.15
1046,4,stalk,pouncer,-12.72,3.57,9.03
1047,1,recover,swarm,-16.31,11.28,0.78
1047,2,recover,swarm,-16.15,12.40,0.43
1047,3,advance,bruiser,-11.21,8.20,6.10
1047,4,stalk,pouncer,-12.80,3.57,9.00
1048,1,recover,swarm,-16.31,11.28,0.78
1048,2,recover,swarm,-16.15,12.40,0.43
1048,3,advance,bruiser,-11.22,8.21,6.09
1048,4,stalk,pouncer,-12.81,3.57,9.00
1049,1,recover,swarm,-16.31,11.28,0.78
1049,2,recover,swarm,-16.15,12.40,0.43
1049,3,advance,bruiser,-11.29,8.27,6.00
1049,4,stalk,pouncer,-12.96,3.57,8.95
1050,1,chase,swarm,-16.31,11.28,0.78
1050,2,recover,swarm,-16.15,12.40,0.43
1050,3,advance,bruiser,-11.30,8.27,5.98
1050,4,stalk,pouncer,-12.98,3.57,8.94
1051,1,windup,swarm,-16.31,11.28,0.78
1051,2,recover,swarm,-16.15,12.40,0.43
1051,3,advance,bruiser,-11.33,8.30,5.94
1051,4,stalk,pouncer,-13.04,3.58,8.92
1052,1,windup,swarm,-16.31,11.28,0.78
1052,2,recover,swarm,-16.15,12.40,0.43
1052,3,advance,bruiser,-11.34,8.31,5.93
1052,4,stalk,pouncer,-13.06,3.58,8.91
1053,1,windup,swarm,-16.31,11.28,0.78
1053,2,recover,swarm,-16.15,12.40,0.43
1053,3,advance,bruiser,-11.37,8.33,5.90
1053,4,stalk,pouncer,-13.12,3.58,8.89
1054,1,windup,swarm,-16.31,11.28,0.78
1054,2,recover,swarm,-16.15,12.40,0.43
1054,3,advance,bruiser,-11.38,8.34,5.88
1054,4,stalk,pouncer,-13.14,3.58,8.88
1055,1,windup,swarm,-16.31,11.28,0.78
1055,2,recover,swarm,-16.15,12.40,0.43
1055,3,advance,bruiser,-11.41,8.36,5.85
1055,4,stalk,pouncer,-13.19,3.58,8.87
1056,1,windup,swarm,-16.31,11.28,0.78
1056,2,recover,swarm,-16.15,12.40,0.43
1056,3,advance,bruiser,-11.42,8.37,5.84
1056,4,stalk,pouncer,-13.21,3.58,8.86
1057,1,windup,swarm,-16.31,11.28,0.78
1057,2,recover,swarm,-16.15,12.40,0.43
1057,3,advance,bruiser,-11.46,8.40,5.78
1057,4,stalk,pouncer,-13.30,3.58,8.83
1058,1,windup,swarm,-16.31,11.28,0.78
1058,2,recover,swarm,-16.15,12.40,0.43
1058,3,advance,bruiser,-11.47,8.40,5.77
1058,4,stalk,pouncer,-13.32,3.58,8.82
1059,1,windup,swarm,-16.31,11.28,0.78
1059,2,recover,swarm,-16.15,12.40,0.43
1059,3,advance,bruiser,-11.56,8.47,5.66
1059,4,stalk,pouncer,-13.49,3.59,8.77
1060,1,windup,swarm,-16.31,11.28,0.78
1060,2,recover,swarm,-16.15,12.40,0.43
1060,3,advance,bruiser,-11.56,8.48,5.65
1060,4,stalk,pouncer,-13.51,3.59,8.76
1061,1,windup,swarm,-16.31,11.28,0.78
1061,2,recover,swarm,-16.15,12.40,0.43
1061,3,advance,bruiser,-11.60,8.51,5.60
1061,4,stalk,pouncer,-13.45,3.64,8.73
1062,1,windup,swarm,-16.31,11.28,0.78
1062,2,recover,swarm,-16.15,12.40,0.43
1062,3,advance,bruiser,-11.61,8.52,5.59
1062,4,stalk,pouncer,-13.43,3.65,8.73
1063,1,windup,swarm,-16.31,11.28,0.78
1063,2,recover,swarm,-16.15,12.40,0.43
1063,3,advance,bruiser,-11.65,8.55,5.54
1063,4,stalk,pouncer,-13.37,3.69,8.71
1064,1,strike,swarm,-16.31,11.28,0.78
1064,2,chase,swarm,-16.15,12.40,0.43
1064,3,advance,bruiser,-11.66,8.56,5.53
1064,4,stalk,pouncer,-13.36,3.70,8.70
1065,1,strike,swarm,-16.25,11.38,0.66
1065,2,windup,swarm,-16.15,12.40,0.43
1065,3,advance,bruiser,-11.68,8.58,5.50
1065,4,stalk,pouncer,-13.31,3.73,8.68
1066,1,strike,swarm,-16.22,11.41,0.63
1066,2,windup,swarm,-16.15,12.40,0.43
1066,3,advance,bruiser,-11.69,8.58,5.48
1066,4,stalk,pouncer,-13.30,3.74,8.68
1067,1,strike,swarm,-16.14,11.47,0.54
1067,2,windup,swarm,-16.15,12.40,0.43
1067,3,advance,bruiser,-11.72,8.60,5.46
1067,4,stalk,pouncer,-13.26,3.77,8.66
1068,1,strike,swarm,-16.11,11.48,0.52
1068,2,windup,swarm,-16.15,12.40,0.43
1068,3,advance,bruiser,-11.72,8.61,5.45
1068,4,stalk,pouncer,-13.25,3.78,8.66
1069,1,strike,swarm,-15.85,11.56,0.45
1069,2,windup,swarm,-16.15,12.40,0.43
1069,3,advance,bruiser,-11.78,8.65,5.37
1069,4,stalk,pouncer,-13.15,3.85,8.62
1070,1,strike,swarm,-15.82,11.57,0.46
1070,2,windup,swarm,-16.15,12.40,0.43
1070,3,advance,bruiser,-11.79,8.66,5.36
1070,4,stalk,pouncer,-13.14,3.86,8.62
1071,1,strike,swarm,-15.64,11.61,0.52
1071,2,windup,swarm,-16.15,12.40,0.43
1071,3,advance,bruiser,-11.83,8.69,5.31
1071,4,stalk,pouncer,-13.08,3.91,8.59
1072,1,strike,swarm,-15.61,11.62,0.53
1072,2,windup,swarm,-16.15,12.40,0.43
1072,3,advance,bruiser,-11.84,8.70,5.30
1072,4,stalk,pouncer,-13.06,3.92,8.59
1073,1,strike,swarm,-15.39,11.71,0.67
1073,2,windup,swarm,-16.15,12.40,0.43
1073,3,advance,bruiser,-11.89,8.74,5.23
1073,4,stalk,pouncer,-12.98,3.99,8.55
1074,1,strike,swarm,-15.36,11.73,0.68
1074,2,windup,swarm,-16.15,12.40,0.43
1074,3,advance,bruiser,-11.90,8.75,5.22
1074,4,stalk,pouncer,-12.97,4.00,8.55
1075,1,strike,swarm,-15.24,11.81,0.77
1075,2,windup,swarm,-16.15,12.40,0.43
1075,3,advance,bruiser,-11.93,8.77,5.18
1075,4,stalk,pouncer,-12.92,4.04,8.53
1076,1,strike,swarm,-15.22,11.83,0.79
1076,2,windup,swarm,-16.15,12.40,0.43
1076,3,advance,bruiser,-11.94,8.78,5.17
1076,4,stalk,pouncer,-12.91,4.04,8.53
1077,1,strike,swarm,-15.13,11.91,0.87
1077,2,windup,swarm,-16.15,12.40,0.43
1077,3,advance,bruiser,-11.97,8.80,5.14
1077,4,stalk,pouncer,-12.86,4.08,8.51
1078,1,recover,swarm,-15.10,11.94,0.89
1078,2,windup,swarm,-16.15,12.40,0.43
1078,3,advance,bruiser,-11.97,8.81,5.13
1078,4,stalk,pouncer,-12.85,4.09,8.50
1079,1,recover,swarm,-15.10,11.94,0.89
1079,2,windup,swarm,-16.15,12.40,0.43
1079,3,advance,bruiser,-12.01,8.84,5.08
1079,4,stalk,pouncer,-12.79,4.14,8.48
1080,1,recover,swarm,-15.10,11.94,0.89
1080,2,strike,swarm,-16.15,12.40,0.43
1080,3,advance,bruiser,-12.02,8.84,5.07
1080,4,stalk,pouncer,-12.77,4.15,8.48
1081,1,recover,swarm,-15.10,11.94,0.89
1081,2,strike,swarm,-16.13,12.15,0.21
1081,3,advance,bruiser,-12.08,8.89,5.00
1081,4,stalk,pouncer,-12.69,4.22,8.44
1082,1,recover,swarm,-15.10,11.94,0.89
1082,2,strike,swarm,-16.13,12.12,0.19
1082,3,advance,bruiser,-12.08,8.89,4.99
1082,4,stalk,pouncer,-12.68,4.23,8.44
1083,1,recover,swarm,-15.10,11.94,0.89
1083,2,strike,swarm,-16.16,11.94,0.18
1083,3,advance,bruiser,-12.12,8.92,4.94
1083,4,stalk,pouncer,-12.61,4.28,8.42
1084,1,recover,swarm,-15.10,11.94,0.89
1084,2,strike,swarm,-16.16,11.90,0.20
1084,3,advance,bruiser,-12.13,8.93,4.93
1084,4,stalk,pouncer,-12.60,4.29,8.41
1085,1,recover,swarm,-15.10,11.94,0.89
1085,2,strike,swarm,-16.20,11.57,0.47
1085,3,advance,bruiser,-12.20,8.99,4.83
1085,4,stalk,pouncer,-12.49,4.39,8.37
1086,1,recover,swarm,-15.10,11.94,0.89
1086,2,strike,swarm,-16.20,11.55,0.49
1086,3,advance,bruiser,-12.21,8.99,4.83
1086,4,stalk,pouncer,-12.48,4.40,8.37
1087,1,recover,swarm,-15.10,11.94,0.89
1087,2,strike,swarm,-16.18,11.37,0.65
1087,3,advance,bruiser,-12.25,9.02,4.78
1087,4,stalk,pouncer,-12.42,4.45,8.35
1088,1,recover,swarm,-15.10,11.94,0.89
1088,2,strike,swarm,-16.17,11.34,0.68
1088,3,advance,bruiser,-12.26,9.03,4.77
1088,4,stalk,pouncer,-12.41,4.46,8.34
1089,1,recover,swarm,-15.10,11.94,0.89
1089,2,strike,swarm,-16.13,11.18,0.82
1089,3,advance,bruiser,-12.29,9.06,4.72
1089,4,stalk,pouncer,-12.35,4.51,8.32
1090,1,recover,swarm,-15.10,11.94,0.89
1090,2,strike,swarm,-16.12,11.14,0.86
1090,3,advance,bruiser,-12.30,9.07,4.71
1090,4,stalk,pouncer,-12.34,4.52,8.32
1091,1,recover,swarm,-15.10,11.94,0.89
1091,2,strike,swarm,-16.05,10.97,1.03
1091,3,advance,bruiser,-12.34,9.10,4.66
1091,4,stalk,pouncer,-12.28,4.57,8.30
1092,1,recover,swarm,-15.10,11.94,0.89
1092,2,recover,swarm,-16.04,10.94,1.06
1092,3,advance,bruiser,-12.35,9.10,4.65
1092,4,stalk,pouncer,-12.27,4.58,8.29
1093,1,recover,swarm,-15.10,11.94,0.89
1093,2,recover,swarm,-16.04,10.94,1.06
1093,3,advance,bruiser,-12.38,9.13,4.61
1093,4,stalk,pouncer,-12.23,4.62,8.28
1094,1,recover,swarm,-15.10,11.94,0.89
1094,2,recover,swarm,-16.04,10.94,1.06
1094,3,advance,bruiser,-12.38,9.13,4.60
1094,4,stalk,pouncer,-12.22,4.63,8.27
1095,1,recover,swarm,-15.10,11.94,0.89
1095,2,recover,swarm,-16.04,10.94,1.06
1095,3,advance,bruiser,-12.42,9.16,4.55
1095,4,stalk,pouncer,-12.15,4.68,8.25
1096,1,recover,swarm,-15.10,11.94,0.89
1096,2,recover,swarm,-16.04,10.94,1.06
1096,3,advance,bruiser,-12.43,9.17,4.54
1096,4,stalk,pouncer,-12.14,4.69,8.25
1097,1,recover,swarm,-15.10,11.94,0.89
1097,2,recover,swarm,-16.04,10.94,1.06
1097,3,advance,bruiser,-12.50,9.23,4.45
1097,4,stalk,pouncer,-12.04,4.79,8.21
1098,1,recover,swarm,-15.10,11.94,0.89
1098,2,recover,swarm,-16.04,10.94,1.06
1098,3,advance,bruiser,-12.51,9.23,4.44
1098,4,stalk,pouncer,-12.03,4.80,8.21
1099,1,recover,swarm,-15.10,11.94,0.89
1099,2,recover,swarm,-16.04,10.94,1.06
1099,3,advance,bruiser,-12.55,9.27,4.39
1099,4,stalk,pouncer,-11.96,4.86,8.19
1100,1,recover,swarm,-15.10,11.94,0.89
1100,2,recover,swarm,-16.04,10.94,1.06
1100,3,advance,bruiser,-12.56,9.27,4.38
1100,4,stalk,pouncer,-11.95,4.87,8.18
1101,1,recover,swarm,-15.10,11.94,0.89
1101,2,recover,swarm,-16.04,10.94,1.06
1101,3,advance,bruiser,-12.62,9.32,4.30
1101,4,stalk,pouncer,-11.86,4.96,8.15
1102,1,recover,swarm,-15.10,11.94,0.89
1102,2,recover,swarm,-16.04,10.94,1.06
1102,3,advance,bruiser,-12.63,9.33,4.29
1102,4,stalk,pouncer,-11.85,4.97,8.15
1103,1,recover,swarm,-15.10,11.94,0.89
1103,2,recover,swarm,-16.04,10.94,1.06
1103,3,advance,bruiser,-12.69,9.37,4.22
1103,4,stalk,pouncer,-11.77,5.05,8.12
1104,1,recover,swarm,-15.10,11.94,0.89
1104,2,recover,swarm,-16.04,10.94,1.06
1104,3,advance,bruiser,-12.69,9.38,4.21
1104,4,stalk,pouncer,-11.76,5.06,8.12
1105,1,recover,swarm,-15.10,11.94,0.89
1105,2,recover,swarm,-16.04,10.94,1.06
1105,3,advance,bruiser,-12.73,9.40,4.16
1105,4,stalk,pouncer,-11.71,5.11,8.10
1106,1,recover,swarm,-15.10,11.94,0.89
1106,2,recover,swarm,-16.04,10.94,1.06
1106,3,advance,bruiser,-12.74,9.41,4.15
1106,4,stalk,pouncer,-11.70,5.12,8.10
1107,1,recover,swarm,-15.10,11.94,0.89
1107,2,recover,swarm,-16.04,10.94,1.06
1107,3,advance,bruiser,-12.76,9.43,4.12
1107,4,stalk,pouncer,-11.66,5.16,8.09
1108,1,recover,swarm,-15.10,11.94,0.89
1108,2,recover,swarm,-16.04,10.94,1.06
1108,3,advance,bruiser,-12.77,9.44,4.11
1108,4,stalk,pouncer,-11.65,5.17,8.08
1109,1,recover,swarm,-15.10,11.94,0.89
1109,2,recover,swarm,-16.04,10.94,1.06
1109,3,advance,bruiser,-12.83,9.48,4.04
1109,4,stalk,pouncer,-11.57,5.25,8.06
1110,1,recover,swarm,-15.10,11.94,0.89
1110,2,recover,swarm,-16.04,10.94,1.06
1110,3,advance,bruiser,-12.83,9.49,4.03
1110,4,stalk,pouncer,-11.56,5.27,8.05
1111,1,recover,swarm,-15.10,11.94,0.89
1111,2,recover,swarm,-16.04,10.94,1.06
1111,3,advance,bruiser,-12.87,9.51,3.99
1111,4,stalk,pouncer,-11.52,5.32,8.04
1112,1,recover,swarm,-15.10,11.94,0.89
1112,2,recover,swarm,-16.04,10.94,1.06
1112,3,advance,bruiser,-12.87,9.52,3.98
1112,4,stalk,pouncer,-11.51,5.33,8.03
1113,1,recover,swarm,-15.10,11.94,0.89
1113,2,recover,swarm,-16.04,10.94,1.06
1113,3,advance,bruiser,-12.91,9.55,3.93
1113,4,stalk,pouncer,-11.45,5.38,8.02
1114,1,chase,swarm,-15.10,11.94,0.89
1114,2,recover,swarm,-16.04,10.94,1.06
1114,3,advance,bruiser,-12.92,9.56,3.92
1114,4,stalk,pouncer,-11.44,5.39,8.01
1115,1,windup,swarm,-15.10,11.94,0.89
1115,2,recover,swarm,-16.04,10.94,1.06
1115,3,advance,bruiser,-12.96,9.59,3.87
1115,4,stalk,pouncer,-11.39,5.45,8.00
1116,1,windup,swarm,-15.10,11.94,0.89
1116,2,recover,swarm,-16.04,10.94,1.06
1116,3,advance,bruiser,-12.96,9.59,3.86
1116,4,stalk,pouncer,-11.39,5.46,7.99
1117,1,windup,swarm,-15.10,11.94,0.89
1117,2,recover,swarm,-16.04,10.94,1.06
1117,3,advance,bruiser,-13.00,9.62,3.82
1117,4,stalk,pouncer,-11.34,5.51,7.98
1118,1,windup,swarm,-15.10,11.94,0.89
1118,2,recover,swarm,-16.04,10.94,1.06
1118,3,advance,bruiser,-13.00,9.62,3.81
1118,4,stalk,pouncer,-11.33,5.52,7.97
1119,1,windup,swarm,-15.10,11.94,0.89
1119,2,recover,swarm,-16.04,10.94,1.06
1119,3,advance,bruiser,-13.03,9.65,3.78
1119,4,stalk,pouncer,-11.29,5.56,7.96
1120,1,windup,swarm,-15.10,11.94,0.89
1120,2,recover,swarm,-16.04,10.94,1.06
1120,3,advance,bruiser,-13.04,9.65,3.77
1120,4,stalk,pouncer,-11.28,5.58,7.96
1121,1,windup,swarm,-15.10,11.94,0.89
1121,2,recover,swarm,-16.04,10.94,1.06
1121,3,advance,bruiser,-13.07,9.68,3.73
1121,4,stalk,pouncer,-11.24,5.62,7.95
1122,1,windup,swarm,-15.10,11.94,0.89
1122,2,recover,swarm,-16.04,10.94,1.06
1122,3,advance,bruiser,-13.08,9.68,3.72
1122,4,stalk,pouncer,-11.23,5.63,7.94
1123,1,windup,swarm,-15.10,11.94,0.89
1123,2,recover,swarm,-16.04,10.94,1.06
1123,3,advance,bruiser,-13.11,9.71,3.67
1123,4,stalk,pouncer,-11.18,5.69,7.93
1124,1,windup,swarm,-15.10,11.94,0.89
1124,2,recover,swarm,-16.04,10.94,1.06
1124,3,advance,bruiser,-13.12,9.72,3.66
1124,4,stalk,pouncer,-11.17,5.70,7.92
1125,1,windup,swarm,-15.10,11.94,0.89
1125,2,recover,swarm,-16.04,10.94,1.06
1125,3,advance,bruiser,-13.16,9.74,3.62
1125,4,stalk,pouncer,-11.13,5.76,7.91
1126,1,windup,swarm,-15.10,11.94,0.89
1126,2,recover,swarm,-16.04,10.94,1.06
1126,3,advance,bruiser,-13.16,9.75,3.61
1126,4,stalk,pouncer,-11.12,5.77,7.91
1127,1,windup,swarm,-15.10,11.94,0.89
1127,2,recover,swarm,-16.04,10.94,1.06
1127,3,advance,bruiser,-13.22,9.80,3.53
1127,4,stalk,pouncer,-11.04,5.86,7.88
1128,1,windup,swarm,-15.10,11.94,0.89
1128,2,recover,swarm,-16.04,10.94,1.06
1128,3,advance,bruiser,-13.23,9.80,3.52
1128,4,stalk,pouncer,-11.03,5.87,7.88
1129,1,windup,swarm,-15.10,11.94,0.89
1129,2,recover,swarm,-16.04,10.94,1.06
1129,3,advance,bruiser,-13.27,9.83,3.48
1129,4,stalk,pouncer,-10.99,5.93,7.86
1130,1,strike,swarm,-15.10,11.94,0.89
1130,2,recover,swarm,-16.04,10.94,1.06
1130,3,advance,bruiser,-13.27,9.84,3.47
1130,4,stalk,pouncer,-10.98,5.94,7.86
1131,1,strike,swarm,-15.29,11.95,0.70
1131,2,recover,swarm,-16.04,10.94,1.06
1131,3,advance,bruiser,-13.32,9.87,3.41
1131,4,stalk,pouncer,-10.92,6.01,7.84
1132,1,strike,swarm,-15.32,11.96,0.67
1132,2,chase,swarm,-16.04,10.94,1.06
1132,3,advance,bruiser,-13.32,9.88,3.40
1132,4,stalk,pouncer,-10.92,6.02,7.84
1133,1,strike,swarm,-15.65,12.01,0.34
1133,2,windup,swarm,-16.04,10.94,1.06
1133,3,advance,bruiser,-13.40,9.94,3.31
1133,4,stalk,pouncer,-10.82,6.14,7.81
1134,1,strike,swarm,-15.68,12.02,0.31
1134,2,windup,swarm,-16.04,10.94,1.06
1134,3,advance,bruiser,-13.40,9.94,3.30
1134,4,stalk,pouncer,-10.81,6.15,7.81
1135,1,strike,swarm,-15.88,12.10,0.15
1135,2,windup,swarm,-16.04,10.94,1.06
1135,3,advance,bruiser,-13.45,9.98,3.24
1135,4,stalk,pouncer,-10.76,6.22,7.79
1136,1,strike,swarm,-15.91,12.11,0.14
1136,2,windup,swarm,-16.04,10.94,1.06
1136,3,advance,bruiser,-13.46,9.98,3.23
1136,4,stalk,pouncer,-10.75,6.23,7.79
1137,1,strike,swarm,-16.04,12.15,0.16
1137,2,windup,swarm,-16.04,10.94,1.06
1137,3,advance,bruiser,-13.49,10.01,3.19
1137,4,stalk,pouncer,-10.71,6.28,7.78
1138,1,strike,swarm,-16.07,12.16,0.18
1138,2,windup,swarm,-16.04,10.94,1.06
1138,3,advance,bruiser,-13.50,10.01,3.18
1138,4,stalk,pouncer,-10.70,6.30,7.77
1139,1,strike,swarm,-16.25,12.19,0.33
1139,2,windup,swarm,-16.04,10.94,1.06
1139,3,advance,bruiser,-13.54,10.05,3.13
1139,4,stalk,pouncer,-10.65,6.36,7.76
1140,1,strike,swarm,-16.28,12.20,0.36
1140,2,windup,swarm,-16.04,10.94,1.06
1140,3,advance,bruiser,-13.54,10.05,3.12
1140,4,stalk,pouncer,-10.65,6.37,7.75
1141,1,strike,swarm,-16.60,12.23,0.65
1141,2,windup,swarm,-16.04,10.94,1.06
1141,3,advance,bruiser,-13.61,10.11,3.03
1141,4,stalk,pouncer,-10.56,6.49,7.73
1142,1,recover,swarm,-16.64,12.23,0.69
1142,2,windup,swarm,-16.04,10.94,1.06
1142,3,advance,bruiser,-13.62,10.11,3.02
1142,4,stalk,pouncer,-10.55,6.50,7.73
1143,1,recover,swarm,-16.64,12.23,0.69
1143,2,windup,swarm,-16.04,10.94,1.06
1143,3,advance,bruiser,-13.66,10.14,2.98
1143,4,stalk,pouncer,-10.51,6.56,7.71
1144,1,recover,swarm,-16.64,12.23,0.69
1144,2,strike,swarm,-16.04,10.94,1.06
1144,3,advance,bruiser,-13.67,10.15,2.97
1144,4,stalk,pouncer,-10.50,6.58,7.71
1145,1,recover,swarm,-16.64,12.23,0.69
1145,2,strike,swarm,-16.03,11.10,0.89
1145,3,advance,bruiser,-13.70,10.18,2.92
1145,4,stalk,pouncer,-10.46,6.64,7.70
1146,1,recover,swarm,-16.64,12.23,0.69
1146,2,strike,swarm,-16.03,11.14,0.86
1146,3,advance,bruiser,-13.71,10.18,2.91
1146,4,stalk,pouncer,-10.45,6.65,7.69
1147,1,recover,swarm,-16.64,12.23,0.69
1147,2,strike,swarm,-16.00,11.43,0.56
1147,3,advance,bruiser,-13.78,10.24,2.83
1147,4,stalk,pouncer,-10.38,6.76,7.67
1148,1,recover,swarm,-16.64,12.23,0.69
1148,2,strike,swarm,-15.98,11.46,0.53
1148,3,advance,bruiser,-13.78,10.24,2.82
1148,4,stalk,pouncer,-10.37,6.78,7.67
1149,1,recover,swarm,-16.64,12.23,0.69
1149,2,strike,swarm,-15.87,11.60,0.41
1149,3,advance,bruiser,-13.82,10.27,2.77
1149,4,stalk,pouncer,-10.33,6.84,7.65
1150,1,recover,swarm,-16.64,12.23,0.69
1150,2,strike,swarm,-15.85,11.63,0.39
1150,3,advance,bruiser,-13.83,10.28,2.76
1150,4,stalk,pouncer,-10.32,6.85,7.65
1151,1,recover,swarm,-16.64,12.23,0.69
1151,2,strike,swarm,-15.78,11.71,0.35
1151,3,advance,bruiser,-13.85,10.30,2.73
1151,4,stalk,pouncer,-10.29,6.90,7.64
1152,1,recover,swarm,-16.64,12.23,0.69
1152,2,strike,swarm,-15.76,11.73,0.35
1152,3,advance,bruiser,-13.86,10.30,2.72
1152,4,stalk,pouncer,-10.29,6.91,7.64
1153,1,recover,swarm,-16.64,12.23,0.69
1153,2,strike,swarm,-15.58,11.97,0.42
1153,3,advance,bruiser,-13.93,10.36,2.63
1153,4,stalk,pouncer,-10.21,7.02,7.62
1154,1,recover,swarm,-16.64,12.23,0.69
1154,2,strike,swarm,-15.56,12.01,0.43
1154,3,advance,bruiser,-13.94,10.36,2.62
1154,4,stalk,pouncer,-10.21,7.04,7.62
1155,1,recover,swarm,-16.64,12.23,0.69
1155,2,strike,swarm,-15.41,12.33,0.67
1155,3,advance,bruiser,-14.02,10.43,2.52
1155,4,stalk,pouncer,-10.12,7.18,7.59
1156,1,recover,swarm,-16.64,12.23,0.69
1156,2,recover,swarm,-15.40,12.36,0.70
1156,3,advance,bruiser,-14.02,10.43,2.51
1156,4,stalk,pouncer,-10.12,7.19,7.59
1157,1,recover,swarm,-16.64,12.23,0.69
1157,2,recover,swarm,-15.40,12.36,0.70
1157,3,advance,bruiser,-14.36,10.70,2.08
1157,4,stalk,pouncer,-9.78,7.78,7.51
1158,1,recover,swarm,-16.64,12.23,0.69
1158,2,recover,swarm,-15.40,12.36,0.70
1158,3,windup,bruiser,-14.36,10.70,2.08
1158,4,stalk,pouncer,-9.77,7.79,7.50
1159,1,recover,swarm,-16.64,12.23,0.69
1159,2,recover,swarm,-15.40,12.36,0.70
1159,3,windup,bruiser,-14.36,10.70,2.08
1159,4,stalk,pouncer,-9.75,7.83,7.50
1160,1,recover,swarm,-16.64,12.23,0.69
1160,2,recover,swarm,-15.40,12.36,0.70
1160,3,windup,bruiser,-14.36,10.70,2.08
1160,4,stalk,pouncer,-9.75,7.85,7.49
1161,1,recover,swarm,-16.64,12.23,0.69
1161,2,recover,swarm,-15.40,12.36,0.70
1161,3,windup,bruiser,-14.36,10.70,2.08
1161,4,stalk,pouncer,-9.71,7.92,7.48
1162,1,recover,swarm,-16.64,12.23,0.69
1162,2,recover,swarm,-15.40,12.36,0.70
1162,3,windup,bruiser,-14.36,10.70,2.08
1162,4,stalk,pouncer,-9.71,7.94,7.48
1163,1,recover,swarm,-16.64,12.23,0.69
1163,2,recover,swarm,-15.40,12.36,0.70
1163,3,windup,bruiser,-14.36,10.70,2.08
1163,4,stalk,pouncer,-9.69,7.98,7.47
1164,1,recover,swarm,-16.64,12.23,0.69
1164,2,recover,swarm,-15.40,12.36,0.70
1164,3,windup,bruiser,-14.36,10.70,2.08
1164,4,stalk,pouncer,-9.68,8.00,7.47
1165,1,recover,swarm,-16.64,12.23,0.69
1165,2,recover,swarm,-15.40,12.36,0.70
1165,3,windup,bruiser,-14.36,10.70,2.08
1165,4,stalk,pouncer,-9.66,8.04,7.46
1166,1,recover,swarm,-16.64,12.23,0.69
1166,2,recover,swarm,-15.40,12.36,0.70
1166,3,windup,bruiser,-14.36,10.70,2.08
1166,4,stalk,pouncer,-9.65,8.06,7.46
1167,1,recover,swarm,-16.64,12.23,0.69
1167,2,recover,swarm,-15.40,12.36,0.70
1167,3,windup,bruiser,-14.36,10.70,2.08
1167,4,stalk,pouncer,-9.63,8.12,7.45
1168,1,recover,swarm,-16.64,12.23,0.69
1168,2,recover,swarm,-15.40,12.36,0.70
1168,3,windup,bruiser,-14.36,10.70,2.08
1168,4,stalk,pouncer,-9.62,8.13,7.45
1169,1,chase,swarm,-16.64,12.23,0.69
1169,2,recover,swarm,-15.40,12.36,0.70
1169,3,windup,bruiser,-14.36,10.70,2.08
1169,4,stalk,pouncer,-9.60,8.17,7.44
1170,1,windup,swarm,-16.64,12.23,0.69
1170,2,recover,swarm,-15.40,12.36,0.70
1170,3,windup,bruiser,-14.36,10.70,2.08
1170,4,crouch,pouncer,-9.60,8.19,7.44
1171,1,windup,swarm,-16.64,12.23,0.69
1171,2,recover,swarm,-15.40,12.36,0.70
1171,3,windup,bruiser,-14.36,10.70,2.08
1171,4,crouch,pouncer,-9.60,8.19,7.44
1172,1,windup,swarm,-16.64,12.23,0.69
1172,2,recover,swarm,-15.40,12.36,0.70
1172,3,windup,bruiser,-14.36,10.70,2.08
1172,4,crouch,pouncer,-9.60,8.19,7.44
1173,1,windup,swarm,-16.64,12.23,0.69
1173,2,recover,swarm,-15.40,12.36,0.70
1173,3,windup,bruiser,-14.36,10.70,2.08
1173,4,crouch,pouncer,-9.60,8.19,7.44
1174,1,windup,swarm,-16.64,12.23,0.69
1174,2,recover,swarm,-15.40,12.36,0.70
1174,3,windup,bruiser,-14.36,10.70,2.08
1174,4,crouch,pouncer,-9.60,8.19,7.44
1175,1,windup,swarm,-16.64,12.23,0.69
1175,2,recover,swarm,-15.40,12.36,0.70
1175,3,windup,bruiser,-14.36,10.70,2.08
1175,4,crouch,pouncer,-9.60,8.19,7.44
1176,1,windup,swarm,-16.64,12.23,0.69
1176,2,recover,swarm,-15.40,12.36,0.70
1176,3,windup,bruiser,-14.36,10.70,2.08
1176,4,crouch,pouncer,-9.60,8.19,7.44
1177,1,windup,swarm,-16.64,12.23,0.69
1177,2,recover,swarm,-15.40,12.36,0.70
1177,3,windup,bruiser,-14.36,10.70,2.08
1177,4,crouch,pouncer,-9.60,8.19,7.44
1178,1,windup,swarm,-16.64,12.23,0.69
1178,2,recover,swarm,-15.40,12.36,0.70
1178,3,windup,bruiser,-14.36,10.70,2.08
1178,4,crouch,pouncer,-9.60,8.19,7.44
1179,1,windup,swarm,-16.64,12.23,0.69
1179,2,recover,swarm,-15.40,12.36,0.70
1179,3,windup,bruiser,-14.36,10.70,2.08
1179,4,crouch,pouncer,-9.60,8.19,7.44
1180,1,windup,swarm,-16.64,12.23,0.69
1180,2,recover,swarm,-15.40,12.36,0.70
1180,3,windup,bruiser,-14.36,10.70,2.08
1180,4,crouch,pouncer,-9.60,8.19,7.44
1181,1,windup,swarm,-16.64,12.23,0.69
1181,2,recover,swarm,-15.40,12.36,0.70
1181,3,windup,bruiser,-14.36,10.70,2.08
1181,4,crouch,pouncer,-9.60,8.19,7.44
1182,1,windup,swarm,-16.64,12.23,0.69
1182,2,recover,swarm,-15.40,12.36,0.70
1182,3,windup,bruiser,-14.36,10.70,2.08
1182,4,crouch,pouncer,-9.60,8.19,7.44
1183,1,windup,swarm,-16.64,12.23,0.69
1183,2,recover,swarm,-15.40,12.36,0.70
1183,3,windup,bruiser,-14.36,10.70,2.08
1183,4,crouch,pouncer,-9.60,8.19,7.44
1184,1,windup,swarm,-16.64,12.23,0.69
1184,2,recover,swarm,-15.40,12.36,0.70
1184,3,windup,bruiser,-14.36,10.70,2.08
1184,4,crouch,pouncer,-9.60,8.19,7.44
1185,1,windup,swarm,-16.64,12.23,0.69
1185,2,recover,swarm,-15.40,12.36,0.70
1185,3,windup,bruiser,-14.36,10.70,2.08
1185,4,crouch,pouncer,-9.60,8.19,7.44
1186,1,windup,swarm,-16.64,12.23,0.69
1186,2,recover,swarm,-15.40,12.36,0.70
1186,3,windup,bruiser,-14.36,10.70,2.08
1186,4,crouch,pouncer,-9.60,8.19,7.44
1187,1,strike,swarm,-16.64,12.23,0.69
1187,2,recover,swarm,-15.40,12.36,0.70
1187,3,windup,bruiser,-14.36,10.70,2.08
1187,4,crouch,pouncer,-9.60,8.19,7.44
1188,1,strike,swarm,-16.50,12.17,0.54
1188,2,recover,swarm,-15.40,12.36,0.70
1188,3,windup,bruiser,-14.36,10.70,2.08
1188,4,crouch,pouncer,-9.60,8.19,7.44
1189,1,strike,swarm,-16.46,12.14,0.49
1189,2,chase,swarm,-15.40,12.36,0.70
1189,3,windup,bruiser,-14.36,10.70,2.08
1189,4,crouch,pouncer,-9.60,8.19,7.44
1190,1,strike,swarm,-16.34,12.04,0.35
1190,2,windup,swarm,-15.40,12.36,0.70
1190,3,windup,bruiser,-14.36,10.70,2.08
1190,4,crouch,pouncer,-9.60,8.19,7.44
1191,1,strike,swarm,-16.31,12.00,0.32
1191,2,windup,swarm,-15.40,12.36,0.70
1191,3,windup,bruiser,-14.36,10.70,2.08
1191,4,crouch,pouncer,-9.60,8.19,7.44
1192,1,strike,swarm,-16.18,11.79,0.28
1192,2,windup,swarm,-15.40,12.36,0.70
1192,3,windup,bruiser,-14.36,10.70,2.08
1192,4,crouch,pouncer,-9.60,8.19,7.44
1193,1,strike,swarm,-16.17,11.76,0.29
1193,2,windup,swarm,-15.40,12.36,0.70
1193,3,windup,bruiser,-14.36,10.70,2.08
1193,4,crouch,pouncer,-9.60,8.19,7.44
1194,1,strike,swarm,-16.02,11.51,0.48
1194,2,windup,swarm,-15.40,12.36,0.70
1194,3,windup,bruiser,-14.36,10.70,2.08
1194,4,crouch,pouncer,-9.60,8.19,7.44
1195,1,strike,swarm,-16.00,11.48,0.51
1195,2,windup,swarm,-15.40,12.36,0.70
1195,3,windup,bruiser,-14.36,10.70,2.08
1195,4,crouch,pouncer,-9.60,8.19,7.44
1196,1,strike,swarm,-15.89,11.36,0.64
1196,2,windup,swarm,-15.40,12.36,0.70
1196,3,windup,bruiser,-14.36,10.70,2.08
1196,4,crouch,pouncer,-9.60,8.19,7.44
1197,1,strike,swarm,-15.86,11.34,0.67
1197,2,windup,swarm,-15.40,12.36,0.70
1197,3,windup,bruiser,-14.36,10.70,2.08
1197,4,pounce,pouncer,-9.60,8.19,7.44
1198,1,strike,swarm,-15.74,11.23,0.80
1198,2,windup,swarm,-15.40,12.36,0.70
1198,3,windup,bruiser,-14.36,10.70,2.08
1198,4,pounce,pouncer,-9.81,8.31,7.20
1199,1,recover,swarm,-15.71,11.22,0.82
1199,2,windup,swarm,-15.40,12.36,0.70
1199,3,strike,bruiser,-14.36,10.70,2.08
1199,4,pounce,pouncer,-9.85,8.33,7.15
1200,1,recover,swarm,-15.71,11.22,0.82
1200,2,windup,swarm,-15.40,12.36,0.70
1200,3,strike,bruiser,-14.51,10.82,1.89
1200,4,pounce,pouncer,-10.14,8.51,6.81
1201,1,recover,swarm,-15.71,11.22,0.82
1201,2,windup,swarm,-15.40,12.36,0.70
1201,3,strike,bruiser,-14.53,10.83,1.87
1201,4,pounce,pouncer,-10.18,8.53,6.76
1202,1,recover,swarm,-15.71,11.22,0.82
1202,2,windup,swarm,-15.40,12.36,0.70
1202,3,strike,bruiser,-14.63,10.92,1.74
1202,4,pounce,pouncer,-10.39,8.66,6.52
1203,1,recover,swarm,-15.71,11.22,0.82
1203,2,strike,swarm,-15.40,12.36,0.70
1203,3,strike,bruiser,-14.73,11.04,1.57
1203,4,pounce,pouncer,-10.64,8.81,6.22
1204,1,recover,swarm,-15.71,11.22,0.82
1204,2,strike,swarm,-15.43,12.35,0.67
1204,3,strike,bruiser,-14.74,11.07,1.55
1204,4,pounce,pouncer,-10.68,8.83,6.18
1205,1,recover,swarm,-15.71,11.22,0.82
1205,2,strike,swarm,-15.59,12.29,0.50
1205,3,strike,bruiser,-14.78,11.21,1.44
1205,4,pounce,pouncer,-10.91,8.97,5.92
1206,1,recover,swarm,-15.71,11.22,0.82
1206,2,strike,swarm,-15.62,12.29,0.47
1206,3,strike,bruiser,-14.78,11.24,1.42
1206,4,pounce,pouncer,-10.95,8.99,5.87
1207,1,recover,swarm,-15.71,11.22,0.82
1207,2,strike,swarm,-15.81,12.27,0.33
1207,3,strike,bruiser,-14.79,11.39,1.34
1207,4,pounce,pouncer,-11.19,9.13,5.59
1208,1,recover,swarm,-15.71,11.22,0.82
1208,2,strike,swarm,-15.84,12.27,0.31
1208,3,strike,bruiser,-14.80,11.42,1.33
1208,4,pounce,pouncer,-11.23,9.16,5.54
1209,1,recover,swarm,-15.71,11.22,0.82
1209,2,strike,swarm,-15.97,12.26,0.27
1209,3,strike,bruiser,-14.81,11.53,1.27
1209,4,pounce,pouncer,-11.40,9.26,5.34
1210,1,recover,swarm,-15.71,11.22,0.82
1210,2,strike,swarm,-16.00,12.26,0.27
1210,3,strike,bruiser,-14.81,11.55,1.26
1210,4,pounce,pouncer,-11.44,9.28,5.30
1211,1,recover,swarm,-15.71,11.22,0.82
1211,2,strike,swarm,-16.15,12.24,0.30
1211,3,strike,bruiser,-14.83,11.67,1.20
1211,4,pounce,pouncer,-11.63,9.39,5.08
1212,1,recover,swarm,-15.71,11.22,0.82
1212,2,strike,swarm,-16.18,12.23,0.31
1212,3,strike,bruiser,-14.84,11.70,1.19
1212,4,pounce,pouncer,-11.67,9.42,5.03
1213,1,recover,swarm,-15.71,11.22,0.82
1213,2,strike,swarm,-16.36,12.20,0.42
1213,3,strike,bruiser,-14.88,11.84,1.12
1213,4,pounce,pouncer,-11.90,9.56,4.76
1214,1,recover,swarm,-15.71,11.22,0.82
1214,2,strike,swarm,-16.39,12.19,0.44
1214,3,strike,bruiser,-14.89,11.87,1.11
1214,4,pounce,pouncer,-11.94,9.58,4.71
1215,1,recover,swarm,-15.71,11.22,0.82
1215,2,strike,swarm,-16.72,12.07,0.73
1215,3,strike,bruiser,-15.00,12.14,1.00
1215,4,pounce,pouncer,-12.39,9.85,4.19
1216,1,recover,swarm,-15.71,11.22,0.82
1216,2,recover,swarm,-16.75,12.05,0.76
1216,3,recover,bruiser,-15.02,12.16,0.99
1216,4,recover,pouncer,-12.44,9.88,4.13
1217,1,recover,swarm,-15.71,11.22,0.82
1217,2,recover,swarm,-16.75,12.05,0.76
1217,3,recover,bruiser,-15.02,12.16,0.99
1217,4,recover,pouncer,-12.44,9.88,4.13
1218,1,recover,swarm,-15.71,11.22,0.82
1218,2,recover,swarm,-16.75,12.05,0.76
1218,3,recover,bruiser,-15.02,12.16,0.99
1218,4,recover,pouncer,-12.44,9.88,4.13
1219,1,recover,swarm,-15.71,11.22,0.82
1219,2,recover,swarm,-16.75,12.05,0.76
1219,3,recover,bruiser,-15.02,12.16,0.99
1219,4,recover,pouncer,-12.44,9.88,4.13
1220,1,recover,swarm,-15.71,11.22,0.82
1220,2,recover,swarm,-16.75,12.05,0.76
1220,3,recover,bruiser,-15.02,12.16,0.99
1220,4,recover,pouncer,-12.44,9.88,4.13
1221,1,recover,swarm,-15.71,11.22,0.82
1221,2,recover,swarm,-16.75,12.05,0.76
1221,3,recover,bruiser,-15.02,12.16,0.99
1221,4,recover,pouncer,-12.44,9.88,4.13
1222,1,recover,swarm,-15.71,11.22,0.82
1222,2,recover,swarm,-16.75,12.05,0.76
1222,3,recover,bruiser,-15.02,12.16,0.99
1222,4,recover,pouncer,-12.44,9.88,4.13
1223,1,recover,swarm,-15.71,11.22,0.82
1223,2,recover,swarm,-16.75,12.05,0.76
1223,3,recover,bruiser,-15.02,12.16,0.99
1223,4,recover,pouncer,-12.44,9.88,4.13
1224,1,recover,swarm,-15.71,11.22,0.82
1224,2,recover,swarm,-16.75,12.05,0.76
1224,3,recover,bruiser,-15.02,12.16,0.99
1224,4,recover,pouncer,-12.44,9.88,4.13
1225,1,recover,swarm,-15.71,11.22,0.82
1225,2,recover,swarm,-16.75,12.05,0.76
1225,3,recover,bruiser,-15.02,12.16,0.99
1225,4,recover,pouncer,-12.44,9.88,4.13
1226,1,recover,swarm,-15.71,11.22,0.82
1226,2,recover,swarm,-16.75,12.05,0.76
1226,3,recover,bruiser,-15.02,12.16,0.99
1226,4,recover,pouncer,-12.44,9.88,4.13
1227,1,recover,swarm,-15.71,11.22,0.82
1227,2,recover,swarm,-16.75,12.05,0.76
1227,3,recover,bruiser,-15.02,12.16,0.99
1227,4,recover,pouncer,-12.44,9.88,4.13
1228,1,recover,swarm,-15.71,11.22,0.82
1228,2,recover,swarm,-16.75,12.05,0.76
1228,3,recover,bruiser,-15.02,12.16,0.99
1228,4,recover,pouncer,-12.44,9.88,4.13
1229,1,recover,swarm,-15.71,11.22,0.82
1229,2,recover,swarm,-16.75,12.05,0.76
1229,3,recover,bruiser,-15.02,12.16,0.99
1229,4,recover,pouncer,-12.44,9.88,4.13
1230,1,recover,swarm,-15.71,11.22,0.82
1230,2,recover,swarm,-16.75,12.05,0.76
1230,3,recover,bruiser,-15.02,12.16,0.99
1230,4,recover,pouncer,-12.44,9.88,4.13
1231,1,recover,swarm,-15.71,11.22,0.82
1231,2,recover,swarm,-16.75,12.05,0.76
1231,3,recover,bruiser,-15.02,12.16,0.99
1231,4,recover,pouncer,-12.44,9.88,4.13
1232,1,recover,swarm,-15.71,11.22,0.82
1232,2,recover,swarm,-16.75,12.05,0.76
1232,3,recover,bruiser,-15.02,12.16,0.99
1232,4,recover,pouncer,-12.44,9.88,4.13
1233,1,recover,swarm,-15.71,11.22,0.82
1233,2,recover,swarm,-16.75,12.05,0.76
1233,3,recover,bruiser,-15.02,12.16,0.99
1233,4,recover,pouncer,-12.44,9.88,4.13
1234,1,recover,swarm,-15.71,11.22,0.82
1234,2,recover,swarm,-16.75,12.05,0.76
1234,3,recover,bruiser,-15.02,12.16,0.99
1234,4,recover,pouncer,-12.44,9.88,4.13
1235,1,recover,swarm,-15.71,11.22,0.82
1235,2,recover,swarm,-16.75,12.05,0.76
1235,3,recover,bruiser,-15.02,12.16,0.99
1235,4,recover,pouncer,-12.44,9.88,4.13
1236,1,recover,swarm,-15.71,11.22,0.82
1236,2,recover,swarm,-16.75,12.05,0.76
1236,3,recover,bruiser,-15.02,12.16,0.99
1236,4,recover,pouncer,-12.44,9.88,4.13
1237,1,recover,swarm,-15.71,11.22,0.82
1237,2,recover,swarm,-16.75,12.05,0.76
1237,3,recover,bruiser,-15.02,12.16,0.99
1237,4,recover,pouncer,-12.44,9.88,4.13
1238,1,recover,swarm,-15.71,11.22,0.82
1238,2,recover,swarm,-16.75,12.05,0.76
1238,3,recover,bruiser,-15.02,12.16,0.99
1238,4,recover,pouncer,-12.44,9.88,4.13
1239,1,recover,swarm,-15.71,11.22,0.82
1239,2,recover,swarm,-16.75,12.05,0.76
1239,3,recover,bruiser,-15.02,12.16,0.99
1239,4,recover,pouncer,-12.44,9.88,4.13
1240,1,chase,swarm,-15.71,11.22,0.82
1240,2,recover,swarm,-16.75,12.05,0.76
1240,3,recover,bruiser,-15.02,12.16,0.99
1240,4,recover,pouncer,-12.44,9.88,4.13
1241,1,windup,swarm,-15.71,11.22,0.82
1241,2,recover,swarm,-16.75,12.05,0.76
1241,3,recover,bruiser,-15.02,12.16,0.99
1241,4,recover,pouncer,-12.44,9.88,4.13
1242,1,windup,swarm,-15.71,11.22,0.82
1242,2,recover,swarm,-16.75,12.05,0.76
1242,3,recover,bruiser,-15.02,12.16,0.99
1242,4,recover,pouncer,-12.44,9.88,4.13
1243,1,windup,swarm,-15.71,11.22,0.82
1243,2,recover,swarm,-16.75,12.05,0.76
1243,3,recover,bruiser,-15.02,12.16,0.99
1243,4,recover,pouncer,-12.44,9.88,4.13
1244,1,windup,swarm,-15.71,11.22,0.82
1244,2,recover,swarm,-16.75,12.05,0.76
1244,3,recover,bruiser,-15.02,12.16,0.99
1244,4,recover,pouncer,-12.44,9.88,4.13
1245,1,windup,swarm,-15.71,11.22,0.82
1245,2,recover,swarm,-16.75,12.05,0.76
1245,3,recover,bruiser,-15.02,12.16,0.99
1245,4,recover,pouncer,-12.44,9.88,4.13
1246,1,windup,swarm,-15.71,11.22,0.82
1246,2,recover,swarm,-16.75,12.05,0.76
1246,3,recover,bruiser,-15.02,12.16,0.99
1246,4,recover,pouncer,-12.44,9.88,4.13
1247,1,windup,swarm,-15.71,11.22,0.82
1247,2,recover,swarm,-16.75,12.05,0.76
1247,3,recover,bruiser,-15.02,12.16,0.99
1247,4,recover,pouncer,-12.44,9.88,4.13
1248,1,windup,swarm,-15.71,11.22,0.82
1248,2,recover,swarm,-16.75,12.05,0.76
1248,3,recover,bruiser,-15.02,12.16,0.99
1248,4,recover,pouncer,-12.44,9.88,4.13
1249,1,windup,swarm,-15.71,11.22,0.82
1249,2,recover,swarm,-16.75,12.05,0.76
1249,3,recover,bruiser,-15.02,12.16,0.99
1249,4,recover,pouncer,-12.44,9.88,4.13
1250,1,windup,swarm,-15.71,11.22,0.82
1250,2,recover,swarm,-16.75,12.05,0.76
1250,3,recover,bruiser,-15.02,12.16,0.99
1250,4,recover,pouncer,-12.44,9.88,4.13
1251,1,windup,swarm,-15.71,11.22,0.82
1251,2,recover,swarm,-16.75,12.05,0.76
1251,3,recover,bruiser,-15.02,12.16,0.99
1251,4,recover,pouncer,-12.44,9.88,4.13
1252,1,windup,swarm,-15.71,11.22,0.82
1252,2,recover,swarm,-16.75,12.05,0.76
1252,3,recover,bruiser,-15.02,12.16,0.99
1252,4,recover,pouncer,-12.44,9.88,4.13
1253,1,windup,swarm,-15.71,11.22,0.82
1253,2,recover,swarm,-16.75,12.05,0.76
1253,3,recover,bruiser,-15.02,12.16,0.99
1253,4,recover,pouncer,-12.44,9.88,4.13
1254,1,windup,swarm,-15.71,11.22,0.82
1254,2,recover,swarm,-16.75,12.05,0.76
1254,3,recover,bruiser,-15.02,12.16,0.99
1254,4,recover,pouncer,-12.44,9.88,4.13
1255,1,windup,swarm,-15.71,11.22,0.82
1255,2,recover,swarm,-16.75,12.05,0.76
1255,3,recover,bruiser,-15.02,12.16,0.99
1255,4,recover,pouncer,-12.44,9.88,4.13
1256,1,windup,swarm,-15.71,11.22,0.82
1256,2,recover,swarm,-16.75,12.05,0.76
1256,3,recover,bruiser,-15.02,12.16,0.99
1256,4,recover,pouncer,-12.44,9.88,4.13
1257,1,windup,swarm,-15.71,11.22,0.82
1257,2,recover,swarm,-16.75,12.05,0.76
1257,3,recover,bruiser,-15.02,12.16,0.99
1257,4,recover,pouncer,-12.44,9.88,4.13
1258,1,windup,swarm,-15.71,11.22,0.82
1258,2,recover,swarm,-16.75,12.05,0.76
1258,3,recover,bruiser,-15.02,12.16,0.99
1258,4,recover,pouncer,-12.44,9.88,4.13
1259,1,strike,swarm,-15.71,11.22,0.82
1259,2,recover,swarm,-16.75,12.05,0.76
1259,3,recover,bruiser,-15.02,12.16,0.99
1259,4,recover,pouncer,-12.44,9.88,4.13
1260,1,strike,swarm,-15.77,11.30,0.73
1260,2,recover,swarm,-16.75,12.05,0.76
1260,3,recover,bruiser,-15.02,12.16,0.99
1260,4,recover,pouncer,-12.44,9.88,4.13
1261,1,strike,swarm,-15.83,11.38,0.63
1261,2,recover,swarm,-16.75,12.05,0.76
1261,3,recover,bruiser,-15.02,12.16,0.99
1261,4,recover,pouncer,-12.44,9.88,4.13
1262,1,strike,swarm,-15.88,11.46,0.54
1262,2,chase,swarm,-16.75,12.05,0.76
1262,3,recover,bruiser,-15.02,12.16,0.99
1262,4,recover,pouncer,-12.44,9.88,4.13
1263,1,strike,swarm,-15.93,11.55,0.45
1263,2,windup,swarm,-16.75,12.05,0.76
1263,3,recover,bruiser,-15.02,12.16,0.99
1263,4,recover,pouncer,-12.44,9.88,4.13
1264,1,strike,swarm,-15.96,11.65,0.34
1264,2,windup,swarm,-16.75,12.05,0.76
1264,3,recover,bruiser,-15.02,12.16,0.99
1264,4,recover,pouncer,-12.44,9.88,4.13
1265,1,strike,swarm,-15.96,11.74,0.25
1265,2,windup,swarm,-16.75,12.05,0.76
1265,3,recover,bruiser,-15.02,12.16,0.99
1265,4,recover,pouncer,-12.44,9.88,4.13
1266,1,strike,swarm,-15.96,11.85,0.15
1266,2,windup,swarm,-16.75,12.05,0.76
1266,3,recover,bruiser,-15.02,12.16,0.99
1266,4,recover,pouncer,-12.44,9.88,4.13
1267,1,strike,swarm,-15.96,11.94,0.06
1267,2,windup,swarm,-16.75,12.05,0.76
1267,3,recover,bruiser,-15.02,12.16,0.99
1267,4,recover,pouncer,-12.44,9.88,4.13
1268,1,strike,swarm,-15.96,12.04,0.06
1268,2,windup,swarm,-16.75,12.05,0.76
1268,3,recover,bruiser,-15.02,12.16,0.99
1268,4,recover,pouncer,-12.44,9.88,4.13
1269,1,strike,swarm,-15.96,12.15,0.16
1269,2,windup,swarm,-16.75,12.05,0.76
1269,3,recover,bruiser,-15.02,12.16,0.99
1269,4,recover,pouncer,-12.44,9.88,4.13
1270,1,strike,swarm,-15.97,12.25,0.26
1270,2,windup,swarm,-16.75,12.05,0.76
1270,3,recover,bruiser,-15.02,12.16,0.99
1270,4,recover,pouncer,-12.44,9.88,4.13
1271,1,strike,swarm,-16.06,13.75,1.76
1271,2,windup,swarm,-16.75,12.05,0.76
1271,3,recover,bruiser,-15.02,12.16,0.99
1271,4,recover,pouncer,-12.44,9.88,4.13
1272,1,recover,swarm,-16.10,13.85,1.86
1272,2,strike,swarm,-16.75,12.05,0.76
1272,3,advance,bruiser,-15.02,12.16,0.99
1272,4,recover,pouncer,-12.44,9.88,4.13
1273,1,recover,swarm,-16.10,13.85,1.86
1273,2,strike,swarm,-16.56,12.04,0.57
1273,3,windup,bruiser,-15.02,12.16,0.99
1273,4,recover,pouncer,-12.44,9.88,4.13
1274,1,recover,swarm,-16.10,13.85,1.86
1274,2,strike,swarm,-16.51,12.03,0.53
1274,3,windup,bruiser,-15.02,12.16,0.99
1274,4,recover,pouncer,-12.44,9.88,4.13
1275,1,recover,swarm,-16.10,13.85,1.86
1275,2,strike,swarm,-16.36,12.02,0.37
1275,3,windup,bruiser,-15.02,12.16,0.99
1275,4,recover,pouncer,-12.44,9.88,4.13
1276,1,recover,swarm,-16.10,13.85,1.86
1276,2,strike,swarm,-16.32,12.02,0.33
1276,3,windup,bruiser,-15.02,12.16,0.99
1276,4,recover,pouncer,-12.44,9.88,4.13
1277,1,recover,swarm,-16.10,13.85,1.86
1277,2,strike,swarm,-16.10,12.00,0.11
1277,3,windup,bruiser,-15.02,12.16,0.99
1277,4,recover,pouncer,-12.44,9.88,4.13
1278,1,recover,swarm,-16.10,13.85,1.86
1278,2,strike,swarm,-16.06,11.99,0.07
1278,3,windup,bruiser,-15.02,12.16,0.99
1278,4,stalk,pouncer,-12.44,9.88,4.13
1279,1,recover,swarm,-16.10,13.85,1.86
1279,2,strike,swarm,-15.86,11.93,0.15
1279,3,windup,bruiser,-15.02,12.16,0.99
1279,4,crouch,pouncer,-12.37,9.94,4.16
1280,1,recover,swarm,-16.10,13.85,1.86
1280,2,strike,swarm,-15.84,11.89,0.18
1280,3,windup,bruiser,-15.02,12.16,0.99
1280,4,crouch,pouncer,-12.37,9.94,4.16
1281,1,recover,swarm,-16.10,13.85,1.86
1281,2,strike,swarm,-15.76,11.74,0.34
1281,3,windup,bruiser,-15.02,12.16,0.99
1281,4,crouch,pouncer,-12.37,9.94,4.16
1282,1,recover,swarm,-16.10,13.85,1.86
1282,2,strike,swarm,-15.75,11.70,0.38
1282,3,windup,bruiser,-15.02,12.16,0.99
1282,4,crouch,pouncer,-12.37,9.94,4.16
1283,1,recover,swarm,-16.10,13.85,1.86
1283,2,strike,swarm,-15.66,11.51,0.58
1283,3,windup,bruiser,-15.02,12.16,0.99
1283,4,crouch,pouncer,-12.37,9.94,4.16
1284,1,recover,swarm,-16.10,13.85,1.86
1284,2,recover,swarm,-15.64,11.49,0.62
1284,3,windup,bruiser,-15.02,12.16,0.99
1284,4,crouch,pouncer,-12.37,9.94,4.16
1285,1,recover,swarm,-16.10,13.85,1.86
1285,2,recover,swarm,-15.64,11.49,0.62
1285,3,windup,bruiser,-15.02,12.16,0.99
1285,4,crouch,pouncer,-12.37,9.94,4.16
1286,1,recover,swarm,-16.10,13.85,1.86
1286,2,recover,swarm,-15.64,11.49,0.62
1286,3,windup,bruiser,-15.02,12.16,0.99
1286,4,crouch,pouncer,-12.37,9.94,4.16
1287,1,recover,swarm,-16.10,13.85,1.86
1287,2,recover,swarm,-15.64,11.49,0.62
1287,3,windup,bruiser,-15.02,12.16,0.99
1287,4,crouch,pouncer,-12.37,9.94,4.16
1288,1,recover,swarm,-16.10,13.85,1.86
1288,2,recover,swarm,-15.64,11.49,0.62
1288,3,windup,bruiser,-15.02,12.16,0.99
1288,4,crouch,pouncer,-12.37,9.94,4.16
1289,1,recover,swarm,-16.10,13.85,1.86
1289,2,recover,swarm,-15.64,11.49,0.62
1289,3,windup,bruiser,-15.02,12.16,0.99
1289,4,crouch,pouncer,-12.37,9.94,4.16
1290,1,recover,swarm,-16.10,13.85,1.86
1290,2,recover,swarm,-15.64,11.49,0.62
1290,3,windup,bruiser,-15.02,12.16,0.99
1290,4,crouch,pouncer,-12.37,9.94,4.16
1291,1,recover,swarm,-16.10,13.85,1.86
1291,2,recover,swarm,-15.64,11.49,0.62
1291,3,windup,bruiser,-15.02,12.16,0.99
1291,4,crouch,pouncer,-12.37,9.94,4.16
1292,1,recover,swarm,-16.10,13.85,1.86
1292,2,recover,swarm,-15.64,11.49,0.62
1292,3,windup,bruiser,-15.02,12.16,0.99
1292,4,crouch,pouncer,-12.37,9.94,4.16
1293,1,recover,swarm,-16.10,13.85,1.86
1293,2,recover,swarm,-15.64,11.49,0.62
1293,3,windup,bruiser,-15.02,12.16,0.99
1293,4,crouch,pouncer,-12.37,9.94,4.16
1294,1,recover,swarm,-16.10,13.85,1.86
1294,2,recover,swarm,-15.64,11.49,0.62
1294,3,windup,bruiser,-15.02,12.16,0.99
1294,4,crouch,pouncer,-12.37,9.94,4.16
1295,1,recover,swarm,-16.10,13.85,1.86
1295,2,recover,swarm,-15.64,11.49,0.62
1295,3,windup,bruiser,-15.02,12.16,0.99
1295,4,crouch,pouncer,-12.37,9.94,4.16
1296,1,recover,swarm,-16.10,13.85,1.86
1296,2,recover,swarm,-15.64,11.49,0.62
1296,3,windup,bruiser,-15.02,12.16,0.99
1296,4,crouch,pouncer,-12.37,9.94,4.16
1297,1,recover,swarm,-16.10,13.85,1.86
1297,2,recover,swarm,-15.64,11.49,0.62
1297,3,windup,bruiser,-15.02,12.16,0.99
1297,4,crouch,pouncer,-12.37,9.94,4.16
1298,1,recover,swarm,-16.10,13.85,1.86
1298,2,recover,swarm,-15.64,11.49,0.62
1298,3,windup,bruiser,-15.02,12.16,0.99
1298,4,crouch,pouncer,-12.37,9.94,4.16
1299,1,recover,swarm,-16.10,13.85,1.86
1299,2,recover,swarm,-15.64,11.49,0.62
1299,3,windup,bruiser,-15.02,12.16,0.99
1299,4,crouch,pouncer,-12.37,9.94,4.16
1300,1,recover,swarm,-16.10,13.85,1.86
1300,2,recover,swarm,-15.64,11.49,0.62
1300,3,windup,bruiser,-15.02,12.16,0.99
1300,4,crouch,pouncer,-12.37,9.94,4.16
1301,1,recover,swarm,-16.10,13.85,1.86
1301,2,recover,swarm,-15.64,11.49,0.62
1301,3,windup,bruiser,-15.02,12.16,0.99
1301,4,crouch,pouncer,-12.37,9.94,4.16
1302,1,recover,swarm,-16.10,13.85,1.86
1302,2,recover,swarm,-15.64,11.49,0.62
1302,3,windup,bruiser,-15.02,12.16,0.99
1302,4,crouch,pouncer,-12.37,9.94,4.16
1303,1,recover,swarm,-16.10,13.85,1.86
1303,2,recover,swarm,-15.64,11.49,0.62
1303,3,windup,bruiser,-15.02,12.16,0.99
1303,4,crouch,pouncer,-12.37,9.94,4.16
1304,1,recover,swarm,-16.10,13.85,1.86
1304,2,recover,swarm,-15.64,11.49,0.62
1304,3,windup,bruiser,-15.02,12.16,0.99
1304,4,crouch,pouncer,-12.37,9.94,4.16
1305,1,recover,swarm,-16.10,13.85,1.86
1305,2,recover,swarm,-15.64,11.49,0.62
1305,3,windup,bruiser,-15.02,12.16,0.99
1305,4,crouch,pouncer,-12.37,9.94,4.16
1306,1,recover,swarm,-16.10,13.85,1.86
1306,2,recover,swarm,-15.64,11.49,0.62
1306,3,windup,bruiser,-15.02,12.16,0.99
1306,4,pounce,pouncer,-12.37,9.94,4.16
1307,1,recover,swarm,-16.10,13.85,1.86
1307,2,recover,swarm,-15.64,11.49,0.62
1307,3,windup,bruiser,-15.02,12.16,0.99
1307,4,pounce,pouncer,-12.65,10.10,3.83
1308,1,recover,swarm,-16.10,13.85,1.86
1308,2,recover,swarm,-15.64,11.49,0.62
1308,3,windup,bruiser,-15.02,12.16,0.99
1308,4,pounce,pouncer,-12.71,10.13,3.77
1309,1,recover,swarm,-16.10,13.85,1.86
1309,2,recover,swarm,-15.64,11.49,0.62
1309,3,windup,bruiser,-15.02,12.16,0.99
1309,4,pounce,pouncer,-12.90,10.24,3.55
1310,1,recover,swarm,-16.10,13.85,1.86
1310,2,recover,swarm,-15.64,11.49,0.62
1310,3,strike,bruiser,-15.02,12.16,0.99
1310,4,pounce,pouncer,-12.95,10.27,3.50
1311,1,recover,swarm,-16.10,13.85,1.86
1311,2,recover,swarm,-15.64,11.49,0.62
1311,3,strike,bruiser,-15.11,12.24,0.91
1311,4,pounce,pouncer,-13.14,10.38,3.27
1312,1,chase,swarm,-16.10,13.85,1.86
1312,2,recover,swarm,-15.64,11.49,0.62
1312,3,strike,bruiser,-15.13,12.26,0.90
1312,4,pounce,pouncer,-13.18,10.40,3.23
1313,1,chase,swarm,-16.02,13.78,1.78
1313,2,recover,swarm,-15.64,11.49,0.62
1313,3,strike,bruiser,-15.22,12.33,0.84
1313,4,pounce,pouncer,-13.36,10.51,3.02
1314,1,chase,swarm,-16.01,13.76,1.77
1314,2,recover,swarm,-15.64,11.49,0.62
1314,3,strike,bruiser,-15.25,12.35,0.82
1314,4,pounce,pouncer,-13.41,10.53,2.97
1315,1,chase,swarm,-15.92,13.66,1.67
1315,2,recover,swarm,-15.64,11.49,0.62
1315,3,strike,bruiser,-15.37,12.43,0.76
1315,4,pounce,pouncer,-13.64,10.66,2.70
1316,1,chase,swarm,-15.91,13.64,1.65
1316,2,recover,swarm,-15.64,11.49,0.62
1316,3,strike,bruiser,-15.39,12.44,0.75
1316,4,pounce,pouncer,-13.68,10.69,2.65
1317,1,chase,swarm,-15.82,13.51,1.53
1317,2,recover,swarm,-15.64,11.49,0.62
1317,3,strike,bruiser,-15.55,12.53,0.69
1317,4,pounce,pouncer,-13.97,10.85,2.33
1318,1,chase,swarm,-15.80,13.49,1.51
1318,2,recover,swarm,-15.64,11.49,0.62
1318,3,strike,bruiser,-15.58,12.52,0.67
1318,4,pounce,pouncer,-14.01,10.87,2.27
1319,1,chase,swarm,-15.71,13.40,1.44
1319,2,recover,swarm,-15.64,11.49,0.62
1319,3,strike,bruiser,-15.72,12.48,0.56
1319,4,pounce,pouncer,-14.24,11.00,2.02
1320,1,windup,swarm,-15.71,13.40,1.44
1320,2,recover,swarm,-15.64,11.49,0.62
1320,3,strike,bruiser,-15.74,12.47,0.54
1320,4,pounce,pouncer,-14.28,11.02,1.97
1321,1,windup,swarm,-15.71,13.40,1.44
1321,2,recover,swarm,-15.64,11.49,0.62
1321,3,strike,bruiser,-15.89,12.43,0.45
1321,4,pounce,pouncer,-14.52,11.16,1.69
1322,1,windup,swarm,-15.71,13.40,1.44
1322,2,recover,swarm,-15.64,11.49,0.62
1322,3,strike,bruiser,-15.93,12.43,0.44
1322,4,pounce,pouncer,-14.57,11.19,1.63
1323,1,windup,swarm,-15.71,13.40,1.44
1323,2,recover,swarm,-15.64,11.49,0.62
1323,3,strike,bruiser,-16.10,12.41,0.43
1323,4,pounce,pouncer,-14.82,11.39,1.32
1324,1,windup,swarm,-15.71,13.40,1.44
1324,2,recover,swarm,-15.64,11.49,0.62
1324,3,strike,bruiser,-16.12,12.40,0.43
1324,4,pounce,pouncer,-14.81,11.43,1.31
1325,1,windup,swarm,-15.71,13.40,1.44
1325,2,recover,swarm,-15.64,11.49,0.62
1325,3,strike,bruiser,-16.29,12.39,0.50
1325,4,pounce,pouncer,-14.76,11.73,1.25
1326,1,windup,swarm,-15.71,13.40,1.44
1326,2,chase,swarm,-15.64,11.49,0.62
1326,3,recover,bruiser,-16.33,12.39,0.52
1326,4,recover,pouncer,-14.77,11.79,1.23
1327,1,windup,swarm,-15.71,13.40,1.44
1327,2,windup,swarm,-15.64,11.49,0.62
1327,3,recover,bruiser,-16.33,12.39,0.52
1327,4,recover,pouncer,-14.77,11.79,1.23
1328,1,windup,swarm,-15.71,13.40,1.44
1328,2,windup,swarm,-15.64,11.49,0.62
1328,3,recover,bruiser,-16.33,12.39,0.52
1328,4,recover,pouncer,-14.77,11.79,1.23
1329,1,windup,swarm,-15.71,13.40,1.44
1329,2,windup,swarm,-15.64,11.49,0.62
1329,3,recover,bruiser,-16.33,12.39,0.52
1329,4,recover,pouncer,-14.77,11.79,1.23
1330,1,windup,swarm,-15.71,13.40,1.44
1330,2,windup,swarm,-15.64,11.49,0.62
1330,3,recover,bruiser,-16.33,12.39,0.52
1330,4,recover,pouncer,-14.77,11.79,1.23
1331,1,windup,swarm,-15.71,13.40,1.44
1331,2,windup,swarm,-15.64,11.49,0.62
1331,3,recover,bruiser,-16.33,12.39,0.52
1331,4,recover,pouncer,-14.77,11.79,1.23
1332,1,windup,swarm,-15.71,13.40,1.44
1332,2,windup,swarm,-15.64,11.49,0.62
1332,3,recover,bruiser,-16.33,12.39,0.52
1332,4,recover,pouncer,-14.77,11.79,1.23
1333,1,windup,swarm,-15.71,13.40,1.44
1333,2,windup,swarm,-15.64,11.49,0.62
1333,3,recover,bruiser,-16.33,12.39,0.52
1333,4,recover,pouncer,-14.77,11.79,1.23
1334,1,windup,swarm,-15.71,13.40,1.44
1334,2,windup,swarm,-15.64,11.49,0.62
1334,3,recover,bruiser,-16.33,12.39,0.52
1334,4,recover,pouncer,-14.77,11.79,1.23
1335,1,windup,swarm,-15.71,13.40,1.44
1335,2,windup,swarm,-15.64,11.49,0.62
1335,3,recover,bruiser,-16.33,12.39,0.52
1335,4,recover,pouncer,-14.77,11.79,1.23
1336,1,strike,swarm,-15.71,13.40,1.44
1336,2,windup,swarm,-15.64,11.49,0.62
1336,3,recover,bruiser,-16.33,12.39,0.52
1336,4,recover,pouncer,-14.77,11.79,1.23
1337,1,strike,swarm,-15.72,13.28,1.32
1337,2,windup,swarm,-15.64,11.49,0.62
1337,3,recover,bruiser,-16.33,12.39,0.52
1337,4,recover,pouncer,-14.77,11.79,1.23
1338,1,strike,swarm,-15.72,13.26,1.29
1338,2,windup,swarm,-15.64,11.49,0.62
1338,3,recover,bruiser,-16.33,12.39,0.52
1338,4,recover,pouncer,-14.77,11.79,1.23
1339,1,strike,swarm,-15.70,13.09,1.14
1339,2,windup,swarm,-15.64,11.49,0.62
1339,3,recover,bruiser,-16.33,12.39,0.52
1339,4,recover,pouncer,-14.77,11.79,1.23
1340,1,strike,swarm,-15.68,13.06,1.12
1340,2,windup,swarm,-15.64,11.49,0.62
1340,3,recover,bruiser,-16.33,12.39,0.52
1340,4,recover,pouncer,-14.77,11.79,1.23
1341,1,strike,swarm,-15.58,12.91,1.01
1341,2,windup,swarm,-15.64,11.49,0.62
1341,3,recover,bruiser,-16.33,12.39,0.52
1341,4,recover,pouncer,-14.77,11.79,1.23
1342,1,strike,swarm,-15.56,12.89,1.00
1342,2,windup,swarm,-15.64,11.49,0.62
1342,3,recover,bruiser,-16.33,12.39,0.52
1342,4,recover,pouncer,-14.77,11.79,1.23
1343,1,strike,swarm,-15.44,12.74,0.93
1343,2,windup,swarm,-15.64,11.49,0.62
1343,3,recover,bruiser,-16.33,12.39,0.52
1343,4,recover,pouncer,-14.77,11.79,1.23
1344,1,strike,swarm,-15.42,12.70,0.92
1344,2,strike,swarm,-15.64,11.49,0.62
1344,3,recover,bruiser,-16.33,12.39,0.52
1344,4,recover,pouncer,-14.77,11.79,1.23
1345,1,strike,swarm,-15.31,12.57,0.89
1345,2,strike,swarm,-15.81,11.51,0.51
1345,3,recover,bruiser,-16.33,12.39,0.52
1345,4,recover,pouncer,-14.77,11.79,1.23
1346,1,strike,swarm,-15.29,12.54,0.89
1346,2,strike,swarm,-15.84,11.51,0.50
1346,3,recover,bruiser,-16.33,12.39,0.52
1346,4,recover,pouncer,-14.77,11.79,1.23
1347,1,strike,swarm,-15.36,12.39,0.75
1347,2,strike,swarm,-16.00,11.50,0.49
1347,3,recover,bruiser,-16.33,12.39,0.52
1347,4,recover,pouncer,-14.77,11.79,1.23
1348,1,strike,swarm,-15.33,12.40,0.78
1348,2,strike,swarm,-16.04,11.49,0.50
1348,3,recover,bruiser,-16.33,12.39,0.52
1348,4,recover,pouncer,-14.77,11.79,1.23
1349,1,strike,swarm,-15.44,12.34,0.65
1349,2,strike,swarm,-16.17,11.47,0.55
1349,3,recover,bruiser,-16.33,12.39,0.52
1349,4,recover,pouncer,-14.77,11.79,1.23
1350,1,recover,swarm,-15.42,12.32,0.65
1350,2,strike,swarm,-16.20,11.46,0.57
1350,3,recover,bruiser,-16.33,12.39,0.52
1350,4,recover,pouncer,-14.77,11.79,1.23
1351,1,recover,swarm,-15.42,12.32,0.65
1351,2,strike,swarm,-16.33,11.44,0.65
1351,3,recover,bruiser,-16.33,12.39,0.52
1351,4,recover,pouncer,-14.77,11.79,1.23
1352,1,recover,swarm,-15.42,12.32,0.65
1352,2,strike,swarm,-16.35,11.44,0.66
1352,3,recover,bruiser,-16.33,12.39,0.52
1352,4,recover,pouncer,-14.77,11.79,1.23
1353,1,recover,swarm,-15.42,12.32,0.65
1353,2,strike,swarm,-16.43,11.45,0.70
1353,3,recover,bruiser,-16.33,12.39,0.52
1353,4,recover,pouncer,-14.77,11.79,1.23
1354,1,recover,swarm,-15.42,12.32,0.65
1354,2,strike,swarm,-16.54,11.47,0.75
1354,3,recover,bruiser,-16.33,12.39,0.52
1354,4,recover,pouncer,-14.77,11.79,1.23
1355,1,recover,swarm,-15.42,12.32,0.65
1355,2,strike,swarm,-16.63,11.49,0.82
1355,3,recover,bruiser,-16.33,12.39,0.52
1355,4,recover,pouncer,-14.77,11.79,1.23
1356,1,recover,swarm,-15.42,12.32,0.65
1356,2,strike,swarm,-16.73,11.51,0.88
1356,3,recover,bruiser,-16.33,12.39,0.52
1356,4,recover,pouncer,-14.77,11.79,1.23
1357,1,recover,swarm,-15.42,12.32,0.65
1357,2,strike,swarm,-16.83,11.53,0.96
1357,3,recover,bruiser,-16.33,12.39,0.52
1357,4,recover,pouncer,-14.77,11.79,1.23
1358,1,recover,swarm,-15.42,12.32,0.65
1358,2,strike,swarm,-16.92,11.56,1.02
1358,3,recover,bruiser,-16.33,12.39,0.52
1358,4,recover,pouncer,-14.77,11.79,1.23
1359,1,recover,swarm,-15.42,12.32,0.65
1359,2,recover,swarm,-17.02,11.60,1.10
1359,3,recover,bruiser,-16.33,12.39,0.52
1359,4,recover,pouncer,-14.77,11.79,1.23
1360,1,recover,swarm,-15.42,12.32,0.65
1360,2,recover,swarm,-17.02,11.60,1.10
1360,3,recover,bruiser,-16.33,12.39,0.52
1360,4,recover,pouncer,-14.77,11.79,1.23
1361,1,recover,swarm,-15.42,12.32,0.65
1361,2,recover,swarm,-17.02,11.60,1.10
1361,3,recover,bruiser,-16.33,12.39,0.52
1361,4,recover,pouncer,-14.77,11.79,1.23
1362,1,recover,swarm,-15.42,12.32,0.65
1362,2,recover,swarm,-17.02,11.60,1.10
1362,3,recover,bruiser,-16.33,12.39,0.52
1362,4,recover,pouncer,-14.77,11.79,1.23
1363,1,recover,swarm,-15.42,12.32,0.65
1363,2,recover,swarm,-17.02,11.60,1.10
1363,3,recover,bruiser,-16.33,12.39,0.52
1363,4,recover,pouncer,-14.77,11.79,1.23
1364,1,recover,swarm,-15.42,12.32,0.65
1364,2,recover,swarm,-17.02,11.60,1.10
1364,3,recover,bruiser,-16.33,12.39,0.52
1364,4,recover,pouncer,-14.77,11.79,1.23
1365,1,recover,swarm,-15.42,12.32,0.65
1365,2,recover,swarm,-17.02,11.60,1.10
1365,3,recover,bruiser,-16.33,12.39,0.52
1365,4,recover,pouncer,-14.77,11.79,1.23
1366,1,recover,swarm,-15.42,12.32,0.65
1366,2,recover,swarm,-17.02,11.60,1.10
1366,3,recover,bruiser,-16.33,12.39,0.52
1366,4,recover,pouncer,-14.77,11.79,1.23
1367,1,recover,swarm,-15.42,12.32,0.65
1367,2,recover,swarm,-17.02,11.60,1.10
1367,3,recover,bruiser,-16.33,12.39,0.52
1367,4,recover,pouncer,-14.77,11.79,1.23
1368,1,recover,swarm,-15.42,12.32,0.65
1368,2,recover,swarm,-17.02,11.60,1.10
1368,3,recover,bruiser,-16.33,12.39,0.52
1368,4,recover,pouncer,-14.77,11.79,1.23
1369,1,recover,swarm,-15.42,12.32,0.65
1369,2,recover,swarm,-17.02,11.60,1.10
1369,3,recover,bruiser,-16.33,12.39,0.52
1369,4,recover,pouncer,-14.77,11.79,1.23
1370,1,recover,swarm,-15.42,12.32,0.65
1370,2,recover,swarm,-17.02,11.60,1.10
1370,3,recover,bruiser,-16.33,12.39,0.52
1370,4,recover,pouncer,-14.77,11.79,1.23
1371,1,recover,swarm,-15.42,12.32,0.65
1371,2,recover,swarm,-17.02,11.60,1.10
1371,3,recover,bruiser,-16.33,12.39,0.52
1371,4,recover,pouncer,-14.77,11.79,1.23
1372,1,recover,swarm,-15.42,12.32,0.65
1372,2,recover,swarm,-17.02,11.60,1.10
1372,3,recover,bruiser,-16.33,12.39,0.52
1372,4,recover,pouncer,-14.77,11.79,1.23
1373,1,recover,swarm,-15.42,12.32,0.65
1373,2,recover,swarm,-17.02,11.60,1.10
1373,3,recover,bruiser,-16.33,12.39,0.52
1373,4,recover,pouncer,-14.77,11.79,1.23
1374,1,recover,swarm,-15.42,12.32,0.65
1374,2,recover,swarm,-17.02,11.60,1.10
1374,3,recover,bruiser,-16.33,12.39,0.52
1374,4,recover,pouncer,-14.77,11.79,1.23
1375,1,recover,swarm,-15.42,12.32,0.65
1375,2,recover,swarm,-17.02,11.60,1.10
1375,3,recover,bruiser,-16.33,12.39,0.52
1375,4,recover,pouncer,-14.77,11.79,1.23
1376,1,recover,swarm,-15.42,12.32,0.65
1376,2,recover,swarm,-17.02,11.60,1.10
1376,3,recover,bruiser,-16.33,12.39,0.52
1376,4,recover,pouncer,-14.77,11.79,1.23
1377,1,recover,swarm,-15.42,12.32,0.65
1377,2,recover,swarm,-17.02,11.60,1.10
1377,3,recover,bruiser,-16.33,12.39,0.52
1377,4,recover,pouncer,-14.77,11.79,1.23
1378,1,recover,swarm,-15.42,12.32,0.65
1378,2,recover,swarm,-17.02,11.60,1.10
1378,3,recover,bruiser,-16.33,12.39,0.52
1378,4,recover,pouncer,-14.77,11.79,1.23
1379,1,recover,swarm,-15.42,12.32,0.65
1379,2,recover,swarm,-17.02,11.60,1.10
1379,3,recover,bruiser,-16.33,12.39,0.52
1379,4,recover,pouncer,-14.77,11.79,1.23
1380,1,recover,swarm,-15.42,12.32,0.65
1380,2,recover,swarm,-17.02,11.60,1.10
1380,3,recover,bruiser,-16.33,12.39,0.52
1380,4,recover,pouncer,-14.77,11.79,1.23
1381,1,recover,swarm,-15.42,12.32,0.65
1381,2,recover,swarm,-17.02,11.60,1.10
1381,3,recover,bruiser,-16.33,12.39,0.52
1381,4,recover,pouncer,-14.77,11.79,1.23
1382,1,recover,swarm,-15.42,12.32,0.65
1382,2,recover,swarm,-17.02,11.60,1.10
1382,3,recover,bruiser,-16.33,12.39,0.52
1382,4,recover,pouncer,-14.77,11.79,1.23
1383,1,recover,swarm,-15.42,12.32,0.65
1383,2,recover,swarm,-17.02,11.60,1.10
1383,3,recover,bruiser,-16.33,12.39,0.52
1383,4,recover,pouncer,-14.77,11.79,1.23
1384,1,recover,swarm,-15.42,12.32,0.65
1384,2,recover,swarm,-17.02,11.60,1.10
1384,3,recover,bruiser,-16.33,12.39,0.52
1384,4,recover,pouncer,-14.77,11.79,1.23
1385,1,recover,swarm,-15.42,12.32,0.65
1385,2,recover,swarm,-17.02,11.60,1.10
1385,3,recover,bruiser,-16.33,12.39,0.52
1385,4,recover,pouncer,-14.77,11.79,1.23
1386,1,recover,swarm,-15.42,12.32,0.65
1386,2,recover,swarm,-17.02,11.60,1.10
1386,3,recover,bruiser,-16.33,12.39,0.52
1386,4,recover,pouncer,-14.77,11.79,1.23
1387,1,recover,swarm,-15.42,12.32,0.65
1387,2,recover,swarm,-17.02,11.60,1.10
1387,3,recover,bruiser,-16.33,12.39,0.52
1387,4,recover,pouncer,-14.77,11.79,1.23
1388,1,recover,swarm,-15.42,12.32,0.65
1388,2,recover,swarm,-17.02,11.60,1.10
1388,3,recover,bruiser,-16.33,12.39,0.52
1388,4,recover,pouncer,-14.77,11.79,1.23
1389,1,recover,swarm,-15.42,12.32,0.65
1389,2,recover,swarm,-17.02,11.60,1.10
1389,3,recover,bruiser,-16.33,12.39,0.52
1389,4,recover,pouncer,-14.77,11.79,1.23
1390,1,recover,swarm,-15.42,12.32,0.65
1390,2,recover,swarm,-17.02,11.60,1.10
1390,3,recover,bruiser,-16.33,12.39,0.52
1390,4,recover,pouncer,-14.77,11.79,1.23
1391,1,recover,swarm,-15.42,12.32,0.65
1391,2,recover,swarm,-17.02,11.60,1.10
1391,3,recover,bruiser,-16.33,12.39,0.52
1391,4,recover,pouncer,-14.77,11.79,1.23
1392,1,chase,swarm,-15.42,12.32,0.65
1392,2,recover,swarm,-17.02,11.60,1.10
1392,3,recover,bruiser,-16.33,12.39,0.52
1392,4,recover,pouncer,-14.77,11.79,1.23
1393,1,windup,swarm,-15.42,12.32,0.65
1393,2,recover,swarm,-17.02,11.60,1.10
1393,3,recover,bruiser,-16.33,12.39,0.52
1393,4,recover,pouncer,-14.77,11.79,1.23
1394,1,windup,swarm,-15.42,12.32,0.65
1394,2,recover,swarm,-17.02,11.60,1.10
1394,3,advance,bruiser,-16.33,12.39,0.52
1394,4,recover,pouncer,-14.77,11.79,1.23
1395,1,windup,swarm,-15.42,12.32,0.65
1395,2,recover,swarm,-17.02,11.60,1.10
1395,3,windup,bruiser,-16.33,12.39,0.52
1395,4,recover,pouncer,-14.77,11.79,1.23
1396,1,windup,swarm,-15.42,12.32,0.65
1396,2,recover,swarm,-17.02,11.60,1.10
1396,3,windup,bruiser,-16.33,12.39,0.52
1396,4,recover,pouncer,-14.77,11.79,1.23
1397,1,windup,swarm,-15.42,12.32,0.65
1397,2,recover,swarm,-17.02,11.60,1.10
1397,3,windup,bruiser,-16.33,12.39,0.52
1397,4,recover,pouncer,-14.77,11.79,1.23
1398,1,windup,swarm,-15.42,12.32,0.65
1398,2,chase,swarm,-17.02,11.60,1.10
1398,3,windup,bruiser,-16.33,12.39,0.52
1398,4,recover,pouncer,-14.77,11.79,1.23
1399,1,windup,swarm,-15.42,12.32,0.65
1399,2,windup,swarm,-17.02,11.60,1.10
1399,3,windup,bruiser,-16.33,12.39,0.52
1399,4,recover,pouncer,-14.77,11.79,1.23
1400,1,windup,swarm,-15.42,12.32,0.65
1400,2,windup,swarm,-17.02,11.60,1.10
1400,3,windup,bruiser,-16.33,12.39,0.52
1400,4,stalk,pouncer,-14.77,11.79,1.23
1401,1,windup,swarm,-15.42,12.32,0.65
1401,2,windup,swarm,-17.02,11.60,1.10
1401,3,windup,bruiser,-16.33,12.39,0.52
1401,4,crouch,pouncer,-14.74,11.75,1.28
1402,1,windup,swarm,-15.42,12.32,0.65
1402,2,windup,swarm,-17.02,11.60,1.10
1402,3,windup,bruiser,-16.33,12.39,0.52
1402,4,crouch,pouncer,-14.74,11.75,1.28
1403,1,windup,swarm,-15.42,12.32,0.65
1403,2,windup,swarm,-17.02,11.60,1.10
1403,3,windup,bruiser,-16.33,12.39,0.52
1403,4,crouch,pouncer,-14.74,11.75,1.28
1404,1,windup,swarm,-15.42,12.32,0.65
1404,2,windup,swarm,-17.02,11.60,1.10
1404,3,windup,bruiser,-16.33,12.39,0.52
1404,4,crouch,pouncer,-14.74,11.75,1.28
1405,1,windup,swarm,-15.42,12.32,0.65
1405,2,windup,swarm,-17.02,11.60,1.10
1405,3,windup,bruiser,-16.33,12.39,0.52
1405,4,crouch,pouncer,-14.74,11.75,1.28
1406,1,windup,swarm,-15.42,12.32,0.65
1406,2,windup,swarm,-17.02,11.60,1.10
1406,3,windup,bruiser,-16.33,12.39,0.52
1406,4,crouch,pouncer,-14.74,11.75,1.28
1407,1,windup,swarm,-15.42,12.32,0.65
1407,2,windup,swarm,-17.02,11.60,1.10
1407,3,windup,bruiser,-16.33,12.39,0.52
1407,4,crouch,pouncer,-14.74,11.75,1.28
1408,1,strike,swarm,-15.42,12.32,0.65
1408,2,windup,swarm,-17.02,11.60,1.10
1408,3,windup,bruiser,-16.33,12.39,0.52
1408,4,crouch,pouncer,-14.74,11.75,1.28
1409,1,strike,swarm,-15.62,12.31,0.48
1409,2,windup,swarm,-17.02,11.60,1.10
1409,3,windup,bruiser,-16.33,12.39,0.52
1409,4,crouch,pouncer,-14.74,11.75,1.28
1410,1,strike,swarm,-15.63,12.27,0.45
1410,2,windup,swarm,-17.02,11.60,1.10
1410,3,windup,bruiser,-16.33,12.39,0.52
1410,4,crouch,pouncer,-14.74,11.75,1.28
1411,1,strike,swarm,-15.69,12.11,0.33
1411,2,strike,swarm,-17.02,11.60,1.10
1411,3,windup,bruiser,-16.33,12.39,0.52
1411,4,crouch,pouncer,-14.74,11.75,1.28
1412,1,strike,swarm,-15.71,12.06,0.29
1412,2,strike,swarm,-16.97,11.60,1.05
1412,3,windup,bruiser,-16.33,12.39,0.52
1412,4,crouch,pouncer,-14.74,11.75,1.28
1413,1,strike,swarm,-15.77,11.91,0.24
1413,2,strike,swarm,-16.80,11.57,0.91
1413,3,windup,bruiser,-16.33,12.39,0.52
1413,4,crouch,pouncer,-14.74,11.75,1.28
1414,1,strike,swarm,-15.77,11.86,0.26
1414,2,strike,swarm,-16.78,11.53,0.92
1414,3,windup,bruiser,-16.33,12.39,0.52
1414,4,crouch,pouncer,-14.74,11.75,1.28
1415,1,strike,swarm,-15.79,11.72,0.33
1415,2,strike,swarm,-16.72,11.40,0.94
1415,3,windup,bruiser,-16.33,12.39,0.52
1415,4,crouch,pouncer,-14.74,11.75,1.28
1416,1,strike,swarm,-15.80,11.68,0.36
1416,2,strike,swarm,-16.70,11.37,0.95
1416,3,windup,bruiser,-16.33,12.39,0.52
1416,4,crouch,pouncer,-14.74,11.75,1.28
1417,1,strike,swarm,-15.83,11.51,0.50
1417,2,strike,swarm,-16.63,11.22,1.00
1417,3,windup,bruiser,-16.33,12.39,0.52
1417,4,crouch,pouncer,-14.74,11.75,1.28
1418,1,strike,swarm,-15.84,11.48,0.54
1418,2,strike,swarm,-16.62,11.18,1.02
1418,3,windup,bruiser,-16.33,12.39,0.52
1418,4,crouch,pouncer,-14.74,11.75,1.28
1419,1,strike,swarm,-15.85,11.34,0.67
1419,2,strike,swarm,-16.56,11.05,1.10
1419,3,windup,bruiser,-16.33,12.39,0.52
1419,4,crouch,pouncer,-14.74,11.75,1.28
1420,1,strike,swarm,-15.85,11.30,0.71
1420,2,strike,swarm,-16.59,11.02,1.14
1420,3,windup,bruiser,-16.33,12.39,0.52
1420,4,crouch,pouncer,-14.74,11.75,1.28
1421,1,strike,swarm,-15.86,11.10,0.90
1421,2,strike,swarm,-16.77,11.10,1.19
1421,3,windup,bruiser,-16.33,12.39,0.52
1421,4,crouch,pouncer,-14.74,11.75,1.28
1422,1,recover,swarm,-15.87,11.06,0.94
1422,2,strike,swarm,-16.75,11.14,1.14
1422,3,windup,bruiser,-16.33,12.39,0.52
1422,4,crouch,pouncer,-14.74,11.75,1.28
1423,1,recover,swarm,-15.87,11.06,0.94
1423,2,strike,swarm,-16.71,11.30,0.99
1423,3,windup,bruiser,-16.33,12.39,0.52
1423,4,crouch,pouncer,-14.74,11.75,1.28
1424,1,recover,swarm,-15.87,11.06,0.94
1424,2,recover,swarm,-16.70,11.36,0.96
1424,3,windup,bruiser,-16.33,12.39,0.52
1424,4,pounce,pouncer,-14.74,11.75,1.28
1425,1,recover,swarm,-15.87,11.06,0.94
1425,2,recover,swarm,-16.70,11.36,0.96
1425,3,windup,bruiser,-16.33,12.39,0.52
1425,4,pounce,pouncer,-15.10,11.82,0.91
1426,1,recover,swarm,-15.87,11.06,0.94
1426,2,recover,swarm,-16.70,11.36,0.96
1426,3,windup,bruiser,-16.33,12.39,0.52
1426,4,pounce,pouncer,-15.15,11.86,0.85
1427,1,recover,swarm,-15.87,11.06,0.94
1427,2,recover,swarm,-16.70,11.36,0.96
1427,3,windup,bruiser,-16.33,12.39,0.52
1427,4,pounce,pouncer,-15.30,11.98,0.69
1428,1,recover,swarm,-15.87,11.06,0.94
1428,2,recover,swarm,-16.70,11.36,0.96
1428,3,windup,bruiser,-16.33,12.39,0.52
1428,4,pounce,pouncer,-15.35,12.03,0.64
1429,1,recover,swarm,-15.87,11.06,0.94
1429,2,recover,swarm,-16.70,11.36,0.96
1429,3,windup,bruiser,-16.33,12.39,0.52
1429,4,pounce,pouncer,-15.47,12.17,0.55
1430,1,recover,swarm,-15.87,11.06,0.94
1430,2,recover,swarm,-16.70,11.36,0.96
1430,3,strike,bruiser,-16.33,12.39,0.52
1430,4,pounce,pouncer,-15.49,12.22,0.55
1431,1,recover,swarm,-15.87,11.06,0.94
1431,2,recover,swarm,-16.70,11.36,0.96
1431,3,strike,bruiser,-16.38,12.26,0.48
1431,4,pounce,pouncer,-15.57,12.45,0.63
1432,1,recover,swarm,-15.87,11.06,0.94
1432,2,recover,swarm,-16.70,11.36,0.96
1432,3,strike,bruiser,-16.38,12.24,0.46
1432,4,pounce,pouncer,-15.58,12.51,0.66
1433,1,recover,swarm,-15.87,11.06,0.94
1433,2,recover,swarm,-16.70,11.36,0.96
1433,3,strike,bruiser,-16.37,12.09,0.39
1433,4,pounce,pouncer,-15.65,12.76,0.84
1434,1,recover,swarm,-15.87,11.06,0.94
1434,2,recover,swarm,-16.70,11.36,0.96
1434,3,strike,bruiser,-16.34,12.09,0.36
1434,4,pounce,pouncer,-15.68,12.80,0.87
1435,1,recover,swarm,-15.87,11.06,0.94
1435,2,recover,swarm,-16.70,11.36,0.96
1435,3,strike,bruiser,-15.98,12.03,0.04
1435,4,pounce,pouncer,-16.09,13.32,1.33
1436,1,recover,swarm,-15.87,11.06,0.94
1436,2,recover,swarm,-16.70,11.36,0.96
1436,3,strike,bruiser,-15.95,12.04,0.06
1436,4,pounce,pouncer,-16.14,13.33,1.35
1437,1,recover,swarm,-15.87,11.06,0.94
1437,2,recover,swarm,-16.70,11.36,0.96
1437,3,strike,bruiser,-15.75,12.09,0.26
1437,4,pounce,pouncer,-16.51,13.40,1.50
1438,1,recover,swarm,-15.87,11.06,0.94
1438,2,recover,swarm,-16.70,11.36,0.96
1438,3,strike,bruiser,-15.72,12.08,0.29
1438,4,pounce,pouncer,-16.57,13.41,1.53
1439,1,recover,swarm,-15.87,11.06,0.94
1439,2,recover,swarm,-16.70,11.36,0.96
1439,3,strike,bruiser,-15.40,12.03,0.59
1439,4,pounce,pouncer,-17.13,13.52,1.91
1440,1,recover,swarm,-15.87,11.06,0.94
1440,2,recover,swarm,-16.70,11.36,0.96
1440,3,strike,bruiser,-15.38,12.02,0.61
1440,4,recover,pouncer,-17.18,13.53,1.94
1441,1,recover,swarm,-15.87,11.06,0.94
1441,2,recover,swarm,-16.70,11.36,0.96
1441,3,strike,bruiser,-15.29,11.98,0.70
1441,4,recover,pouncer,-17.18,13.53,1.94
1442,1,recover,swarm,-15.87,11.06,0.94
1442,2,recover,swarm,-16.70,11.36,0.96
1442,3,recover,bruiser,-15.26,11.97,0.73
1442,4,recover,pouncer,-17.18,13.53,1.94
1443,1,recover,swarm,-15.87,11.06,0.94
1443,2,recover,swarm,-16.70,11.36,0.96
1443,3,recover,bruiser,-15.26,11.97,0.73
1443,4,recover,pouncer,-17.18,13.53,1.94
1444,1,recover,swarm,-15.87,11.06,0.94
1444,2,recover,swarm,-16.70,11.36,0.96
1444,3,recover,bruiser,-15.26,11.97,0.73
1444,4,recover,pouncer,-17.18,13.53,1.94
1445,1,recover,swarm,-15.87,11.06,0.94
1445,2,recover,swarm,-16.70,11.36,0.96
1445,3,recover,bruiser,-15.26,11.97,0.73
1445,4,recover,pouncer,-17.18,13.53,1.94
1446,1,recover,swarm,-15.87,11.06,0.94
1446,2,recover,swarm,-16.70,11.36,0.96
1446,3,recover,bruiser,-15.26,11.97,0.73
1446,4,recover,pouncer,-17.18,13.53,1.94
1447,1,recover,swarm,-15.87,11.06,0.94
1447,2,recover,swarm,-16.70,11.36,0.96
1447,3,recover,bruiser,-15.26,11.97,0.73
1447,4,recover,pouncer,-17.18,13.53,1.94
1448,1,recover,swarm,-15.87,11.06,0.94
1448,2,recover,swarm,-16.70,11.36,0.96
1448,3,recover,bruiser,-15.26,11.97,0.73
1448,4,recover,pouncer,-17.18,13.53,1.94
1449,1,recover,swarm,-15.87,11.06,0.94
1449,2,recover,swarm,-16.70,11.36,0.96
1449,3,recover,bruiser,-15.26,11.97,0.73
1449,4,recover,pouncer,-17.18,13.53,1.94
1450,1,recover,swarm,-15.87,11.06,0.94
1450,2,recover,swarm,-16.70,11.36,0.96
1450,3,recover,bruiser,-15.26,11.97,0.73
1450,4,recover,pouncer,-17.18,13.53,1.94
1451,1,recover,swarm,-15.87,11.06,0.94
1451,2,recover,swarm,-16.70,11.36,0.96
1451,3,recover,bruiser,-15.26,11.97,0.73
1451,4,recover,pouncer,-17.18,13.53,1.94
1452,1,recover,swarm,-15.87,11.06,0.94
1452,2,recover,swarm,-16.70,11.36,0.96
1452,3,recover,bruiser,-15.26,11.97,0.73
1452,4,recover,pouncer,-17.18,13.53,1.94
1453,1,recover,swarm,-15.87,11.06,0.94
1453,2,recover,swarm,-16.70,11.36,0.96
1453,3,recover,bruiser,-15.26,11.97,0.73
1453,4,recover,pouncer,-17.18,13.53,1.94
1454,1,recover,swarm,-15.87,11.06,0.94
1454,2,recover,swarm,-16.70,11.36,0.96
1454,3,recover,bruiser,-15.26,11.97,0.73
1454,4,recover,pouncer,-17.18,13.53,1.94
1455,1,recover,swarm,-15.87,11.06,0.94
1455,2,recover,swarm,-16.70,11.36,0.96
1455,3,recover,bruiser,-15.26,11.97,0.73
1455,4,recover,pouncer,-17.18,13.53,1.94
1456,1,recover,swarm,-15.87,11.06,0.94
1456,2,recover,swarm,-16.70,11.36,0.96
1456,3,recover,bruiser,-15.26,11.97,0.73
1456,4,recover,pouncer,-17.18,13.53,1.94
1457,1,recover,swarm,-15.87,11.06,0.94
1457,2,recover,swarm,-16.70,11.36,0.96
1457,3,recover,bruiser,-15.26,11.97,0.73
1457,4,recover,pouncer,-17.18,13.53,1.94
1458,1,chase,swarm,-15.87,11.06,0.94
1458,2,recover,swarm,-16.70,11.36,0.96
1458,3,recover,bruiser,-15.26,11.97,0.73
1458,4,recover,pouncer,-17.18,13.53,1.94
1459,1,windup,swarm,-15.87,11.06,0.94
1459,2,recover,swarm,-16.70,11.36,0.96
1459,3,recover,bruiser,-15.26,11.97,0.73
1459,4,recover,pouncer,-17.18,13.53,1.94
1460,1,windup,swarm,-15.87,11.06,0.94
1460,2,recover,swarm,-16.70,11.36,0.96
1460,3,recover,bruiser,-15.26,11.97,0.73
1460,4,recover,pouncer,-17.18,13.53,1.94
1461,1,windup,swarm,-15.87,11.06,0.94
1461,2,recover,swarm,-16.70,11.36,0.96
1461,3,recover,bruiser,-15.26,11.97,0.73
1461,4,recover,pouncer,-17.18,13.53,1.94
1462,1,windup,swarm,-15.87,11.06,0.94
1462,2,chase,swarm,-16.70,11.36,0.96
1462,3,recover,bruiser,-15.26,11.97,0.73
1462,4,recover,pouncer,-17.18,13.53,1.94
1463,1,windup,swarm,-15.87,11.06,0.94
1463,2,windup,swarm,-16.70,11.36,0.96
1463,3,recover,bruiser,-15.26,11.97,0.73
1463,4,recover,pouncer,-17.18,13.53,1.94
1464,1,windup,swarm,-15.87,11.06,0.94
1464,2,windup,swarm,-16.70,11.36,0.96
1464,3,recover,bruiser,-15.26,11.97,0.73
1464,4,recover,pouncer,-17.18,13.53,1.94
1465,1,windup,swarm,-15.87,11.06,0.94
1465,2,windup,swarm,-16.70,11.36,0.96
1465,3,recover,bruiser,-15.26,11.97,0.73
1465,4,recover,pouncer,-17.18,13.53,1.94
1466,1,windup,swarm,-15.87,11.06,0.94
1466,2,windup,swarm,-16.70,11.36,0.96
1466,3,recover,bruiser,-15.26,11.97,0.73
1466,4,recover,pouncer,-17.18,13.53,1.94
1467,1,windup,swarm,-15.87,11.06,0.94
1467,2,windup,swarm,-16.70,11.36,0.96
1467,3,recover,bruiser,-15.26,11.97,0.73
1467,4,recover,pouncer,-17.18,13.53,1.94
1468,1,windup,swarm,-15.87,11.06,0.94
1468,2,windup,swarm,-16.70,11.36,0.96
1468,3,recover,bruiser,-15.26,11.97,0.73
1468,4,recover,pouncer,-17.18,13.53,1.94
1469,1,windup,swarm,-15.87,11.06,0.94
1469,2,windup,swarm,-16.70,11.36,0.96
1469,3,recover,bruiser,-15.26,11.97,0.73
1469,4,recover,pouncer,-17.18,13.53,1.94
1470,1,windup,swarm,-15.87,11.06,0.94
1470,2,windup,swarm,-16.70,11.36,0.96
1470,3,recover,bruiser,-15.26,11.97,0.73
1470,4,recover,pouncer,-17.18,13.53,1.94
1471,1,windup,swarm,-15.87,11.06,0.94
1471,2,windup,swarm,-16.70,11.36,0.96
1471,3,recover,bruiser,-15.26,11.97,0.73
1471,4,recover,pouncer,-17.18,13.53,1.94
1472,1,windup,swarm,-15.87,11.06,0.94
1472,2,windup,swarm,-16.70,11.36,0.96
1472,3,recover,bruiser,-15.26,11.97,0.73
1472,4,recover,pouncer,-17.18,13.53,1.94
1473,1,windup,swarm,-15.87,11.06,0.94
1473,2,windup,swarm,-16.70,11.36,0.96
1473,3,recover,bruiser,-15.26,11.97,0.73
1473,4,recover,pouncer,-17.18,13.53,1.94
1474,1,strike,swarm,-15.87,11.06,0.94
1474,2,windup,swarm,-16.70,11.36,0.96
1474,3,recover,bruiser,-15.26,11.97,0.73
1474,4,recover,pouncer,-17.18,13.53,1.94
1475,1,strike,swarm,-15.74,11.17,0.86
1475,2,windup,swarm,-16.70,11.36,0.96
1475,3,recover,bruiser,-15.26,11.97,0.73
1475,4,recover,pouncer,-17.18,13.53,1.94
1476,1,strike,swarm,-15.72,11.21,0.83
1476,2,strike,swarm,-16.70,11.36,0.96
1476,3,recover,bruiser,-15.26,11.97,0.73
1476,4,recover,pouncer,-17.18,13.53,1.94
1477,1,strike,swarm,-15.68,11.40,0.67
1477,2,strike,swarm,-16.67,11.54,0.81
1477,3,recover,bruiser,-15.26,11.97,0.73
1477,4,recover,pouncer,-17.18,13.53,1.94
1478,1,strike,swarm,-15.72,11.39,0.66
1478,2,strike,swarm,-16.66,11.58,0.79
1478,3,recover,bruiser,-15.26,11.97,0.73
1478,4,recover,pouncer,-17.18,13.53,1.94
1479,1,strike,swarm,-15.84,11.37,0.64
1479,2,strike,swarm,-16.65,11.70,0.72
1479,3,recover,bruiser,-15.26,11.97,0.73
1479,4,recover,pouncer,-17.18,13.53,1.94
1480,1,strike,swarm,-15.85,11.32,0.68
1480,2,strike,swarm,-16.65,11.75,0.70
1480,3,recover,bruiser,-15.26,11.97,0.73
1480,4,recover,pouncer,-17.18,13.53,1.94
1481,1,strike,swarm,-16.04,11.17,0.82
1481,2,strike,swarm,-16.64,11.99,0.65
1481,3,recover,bruiser,-15.26,11.97,0.73
1481,4,recover,pouncer,-17.18,13.53,1.94
1482,1,strike,swarm,-16.05,11.21,0.78
1482,2,strike,swarm,-16.63,12.03,0.64
1482,3,recover,bruiser,-15.26,11.97,0.73
1482,4,recover,pouncer,-17.18,13.53,1.94
1483,1,strike,swarm,-16.12,11.38,0.63
1483,2,strike,swarm,-16.57,12.20,0.61
1483,3,recover,bruiser,-15.26,11.97,0.73
1483,4,recover,pouncer,-17.18,13.53,1.94
1484,1,strike,swarm,-16.16,11.39,0.63
1484,2,strike,swarm,-16.55,12.24,0.62
1484,3,recover,bruiser,-15.26,11.97,0.73
1484,4,recover,pouncer,-17.18,13.53,1.94
1485,1,strike,swarm,-16.31,11.45,0.63
1485,2,strike,swarm,-16.50,12.39,0.65
1485,3,recover,bruiser,-15.26,11.97,0.73
1485,4,recover,pouncer,-17.18,13.53,1.94
1486,1,strike,swarm,-16.34,11.48,0.62
1486,2,strike,swarm,-16.49,12.43,0.66
1486,3,recover,bruiser,-15.26,11.97,0.73
1486,4,recover,pouncer,-17.18,13.53,1.94
1487,1,recover,swarm,-16.43,11.56,0.61
1487,2,strike,swarm,-16.43,12.54,0.70
1487,3,recover,bruiser,-15.26,11.97,0.73
1487,4,recover,pouncer,-17.18,13.53,1.94
1488,1,recover,swarm,-16.43,11.56,0.61
1488,2,strike,swarm,-16.41,12.57,0.72
1488,3,recover,bruiser,-15.26,11.97,0.73
1488,4,recover,pouncer,-17.18,13.53,1.94
1489,1,recover,swarm,-16.43,11.56,0.61
1489,2,strike,swarm,-16.32,12.70,0.78
1489,3,recover,bruiser,-15.26,11.97,0.73
1489,4,recover,pouncer,-17.18,13.53,1.94
1490,1,recover,swarm,-16.43,11.56,0.61
1490,2,recover,swarm,-16.29,12.72,0.79
1490,3,recover,bruiser,-15.26,11.97,0.73
1490,4,recover,pouncer,-17.18,13.53,1.94
1491,1,recover,swarm,-16.43,11.56,0.61
1491,2,recover,swarm,-16.29,12.72,0.79
1491,3,recover,bruiser,-15.26,11.97,0.73
1491,4,recover,pouncer,-17.18,13.53,1.94
1492,1,recover,swarm,-16.43,11.56,0.61
1492,2,recover,swarm,-16.29,12.72,0.79
1492,3,recover,bruiser,-15.26,11.97,0.73
1492,4,recover,pouncer,-17.18,13.53,1.94
1493,1,recover,swarm,-16.43,11.56,0.61
1493,2,recover,swarm,-16.29,12.72,0.79
1493,3,recover,bruiser,-15.26,11.97,0.73
1493,4,recover,pouncer,-17.18,13.53,1.94
1494,1,recover,swarm,-16.43,11.56,0.61
1494,2,recover,swarm,-16.29,12.72,0.79
1494,3,recover,bruiser,-15.26,11.97,0.73
1494,4,recover,pouncer,-17.18,13.53,1.94
1495,1,recover,swarm,-16.43,11.56,0.61
1495,2,recover,swarm,-16.29,12.72,0.79
1495,3,recover,bruiser,-15.26,11.97,0.73
1495,4,recover,pouncer,-17.18,13.53,1.94
1496,1,recover,swarm,-16.43,11.56,0.61
1496,2,recover,swarm,-16.29,12.72,0.79
1496,3,recover,bruiser,-15.26,11.97,0.73
1496,4,recover,pouncer,-17.18,13.53,1.94
1497,1,recover,swarm,-16.43,11.56,0.61
1497,2,recover,swarm,-16.29,12.72,0.79
1497,3,recover,bruiser,-15.26,11.97,0.73
1497,4,recover,pouncer,-17.18,13.53,1.94
1498,1,recover,swarm,-16.43,11.56,0.61
1498,2,recover,swarm,-16.29,12.72,0.79
1498,3,recover,bruiser,-15.26,11.97,0.73
1498,4,recover,pouncer,-17.18,13.53,1.94
1499,1,recover,swarm,-16.43,11.56,0.61
1499,2,recover,swarm,-16.29,12.72,0.79
1499,3,recover,bruiser,-15.26,11.97,0.73
1499,4,recover,pouncer,-17.18,13.53,1.94
1500,1,recover,swarm,-16.43,11.56,0.61
1500,2,recover,swarm,-16.29,12.72,0.79
1500,3,recover,bruiser,-15.26,11.97,0.73
1500,4,recover,pouncer,-17.18,13.53,1.94
1501,1,recover,swarm,-16.43,11.56,0.61
1501,2,recover,swarm,-16.29,12.72,0.79
1501,3,recover,bruiser,-15.26,11.97,0.73
1501,4,recover,pouncer,-17.18,13.53,1.94
1502,1,recover,swarm,-16.43,11.56,0.61
1502,2,recover,swarm,-16.29,12.72,0.79
1502,3,recover,bruiser,-15.26,11.97,0.73
1502,4,recover,pouncer,-17.18,13.53,1.94
1503,1,recover,swarm,-16.43,11.56,0.61
1503,2,recover,swarm,-16.29,12.72,0.79
1503,3,recover,bruiser,-15.26,11.97,0.73
1503,4,recover,pouncer,-17.18,13.53,1.94
1504,1,recover,swarm,-16.43,11.56,0.61
1504,2,recover,swarm,-16.29,12.72,0.79
1504,3,recover,bruiser,-15.26,11.97,0.73
1504,4,recover,pouncer,-17.18,13.53,1.94
1505,1,recover,swarm,-16.43,11.56,0.61
1505,2,recover,swarm,-16.29,12.72,0.79
1505,3,advance,bruiser,-15.26,11.97,0.73
1505,4,recover,pouncer,-17.18,13.53,1.94
1506,1,recover,swarm,-16.43,11.56,0.61
1506,2,recover,swarm,-16.29,12.72,0.79
1506,3,windup,bruiser,-15.26,11.97,0.73
1506,4,recover,pouncer,-17.18,13.53,1.94
1507,1,recover,swarm,-16.43,11.56,0.61
1507,2,recover,swarm,-16.29,12.72,0.79
1507,3,windup,bruiser,-15.26,11.97,0.73
1507,4,recover,pouncer,-17.18,13.53,1.94
1508,1,recover,swarm,-16.43,11.56,0.61
1508,2,recover,swarm,-16.29,12.72,0.79
1508,3,windup,bruiser,-15.26,11.97,0.73
1508,4,recover,pouncer,-17.18,13.53,1.94
1509,1,recover,swarm,-16.43,11.56,0.61
1509,2,recover,swarm,-16.29,12.72,0.79
1509,3,windup,bruiser,-15.26,11.97,0.73
1509,4,recover,pouncer,-17.18,13.53,1.94
1510,1,recover,swarm,-16.43,11.56,0.61
1510,2,recover,swarm,-16.29,12.72,0.79
1510,3,windup,bruiser,-15.26,11.97,0.73
1510,4,stalk,pouncer,-17.18,13.53,1.94
1511,1,recover,swarm,-16.43,11.56,0.61
1511,2,recover,swarm,-16.29,12.72,0.79
1511,3,windup,bruiser,-15.26,11.97,0.73
1511,4,crouch,pouncer,-17.16,13.61,2.00
1512,1,recover,swarm,-16.43,11.56,0.61
1512,2,recover,swarm,-16.29,12.72,0.79
1512,3,windup,bruiser,-15.26,11.97,0.73
1512,4,crouch,pouncer,-17.16,13.61,2.00
1513,1,recover,swarm,-16.43,11.56,0.61
1513,2,recover,swarm,-16.29,12.72,0.79
1513,3,windup,bruiser,-15.26,11.97,0.73
1513,4,crouch,pouncer,-17.16,13.61,2.00
1514,1,recover,swarm,-16.43,11.56,0.61
1514,2,recover,swarm,-16.29,12.72,0.79
1514,3,windup,bruiser,-15.26,11.97,0.73
1514,4,crouch,pouncer,-17.16,13.61,2.00
1515,1,recover,swarm,-16.43,11.56,0.61
1515,2,recover,swarm,-16.29,12.72,0.79
1515,3,windup,bruiser,-15.26,11.97,0.73
1515,4,crouch,pouncer,-17.16,13.61,2.00
1516,1,recover,swarm,-16.43,11.56,0.61
1516,2,recover,swarm,-16.29,12.72,0.79
1516,3,windup,bruiser,-15.26,11.97,0.73
1516,4,crouch,pouncer,-17.16,13.61,2.00
1517,1,recover,swarm,-16.43,11.56,0.61
1517,2,recover,swarm,-16.29,12.72,0.79
1517,3,windup,bruiser,-15.26,11.97,0.73
1517,4,crouch,pouncer,-17.16,13.61,2.00
1518,1,recover,swarm,-16.43,11.56,0.61
1518,2,recover,swarm,-16.29,12.72,0.79
1518,3,windup,bruiser,-15.26,11.97,0.73
1518,4,crouch,pouncer,-17.16,13.61,2.00
1519,1,recover,swarm,-16.43,11.56,0.61
1519,2,recover,swarm,-16.29,12.72,0.79
1519,3,windup,bruiser,-15.26,11.97,0.73
1519,4,crouch,pouncer,-17.16,13.61,2.00
1520,1,recover,swarm,-16.43,11.56,0.61
1520,2,recover,swarm,-16.29,12.72,0.79
1520,3,windup,bruiser,-15.26,11.97,0.73
1520,4,crouch,pouncer,-17.16,13.61,2.00
1521,1,recover,swarm,-16.43,11.56,0.61
1521,2,recover,swarm,-16.29,12.72,0.79
1521,3,windup,bruiser,-15.26,11.97,0.73
1521,4,crouch,pouncer,-17.16,13.61,2.00
1522,1,recover,swarm,-16.43,11.56,0.61
1522,2,recover,swarm,-16.29,12.72,0.79
1522,3,windup,bruiser,-15.26,11.97,0.73
1522,4,crouch,pouncer,-17.16,13.61,2.00
1523,1,recover,swarm,-16.43,11.56,0.61
1523,2,recover,swarm,-16.29,12.72,0.79
1523,3,windup,bruiser,-15.26,11.97,0.73
1523,4,crouch,pouncer,-17.16,13.61,2.00
1524,1,recover,swarm,-16.43,11.56,0.61
1524,2,recover,swarm,-16.29,12.72,0.79
1524,3,windup,bruiser,-15.26,11.97,0.73
1524,4,crouch,pouncer,-17.16,13.61,2.00
1525,1,recover,swarm,-16.43,11.56,0.61
1525,2,recover,swarm,-16.29,12.72,0.79
1525,3,windup,bruiser,-15.26,11.97,0.73
1525,4,crouch,pouncer,-17.16,13.61,2.00
1526,1,recover,swarm,-16.43,11.56,0.61
1526,2,recover,swarm,-16.29,12.72,0.79
1526,3,windup,bruiser,-15.26,11.97,0.73
1526,4,crouch,pouncer,-17.16,13.61,2.00
1527,1,recover,swarm,-16.43,11.56,0.61
1527,2,recover,swarm,-16.29,12.72,0.79
1527,3,windup,bruiser,-15.26,11.97,0.73
1527,4,crouch,pouncer,-17.16,13.61,2.00
1528,1,chase,swarm,-16.43,11.56,0.61
1528,2,recover,swarm,-16.29,12.72,0.79
1528,3,windup,bruiser,-15.26,11.97,0.73
1528,4,crouch,pouncer,-17.16,13.61,2.00
1529,1,windup,swarm,-16.43,11.56,0.61
1529,2,recover,swarm,-16.29,12.72,0.79
1529,3,windup,bruiser,-15.26,11.97,0.73
1529,4,crouch,pouncer,-17.16,13.61,2.00
1530,1,windup,swarm,-16.43,11.56,0.61
1530,2,chase,swarm,-16.29,12.72,0.79
1530,3,windup,bruiser,-15.26,11.97,0.73
1530,4,crouch,pouncer,-17.16,13.61,2.00
1531,1,windup,swarm,-16.43,11.56,0.61
1531,2,windup,swarm,-16.29,12.72,0.79
1531,3,windup,bruiser,-15.26,11.97,0.73
1531,4,crouch,pouncer,-17.16,13.61,2.00
1532,1,windup,swarm,-16.43,11.56,0.61
1532,2,windup,swarm,-16.29,12.72,0.79
1532,3,windup,bruiser,-15.26,11.97,0.73
1532,4,crouch,pouncer,-17.16,13.61,2.00
1533,1,windup,swarm,-16.43,11.56,0.61
1533,2,windup,swarm,-16.29,12.72,0.79
1533,3,windup,bruiser,-15.26,11.97,0.73
1533,4,crouch,pouncer,-17.16,13.61,2.00
1534,1,windup,swarm,-16.43,11.56,0.61
1534,2,windup,swarm,-16.29,12.72,0.79
1534,3,windup,bruiser,-15.26,11.97,0.73
1534,4,crouch,pouncer,-17.16,13.61,2.00
1535,1,windup,swarm,-16.43,11.56,0.61
1535,2,windup,swarm,-16.29,12.72,0.79
1535,3,windup,bruiser,-15.26,11.97,0.73
1535,4,crouch,pouncer,-17.16,13.61,2.00
1536,1,windup,swarm,-16.43,11.56,0.61
1536,2,windup,swarm,-16.29,12.72,0.79
1536,3,windup,bruiser,-15.26,11.97,0.73
1536,4,pounce,pouncer,-17.16,13.61,2.00
1537,1,windup,swarm,-16.43,11.56,0.61
1537,2,windup,swarm,-16.29,12.72,0.79
1537,3,windup,bruiser,-15.26,11.97,0.73
1537,4,pounce,pouncer,-16.96,13.31,1.63
1538,1,windup,swarm,-16.43,11.56,0.61
1538,2,windup,swarm,-16.29,12.72,0.79
1538,3,windup,bruiser,-15.26,11.97,0.73
1538,4,pounce,pouncer,-16.97,13.23,1.57
1539,1,windup,swarm,-16.43,11.56,0.61
1539,2,windup,swarm,-16.29,12.72,0.79
1539,3,windup,bruiser,-15.26,11.97,0.73
1539,4,pounce,pouncer,-17.10,12.98,1.49
1540,1,windup,swarm,-16.43,11.56,0.61
1540,2,windup,swarm,-16.29,12.72,0.79
1540,3,windup,bruiser,-15.26,11.97,0.73
1540,4,pounce,pouncer,-17.13,12.92,1.47
1541,1,strike,swarm,-16.43,11.56,0.61
1541,2,windup,swarm,-16.29,12.72,0.79
1541,3,windup,bruiser,-15.26,11.97,0.73
1541,4,pounce,pouncer,-17.32,12.48,1.42
1542,1,strike,swarm,-16.39,11.59,0.57
1542,2,strike,swarm,-16.29,12.72,0.79
1542,3,strike,bruiser,-15.26,11.97,0.73
1542,4,pounce,pouncer,-17.31,12.40,1.39
1543,1,strike,swarm,-16.14,11.68,0.34
1543,2,strike,swarm,-16.06,12.59,0.61
1543,3,strike,bruiser,-15.48,11.99,0.51
1543,4,pounce,pouncer,-17.29,12.01,1.30
1544,1,strike,swarm,-16.15,11.64,0.39
1544,2,strike,swarm,-16.07,12.64,0.65
1544,3,strike,bruiser,-15.45,11.98,0.55
1544,4,pounce,pouncer,-17.26,11.94,1.27
1545,1,strike,swarm,-16.14,11.49,0.53
1545,2,strike,swarm,-16.14,12.78,0.80
1545,3,strike,bruiser,-15.32,11.96,0.67
1545,4,pounce,pouncer,-17.17,11.73,1.21
1546,1,strike,swarm,-16.10,11.50,0.50
1546,2,strike,swarm,-16.13,12.74,0.76
1546,3,strike,bruiser,-15.34,11.98,0.65
1546,4,pounce,pouncer,-17.16,11.67,1.21
1547,1,strike,swarm,-15.94,11.52,0.47
1547,2,strike,swarm,-16.10,12.57,0.59
1547,3,strike,bruiser,-15.36,12.12,0.65
1547,4,pounce,pouncer,-17.12,11.43,1.26
1548,1,strike,swarm,-15.91,11.49,0.51
1548,2,strike,swarm,-16.15,12.57,0.60
1548,3,strike,bruiser,-15.33,12.14,0.68
1548,4,pounce,pouncer,-17.09,11.37,1.26
1549,1,strike,swarm,-15.76,11.39,0.64
1549,2,strike,swarm,-16.31,12.48,0.58
1549,3,strike,bruiser,-15.24,12.26,0.80
1549,4,pounce,pouncer,-16.98,11.12,1.32
1550,1,strike,swarm,-15.72,11.40,0.65
1550,2,strike,swarm,-16.31,12.44,0.56
1550,3,strike,bruiser,-15.26,12.29,0.79
1550,4,pounce,pouncer,-16.95,11.07,1.33
1551,1,strike,swarm,-15.60,11.40,0.71
1551,2,strike,swarm,-16.34,12.33,0.49
1551,3,strike,bruiser,-15.31,12.38,0.79
1551,4,pounce,pouncer,-16.85,10.92,1.38
1552,1,recover,swarm,-15.56,11.40,0.73
1552,2,strike,swarm,-16.36,12.29,0.47
1552,3,strike,bruiser,-15.32,12.41,0.79
1552,4,pounce,pouncer,-16.82,10.87,1.39
1553,1,recover,swarm,-15.56,11.40,0.73
1553,2,strike,swarm,-16.46,11.97,0.47
1553,3,strike,bruiser,-15.47,12.65,0.84
1553,4,pounce,pouncer,-16.52,10.46,1.62
1554,1,recover,swarm,-15.56,11.40,0.73
1554,2,recover,swarm,-16.47,11.93,0.48
1554,3,strike,bruiser,-15.50,12.66,0.83
1554,4,recover,pouncer,-16.48,10.41,1.66
1555,1,recover,swarm,-15.56,11.40,0.73
1555,2,recover,swarm,-16.47,11.93,0.48
1555,3,strike,bruiser,-15.64,12.70,0.79
1555,4,recover,pouncer,-16.48,10.41,1.66
1556,1,recover,swarm,-15.56,11.40,0.73
1556,2,recover,swarm,-16.47,11.93,0.48
1556,3,recover,bruiser,-15.67,12.71,0.78
1556,4,recover,pouncer,-16.48,10.41,1.66
1557,1,recover,swarm,-15.56,11.40,0.73
1557,2,recover,swarm,-16.47,11.93,0.48
1557,3,recover,bruiser,-15.67,12.71,0.78
1557,4,recover,pouncer,-16.48,10.41,1.66
1558,1,recover,swarm,-15.56,11.40,0.73
1558,2,recover,swarm,-16.47,11.93,0.48
1558,3,recover,bruiser,-15.67,12.71,0.78
1558,4,recover,pouncer,-16.48,10.41,1.66
1559,1,recover,swarm,-15.56,11.40,0.73
1559,2,recover,swarm,-16.47,11.93,0.48
1559,3,recover,bruiser,-15.67,12.71,0.78
1559,4,recover,pouncer,-16.48,10.41,1.66
1560,1,recover,swarm,-15.56,11.40,0.73
1560,2,recover,swarm,-16.47,11.93,0.48
1560,3,recover,bruiser,-15.67,12.71,0.78
1560,4,recover,pouncer,-16.48,10.41,1.66
1561,1,recover,swarm,-15.56,11.40,0.73
1561,2,recover,swarm,-16.47,11.93,0.48
1561,3,recover,bruiser,-15.67,12.71,0.78
1561,4,recover,pouncer,-16.48,10.41,1.66
1562,1,recover,swarm,-15.56,11.40,0.73
1562,2,recover,swarm,-16.47,11.93,0.48
1562,3,recover,bruiser,-15.67,12.71,0.78
1562,4,recover,pouncer,-16.48,10.41,1.66
1563,1,recover,swarm,-15.56,11.40,0.73
1563,2,recover,swarm,-16.47,11.93,0.48
1563,3,recover,bruiser,-15.67,12.71,0.78
1563,4,recover,pouncer,-16.48,10.41,1.66
1564,1,recover,swarm,-15.56,11.40,0.73
1564,2,recover,swarm,-16.47,11.93,0.48
1564,3,recover,bruiser,-15.67,12.71,0.78
1564,4,recover,pouncer,-16.48,10.41,1.66
1565,1,recover,swarm,-15.56,11.40,0.73
1565,2,recover,swarm,-16.47,11.93,0.48
1565,3,recover,bruiser,-15.67,12.71,0.78
1565,4,recover,pouncer,-16.48,10.41,1.66
1566,1,recover,swarm,-15.56,11.40,0.73
1566,2,recover,swarm,-16.47,11.93,0.48
1566,3,recover,bruiser,-15.67,12.71,0.78
1566,4,recover,pouncer,-16.48,10.41,1.66
1567,1,recover,swarm,-15.56,11.40,0.73
1567,2,recover,swarm,-16.47,11.93,0.48
1567,3,recover,bruiser,-15.67,12.71,0.78
1567,4,recover,pouncer,-16.48,10.41,1.66
1568,1,recover,swarm,-15.56,11.40,0.73
1568,2,recover,swarm,-16.47,11.93,0.48
1568,3,recover,bruiser,-15.67,12.71,0.78
1568,4,recover,pouncer,-16.48,10.41,1.66
1569,1,recover,swarm,-15.56,11.40,0.73
1569,2,recover,swarm,-16.47,11.93,0.48
1569,3,recover,bruiser,-15.67,12.71,0.78
1569,4,recover,pouncer,-16.48,10.41,1.66
1570,1,recover,swarm,-15.56,11.40,0.73
1570,2,recover,swarm,-16.47,11.93,0.48
1570,3,recover,bruiser,-15.67,12.71,0.78
1570,4,recover,pouncer,-16.48,10.41,1.66
1571,1,recover,swarm,-15.56,11.40,0.73
1571,2,recover,swarm,-16.47,11.93,0.48
1571,3,recover,bruiser,-15.67,12.71,0.78
1571,4,recover,pouncer,-16.48,10.41,1.66
1572,1,recover,swarm,-15.56,11.40,0.73
1572,2,recover,swarm,-16.47,11.93,0.48
1572,3,recover,bruiser,-15.67,12.71,0.78
1572,4,recover,pouncer,-16.48,10.41,1.66
1573,1,recover,swarm,-15.56,11.40,0.73
1573,2,recover,swarm,-16.47,11.93,0.48
1573,3,recover,bruiser,-15.67,12.71,0.78
1573,4,recover,pouncer,-16.48,10.41,1.66
1574,1,recover,swarm,-15.56,11.40,0.73
1574,2,recover,swarm,-16.47,11.93,0.48
1574,3,recover,bruiser,-15.67,12.71,0.78
1574,4,recover,pouncer,-16.48,10.41,1.66
1575,1,recover,swarm,-15.56,11.40,0.73
1575,2,recover,swarm,-16.47,11.93,0.48
1575,3,recover,bruiser,-15.67,12.71,0.78
1575,4,recover,pouncer,-16.48,10.41,1.66
1576,1,recover,swarm,-15.56,11.40,0.73
1576,2,recover,swarm,-16.47,11.93,0.48
1576,3,recover,bruiser,-15.67,12.71,0.78
1576,4,recover,pouncer,-16.48,10.41,1.66
1577,1,recover,swarm,-15.56,11.40,0.73
1577,2,recover,swarm,-16.47,11.93,0.48
1577,3,recover,bruiser,-15.67,12.71,0.78
1577,4,recover,pouncer,-16.48,10.41,1.66
1578,1,recover,swarm,-15.56,11.40,0.73
1578,2,recover,swarm,-16.47,11.93,0.48
1578,3,recover,bruiser,-15.67,12.71,0.78
1578,4,recover,pouncer,-16.48,10.41,1.66
1579,1,recover,swarm,-15.56,11.40,0.73
1579,2,recover,swarm,-16.47,11.93,0.48
1579,3,recover,bruiser,-15.67,12.71,0.78
1579,4,recover,pouncer,-16.48,10.41,1.66
1580,1,recover,swarm,-15.56,11.40,0.73
1580,2,recover,swarm,-16.47,11.93,0.48
1580,3,recover,bruiser,-15.67,12.71,0.78
1580,4,recover,pouncer,-16.48,10.41,1.66
1581,1,recover,swarm,-15.56,11.40,0.73
1581,2,recover,swarm,-16.47,11.93,0.48
1581,3,recover,bruiser,-15.67,12.71,0.78
1581,4,recover,pouncer,-16.48,10.41,1.66
1582,1,recover,swarm,-15.56,11.40,0.73
1582,2,recover,swarm,-16.47,11.93,0.48
1582,3,recover,bruiser,-15.67,12.71,0.78
1582,4,recover,pouncer,-16.48,10.41,1.66
1583,1,recover,swarm,-15.56,11.40,0.73
1583,2,recover,swarm,-16.47,11.93,0.48
1583,3,recover,bruiser,-15.67,12.71,0.78
1583,4,recover,pouncer,-16.48,10.41,1.66
1584,1,chase,swarm,-15.56,11.40,0.73
1584,2,recover,swarm,-16.47,11.93,0.48
1584,3,recover,bruiser,-15.67,12.71,0.78
1584,4,recover,pouncer,-16.48,10.41,1.66
1585,1,windup,swarm,-15.56,11.40,0.73
1585,2,recover,swarm,-16.47,11.93,0.48
1585,3,recover,bruiser,-15.67,12.71,0.78
1585,4,recover,pouncer,-16.48,10.41,1.66
1586,1,windup,swarm,-15.56,11.40,0.73
1586,2,chase,swarm,-16.47,11.93,0.48
1586,3,recover,bruiser,-15.67,12.71,0.78
1586,4,recover,pouncer,-16.48,10.41,1.66
1587,1,windup,swarm,-15.56,11.40,0.73
1587,2,windup,swarm,-16.47,11.93,0.48
1587,3,recover,bruiser,-15.67,12.71,0.78
1587,4,recover,pouncer,-16.48,10.41,1.66
1588,1,windup,swarm,-15.56,11.40,0.73
1588,2,windup,swarm,-16.47,11.93,0.48
1588,3,recover,bruiser,-15.67,12.71,0.78
1588,4,recover,pouncer,-16.48,10.41,1.66
1589,1,windup,swarm,-15.56,11.40,0.73
1589,2,windup,swarm,-16.47,11.93,0.48
1589,3,recover,bruiser,-15.67,12.71,0.78
1589,4,recover,pouncer,-16.48,10.41,1.66
1590,1,windup,swarm,-15.56,11.40,0.73
1590,2,windup,swarm,-16.47,11.93,0.48
1590,3,recover,bruiser,-15.67,12.71,0.78
1590,4,recover,pouncer,-16.48,10.41,1.66
1591,1,windup,swarm,-15.56,11.40,0.73
1591,2,windup,swarm,-16.47,11.93,0.48
1591,3,recover,bruiser,-15.67,12.71,0.78
1591,4,recover,pouncer,-16.48,10.41,1.66
1592,1,windup,swarm,-15.56,11.40,0.73
1592,2,windup,swarm,-16.47,11.93,0.48
1592,3,recover,bruiser,-15.67,12.71,0.78
1592,4,recover,pouncer,-16.48,10.41,1.66
1593,1,windup,swarm,-15.56,11.40,0.73
1593,2,windup,swarm,-16.47,11.93,0.48
1593,3,recover,bruiser,-15.67,12.71,0.78
1593,4,recover,pouncer,-16.48,10.41,1.66
1594,1,windup,swarm,-15.56,11.40,0.73
1594,2,windup,swarm,-16.47,11.93,0.48
1594,3,recover,bruiser,-15.67,12.71,0.78
1594,4,recover,pouncer,-16.48,10.41,1.66
1595,1,windup,swarm,-15.56,11.40,0.73
1595,2,windup,swarm,-16.47,11.93,0.48
1595,3,recover,bruiser,-15.67,12.71,0.78
1595,4,recover,pouncer,-16.48,10.41,1.66
1596,1,windup,swarm,-15.56,11.40,0.73
1596,2,windup,swarm,-16.47,11.93,0.48
1596,3,recover,bruiser,-15.67,12.71,0.78
1596,4,recover,pouncer,-16.48,10.41,1.66
1597,1,strike,swarm,-15.56,11.40,0.73
1597,2,windup,swarm,-16.47,11.93,0.48
1597,3,recover,bruiser,-15.67,12.71,0.78
1597,4,recover,pouncer,-16.48,10.41,1.66
1598,1,strike,swarm,-15.57,11.44,0.70
1598,2,windup,swarm,-16.47,11.93,0.48
1598,3,recover,bruiser,-15.67,12.71,0.78
1598,4,recover,pouncer,-16.48,10.41,1.66
1599,1,strike,swarm,-15.59,11.55,0.59
1599,2,windup,swarm,-16.47,11.93,0.48
1599,3,recover,bruiser,-15.67,12.71,0.78
1599,4,recover,pouncer,-16.48,10.41,1.66
1600,1,strike,swarm,-15.58,11.59,0.57
1600,2,strike,swarm,-16.47,11.93,0.48
1600,3,recover,bruiser,-15.67,12.71,0.78
1600,4,recover,pouncer,-16.48,10.41,1.66
1601,1,strike,swarm,-15.45,11.90,0.55
1601,2,strike,swarm,-16.30,12.22,0.39
1601,3,recover,bruiser,-15.67,12.71,0.78
1601,4,recover,pouncer,-16.48,10.41,1.66
1602,1,strike,swarm,-15.42,11.87,0.59
1602,2,strike,swarm,-16.34,12.21,0.41
1602,3,recover,bruiser,-15.67,12.71,0.78
1602,4,recover,pouncer,-16.48,10.41,1.66
1603,1,strike,swarm,-15.33,11.79,0.69
1603,2,strike,swarm,-16.44,12.15,0.47
1603,3,recover,bruiser,-15.67,12.71,0.78
1603,4,recover,pouncer,-16.48,10.41,1.66
1604,1,strike,swarm,-15.35,11.82,0.66
1604,2,strike,swarm,-16.42,12.12,0.45
1604,3,recover,bruiser,-15.67,12.71,0.78
1604,4,recover,pouncer,-16.48,10.41,1.66
1605,1,strike,swarm,-15.24,12.00,0.75
1605,2,strike,swarm,-16.35,11.92,0.37
1605,3,recover,bruiser,-15.67,12.71,0.78
1605,4,recover,pouncer,-16.48,10.41,1.66
1606,1,strike,swarm,-15.20,12.00,0.79
1606,2,strike,swarm,-16.32,11.89,0.35
1606,3,recover,bruiser,-15.67,12.71,0.78
1606,4,recover,pouncer,-16.48,10.41,1.66
1607,1,strike,swarm,-15.06,12.05,0.94
1607,2,strike,swarm,-16.21,11.79,0.30
1607,3,recover,bruiser,-15.67,12.71,0.78
1607,4,recover,pouncer,-16.48,10.41,1.66
1608,1,strike,swarm,-15.04,12.08,0.96
1608,2,strike,swarm,-16.18,11.77,0.29
1608,3,advance,bruiser,-15.67,12.71,0.78
1608,4,recover,pouncer,-16.48,10.41,1.66
1609,1,strike,swarm,-14.93,12.22,1.08
1609,2,strike,swarm,-16.03,11.68,0.32
1609,3,windup,bruiser,-15.67,12.71,0.78
1609,4,recover,pouncer,-16.48,10.41,1.66
1610,1,recover,swarm,-14.92,12.25,1.10
1610,2,strike,swarm,-16.00,11.66,0.33
1610,3,windup,bruiser,-15.67,12.71,0.78
1610,4,recover,pouncer,-16.48,10.41,1.66
1611,1,recover,swarm,-14.92,12.25,1.10
1611,2,strike,swarm,-15.86,11.60,0.41
1611,3,windup,bruiser,-15.67,12.71,0.78
1611,4,recover,pouncer,-16.48,10.41,1.66
1612,1,recover,swarm,-14.92,12.25,1.10
1612,2,recover,swarm,-15.83,11.59,0.44
1612,3,windup,bruiser,-15.67,12.71,0.78
1612,4,stalk,pouncer,-16.48,10.41,1.66
1613,1,recover,swarm,-14.92,12.25,1.10
1613,2,recover,swarm,-15.83,11.59,0.44
1613,3,windup,bruiser,-15.67,12.71,0.78
1613,4,crouch,pouncer,-16.44,10.35,1.70
1614,1,recover,swarm,-14.92,12.25,1.10
1614,2,recover,swarm,-15.83,11.59,0.44
1614,3,windup,bruiser,-15.67,12.71,0.78
1614,4,crouch,pouncer,-16.44,10.35,1.70
1615,1,recover,swarm,-14.92,12.25,1.10
1615,2,recover,swarm,-15.83,11.59,0.44
1615,3,windup,bruiser,-15.67,12.71,0.78
1615,4,crouch,pouncer,-16.44,10.35,1.70
1616,1,recover,swarm,-14.92,12.25,1.10
1616,2,recover,swarm,-15.83,11.59,0.44
1616,3,windup,bruiser,-15.67,12.71,0.78
1616,4,crouch,pouncer,-16.44,10.35,1.70
1617,1,recover,swarm,-14.92,12.25,1.10
1617,2,recover,swarm,-15.83,11.59,0.44
1617,3,windup,bruiser,-15.67,12.71,0.78
1617,4,crouch,pouncer,-16.44,10.35,1.70
1618,1,recover,swarm,-14.92,12.25,1.10
1618,2,recover,swarm,-15.83,11.59,0.44
1618,3,windup,bruiser,-15.67,12.71,0.78
1618,4,crouch,pouncer,-16.44,10.35,1.70
1619,1,recover,swarm,-14.92,12.25,1.10
1619,2,recover,swarm,-15.83,11.59,0.44
1619,3,windup,bruiser,-15.67,12.71,0.78
1619,4,crouch,pouncer,-16.44,10.35,1.70
1620,1,recover,swarm,-14.92,12.25,1.10
1620,2,recover,swarm,-15.83,11.59,0.44
1620,3,windup,bruiser,-15.67,12.71,0.78
1620,4,crouch,pouncer,-16.44,10.35,1.70
1621,1,recover,swarm,-14.92,12.25,1.10
1621,2,recover,swarm,-15.83,11.59,0.44
1621,3,windup,bruiser,-15.67,12.71,0.78
1621,4,crouch,pouncer,-16.44,10.35,1.70
1622,1,recover,swarm,-14.92,12.25,1.10
1622,2,recover,swarm,-15.83,11.59,0.44
1622,3,windup,bruiser,-15.67,12.71,0.78
1622,4,crouch,pouncer,-16.44,10.35,1.70
1623,1,recover,swarm,-14.92,12.25,1.10
1623,2,recover,swarm,-15.83,11.59,0.44
1623,3,windup,bruiser,-15.67,12.71,0.78
1623,4,crouch,pouncer,-16.44,10.35,1.70
1624,1,recover,swarm,-14.92,12.25,1.10
1624,2,recover,swarm,-15.83,11.59,0.44
1624,3,windup,bruiser,-15.67,12.71,0.78
1624,4,crouch,pouncer,-16.44,10.35,1.70
1625,1,recover,swarm,-14.92,12.25,1.10
1625,2,recover,swarm,-15.83,11.59,0.44
1625,3,windup,bruiser,-15.67,12.71,0.78
1625,4,crouch,pouncer,-16.44,10.35,1.70
1626,1,recover,swarm,-14.92,12.25,1.10
1626,2,recover,swarm,-15.83,11.59,0.44
1626,3,windup,bruiser,-15.67,12.71,0.78
1626,4,crouch,pouncer,-16.44,10.35,1.70
1627,1,recover,swarm,-14.92,12.25,1.10
1627,2,recover,swarm,-15.83,11.59,0.44
1627,3,windup,bruiser,-15.67,12.71,0.78
1627,4,crouch,pouncer,-16.44,10.35,1.70
1628,1,recover,swarm,-14.92,12.25,1.10
1628,2,recover,swarm,-15.83,11.59,0.44
1628,3,windup,bruiser,-15.67,12.71,0.78
1628,4,crouch,pouncer,-16.44,10.35,1.70
1629,1,recover,swarm,-14.92,12.25,1.10
1629,2,recover,swarm,-15.83,11.59,0.44
1629,3,windup,bruiser,-15.67,12.71,0.78
1629,4,crouch,pouncer,-16.44,10.35,1.70
1630,1,recover,swarm,-14.92,12.25,1.10
1630,2,recover,swarm,-15.83,11.59,0.44
1630,3,windup,bruiser,-15.67,12.71,0.78
1630,4,crouch,pouncer,-16.44,10.35,1.70
1631,1,recover,swarm,-14.92,12.25,1.10
1631,2,recover,swarm,-15.83,11.59,0.44
1631,3,windup,bruiser,-15.67,12.71,0.78
1631,4,crouch,pouncer,-16.44,10.35,1.70
1632,1,recover,swarm,-14.92,12.25,1.10
1632,2,recover,swarm,-15.83,11.59,0.44
1632,3,windup,bruiser,-15.67,12.71,0.78
1632,4,crouch,pouncer,-16.44,10.35,1.70
1633,1,recover,swarm,-14.92,12.25,1.10
1633,2,recover,swarm,-15.83,11.59,0.44
1633,3,windup,bruiser,-15.67,12.71,0.78
1633,4,crouch,pouncer,-16.44,10.35,1.70
1634,1,recover,swarm,-14.92,12.25,1.10
1634,2,recover,swarm,-15.83,11.59,0.44
1634,3,windup,bruiser,-15.67,12.71,0.78
1634,4,pounce,pouncer,-16.44,10.35,1.70
1635,1,recover,swarm,-14.92,12.25,1.10
1635,2,recover,swarm,-15.83,11.59,0.44
1635,3,windup,bruiser,-15.67,12.71,0.78
1635,4,pounce,pouncer,-16.36,10.63,1.41
1636,1,recover,swarm,-14.92,12.25,1.10
1636,2,recover,swarm,-15.83,11.59,0.44
1636,3,windup,bruiser,-15.67,12.71,0.78
1636,4,pounce,pouncer,-16.36,10.69,1.35
1637,1,recover,swarm,-14.92,12.25,1.10
1637,2,recover,swarm,-15.83,11.59,0.44
1637,3,windup,bruiser,-15.67,12.71,0.78
1637,4,pounce,pouncer,-16.36,10.92,1.13
1638,1,recover,swarm,-14.92,12.25,1.10
1638,2,recover,swarm,-15.83,11.59,0.44
1638,3,windup,bruiser,-15.67,12.71,0.78
1638,4,pounce,pouncer,-16.39,10.95,1.12
1639,1,recover,swarm,-14.92,12.25,1.10
1639,2,recover,swarm,-15.83,11.59,0.44
1639,3,windup,bruiser,-15.67,12.71,0.78
1639,4,pounce,pouncer,-16.60,11.13,1.06
1640,1,recover,swarm,-14.92,12.25,1.10
1640,2,recover,swarm,-15.83,11.59,0.44
1640,3,windup,bruiser,-15.67,12.71,0.78
1640,4,pounce,pouncer,-16.64,11.17,1.04
1641,1,recover,swarm,-14.92,12.25,1.10
1641,2,recover,swarm,-15.83,11.59,0.44
1641,3,windup,bruiser,-15.67,12.71,0.78
1641,4,pounce,pouncer,-16.76,11.35,1.01
1642,1,recover,swarm,-14.92,12.25,1.10
1642,2,recover,swarm,-15.83,11.59,0.44
1642,3,strike,bruiser,-15.67,12.71,0.78
1642,4,pounce,pouncer,-16.79,11.40,0.99
1643,1,recover,swarm,-14.92,12.25,1.10
1643,2,recover,swarm,-15.83,11.59,0.44
1643,3,strike,bruiser,-15.93,12.67,0.68
1643,4,pounce,pouncer,-16.98,11.83,1.00
1644,1,recover,swarm,-14.92,12.25,1.10
1644,2,recover,swarm,-15.83,11.59,0.44
1644,3,strike,bruiser,-15.96,12.66,0.67
1644,4,pounce,pouncer,-16.98,11.89,1.00
1645,1,recover,swarm,-14.92,12.25,1.10
1645,2,recover,swarm,-15.83,11.59,0.44
1645,3,strike,bruiser,-16.15,12.58,0.61
1645,4,pounce,pouncer,-16.98,12.25,1.02
1646,1,chase,swarm,-14.92,12.25,1.10
1646,2,chase,swarm,-15.83,11.59,0.44
1646,3,strike,bruiser,-16.12,12.56,0.58
1646,4,pounce,pouncer,-17.02,12.31,1.08
1647,1,windup,swarm,-14.92,12.25,1.10
1647,2,windup,swarm,-15.83,11.59,0.44
1647,3,strike,bruiser,-16.11,12.37,0.40
1647,4,pounce,pouncer,-17.18,12.60,1.34
1648,1,windup,swarm,-14.92,12.25,1.10
1648,2,windup,swarm,-15.83,11.59,0.44
1648,3,strike,bruiser,-16.14,12.37,0.40
1648,4,pounce,pouncer,-17.19,12.65,1.37
1649,1,windup,swarm,-14.92,12.25,1.10
1649,2,windup,swarm,-15.83,11.59,0.44
1649,3,strike,bruiser,-16.27,12.32,0.43
1649,4,pounce,pouncer,-17.22,12.89,1.53
1650,1,windup,swarm,-14.92,12.25,1.10
1650,2,windup,swarm,-15.83,11.59,0.44
1650,3,strike,bruiser,-16.30,12.30,0.44
1650,4,pounce,pouncer,-17.23,12.95,1.57
1651,1,windup,swarm,-14.92,12.25,1.10
1651,2,windup,swarm,-15.83,11.59,0.44
1651,3,strike,bruiser,-16.44,12.22,0.50
1651,4,pounce,pouncer,-17.23,13.25,1.76
1652,1,windup,swarm,-14.92,12.25,1.10
1652,2,windup,swarm,-15.83,11.59,0.44
1652,3,strike,bruiser,-16.47,12.21,0.53
1652,4,recover,pouncer,-17.21,13.31,1.79
1653,1,windup,swarm,-14.92,12.25,1.10
1653,2,windup,swarm,-15.83,11.59,0.44
1653,3,strike,bruiser,-16.65,12.15,0.68
1653,4,recover,pouncer,-17.21,13.31,1.79
1654,1,windup,swarm,-14.92,12.25,1.10
1654,2,windup,swarm,-15.83,11.59,0.44
1654,3,strike,bruiser,-16.68,12.13,0.71
1654,4,recover,pouncer,-17.21,13.31,1.79
1655,1,windup,swarm,-14.92,12.25,1.10
1655,2,windup,swarm,-15.83,11.59,0.44
1655,3,strike,bruiser,-16.79,12.05,0.81
1655,4,recover,pouncer,-17.21,13.31,1.79
1656,1,windup,swarm,-14.92,12.25,1.10
1656,2,windup,swarm,-15.83,11.59,0.44
1656,3,recover,bruiser,-16.81,12.03,0.82
1656,4,recover,pouncer,-17.21,13.31,1.79
1657,1,windup,swarm,-14.92,12.25,1.10
1657,2,windup,swarm,-15.83,11.59,0.44
1657,3,recover,bruiser,-16.81,12.03,0.82
1657,4,recover,pouncer,-17.21,13.31,1.79
1658,1,windup,swarm,-14.92,12.25,1.10
1658,2,windup,swarm,-15.83,11.59,0.44
1658,3,recover,bruiser,-16.81,12.03,0.82
1658,4,recover,pouncer,-17.21,13.31,1.79
1659,1,windup,swarm,-14.92,12.25,1.10
1659,2,windup,swarm,-15.83,11.59,0.44
1659,3,recover,bruiser,-16.81,12.03,0.82
1659,4,recover,pouncer,-17.21,13.31,1.79
1660,1,windup,swarm,-14.92,12.25,1.10
1660,2,windup,swarm,-15.83,11.59,0.44
1660,3,recover,bruiser,-16.81,12.03,0.82
1660,4,recover,pouncer,-17.21,13.31,1.79
1661,1,strike,swarm,-14.92,12.25,1.10
1661,2,strike,swarm,-15.83,11.59,0.44
1661,3,recover,bruiser,-16.81,12.03,0.82
1661,4,recover,pouncer,-17.21,13.31,1.79
1662,1,strike,swarm,-14.97,12.25,1.06
1662,2,strike,swarm,-15.85,11.63,0.39
1662,3,recover,bruiser,-16.81,12.03,0.82
1662,4,recover,pouncer,-17.21,13.31,1.79
1663,1,strike,swarm,-15.14,12.25,0.89
1663,2,strike,swarm,-15.93,11.79,0.21
1663,3,recover,bruiser,-16.81,12.03,0.82
1663,4,recover,pouncer,-17.21,13.31,1.79
1664,1,strike,swarm,-15.18,12.27,0.86
1664,2,strike,swarm,-15.96,11.82,0.18
1664,3,recover,bruiser,-16.81,12.03,0.82
1664,4,recover,pouncer,-17.21,13.31,1.79
1665,1,strike,swarm,-15.43,12.42,0.70
1665,2,strike,swarm,-16.13,12.05,0.15
1665,3,recover,bruiser,-16.81,12.03,0.82
1665,4,recover,pouncer,-17.21,13.31,1.79
1666,1,strike,swarm,-15.44,12.46,0.72
1666,2,strike,swarm,-16.13,12.10,0.18
1666,3,recover,bruiser,-16.81,12.03,0.82
1666,4,recover,pouncer,-17.21,13.31,1.79
1667,1,strike,swarm,-15.48,12.66,0.84
1667,2,strike,swarm,-16.15,12.30,0.35
1667,3,recover,bruiser,-16.81,12.03,0.82
1667,4,recover,pouncer,-17.21,13.31,1.79
1668,1,strike,swarm,-15.49,12.71,0.88
1668,2,strike,swarm,-16.17,12.35,0.40
1668,3,recover,bruiser,-16.81,12.03,0.82
1668,4,recover,pouncer,-17.21,13.31,1.79
1669,1,strike,swarm,-15.51,12.88,1.01
1669,2,strike,swarm,-16.21,12.52,0.57
1669,3,recover,bruiser,-16.81,12.03,0.82
1669,4,recover,pouncer,-17.21,13.31,1.79
1670,1,strike,swarm,-15.53,12.94,1.05
1670,2,strike,swarm,-16.23,12.57,0.63
1670,3,recover,bruiser,-16.81,12.03,0.82
1670,4,recover,pouncer,-17.21,13.31,1.79
1671,1,strike,swarm,-15.65,13.30,1.35
1671,2,strike,swarm,-16.36,12.93,1.01
1671,3,recover,bruiser,-16.81,12.03,0.82
1671,4,recover,pouncer,-17.21,13.31,1.79
1672,1,recover,swarm,-15.66,13.34,1.39
1672,2,recover,swarm,-16.38,12.97,1.05
1672,3,recover,bruiser,-16.81,12.03,0.82
1672,4,recover,pouncer,-17.21,13.31,1.79
1673,1,recover,swarm,-15.66,13.34,1.39
1673,2,recover,swarm,-16.38,12.97,1.05
1673,3,recover,bruiser,-16.81,12.03,0.82
1673,4,recover,pouncer,-17.21,13.31,1.79
1674,1,recover,swarm,-15.66,13.34,1.39
1674,2,recover,swarm,-16.38,12.97,1.05
1674,3,recover,bruiser,-16.81,12.03,0.82
1674,4,recover,pouncer,-17.21,13.31,1.79
1675,1,recover,swarm,-15.66,13.34,1.39
1675,2,recover,swarm,-16.38,12.97,1.05
1675,3,recover,bruiser,-16.81,12.03,0.82
1675,4,recover,pouncer,-17.21,13.31,1.79
1676,1,recover,swarm,-15.66,13.34,1.39
1676,2,recover,swarm,-16.38,12.97,1.05
1676,3,recover,bruiser,-16.81,12.03,0.82
1676,4,recover,pouncer,-17.21,13.31,1.79
1677,1,recover,swarm,-15.66,13.34,1.39
1677,2,recover,swarm,-16.38,12.97,1.05
1677,3,recover,bruiser,-16.81,12.03,0.82
1677,4,recover,pouncer,-17.21,13.31,1.79
1678,1,recover,swarm,-15.66,13.34,1.39
1678,2,recover,swarm,-16.38,12.97,1.05
1678,3,recover,bruiser,-16.81,12.03,0.82
1678,4,recover,pouncer,-17.21,13.31,1.79
1679,1,recover,swarm,-15.66,13.34,1.39
1679,2,recover,swarm,-16.38,12.97,1.05
1679,3,recover,bruiser,-16.81,12.03,0.82
1679,4,recover,pouncer,-17.21,13.31,1.79
1680,1,recover,swarm,-15.66,13.34,1.39
1680,2,recover,swarm,-16.38,12.97,1.05
1680,3,recover,bruiser,-16.81,12.03,0.82
1680,4,recover,pouncer,-17.21,13.31,1.79
1681,1,recover,swarm,-15.66,13.34,1.39
1681,2,recover,swarm,-16.38,12.97,1.05
1681,3,recover,bruiser,-16.81,12.03,0.82
1681,4,recover,pouncer,-17.21,13.31,1.79
1682,1,recover,swarm,-15.66,13.34,1.39
1682,2,recover,swarm,-16.38,12.97,1.05
1682,3,recover,bruiser,-16.81,12.03,0.82
1682,4,recover,pouncer,-17.21,13.31,1.79
1683,1,recover,swarm,-15.66,13.34,1.39
1683,2,recover,swarm,-16.38,12.97,1.05
1683,3,recover,bruiser,-16.81,12.03,0.82
1683,4,recover,pouncer,-17.21,13.31,1.79
1684,1,recover,swarm,-15.66,13.34,1.39
1684,2,recover,swarm,-16.38,12.97,1.05
1684,3,recover,bruiser,-16.81,12.03,0.82
1684,4,recover,pouncer,-17.21,13.31,1.79
1685,1,recover,swarm,-15.66,13.34,1.39
1685,2,recover,swarm,-16.38,12.97,1.05
1685,3,recover,bruiser,-16.81,12.03,0.82
1685,4,recover,pouncer,-17.21,13.31,1.79
1686,1,recover,swarm,-15.66,13.34,1.39
1686,2,recover,swarm,-16.38,12.97,1.05
1686,3,recover,bruiser,-16.81,12.03,0.82
1686,4,recover,pouncer,-17.21,13.31,1.79
1687,1,recover,swarm,-15.66,13.34,1.39
1687,2,recover,swarm,-16.38,12.97,1.05
1687,3,recover,bruiser,-16.81,12.03,0.82
1687,4,recover,pouncer,-17.21,13.31,1.79
1688,1,recover,swarm,-15.66,13.34,1.39
1688,2,recover,swarm,-16.38,12.97,1.05
1688,3,recover,bruiser,-16.81,12.03,0.82
1688,4,recover,pouncer,-17.21,13.31,1.79
1689,1,recover,swarm,-15.66,13.34,1.39
1689,2,recover,swarm,-16.38,12.97,1.05
1689,3,recover,bruiser,-16.81,12.03,0.82
1689,4,recover,pouncer,-17.21,13.31,1.79
1690,1,recover,swarm,-15.66,13.34,1.39
1690,2,recover,swarm,-16.38,12.97,1.05
1690,3,recover,bruiser,-16.81,12.03,0.82
1690,4,recover,pouncer,-17.21,13.31,1.79
1691,1,recover,swarm,-15.66,13.34,1.39
1691,2,recover,swarm,-16.38,12.97,1.05
1691,3,recover,bruiser,-16.81,12.03,0.82
1691,4,recover,pouncer,-17.21,13.31,1.79
1692,1,recover,swarm,-15.66,13.34,1.39
1692,2,recover,swarm,-16.38,12.97,1.05
1692,3,recover,bruiser,-16.81,12.03,0.82
1692,4,recover,pouncer,-17.21,13.31,1.79
1693,1,recover,swarm,-15.66,13.34,1.39
1693,2,recover,swarm,-16.38,12.97,1.05
1693,3,recover,bruiser,-16.81,12.03,0.82
1693,4,recover,pouncer,-17.21,13.31,1.79
1694,1,recover,swarm,-15.66,13.34,1.39
1694,2,recover,swarm,-16.38,12.97,1.05
1694,3,recover,bruiser,-16.81,12.03,0.82
1694,4,recover,pouncer,-17.21,13.31,1.79
1695,1,recover,swarm,-15.66,13.34,1.39
1695,2,recover,swarm,-16.38,12.97,1.05
1695,3,recover,bruiser,-16.81,12.03,0.82
1695,4,recover,pouncer,-17.21,13.31,1.79
1696,1,recover,swarm,-15.66,13.34,1.39
1696,2,recover,swarm,-16.38,12.97,1.05
1696,3,recover,bruiser,-16.81,12.03,0.82
1696,4,recover,pouncer,-17.21,13.31,1.79
1697,1,recover,swarm,-15.66,13.34,1.39
1697,2,recover,swarm,-16.38,12.97,1.05
1697,3,recover,bruiser,-16.81,12.03,0.82
1697,4,recover,pouncer,-17.21,13.31,1.79
1698,1,recover,swarm,-15.66,13.34,1.39
1698,2,recover,swarm,-16.38,12.97,1.05
1698,3,recover,bruiser,-16.81,12.03,0.82
1698,4,recover,pouncer,-17.21,13.31,1.79
1699,1,recover,swarm,-15.66,13.34,1.39
1699,2,recover,swarm,-16.38,12.97,1.05
1699,3,recover,bruiser,-16.81,12.03,0.82
1699,4,recover,pouncer,-17.21,13.31,1.79
1700,1,recover,swarm,-15.66,13.34,1.39
1700,2,recover,swarm,-16.38,12.97,1.05
1700,3,recover,bruiser,-16.81,12.03,0.82
1700,4,recover,pouncer,-17.21,13.31,1.79
1701,1,recover,swarm,-15.66,13.34,1.39
1701,2,recover,swarm,-16.38,12.97,1.05
1701,3,recover,bruiser,-16.81,12.03,0.82
1701,4,recover,pouncer,-17.21,13.31,1.79
1702,1,recover,swarm,-15.66,13.34,1.39
1702,2,recover,swarm,-16.38,12.97,1.05
1702,3,recover,bruiser,-16.81,12.03,0.82
1702,4,recover,pouncer,-17.21,13.31,1.79
1703,1,recover,swarm,-15.66,13.34,1.39
1703,2,recover,swarm,-16.38,12.97,1.05
1703,3,recover,bruiser,-16.81,12.03,0.82
1703,4,recover,pouncer,-17.21,13.31,1.79
1704,1,recover,swarm,-15.66,13.34,1.39
1704,2,recover,swarm,-16.38,12.97,1.05
1704,3,recover,bruiser,-16.81,12.03,0.82
1704,4,recover,pouncer,-17.21,13.31,1.79
1705,1,recover,swarm,-15.66,13.34,1.39
1705,2,recover,swarm,-16.38,12.97,1.05
1705,3,recover,bruiser,-16.81,12.03,0.82
1705,4,recover,pouncer,-17.21,13.31,1.79
1706,1,recover,swarm,-15.66,13.34,1.39
1706,2,recover,swarm,-16.38,12.97,1.05
1706,3,recover,bruiser,-16.81,12.03,0.82
1706,4,recover,pouncer,-17.21,13.31,1.79
1707,1,recover,swarm,-15.66,13.34,1.39
1707,2,recover,swarm,-16.38,12.97,1.05
1707,3,recover,bruiser,-16.81,12.03,0.82
1707,4,recover,pouncer,-17.21,13.31,1.79
1708,1,recover,swarm,-15.66,13.34,1.39
1708,2,recover,swarm,-16.38,12.97,1.05
1708,3,recover,bruiser,-16.81,12.03,0.82
1708,4,recover,pouncer,-17.21,13.31,1.79
1709,1,recover,swarm,-15.66,13.34,1.39
1709,2,recover,swarm,-16.38,12.97,1.05
1709,3,recover,bruiser,-16.81,12.03,0.82
1709,4,recover,pouncer,-17.21,13.31,1.79
1710,1,chase,swarm,-15.66,13.34,1.39
1710,2,chase,swarm,-16.38,12.97,1.05
1710,3,recover,bruiser,-16.81,12.03,0.82
1710,4,recover,pouncer,-17.21,13.31,1.79
1711,1,windup,swarm,-15.66,13.34,1.39
1711,2,windup,swarm,-16.38,12.97,1.05
1711,3,recover,bruiser,-16.81,12.03,0.82
1711,4,recover,pouncer,-17.21,13.31,1.79
1712,1,windup,swarm,-15.66,13.34,1.39
1712,2,windup,swarm,-16.38,12.97,1.05
1712,3,recover,bruiser,-16.81,12.03,0.82
1712,4,recover,pouncer,-17.21,13.31,1.79
1713,1,windup,swarm,-15.66,13.34,1.39
1713,2,windup,swarm,-16.38,12.97,1.05
1713,3,advance,bruiser,-16.81,12.03,0.82
1713,4,recover,pouncer,-17.21,13.31,1.79
1714,1,windup,swarm,-15.66,13.34,1.39
1714,2,windup,swarm,-16.38,12.97,1.05
1714,3,windup,bruiser,-16.81,12.03,0.82
1714,4,stalk,pouncer,-17.21,13.31,1.79
1715,1,windup,swarm,-15.66,13.34,1.39
1715,2,windup,swarm,-16.38,12.97,1.05
1715,3,windup,bruiser,-16.81,12.03,0.82
1715,4,crouch,pouncer,-17.30,13.32,1.86
1716,1,windup,swarm,-15.66,13.34,1.39
1716,2,windup,swarm,-16.38,12.97,1.05
1716,3,windup,bruiser,-16.81,12.03,0.82
1716,4,crouch,pouncer,-17.30,13.32,1.86
1717,1,windup,swarm,-15.66,13.34,1.39
1717,2,windup,swarm,-16.38,12.97,1.05
1717,3,windup,bruiser,-16.81,12.03,0.82
1717,4,crouch,pouncer,-17.30,13.32,1.86
1718,1,windup,swarm,-15.66,13.34,1.39
1718,2,windup,swarm,-16.38,12.97,1.05
1718,3,windup,bruiser,-16.81,12.03,0.82
1718,4,crouch,pouncer,-17.30,13.32,1.86
1719,1,windup,swarm,-15.66,13.34,1.39
1719,2,windup,swarm,-16.38,12.97,1.05
1719,3,windup,bruiser,-16.81,12.03,0.82
1719,4,crouch,pouncer,-17.30,13.32,1.86
1720,1,strike,swarm,-15.66,13.34,1.39
1720,2,strike,swarm,-16.38,12.97,1.05
1720,3,windup,bruiser,-16.81,12.03,0.82
1720,4,crouch,pouncer,-17.30,13.32,1.86
1721,1,strike,swarm,-15.53,13.23,1.32
1721,2,strike,swarm,-16.34,12.81,0.89
1721,3,windup,bruiser,-16.81,12.03,0.82
1721,4,crouch,pouncer,-17.30,13.32,1.86
1722,1,strike,swarm,-15.51,13.20,1.30
1722,2,strike,swarm,-16.31,12.77,0.84
1722,3,windup,bruiser,-16.81,12.03,0.82
1722,4,crouch,pouncer,-17.30,13.32,1.86
1723,1,strike,swarm,-15.33,12.96,1.17
1723,2,strike,swarm,-16.17,12.52,0.55
1723,3,windup,bruiser,-16.81,12.03,0.82
1723,4,crouch,pouncer,-17.30,13.32,1.86
1724,1,strike,swarm,-15.31,12.93,1.16
1724,2,strike,swarm,-16.14,12.49,0.52
1724,3,windup,bruiser,-16.81,12.03,0.82
1724,4,crouch,pouncer,-17.30,13.32,1.86
1725,1,strike,swarm,-15.23,12.80,1.11
1725,2,strike,swarm,-16.05,12.36,0.38
1725,3,windup,bruiser,-16.81,12.03,0.82
1725,4,crouch,pouncer,-17.30,13.32,1.86
1726,1,strike,swarm,-15.21,12.77,1.10
1726,2,strike,swarm,-16.03,12.33,0.34
1726,3,windup,bruiser,-16.81,12.03,0.82
1726,4,crouch,pouncer,-17.30,13.32,1.86
1727,1,strike,swarm,-15.10,12.61,1.08
1727,2,strike,swarm,-15.93,12.17,0.18
1727,3,windup,bruiser,-16.81,12.03,0.82
1727,4,crouch,pouncer,-17.30,13.32,1.86
1728,1,strike,swarm,-15.08,12.57,1.08
1728,2,strike,swarm,-15.91,12.13,0.16
1728,3,windup,bruiser,-16.81,12.03,0.82
1728,4,crouch,pouncer,-17.30,13.32,1.86
1729,1,strike,swarm,-14.98,12.41,1.09
1729,2,strike,swarm,-15.84,11.95,0.16
1729,3,windup,bruiser,-16.81,12.03,0.82
1729,4,crouch,pouncer,-17.30,13.32,1.86
1730,1,strike,swarm,-14.96,12.38,1.10
1730,2,strike,swarm,-15.82,11.92,0.18
1730,3,windup,bruiser,-16.81,12.03,0.82
1730,4,crouch,pouncer,-17.30,13.32,1.86
1731,1,strike,swarm,-14.83,12.11,1.17
1731,2,strike,swarm,-15.74,11.63,0.44
1731,3,windup,bruiser,-16.81,12.03,0.82
1731,4,crouch,pouncer,-17.30,13.32,1.86
1732,1,recover,swarm,-14.82,12.08,1.18
1732,2,recover,swarm,-15.73,11.60,0.47
1732,3,windup,bruiser,-16.81,12.03,0.82
1732,4,crouch,pouncer,-17.30,13.32,1.86
1733,1,recover,swarm,-14.82,12.08,1.18
1733,2,recover,swarm,-15.73,11.60,0.47
1733,3,windup,bruiser,-16.81,12.03,0.82
1733,4,crouch,pouncer,-17.30,13.32,1.86
1734,1,recover,swarm,-14.82,12.08,1.18
1734,2,recover,swarm,-15.73,11.60,0.47
1734,3,windup,bruiser,-16.81,12.03,0.82
1734,4,crouch,pouncer,-17.30,13.32,1.86
1735,1,recover,swarm,-14.82,12.08,1.18
1735,2,recover,swarm,-15.73,11.60,0.47
1735,3,windup,bruiser,-16.81,12.03,0.82
1735,4,crouch,pouncer,-17.30,13.32,1.86
1736,1,recover,swarm,-14.82,12.08,1.18
1736,2,recover,swarm,-15.73,11.60,0.47
1736,3,windup,bruiser,-16.81,12.03,0.82
1736,4,crouch,pouncer,-17.30,13.32,1.86
1737,1,recover,swarm,-14.82,12.08,1.18
1737,2,recover,swarm,-15.73,11.60,0.47
1737,3,windup,bruiser,-16.81,12.03,0.82
1737,4,pounce,pouncer,-17.30,13.32,1.86
1738,1,recover,swarm,-14.82,12.08,1.18
1738,2,recover,swarm,-15.73,11.60,0.47
1738,3,windup,bruiser,-16.81,12.03,0.82
1738,4,pounce,pouncer,-17.26,13.28,1.81
1739,1,recover,swarm,-14.82,12.08,1.18
1739,2,recover,swarm,-15.73,11.60,0.47
1739,3,windup,bruiser,-16.81,12.03,0.82
1739,4,pounce,pouncer,-17.11,13.13,1.59
1740,1,recover,swarm,-14.82,12.08,1.18
1740,2,recover,swarm,-15.73,11.60,0.47
1740,3,windup,bruiser,-16.81,12.03,0.82
1740,4,pounce,pouncer,-17.06,13.09,1.54
1741,1,recover,swarm,-14.82,12.08,1.18
1741,2,recover,swarm,-15.73,11.60,0.47
1741,3,windup,bruiser,-16.81,12.03,0.82
1741,4,pounce,pouncer,-16.81,12.97,1.28
1742,1,recover,swarm,-14.82,12.08,1.18
1742,2,recover,swarm,-15.73,11.60,0.47
1742,3,windup,bruiser,-16.81,12.03,0.82
1742,4,pounce,pouncer,-16.74,12.97,1.23
1743,1,recover,swarm,-14.82,12.08,1.18
1743,2,recover,swarm,-15.73,11.60,0.47
1743,3,windup,bruiser,-16.81,12.03,0.82
1743,4,pounce,pouncer,-16.44,12.97,1.08
1744,1,recover,swarm,-14.82,12.08,1.18
1744,2,recover,swarm,-15.73,11.60,0.47
1744,3,windup,bruiser,-16.81,12.03,0.82
1744,4,pounce,pouncer,-16.38,12.96,1.04
1745,1,recover,swarm,-14.82,12.08,1.18
1745,2,recover,swarm,-15.73,11.60,0.47
1745,3,windup,bruiser,-16.81,12.03,0.82
1745,4,pounce,pouncer,-16.19,12.92,0.95
1746,1,recover,swarm,-14.82,12.08,1.18
1746,2,recover,swarm,-15.73,11.60,0.47
1746,3,strike,bruiser,-16.81,12.03,0.82
1746,4,pounce,pouncer,-16.14,12.90,0.92
1747,1,recover,swarm,-14.82,12.08,1.18
1747,2,recover,swarm,-15.73,11.60,0.47
1747,3,strike,bruiser,-16.70,11.97,0.71
1747,4,pounce,pouncer,-15.93,12.81,0.82
1748,1,recover,swarm,-14.82,12.08,1.18
1748,2,recover,swarm,-15.73,11.60,0.47
1748,3,strike,bruiser,-16.67,11.96,0.68
1748,4,pounce,pouncer,-15.88,12.79,0.81
1749,1,recover,swarm,-14.82,12.08,1.18
1749,2,recover,swarm,-15.73,11.60,0.47
1749,3,strike,bruiser,-16.55,11.93,0.56
1749,4,pounce,pouncer,-15.66,12.72,0.80
1750,1,recover,swarm,-14.82,12.08,1.18
1750,2,recover,swarm,-15.73,11.60,0.47
1750,3,strike,bruiser,-16.54,11.96,0.54
1750,4,pounce,pouncer,-15.60,12.73,0.84
1751,1,recover,swarm,-14.82,12.08,1.18
1751,2,recover,swarm,-15.73,11.60,0.47
1751,3,strike,bruiser,-16.43,12.16,0.47
1751,4,pounce,pouncer,-15.21,12.80,1.13
1752,1,recover,swarm,-14.82,12.08,1.18
1752,2,recover,swarm,-15.73,11.60,0.47
1752,3,strike,bruiser,-16.40,12.19,0.46
1752,4,pounce,pouncer,-15.14,12.84,1.20
1753,1,recover,swarm,-14.82,12.08,1.18
1753,2,recover,swarm,-15.73,11.60,0.47
1753,3,strike,bruiser,-16.33,12.29,0.45
1753,4,pounce,pouncer,-14.95,12.93,1.40
1754,1,recover,swarm,-14.82,12.08,1.18
1754,2,recover,swarm,-15.73,11.60,0.47
1754,3,strike,bruiser,-16.30,12.32,0.45
1754,4,recover,pouncer,-14.88,12.95,1.47
1755,1,recover,swarm,-14.82,12.08,1.18
1755,2,recover,swarm,-15.73,11.60,0.47
1755,3,strike,bruiser,-16.17,12.45,0.50
1755,4,recover,pouncer,-14.88,12.95,1.47
1756,1,recover,swarm,-14.82,12.08,1.18
1756,2,recover,swarm,-15.73,11.60,0.47
1756,3,strike,bruiser,-16.14,12.48,0.51
1756,4,recover,pouncer,-14.88,12.95,1.47
1757,1,recover,swarm,-14.82,12.08,1.18
1757,2,recover,swarm,-15.73,11.60,0.47
1757,3,strike,bruiser,-16.04,12.56,0.57
1757,4,recover,pouncer,-14.88,12.95,1.47
1758,1,recover,swarm,-14.82,12.08,1.18
1758,2,recover,swarm,-15.73,11.60,0.47
1758,3,strike,bruiser,-16.01,12.58,0.59
1758,4,recover,pouncer,-14.88,12.95,1.47
1759,1,recover,swarm,-14.82,12.08,1.18
1759,2,recover,swarm,-15.73,11.60,0.47
1759,3,strike,bruiser,-15.87,12.68,0.70
1759,4,recover,pouncer,-14.88,12.95,1.47
1760,1,recover,swarm,-14.82,12.08,1.18
1760,2,recover,swarm,-15.73,11.60,0.47
1760,3,strike,bruiser,-15.84,12.71,0.73
1760,4,recover,pouncer,-14.88,12.95,1.47
1761,1,recover,swarm,-14.82,12.08,1.18
1761,2,recover,swarm,-15.73,11.60,0.47
1761,3,strike,bruiser,-15.69,12.91,0.97
1761,4,recover,pouncer,-14.88,12.95,1.47
1762,1,recover,swarm,-14.82,12.08,1.18
1762,2,recover,swarm,-15.73,11.60,0.47
1762,3,recover,bruiser,-15.73,12.92,0.97
1762,4,recover,pouncer,-14.88,12.95,1.47
1763,1,recover,swarm,-14.82,12.08,1.18
1763,2,recover,swarm,-15.73,11.60,0.47
1763,3,recover,bruiser,-15.73,12.92,0.97
1763,4,recover,pouncer,-14.88,12.95,1.47
1764,1,recover,swarm,-14.82,12.08,1.18
1764,2,recover,swarm,-15.73,11.60,0.47
1764,3,recover,bruiser,-15.73,12.92,0.97
1764,4,recover,pouncer,-14.88,12.95,1.47
1765,1,recover,swarm,-14.82,12.08,1.18
1765,2,recover,swarm,-15.73,11.60,0.47
1765,3,recover,bruiser,-15.73,12.92,0.97
1765,4,recover,pouncer,-14.88,12.95,1.47
1766,1,recover,swarm,-14.82,12.08,1.18
1766,2,recover,swarm,-15.73,11.60,0.47
1766,3,recover,bruiser,-15.73,12.92,0.97
1766,4,recover,pouncer,-14.88,12.95,1.47
1767,1,recover,swarm,-14.82,12.08,1.18
1767,2,recover,swarm,-15.73,11.60,0.47
1767,3,recover,bruiser,-15.73,12.92,0.97
1767,4,recover,pouncer,-14.88,12.95,1.47
1768,1,chase,swarm,-14.82,12.08,1.18
1768,2,chase,swarm,-15.73,11.60,0.47
1768,3,recover,bruiser,-15.73,12.92,0.97
1768,4,recover,pouncer,-14.88,12.95,1.47
1769,1,windup,swarm,-14.82,12.08,1.18
1769,2,windup,swarm,-15.73,11.60,0.47
1769,3,recover,bruiser,-15.73,12.92,0.97
1769,4,recover,pouncer,-14.88,12.95,1.47
1770,1,windup,swarm,-14.82,12.08,1.18
1770,2,windup,swarm,-15.73,11.60,0.47
1770,3,recover,bruiser,-15.73,12.92,0.97
1770,4,recover,pouncer,-14.88,12.95,1.47
1771,1,windup,swarm,-14.82,12.08,1.18
1771,2,windup,swarm,-15.73,11.60,0.47
1771,3,recover,bruiser,-15.73,12.92,0.97
1771,4,recover,pouncer,-14.88,12.95,1.47
1772,1,windup,swarm,-14.82,12.08,1.18
1772,2,windup,swarm,-15.73,11.60,0.47
1772,3,recover,bruiser,-15.73,12.92,0.97
1772,4,recover,pouncer,-14.88,12.95,1.47
1773,1,windup,swarm,-14.82,12.08,1.18
1773,2,windup,swarm,-15.73,11.60,0.47
1773,3,recover,bruiser,-15.73,12.92,0.97
1773,4,recover,pouncer,-14.88,12.95,1.47
1774,1,windup,swarm,-14.82,12.08,1.18
1774,2,windup,swarm,-15.73,11.60,0.47
1774,3,recover,bruiser,-15.73,12.92,0.97
1774,4,recover,pouncer,-14.88,12.95,1.47
1775,1,windup,swarm,-14.82,12.08,1.18
1775,2,windup,swarm,-15.73,11.60,0.47
1775,3,recover,bruiser,-15.73,12.92,0.97
1775,4,recover,pouncer,-14.88,12.95,1.47
1776,1,windup,swarm,-14.82,12.08,1.18
1776,2,windup,swarm,-15.73,11.60,0.47
1776,3,recover,bruiser,-15.73,12.92,0.97
1776,4,recover,pouncer,-14.88,12.95,1.47
1777,1,windup,swarm,-14.82,12.08,1.18
1777,2,windup,swarm,-15.73,11.60,0.47
1777,3,recover,bruiser,-15.73,12.92,0.97
1777,4,recover,pouncer,-14.88,12.95,1.47
1778,1,strike,swarm,-14.82,12.08,1.18
1778,2,strike,swarm,-15.73,11.60,0.47
1778,3,recover,bruiser,-15.73,12.92,0.97
1778,4,recover,pouncer,-14.88,12.95,1.47
1779,1,strike,swarm,-14.90,11.91,1.09
1779,2,strike,swarm,-15.90,11.69,0.31
1779,3,recover,bruiser,-15.73,12.92,0.97
1779,4,recover,pouncer,-14.88,12.95,1.47
1780,1,strike,swarm,-14.93,11.88,1.07
1780,2,strike,swarm,-15.93,11.71,0.28
1780,3,recover,bruiser,-15.73,12.92,0.97
1780,4,recover,pouncer,-14.88,12.95,1.47
1781,1,strike,swarm,-15.09,11.73,0.94
1781,2,strike,swarm,-16.13,11.82,0.22
1781,3,recover,bruiser,-15.73,12.92,0.97
1781,4,recover,pouncer,-14.88,12.95,1.47
1782,1,strike,swarm,-15.13,11.71,0.91
1782,2,strike,swarm,-16.16,11.84,0.23
1782,3,recover,bruiser,-15.73,12.92,0.97
1782,4,recover,pouncer,-14.88,12.95,1.47
1783,1,strike,swarm,-15.43,11.59,0.69
1783,2,strike,swarm,-16.45,12.00,0.46
1783,3,recover,bruiser,-15.73,12.92,0.97
1783,4,recover,pouncer,-14.88,12.95,1.47
1784,1,strike,swarm,-15.47,11.57,0.67
1784,2,strike,swarm,-16.49,12.02,0.50
1784,3,recover,bruiser,-15.73,12.92,0.97
1784,4,recover,pouncer,-14.88,12.95,1.47
1785,1,strike,swarm,-15.64,11.51,0.59
1785,2,strike,swarm,-16.62,12.13,0.65
1785,3,recover,bruiser,-15.73,12.92,0.97
1785,4,recover,pouncer,-14.88,12.95,1.47
1786,1,strike,swarm,-15.69,11.50,0.58
1786,2,strike,swarm,-16.66,12.16,0.69
1786,3,recover,bruiser,-15.73,12.92,0.97
1786,4,recover,pouncer,-14.88,12.95,1.47
1787,1,strike,swarm,-15.89,11.45,0.55
1787,2,strike,swarm,-16.82,12.31,0.89
1787,3,recover,bruiser,-15.73,12.92,0.97
1787,4,recover,pouncer,-14.88,12.95,1.47
1788,1,recover,swarm,-15.95,11.44,0.55
1788,2,recover,swarm,-16.85,12.36,0.94
1788,3,recover,bruiser,-15.73,12.92,0.97
1788,4,recover,pouncer,-14.88,12.95,1.47
1789,1,recover,swarm,-15.95,11.44,0.55
1789,2,recover,swarm,-16.85,12.36,0.94
1789,3,recover,bruiser,-15.73,12.92,0.97
1789,4,recover,pouncer,-14.88,12.95,1.47
1790,1,recover,swarm,-15.95,11.44,0.55
1790,2,recover,swarm,-16.85,12.36,0.94
1790,3,recover,bruiser,-15.73,12.92,0.97
1790,4,recover,pouncer,-14.88,12.95,1.47
1791,1,recover,swarm,-15.95,11.44,0.55
1791,2,recover,swarm,-16.85,12.36,0.94
1791,3,recover,bruiser,-15.73,12.92,0.97
1791,4,recover,pouncer,-14.88,12.95,1.47
1792,1,recover,swarm,-15.95,11.44,0.55
1792,2,recover,swarm,-16.85,12.36,0.94
1792,3,recover,bruiser,-15.73,12.92,0.97
1792,4,recover,pouncer,-14.88,12.95,1.47
1793,1,recover,swarm,-15.95,11.44,0.55
1793,2,recover,swarm,-16.85,12.36,0.94
1793,3,recover,bruiser,-15.73,12.92,0.97
1793,4,recover,pouncer,-14.88,12.95,1.47
1794,1,recover,swarm,-15.95,11.44,0.55
1794,2,recover,swarm,-16.85,12.36,0.94
1794,3,recover,bruiser,-15.73,12.92,0.97
1794,4,recover,pouncer,-14.88,12.95,1.47
1795,1,recover,swarm,-15.95,11.44,0.55
1795,2,recover,swarm,-16.85,12.36,0.94
1795,3,recover,bruiser,-15.73,12.92,0.97
1795,4,recover,pouncer,-14.88,12.95,1.47
1796,1,recover,swarm,-15.95,11.44,0.55
1796,2,recover,swarm,-16.85,12.36,0.94
1796,3,recover,bruiser,-15.73,12.92,0.97
1796,4,recover,pouncer,-14.88,12.95,1.47
1797,1,recover,swarm,-15.95,11.44,0.55
1797,2,recover,swarm,-16.85,12.36,0.94
1797,3,recover,bruiser,-15.73,12.92,0.97
1797,4,recover,pouncer,-14.88,12.95,1.47
1798,1,recover,swarm,-15.95,11.44,0.55
1798,2,recover,swarm,-16.85,12.36,0.94
1798,3,recover,bruiser,-15.73,12.92,0.97
1798,4,recover,pouncer,-14.88,12.95,1.47
1799,1,recover,swarm,-15.95,11.44,0.55
1799,2,recover,swarm,-16.85,12.36,0.94
1799,3,recover,bruiser,-15.73,12.92,0.97
1799,4,recover,pouncer,-14.88,12.95,1.47
1800,1,recover,swarm,-15.95,11.44,0.55
1800,2,recover,swarm,-16.85,12.36,0.94
1800,3,recover,bruiser,-15.73,12.92,0.97
1800,4,recover,pouncer,-14.88,12.95,1.47
1801,1,recover,swarm,-15.95,11.44,0.55
1801,2,recover,swarm,-16.85,12.36,0.94
1801,3,recover,bruiser,-15.73,12.92,0.97
1801,4,stalk,pouncer,-14.88,12.95,1.47
1802,1,recover,swarm,-15.95,11.44,0.55
1802,2,recover,swarm,-16.85,12.36,0.94
1802,3,recover,bruiser,-15.73,12.92,0.97
1802,4,crouch,pouncer,-14.86,12.95,1.48
1803,1,recover,swarm,-15.95,11.44,0.55
1803,2,recover,swarm,-16.85,12.36,0.94
1803,3,recover,bruiser,-15.73,12.92,0.97
1803,4,crouch,pouncer,-14.86,12.95,1.48
1804,1,recover,swarm,-15.95,11.44,0.55
1804,2,recover,swarm,-16.85,12.36,0.94
1804,3,recover,bruiser,-15.73,12.92,0.97
1804,4,crouch,pouncer,-14.86,12.95,1.48
1805,1,recover,swarm,-15.95,11.44,0.55
1805,2,recover,swarm,-16.85,12.36,0.94
1805,3,recover,bruiser,-15.73,12.92,0.97
1805,4,crouch,pouncer,-14.86,12.95,1.48
1806,1,recover,swarm,-15.95,11.44,0.55
1806,2,recover,swarm,-16.85,12.36,0.94
1806,3,advance,bruiser,-15.73,12.92,0.97
1806,4,crouch,pouncer,-14.86,12.95,1.48
1807,1,recover,swarm,-15.95,11.44,0.55
1807,2,recover,swarm,-16.85,12.36,0.94
1807,3,windup,bruiser,-15.73,12.92,0.97
1807,4,crouch,pouncer,-14.86,12.95,1.48
1808,1,recover,swarm,-15.95,11.44,0.55
1808,2,recover,swarm,-16.85,12.36,0.94
1808,3,windup,bruiser,-15.73,12.92,0.97
1808,4,crouch,pouncer,-14.86,12.95,1.48
1809,1,recover,swarm,-15.95,11.44,0.55
1809,2,recover,swarm,-16.85,12.36,0.94
1809,3,windup,bruiser,-15.73,12.92,0.97
1809,4,crouch,pouncer,-14.86,12.95,1.48
1810,1,recover,swarm,-15.95,11.44,0.55
1810,2,recover,swarm,-16.85,12.36,0.94
1810,3,windup,bruiser,-15.73,12.92,0.97
1810,4,crouch,pouncer,-14.86,12.95,1.48
1811,1,recover,swarm,-15.95,11.44,0.55
1811,2,recover,swarm,-16.85,12.36,0.94
1811,3,windup,bruiser,-15.73,12.92,0.97
1811,4,crouch,pouncer,-14.86,12.95,1.48
1812,1,recover,swarm,-15.95,11.44,0.55
1812,2,recover,swarm,-16.85,12.36,0.94
1812,3,windup,bruiser,-15.73,12.92,0.97
1812,4,crouch,pouncer,-14.86,12.95,1.48
1813,1,recover,swarm,-15.95,11.44,0.55
1813,2,recover,swarm,-16.85,12.36,0.94
1813,3,windup,bruiser,-15.73,12.92,0.97
1813,4,crouch,pouncer,-14.86,12.95,1.48
1814,1,recover,swarm,-15.95,11.44,0.55
1814,2,recover,swarm,-16.85,12.36,0.94
1814,3,windup,bruiser,-15.73,12.92,0.97
1814,4,crouch,pouncer,-14.86,12.95,1.48
1815,1,recover,swarm,-15.95,11.44,0.55
1815,2,recover,swarm,-16.85,12.36,0.94
1815,3,windup,bruiser,-15.73,12.92,0.97
1815,4,crouch,pouncer,-14.86,12.95,1.48
1816,1,recover,swarm,-15.95,11.44,0.55
1816,2,recover,swarm,-16.85,12.36,0.94
1816,3,windup,bruiser,-15.73,12.92,0.97
1816,4,crouch,pouncer,-14.86,12.95,1.48
1817,1,recover,swarm,-15.95,11.44,0.55
1817,2,recover,swarm,-16.85,12.36,0.94
1817,3,windup,bruiser,-15.73,12.92,0.97
1817,4,crouch,pouncer,-14.86,12.95,1.48
1818,1,recover,swarm,-15.95,11.44,0.55
1818,2,recover,swarm,-16.85,12.36,0.94
1818,3,windup,bruiser,-15.73,12.92,0.97
1818,4,crouch,pouncer,-14.86,12.95,1.48
1819,1,chase,swarm,-15.95,11.44,0.55
1819,2,chase,swarm,-16.85,12.36,0.94
1819,3,windup,bruiser,-15.73,12.92,0.97
1819,4,crouch,pouncer,-14.86,12.95,1.48
1820,1,windup,swarm,-15.95,11.44,0.55
1820,2,windup,swarm,-16.85,12.36,0.94
1820,3,windup,bruiser,-15.73,12.92,0.97
1820,4,crouch,pouncer,-14.86,12.95,1.48
1821,1,windup,swarm,-15.95,11.44,0.55
1821,2,windup,swarm,-16.85,12.36,0.94
1821,3,windup,bruiser,-15.73,12.92,0.97
1821,4,crouch,pouncer,-14.86,12.95,1.48
1822,1,windup,swarm,-15.95,11.44,0.55
1822,2,windup,swarm,-16.85,12.36,0.94
1822,3,windup,bruiser,-15.73,12.92,0.97
1822,4,crouch,pouncer,-14.86,12.95,1.48
1823,1,windup,swarm,-15.95,11.44,0.55
1823,2,windup,swarm,-16.85,12.36,0.94
1823,3,windup,bruiser,-15.73,12.92,0.97
1823,4,crouch,pouncer,-14.86,12.95,1.48
1824,1,windup,swarm,-15.95,11.44,0.55
1824,2,windup,swarm,-16.85,12.36,0.94
1824,3,windup,bruiser,-15.73,12.92,0.97
1824,4,crouch,pouncer,-14.86,12.95,1.48
1825,1,windup,swarm,-15.95,11.44,0.55
1825,2,windup,swarm,-16.85,12.36,0.94
1825,3,windup,bruiser,-15.73,12.92,0.97
1825,4,pounce,pouncer,-14.86,12.95,1.48
1826,1,windup,swarm,-15.95,11.44,0.55
1826,2,windup,swarm,-16.85,12.36,0.94
1826,3,windup,bruiser,-15.73,12.92,0.97
1826,4,pounce,pouncer,-14.85,12.89,1.45
1827,1,windup,swarm,-15.95,11.44,0.55
1827,2,windup,swarm,-16.85,12.36,0.94
1827,3,windup,bruiser,-15.73,12.92,0.97
1827,4,pounce,pouncer,-14.57,10.66,1.95
1828,1,strike,swarm,-15.95,11.44,0.55
1828,2,strike,swarm,-16.85,12.36,0.94
1828,3,windup,bruiser,-15.73,12.92,0.97
1828,4,pounce,pouncer,-14.63,10.61,1.94
1829,1,strike,swarm,-15.96,11.63,0.36
1829,2,strike,swarm,-16.68,12.27,0.75
1829,3,strike,bruiser,-15.73,12.92,0.97
1829,4,pounce,pouncer,-14.85,10.42,1.94
1830,1,strike,swarm,-15.94,11.66,0.33
1830,2,strike,swarm,-16.65,12.25,0.70
1830,3,strike,bruiser,-15.73,12.89,0.93
1830,4,pounce,pouncer,-14.89,10.38,1.95
1831,1,strike,swarm,-15.33,12.15,0.68
1831,2,strike,swarm,-16.42,11.51,0.64
1831,3,strike,bruiser,-15.68,12.24,0.40
1831,4,pounce,pouncer,-15.78,9.63,2.37
1832,1,strike,swarm,-15.30,12.16,0.71
1832,2,strike,swarm,-16.40,11.48,0.65
1832,3,strike,bruiser,-15.70,12.24,0.38
1832,4,recover,pouncer,-15.82,9.60,2.40
1833,1,strike,swarm,-15.13,12.22,0.89
1833,2,strike,swarm,-16.30,11.33,0.73
1833,3,strike,bruiser,-15.85,12.22,0.27
1833,4,recover,pouncer,-15.82,9.60,2.40
1834,1,strike,swarm,-15.11,12.25,0.92
1834,2,strike,swarm,-16.28,11.31,0.74
1834,3,strike,bruiser,-15.88,12.21,0.25
1834,4,recover,pouncer,-15.82,9.60,2.40
1835,1,strike,swarm,-14.93,12.44,1.15
1835,2,strike,swarm,-16.13,11.09,0.91
1835,3,strike,bruiser,-16.08,12.13,0.17
1835,4,recover,pouncer,-15.82,9.60,2.40
1836,1,recover,swarm,-14.93,12.47,1.17
1836,2,recover,swarm,-16.11,11.07,0.93
1836,3,strike,bruiser,-16.10,12.11,0.16
1836,4,recover,pouncer,-15.82,9.60,2.40
1837,1,recover,swarm,-14.93,12.47,1.17
1837,2,recover,swarm,-16.11,11.07,0.93
1837,3,strike,bruiser,-16.18,12.01,0.19
1837,4,recover,pouncer,-15.82,9.60,2.40
1838,1,recover,swarm,-14.93,12.47,1.17
1838,2,recover,swarm,-16.11,11.07,0.93
1838,3,recover,bruiser,-16.20,12.00,0.21
1838,4,recover,pouncer,-15.82,9.60,2.40
1839,1,recover,swarm,-14.93,12.47,1.17
1839,2,recover,swarm,-16.11,11.07,0.93
1839,3,recover,bruiser,-16.20,12.00,0.21
1839,4,recover,pouncer,-15.82,9.60,2.40
1840,1,recover,swarm,-14.93,12.47,1.17
1840,2,recover,swarm,-16.11,11.07,0.93
1840,3,recover,bruiser,-16.20,12.00,0.21
1840,4,recover,pouncer,-15.82,9.60,2.40
1841,1,recover,swarm,-14.93,12.47,1.17
1841,2,recover,swarm,-16.11,11.07,0.93
1841,3,recover,bruiser,-16.20,12.00,0.21
1841,4,recover,pouncer,-15.82,9.60,2.40
1842,1,recover,swarm,-14.93,12.47,1.17
1842,2,recover,swarm,-16.11,11.07,0.93
1842,3,recover,bruiser,-16.20,12.00,0.21
1842,4,recover,pouncer,-15.82,9.60,2.40
1843,1,recover,swarm,-14.93,12.47,1.17
1843,2,recover,swarm,-16.11,11.07,0.93
1843,3,recover,bruiser,-16.20,12.00,0.21
1843,4,recover,pouncer,-15.82,9.60,2.40
1844,1,recover,swarm,-14.93,12.47,1.17
1844,2,recover,swarm,-16.11,11.07,0.93
1844,3,recover,bruiser,-16.20,12.00,0.21
1844,4,recover,pouncer,-15.82,9.60,2.40
1845,1,recover,swarm,-14.93,12.47,1.17
1845,2,recover,swarm,-16.11,11.07,0.93
1845,3,recover,bruiser,-16.20,12.00,0.21
1845,4,recover,pouncer,-15.82,9.60,2.40
1846,1,recover,swarm,-14.93,12.47,1.17
1846,2,recover,swarm,-16.11,11.07,0.93
1846,3,recover,bruiser,-16.20,12.00,0.21
1846,4,recover,pouncer,-15.82,9.60,2.40
1847,1,recover,swarm,-14.93,12.47,1.17
1847,2,recover,swarm,-16.11,11.07,0.93
1847,3,recover,bruiser,-16.20,12.00,0.21
1847,4,recover,pouncer,-15.82,9.60,2.40
1848,1,recover,swarm,-14.93,12.47,1.17
1848,2,recover,swarm,-16.11,11.07,0.93
1848,3,recover,bruiser,-16.20,12.00,0.21
1848,4,recover,pouncer,-15.82,9.60,2.40
1849,1,recover,swarm,-14.93,12.47,1.17
1849,2,recover,swarm,-16.11,11.07,0.93
1849,3,recover,bruiser,-16.20,12.00,0.21
1849,4,recover,pouncer,-15.82,9.60,2.40
1850,1,recover,swarm,-14.93,12.47,1.17
1850,2,recover,swarm,-16.11,11.07,0.93
1850,3,recover,bruiser,-16.20,12.00,0.21
1850,4,recover,pouncer,-15.82,9.60,2.40
1851,1,recover,swarm,-14.93,12.47,1.17
1851,2,recover,swarm,-16.11,11.07,0.93
1851,3,recover,bruiser,-16.20,12.00,0.21
1851,4,recover,pouncer,-15.82,9.60,2.40
1852,1,recover,swarm,-14.93,12.47,1.17
1852,2,recover,swarm,-16.11,11.07,0.93
1852,3,recover,bruiser,-16.20,12.00,0.21
1852,4,recover,pouncer,-15.82,9.60,2.40
1853,1,recover,swarm,-14.93,12.47,1.17
1853,2,recover,swarm,-16.11,11.07,0.93
1853,3,recover,bruiser,-16.20,12.00,0.21
1853,4,recover,pouncer,-15.82,9.60,2.40
1854,1,recover,swarm,-14.93,12.47,1.17
1854,2,recover,swarm,-16.11,11.07,0.93
1854,3,recover,bruiser,-16.20,12.00,0.21
1854,4,recover,pouncer,-15.82,9.60,2.40
1855,1,recover,swarm,-14.93,12.47,1.17
1855,2,recover,swarm,-16.11,11.07,0.93
1855,3,recover,bruiser,-16.20,12.00,0.21
1855,4,recover,pouncer,-15.82,9.60,2.40
1856,1,recover,swarm,-14.93,12.47,1.17
1856,2,recover,swarm,-16.11,11.07,0.93
1856,3,recover,bruiser,-16.20,12.00,0.21
1856,4,recover,pouncer,-15.82,9.60,2.40
1857,1,recover,swarm,-14.93,12.47,1.17
1857,2,recover,swarm,-16.11,11.07,0.93
1857,3,recover,bruiser,-16.20,12.00,0.21
1857,4,recover,pouncer,-15.82,9.60,2.40
1858,1,recover,swarm,-14.93,12.47,1.17
1858,2,recover,swarm,-16.11,11.07,0.93
1858,3,recover,bruiser,-16.20,12.00,0.21
1858,4,recover,pouncer,-15.82,9.60,2.40
1859,1,recover,swarm,-14.93,12.47,1.17
1859,2,recover,swarm,-16.11,11.07,0.93
1859,3,recover,bruiser,-16.20,12.00,0.21
1859,4,recover,pouncer,-15.82,9.60,2.40
1860,1,recover,swarm,-14.93,12.47,1.17
1860,2,recover,swarm,-16.11,11.07,0.93
1860,3,recover,bruiser,-16.20,12.00,0.21
1860,4,recover,pouncer,-15.82,9.60,2.40
1861,1,recover,swarm,-14.93,12.47,1.17
1861,2,recover,swarm,-16.11,11.07,0.93
1861,3,recover,bruiser,-16.20,12.00,0.21
1861,4,recover,pouncer,-15.82,9.60,2.40
1862,1,recover,swarm,-14.93,12.47,1.17
1862,2,recover,swarm,-16.11,11.07,0.93
1862,3,recover,bruiser,-16.20,12.00,0.21
1862,4,recover,pouncer,-15.82,9.60,2.40
1863,1,recover,swarm,-14.93,12.47,1.17
1863,2,recover,swarm,-16.11,11.07,0.93
1863,3,recover,bruiser,-16.20,12.00,0.21
1863,4,recover,pouncer,-15.82,9.60,2.40
1864,1,recover,swarm,-14.93,12.47,1.17
1864,2,recover,swarm,-16.11,11.07,0.93
1864,3,recover,bruiser,-16.20,12.00,0.21
1864,4,recover,pouncer,-15.82,9.60,2.40
1865,1,recover,swarm,-14.93,12.47,1.17
1865,2,recover,swarm,-16.11,11.07,0.93
1865,3,recover,bruiser,-16.20,12.00,0.21
1865,4,recover,pouncer,-15.82,9.60,2.40
1866,1,recover,swarm,-14.93,12.47,1.17
1866,2,recover,swarm,-16.11,11.07,0.93
1866,3,recover,bruiser,-16.20,12.00,0.21
1866,4,recover,pouncer,-15.82,9.60,2.40
1867,1,recover,swarm,-14.93,12.47,1.17
1867,2,recover,swarm,-16.11,11.07,0.93
1867,3,recover,bruiser,-16.20,12.00,0.21
1867,4,recover,pouncer,-15.82,9.60,2.40
1868,1,recover,swarm,-14.93,12.47,1.17
1868,2,recover,swarm,-16.11,11.07,0.93
1868,3,recover,bruiser,-16.20,12.00,0.21
1868,4,recover,pouncer,-15.82,9.60,2.40
1869,1,recover,swarm,-14.93,12.47,1.17
1869,2,recover,swarm,-16.11,11.07,0.93
1869,3,recover,bruiser,-16.20,12.00,0.21
1869,4,recover,pouncer,-15.82,9.60,2.40
1870,1,recover,swarm,-14.93,12.47,1.17
1870,2,recover,swarm,-16.11,11.07,0.93
1870,3,recover,bruiser,-16.20,12.00,0.21
1870,4,recover,pouncer,-15.82,9.60,2.40
1871,1,recover,swarm,-14.93,12.47,1.17
1871,2,recover,swarm,-16.11,11.07,0.93
1871,3,recover,bruiser,-16.20,12.00,0.21
1871,4,recover,pouncer,-15.82,9.60,2.40
1872,1,recover,swarm,-14.93,12.47,1.17
1872,2,recover,swarm,-16.11,11.07,0.93
1872,3,recover,bruiser,-16.20,12.00,0.21
1872,4,recover,pouncer,-15.82,9.60,2.40
1873,1,recover,swarm,-14.93,12.47,1.17
1873,2,recover,swarm,-16.11,11.07,0.93
1873,3,recover,bruiser,-16.20,12.00,0.21
1873,4,recover,pouncer,-15.82,9.60,2.40
1874,1,recover,swarm,-14.93,12.47,1.17
1874,2,recover,swarm,-16.11,11.07,0.93
1874,3,recover,bruiser,-16.20,12.00,0.21
1874,4,recover,pouncer,-15.82,9.60,2.40
1875,1,recover,swarm,-14.93,12.47,1.17
1875,2,recover,swarm,-16.11,11.07,0.93
1875,3,recover,bruiser,-16.20,12.00,0.21
1875,4,recover,pouncer,-15.82,9.60,2.40
1876,1,recover,swarm,-14.93,12.47,1.17
1876,2,recover,swarm,-16.11,11.07,0.93
1876,3,recover,bruiser,-16.20,12.00,0.21
1876,4,recover,pouncer,-15.82,9.60,2.40
1877,1,recover,swarm,-14.93,12.47,1.17
1877,2,recover,swarm,-16.11,11.07,0.93
1877,3,recover,bruiser,-16.20,12.00,0.21
1877,4,recover,pouncer,-15.82,9.60,2.40
1878,1,recover,swarm,-14.93,12.47,1.17
1878,2,recover,swarm,-16.11,11.07,0.93
1878,3,recover,bruiser,-16.20,12.00,0.21
1878,4,recover,pouncer,-15.82,9.60,2.40
1879,1,recover,swarm,-14.93,12.47,1.17
1879,2,recover,swarm,-16.11,11.07,0.93
1879,3,recover,bruiser,-16.20,12.00,0.21
1879,4,recover,pouncer,-15.82,9.60,2.40
1880,1,recover,swarm,-14.93,12.47,1.17
1880,2,recover,swarm,-16.11,11.07,0.93
1880,3,recover,bruiser,-16.20,12.00,0.21
1880,4,recover,pouncer,-15.82,9.60,2.40
1881,1,recover,swarm,-14.93,12.47,1.17
1881,2,recover,swarm,-16.11,11.07,0.93
1881,3,recover,bruiser,-16.20,12.00,0.21
1881,4,recover,pouncer,-15.82,9.60,2.40
1882,1,recover,swarm,-14.93,12.47,1.17
1882,2,recover,swarm,-16.11,11.07,0.93
1882,3,recover,bruiser,-16.20,12.00,0.21
1882,4,recover,pouncer,-15.82,9.60,2.40
1883,1,chase,swarm,-14.93,12.47,1.17
1883,2,chase,swarm,-16.11,11.07,0.93
1883,3,recover,bruiser,-16.20,12.00,0.21
1883,4,recover,pouncer,-15.82,9.60,2.40
1884,1,windup,swarm,-14.93,12.47,1.17
1884,2,windup,swarm,-16.11,11.07,0.93
1884,3,recover,bruiser,-16.20,12.00,0.21
1884,4,recover,pouncer,-15.82,9.60,2.40
1885,1,windup,swarm,-14.93,12.47,1.17
1885,2,windup,swarm,-16.11,11.07,0.93
1885,3,recover,bruiser,-16.20,12.00,0.21
1885,4,recover,pouncer,-15.82,9.60,2.40
1886,1,windup,swarm,-14.93,12.47,1.17
1886,2,windup,swarm,-16.11,11.07,0.93
1886,3,recover,bruiser,-16.20,12.00,0.21
1886,4,recover,pouncer,-15.82,9.60,2.40
1887,1,windup,swarm,-14.93,12.47,1.17
1887,2,windup,swarm,-16.11,11.07,0.93
1887,3,recover,bruiser,-16.20,12.00,0.21
1887,4,recover,pouncer,-15.82,9.60,2.40
1888,1,windup,swarm,-14.93,12.47,1.17
1888,2,windup,swarm,-16.11,11.07,0.93
1888,3,recover,bruiser,-16.20,12.00,0.21
1888,4,recover,pouncer,-15.82,9.60,2.40
1889,1,windup,swarm,-14.93,12.47,1.17
1889,2,windup,swarm,-16.11,11.07,0.93
1889,3,recover,bruiser,-16.20,12.00,0.21
1889,4,recover,pouncer,-15.82,9.60,2.40
1890,1,windup,swarm,-14.93,12.47,1.17
1890,2,windup,swarm,-16.11,11.07,0.93
1890,3,recover,bruiser,-16.20,12.00,0.21
1890,4,recover,pouncer,-15.82,9.60,2.40
1891,1,windup,swarm,-14.93,12.47,1.17
1891,2,windup,swarm,-16.11,11.07,0.93
1891,3,recover,bruiser,-16.20,12.00,0.21
1891,4,recover,pouncer,-15.82,9.60,2.40
1892,1,windup,swarm,-14.93,12.47,1.17
1892,2,windup,swarm,-16.11,11.07,0.93
1892,3,recover,bruiser,-16.20,12.00,0.21
1892,4,recover,pouncer,-15.82,9.60,2.40
1893,1,windup,swarm,-14.93,12.47,1.17
1893,2,windup,swarm,-16.11,11.07,0.93
1893,3,recover,bruiser,-16.20,12.00,0.21
1893,4,recover,pouncer,-15.82,9.60,2.40
1894,1,windup,swarm,-14.93,12.47,1.17
1894,2,windup,swarm,-16.11,11.07,0.93
1894,3,recover,bruiser,-16.20,12.00,0.21
1894,4,recover,pouncer,-15.82,9.60,2.40
1895,1,windup,swarm,-14.93,12.47,1.17
1895,2,windup,swarm,-16.11,11.07,0.93
1895,3,recover,bruiser,-16.20,12.00,0.21
1895,4,recover,pouncer,-15.82,9.60,2.40
1896,1,windup,swarm,-14.93,12.47,1.17
1896,2,windup,swarm,-16.11,11.07,0.93
1896,3,recover,bruiser,-16.20,12.00,0.21
1896,4,recover,pouncer,-15.82,9.60,2.40
1897,1,windup,swarm,-14.93,12.47,1.17
1897,2,windup,swarm,-16.11,11.07,0.93
1897,3,recover,bruiser,-16.20,12.00,0.21
1897,4,recover,pouncer,-15.82,9.60,2.40
1898,1,windup,swarm,-14.93,12.47,1.17
1898,2,windup,swarm,-16.11,11.07,0.93
1898,3,recover,bruiser,-16.20,12.00,0.21
1898,4,recover,pouncer,-15.82,9.60,2.40
1899,1,windup,swarm,-14.93,12.47,1.17
1899,2,windup,swarm,-16.11,11.07,0.93
1899,3,recover,bruiser,-16.20,12.00,0.21
1899,4,recover,pouncer,-15.82,9.60,2.40
1900,1,strike,swarm,-14.93,12.47,1.17
1900,2,strike,swarm,-16.11,11.07,0.93
1900,3,recover,bruiser,-16.20,12.00,0.21
1900,4,recover,pouncer,-15.82,9.60,2.40
1901,1,strike,swarm,-15.01,12.43,1.07
1901,2,strike,swarm,-16.05,11.15,0.85
1901,3,recover,bruiser,-16.20,12.00,0.21
1901,4,recover,pouncer,-15.82,9.60,2.40
1902,1,strike,swarm,-15.11,12.39,0.97
1902,2,strike,swarm,-15.96,11.19,0.80
1902,3,recover,bruiser,-16.20,12.00,0.21
1902,4,recover,pouncer,-15.82,9.60,2.40
1903,1,strike,swarm,-15.20,12.34,0.87
1903,2,strike,swarm,-15.86,11.22,0.78
1903,3,recover,bruiser,-16.20,12.00,0.21
1903,4,recover,pouncer,-15.82,9.60,2.40
1904,1,strike,swarm,-15.28,12.29,0.77
1904,2,strike,swarm,-15.77,11.25,0.77
1904,3,recover,bruiser,-16.20,12.00,0.21
1904,4,recover,pouncer,-15.82,9.60,2.40
1905,1,strike,swarm,-15.37,12.34,0.71
1905,2,strike,swarm,-15.67,11.24,0.81
1905,3,recover,bruiser,-16.20,12.00,0.21
1905,4,recover,pouncer,-15.82,9.60,2.40
1906,1,strike,swarm,-15.41,12.43,0.73
1906,2,strike,swarm,-15.57,11.26,0.85
1906,3,recover,bruiser,-16.20,12.00,0.21
1906,4,recover,pouncer,-15.82,9.60,2.40
1907,1,strike,swarm,-15.48,12.50,0.72
1907,2,strike,swarm,-15.48,11.30,0.86
1907,3,recover,bruiser,-16.20,12.00,0.21
1907,4,stalk,pouncer,-15.82,9.60,2.40
1908,1,strike,swarm,-15.54,12.58,0.74
1908,2,strike,swarm,-15.40,11.36,0.87
1908,3,advance,bruiser,-16.20,12.00,0.21
1908,4,crouch,pouncer,-15.85,9.57,2.42
1909,1,strike,swarm,-15.62,12.65,0.76
1909,2,strike,swarm,-15.32,11.43,0.88
1909,3,windup,bruiser,-16.20,12.00,0.21
1909,4,crouch,pouncer,-15.85,9.57,2.42
1910,1,strike,swarm,-15.69,12.72,0.78
1910,2,strike,swarm,-15.25,11.50,0.88
1910,3,windup,bruiser,-16.20,12.00,0.21
1910,4,crouch,pouncer,-15.85,9.57,2.42
1911,1,strike,swarm,-15.78,12.77,0.81
1911,2,strike,swarm,-15.19,11.59,0.89
1911,3,windup,bruiser,-16.20,12.00,0.21
1911,4,crouch,pouncer,-15.85,9.57,2.42
1912,1,strike,swarm,-15.86,12.82,0.84
1912,2,strike,swarm,-15.15,11.67,0.91
1912,3,windup,bruiser,-16.20,12.00,0.21
1912,4,crouch,pouncer,-15.85,9.57,2.42
1913,1,strike,swarm,-15.95,12.87,0.88
1913,2,strike,swarm,-15.09,11.76,0.93
1913,3,windup,bruiser,-16.20,12.00,0.21
1913,4,crouch,pouncer,-15.85,9.57,2.42
1914,1,recover,swarm,-16.04,12.92,0.93
1914,2,recover,swarm,-15.05,11.84,0.95
1914,3,windup,bruiser,-16.20,12.00,0.21
1914,4,crouch,pouncer,-15.85,9.57,2.42
1915,1,recover,swarm,-16.04,12.92,0.93
1915,2,recover,swarm,-15.05,11.84,0.95
1915,3,windup,bruiser,-16.20,12.00,0.21
1915,4,crouch,pouncer,-15.85,9.57,2.42
1916,1,recover,swarm,-16.04,12.92,0.93
1916,2,recover,swarm,-15.05,11.84,0.95
1916,3,windup,bruiser,-16.20,12.00,0.21
1916,4,crouch,pouncer,-15.85,9.57,2.42
1917,1,recover,swarm,-16.04,12.92,0.93
1917,2,recover,swarm,-15.05,11.84,0.95
1917,3,windup,bruiser,-16.20,12.00,0.21
1917,4,crouch,pouncer,-15.85,9.57,2.42
1918,1,recover,swarm,-16.04,12.92,0.93
1918,2,recover,swarm,-15.05,11.84,0.95
1918,3,windup,bruiser,-16.20,12.00,0.21
1918,4,crouch,pouncer,-15.85,9.57,2.42
1919,1,recover,swarm,-16.04,12.92,0.93
1919,2,recover,swarm,-15.05,11.84,0.95
1919,3,windup,bruiser,-16.20,12.00,0.21
1919,4,crouch,pouncer,-15.85,9.57,2.42
1920,1,recover,swarm,-16.04,12.92,0.93
1920,2,recover,swarm,-15.05,11.84,0.95
1920,3,windup,bruiser,-16.20,12.00,0.21
1920,4,crouch,pouncer,-15.85,9.57,2.42
1921,1,recover,swarm,-16.04,12.92,0.93
1921,2,recover,swarm,-15.05,11.84,0.95
1921,3,windup,bruiser,-16.20,12.00,0.21
1921,4,crouch,pouncer,-15.85,9.57,2.42
1922,1,recover,swarm,-16.04,12.92,0.93
1922,2,recover,swarm,-15.05,11.84,0.95
1922,3,windup,bruiser,-16.20,12.00,0.21
1922,4,crouch,pouncer,-15.85,9.57,2.42
1923,1,recover,swarm,-16.04,12.92,0.93
1923,2,recover,swarm,-15.05,11.84,0.95
1923,3,windup,bruiser,-16.20,12.00,0.21
1923,4,crouch,pouncer,-15.85,9.57,2.42
1924,1,recover,swarm,-16.04,12.92,0.93
1924,2,recover,swarm,-15.05,11.84,0.95
1924,3,windup,bruiser,-16.20,12.00,0.21
1924,4,crouch,pouncer,-15.85,9.57,2.42
1925,1,recover,swarm,-16.04,12.92,0.93
1925,2,recover,swarm,-15.05,11.84,0.95
1925,3,windup,bruiser,-16.20,12.00,0.21
1925,4,crouch,pouncer,-15.85,9.57,2.42
1926,1,recover,swarm,-16.04,12.92,0.93
1926,2,recover,swarm,-15.05,11.84,0.95
1926,3,windup,bruiser,-16.20,12.00,0.21
1926,4,crouch,pouncer,-15.85,9.57,2.42
1927,1,recover,swarm,-16.04,12.92,0.93
1927,2,recover,swarm,-15.05,11.84,0.95
1927,3,windup,bruiser,-16.20,12.00,0.21
1927,4,crouch,pouncer,-15.85,9.57,2.42
1928,1,recover,swarm,-16.04,12.92,0.93
1928,2,recover,swarm,-15.05,11.84,0.95
1928,3,windup,bruiser,-16.20,12.00,0.21
1928,4,crouch,pouncer,-15.85,9.57,2.42
1929,1,recover,swarm,-16.04,12.92,0.93
1929,2,recover,swarm,-15.05,11.84,0.95
1929,3,windup,bruiser,-16.20,12.00,0.21
1929,4,crouch,pouncer,-15.85,9.57,2.42
1930,1,recover,swarm,-16.04,12.92,0.93
1930,2,recover,swarm,-15.05,11.84,0.95
1930,3,windup,bruiser,-16.20,12.00,0.21
1930,4,crouch,pouncer,-15.85,9.57,2.42
1931,1,recover,swarm,-16.04,12.92,0.93
1931,2,recover,swarm,-15.05,11.84,0.95
1931,3,windup,bruiser,-16.20,12.00,0.21
1931,4,crouch,pouncer,-15.85,9.57,2.42
1932,1,recover,swarm,-16.04,12.92,0.93
1932,2,recover,swarm,-15.05,11.84,0.95
1932,3,windup,bruiser,-16.20,12.00,0.21
1932,4,crouch,pouncer,-15.85,9.57,2.42
1933,1,recover,swarm,-16.04,12.92,0.93
1933,2,recover,swarm,-15.05,11.84,0.95
1933,3,windup,bruiser,-16.20,12.00,0.21
1933,4,crouch,pouncer,-15.85,9.57,2.42
1934,1,recover,swarm,-16.04,12.92,0.93
1934,2,recover,swarm,-15.05,11.84,0.95
1934,3,windup,bruiser,-16.20,12.00,0.21
1934,4,crouch,pouncer,-15.85,9.57,2.42
1935,1,recover,swarm,-16.04,12.92,0.93
1935,2,recover,swarm,-15.05,11.84,0.95
1935,3,windup,bruiser,-16.20,12.00,0.21
1935,4,pounce,pouncer,-15.85,9.57,2.42
1936,1,recover,swarm,-16.04,12.92,0.93
1936,2,recover,swarm,-15.05,11.84,0.95
1936,3,windup,bruiser,-16.20,12.00,0.21
1936,4,pounce,pouncer,-15.86,9.73,2.27
1937,1,recover,swarm,-16.04,12.92,0.93
1937,2,recover,swarm,-15.05,11.84,0.95
1937,3,windup,bruiser,-16.20,12.00,0.21
1937,4,pounce,pouncer,-15.87,9.90,2.10
1938,1,recover,swarm,-16.04,12.92,0.93
1938,2,recover,swarm,-15.05,11.84,0.95
1938,3,windup,bruiser,-16.20,12.00,0.21
1938,4,pounce,pouncer,-15.88,10.03,1.97
1939,1,recover,swarm,-16.04,12.92,0.93
1939,2,recover,swarm,-15.05,11.84,0.95
1939,3,windup,bruiser,-16.20,12.00,0.21
1939,4,pounce,pouncer,-15.89,10.18,1.82
1940,1,recover,swarm,-16.04,12.92,0.93
1940,2,recover,swarm,-15.05,11.84,0.95
1940,3,windup,bruiser,-16.20,12.00,0.21
1940,4,pounce,pouncer,-15.90,10.33,1.66
1941,1,recover,swarm,-16.04,12.92,0.93
1941,2,recover,swarm,-15.05,11.84,0.95
1941,3,windup,bruiser,-16.20,12.00,0.21
1941,4,pounce,pouncer,-15.91,10.48,1.52
1942,1,recover,swarm,-16.04,12.92,0.93
1942,2,recover,swarm,-15.05,11.84,0.95
1942,3,windup,bruiser,-16.20,12.00,0.21
1942,4,pounce,pouncer,-15.91,10.63,1.36
1943,1,recover,swarm,-16.04,12.92,0.93
1943,2,recover,swarm,-15.05,11.84,0.95
1943,3,windup,bruiser,-16.20,12.00,0.21
1943,4,pounce,pouncer,-15.92,10.78,1.22
1944,1,recover,swarm,-16.04,12.92,0.93
1944,2,recover,swarm,-15.05,11.84,0.95
1944,3,windup,bruiser,-16.20,12.00,0.21
1944,4,pounce,pouncer,-15.93,10.94,1.06
1945,1,recover,swarm,-16.04,12.92,0.93
1945,2,recover,swarm,-15.05,11.84,0.95
1945,3,windup,bruiser,-16.20,12.00,0.21
1945,4,pounce,pouncer,-15.93,11.08,0.92
1946,1,recover,swarm,-16.04,12.92,0.93
1946,2,recover,swarm,-15.05,11.84,0.95
1946,3,windup,bruiser,-16.20,12.00,0.21
1946,4,pounce,pouncer,-15.98,11.23,0.77
1947,1,recover,swarm,-16.04,12.92,0.93
1947,2,recover,swarm,-15.05,11.84,0.95
1947,3,windup,bruiser,-16.20,12.00,0.21
1947,4,pounce,pouncer,-16.05,11.10,0.89
1948,1,recover,swarm,-16.04,12.92,0.93
1948,2,recover,swarm,-15.05,11.84,0.95
1948,3,strike,bruiser,-16.20,12.00,0.21
1948,4,pounce,pouncer,-16.06,11.26,0.74
1949,1,recover,swarm,-16.04,12.92,0.93
1949,2,recover,swarm,-15.05,11.84,0.95
1949,3,strike,bruiser,-16.14,12.05,0.16
1949,4,pounce,pouncer,-16.12,11.11,0.89
1950,1,recover,swarm,-16.04,12.92,0.93
1950,2,recover,swarm,-15.05,11.84,0.95
1950,3,strike,bruiser,-16.06,12.04,0.08
1950,4,pounce,pouncer,-16.15,11.26,0.75
1951,1,recover,swarm,-16.04,12.92,0.93
1951,2,recover,swarm,-15.05,11.84,0.95
1951,3,strike,bruiser,-15.98,12.08,0.08
1951,4,pounce,pouncer,-16.29,11.22,0.83
1952,1,recover,swarm,-16.04,12.92,0.93
1952,2,recover,swarm,-15.05,11.84,0.95
1952,3,strike,bruiser,-15.90,12.07,0.12
1952,4,pounce,pouncer,-16.41,11.32,0.80
1953,1,recover,swarm,-16.04,12.92,0.93
1953,2,recover,swarm,-15.05,11.84,0.95
1953,3,strike,bruiser,-15.82,12.06,0.19
1953,4,pounce,pouncer,-16.53,11.40,0.80
1954,1,recover,swarm,-16.04,12.92,0.93
1954,2,recover,swarm,-15.05,11.84,0.95
1954,3,strike,bruiser,-15.74,12.05,0.26
1954,4,pounce,pouncer,-16.63,11.51,0.80
1955,1,recover,swarm,-16.04,12.92,0.93
1955,2,recover,swarm,-15.05,11.84,0.95
1955,3,strike,bruiser,-15.65,12.03,0.34
1955,4,pounce,pouncer,-16.72,11.64,0.81
1956,1,chase,swarm,-16.04,12.92,0.93
1956,2,chase,swarm,-15.05,11.84,0.95
1956,3,strike,bruiser,-15.58,12.00,0.41
1956,4,recover,pouncer,-16.77,11.77,0.81
1957,1,windup,swarm,-16.04,12.92,0.93
1957,2,windup,swarm,-15.05,11.84,0.95
1957,3,strike,bruiser,-15.62,11.92,0.38
1957,4,recover,pouncer,-16.77,11.77,0.81
1958,1,windup,swarm,-16.04,12.92,0.93
1958,2,windup,swarm,-15.05,11.84,0.95
1958,3,strike,bruiser,-15.62,11.84,0.40
1958,4,recover,pouncer,-16.77,11.77,0.81
1959,1,windup,swarm,-16.04,12.92,0.93
1959,2,windup,swarm,-15.05,11.84,0.95
1959,3,strike,bruiser,-15.64,11.76,0.42
1959,4,recover,pouncer,-16.77,11.77,0.81
1960,1,windup,swarm,-16.04,12.92,0.93
1960,2,windup,swarm,-15.05,11.84,0.95
1960,3,strike,bruiser,-15.64,11.67,0.47
1960,4,recover,pouncer,-16.77,11.77,0.81
1961,1,windup,swarm,-16.04,12.92,0.93
1961,2,windup,swarm,-15.05,11.84,0.95
1961,3,strike,bruiser,-15.64,11.59,0.53
1961,4,recover,pouncer,-16.77,11.77,0.81
1962,1,windup,swarm,-16.04,12.92,0.93
1962,2,windup,swarm,-15.05,11.84,0.95
1962,3,strike,bruiser,-15.63,11.51,0.60
1962,4,recover,pouncer,-16.77,11.77,0.81
1963,1,windup,swarm,-16.04,12.92,0.93
1963,2,windup,swarm,-15.05,11.84,0.95
1963,3,strike,bruiser,-15.61,11.43,0.68
1963,4,recover,pouncer,-16.77,11.77,0.81
1964,1,windup,swarm,-16.04,12.92,0.93
1964,2,windup,swarm,-15.05,11.84,0.95
1964,3,strike,bruiser,-15.59,11.35,0.76
1964,4,recover,pouncer,-16.77,11.77,0.81
1965,1,windup,swarm,-16.04,12.92,0.93
1965,2,windup,swarm,-15.05,11.84,0.95
1965,3,recover,bruiser,-15.57,11.27,0.84
1965,4,recover,pouncer,-16.77,11.77,0.81
1966,1,windup,swarm,-16.04,12.92,0.93
1966,2,windup,swarm,-15.05,11.84,0.95
1966,3,recover,bruiser,-15.57,11.27,0.84
1966,4,recover,pouncer,-16.77,11.77,0.81
1967,1,windup,swarm,-16.04,12.92,0.93
1967,2,windup,swarm,-15.05,11.84,0.95
1967,3,recover,bruiser,-15.57,11.27,0.84
1967,4,recover,pouncer,-16.77,11.77,0.81
1968,1,windup,swarm,-16.04,12.92,0.93
1968,2,windup,swarm,-15.05,11.84,0.95
1968,3,recover,bruiser,-15.57,11.27,0.84
1968,4,recover,pouncer,-16.77,11.77,0.81
1969,1,windup,swarm,-16.04,12.92,0.93
1969,2,windup,swarm,-15.05,11.84,0.95
1969,3,recover,bruiser,-15.57,11.27,0.84
1969,4,recover,pouncer,-16.77,11.77,0.81
1970,1,windup,swarm,-16.04,12.92,0.93
1970,2,windup,swarm,-15.05,11.84,0.95
1970,3,recover,bruiser,-15.57,11.27,0.84
1970,4,recover,pouncer,-16.77,11.77,0.81
1971,1,windup,swarm,-16.04,12.92,0.93
1971,2,windup,swarm,-15.05,11.84,0.95
1971,3,recover,bruiser,-15.57,11.27,0.84
1971,4,recover,pouncer,-16.77,11.77,0.81
1972,1,strike,swarm,-16.04,12.92,0.93
1972,2,strike,swarm,-15.05,11.84,0.95
1972,3,recover,bruiser,-15.57,11.27,0.84
1972,4,recover,pouncer,-16.77,11.77,0.81
1973,1,strike,swarm,-16.02,12.50,0.50
1973,2,strike,swarm,-15.17,12.25,0.86
1973,3,recover,bruiser,-15.57,11.27,0.84
1973,4,recover,pouncer,-16.77,11.77,0.81
1974,1,strike,swarm,-16.19,12.31,0.38
1974,2,strike,swarm,-15.17,12.50,0.97
1974,3,recover,bruiser,-15.57,11.27,0.84
1974,4,recover,pouncer,-16.77,11.77,0.81
1975,1,strike,swarm,-16.03,12.10,0.11
1975,2,strike,swarm,-15.41,12.63,0.86
1975,3,recover,bruiser,-15.57,11.27,0.84
1975,4,recover,pouncer,-16.77,11.77,0.81
1976,1,strike,swarm,-16.04,12.05,0.07
1976,2,strike,swarm,-15.42,12.68,0.89
1976,3,recover,bruiser,-15.57,11.27,0.84
1976,4,recover,pouncer,-16.77,11.77,0.81
1977,1,strike,swarm,-16.02,11.77,0.23
1977,2,strike,swarm,-15.56,12.93,1.03
1977,3,recover,bruiser,-15.57,11.27,0.84
1977,4,recover,pouncer,-16.77,11.77,0.81
1978,1,strike,swarm,-15.99,11.74,0.25
1978,2,strike,swarm,-15.60,12.94,1.02
1978,3,recover,bruiser,-15.57,11.27,0.84
1978,4,recover,pouncer,-16.77,11.77,0.81
1979,1,recover,swarm,-15.88,11.67,0.34
1979,2,recover,swarm,-15.72,12.97,1.01
1979,3,recover,bruiser,-15.57,11.27,0.84
1979,4,recover,pouncer,-16.77,11.77,0.81
1980,1,recover,swarm,-15.88,11.67,0.34
1980,2,recover,swarm,-15.72,12.97,1.01
1980,3,recover,bruiser,-15.57,11.27,0.84
1980,4,recover,pouncer,-16.77,11.77,0.81
1981,1,recover,swarm,-15.88,11.67,0.34
1981,2,recover,swarm,-15.72,12.97,1.01
1981,3,recover,bruiser,-15.57,11.27,0.84
1981,4,recover,pouncer,-16.77,11.77,0.81
1982,1,recover,swarm,-15.88,11.67,0.34
1982,2,recover,swarm,-15.72,12.97,1.01
1982,3,recover,bruiser,-15.57,11.27,0.84
1982,4,recover,pouncer,-16.77,11.77,0.81
1983,1,recover,swarm,-15.88,11.67,0.34
1983,2,recover,swarm,-15.72,12.97,1.01
1983,3,recover,bruiser,-15.57,11.27,0.84
1983,4,recover,pouncer,-16.77,11.77,0.81
1984,1,recover,swarm,-15.88,11.67,0.34
1984,2,recover,swarm,-15.72,12.97,1.01
1984,3,recover,bruiser,-15.57,11.27,0.84
1984,4,recover,pouncer,-16.77,11.77,0.81
1985,1,recover,swarm,-15.88,11.67,0.34
1985,2,recover,swarm,-15.72,12.97,1.01
1985,3,recover,bruiser,-15.57,11.27,0.84
1985,4,recover,pouncer,-16.77,11.77,0.81
1986,1,recover,swarm,-15.88,11.67,0.34
1986,2,recover,swarm,-15.72,12.97,1.01
1986,3,recover,bruiser,-15.57,11.27,0.84
1986,4,recover,pouncer,-16.77,11.77,0.81
1987,1,recover,swarm,-15.88,11.67,0.34
1987,2,recover,swarm,-15.72,12.97,1.01
1987,3,recover,bruiser,-15.57,11.27,0.84
1987,4,recover,pouncer,-16.77,11.77,0.81
1988,1,recover,swarm,-15.88,11.67,0.34
1988,2,recover,swarm,-15.72,12.97,1.01
1988,3,recover,bruiser,-15.57,11.27,0.84
1988,4,recover,pouncer,-16.77,11.77,0.81
1989,1,recover,swarm,-15.88,11.67,0.34
1989,2,recover,swarm,-15.72,12.97,1.01
1989,3,recover,bruiser,-15.57,11.27,0.84
1989,4,recover,pouncer,-16.77,11.77,0.81
1990,1,recover,swarm,-15.88,11.67,0.34
1990,2,recover,swarm,-15.72,12.97,1.01
1990,3,recover,bruiser,-15.57,11.27,0.84
1990,4,recover,pouncer,-16.77,11.77,0.81
1991,1,recover,swarm,-15.88,11.67,0.34
1991,2,recover,swarm,-15.72,12.97,1.01
1991,3,recover,bruiser,-15.57,11.27,0.84
1991,4,recover,pouncer,-16.77,11.77,0.81
1992,1,recover,swarm,-15.88,11.67,0.34
1992,2,recover,swarm,-15.72,12.97,1.01
1992,3,recover,bruiser,-15.57,11.27,0.84
1992,4,recover,pouncer,-16.77,11.77,0.81
1993,1,recover,swarm,-15.88,11.67,0.34
1993,2,recover,swarm,-15.72,12.97,1.01
1993,3,recover,bruiser,-15.57,11.27,0.84
1993,4,recover,pouncer,-16.77,11.77,0.81
1994,1,recover,swarm,-15.88,11.67,0.34
1994,2,recover,swarm,-15.72,12.97,1.01
1994,3,recover,bruiser,-15.57,11.27,0.84
1994,4,recover,pouncer,-16.77,11.77,0.81
1995,1,recover,swarm,-15.88,11.67,0.34
1995,2,recover,swarm,-15.72,12.97,1.01
1995,3,recover,bruiser,-15.57,11.27,0.84
1995,4,recover,pouncer,-16.77,11.77,0.81
1996,1,recover,swarm,-15.88,11.67,0.34
1996,2,recover,swarm,-15.72,12.97,1.01
1996,3,recover,bruiser,-15.57,11.27,0.84
1996,4,recover,pouncer,-16.77,11.77,0.81
1997,1,recover,swarm,-15.88,11.67,0.34
1997,2,recover,swarm,-15.72,12.97,1.01
1997,3,recover,bruiser,-15.57,11.27,0.84
1997,4,recover,pouncer,-16.77,11.77,0.81
1998,1,recover,swarm,-15.88,11.67,0.34
1998,2,recover,swarm,-15.72,12.97,1.01
1998,3,recover,bruiser,-15.57,11.27,0.84
1998,4,recover,pouncer,-16.77,11.77,0.81
1999,1,recover,swarm,-15.88,11.67,0.34
1999,2,recover,swarm,-15.72,12.97,1.01
1999,3,recover,bruiser,-15.57,11.27,0.84
1999,4,recover,pouncer,-16.77,11.77,0.81
2000,1,recover,swarm,-15.88,11.67,0.34
2000,2,recover,swarm,-15.72,12.97,1.01
2000,3,recover,bruiser,-15.57,11.27,0.84
2000,4,recover,pouncer,-16.77,11.77,0.81
2001,1,recover,swarm,-15.88,11.67,0.34
2001,2,recover,swarm,-15.72,12.97,1.01
2001,3,recover,bruiser,-15.57,11.27,0.84
2001,4,recover,pouncer,-16.77,11.77,0.81
2002,1,recover,swarm,-15.88,11.67,0.34
2002,2,recover,swarm,-15.72,12.97,1.01
2002,3,recover,bruiser,-15.57,11.27,0.84
2002,4,recover,pouncer,-16.77,11.77,0.81
2003,1,recover,swarm,-15.88,11.67,0.34
2003,2,recover,swarm,-15.72,12.97,1.01
2003,3,recover,bruiser,-15.57,11.27,0.84
2003,4,recover,pouncer,-16.77,11.77,0.81
2004,1,recover,swarm,-15.88,11.67,0.34
2004,2,recover,swarm,-15.72,12.97,1.01
2004,3,recover,bruiser,-15.57,11.27,0.84
2004,4,recover,pouncer,-16.77,11.77,0.81
2005,1,recover,swarm,-15.88,11.67,0.34
2005,2,recover,swarm,-15.72,12.97,1.01
2005,3,recover,bruiser,-15.57,11.27,0.84
2005,4,recover,pouncer,-16.77,11.77,0.81
2006,1,recover,swarm,-15.88,11.67,0.34
2006,2,recover,swarm,-15.72,12.97,1.01
2006,3,recover,bruiser,-15.57,11.27,0.84
2006,4,recover,pouncer,-16.77,11.77,0.81
2007,1,recover,swarm,-15.88,11.67,0.34
2007,2,recover,swarm,-15.72,12.97,1.01
2007,3,recover,bruiser,-15.57,11.27,0.84
2007,4,recover,pouncer,-16.77,11.77,0.81
2008,1,recover,swarm,-15.88,11.67,0.34
2008,2,recover,swarm,-15.72,12.97,1.01
2008,3,recover,bruiser,-15.57,11.27,0.84
2008,4,recover,pouncer,-16.77,11.77,0.81
2009,1,recover,swarm,-15.88,11.67,0.34
2009,2,recover,swarm,-15.72,12.97,1.01
2009,3,recover,bruiser,-15.57,11.27,0.84
2009,4,recover,pouncer,-16.77,11.77,0.81
2010,1,recover,swarm,-15.88,11.67,0.34
2010,2,recover,swarm,-15.72,12.97,1.01
2010,3,recover,bruiser,-15.57,11.27,0.84
2010,4,recover,pouncer,-16.77,11.77,0.81
2011,1,recover,swarm,-15.88,11.67,0.34
2011,2,recover,swarm,-15.72,12.97,1.01
2011,3,recover,bruiser,-15.57,11.27,0.84
2011,4,recover,pouncer,-16.77,11.77,0.81
2012,1,recover,swarm,-15.88,11.67,0.34
2012,2,recover,swarm,-15.72,12.97,1.01
2012,3,recover,bruiser,-15.57,11.27,0.84
2012,4,recover,pouncer,-16.77,11.77,0.81
2013,1,recover,swarm,-15.88,11.67,0.34
2013,2,recover,swarm,-15.72,12.97,1.01
2013,3,recover,bruiser,-15.57,11.27,0.84
2013,4,recover,pouncer,-16.77,11.77,0.81
2014,1,recover,swarm,-15.88,11.67,0.34
2014,2,recover,swarm,-15.72,12.97,1.01
2014,3,recover,bruiser,-15.57,11.27,0.84
2014,4,recover,pouncer,-16.77,11.77,0.81
2015,1,recover,swarm,-15.88,11.67,0.34
2015,2,recover,swarm,-15.72,12.97,1.01
2015,3,recover,bruiser,-15.57,11.27,0.84
2015,4,recover,pouncer,-16.77,11.77,0.81
2016,1,recover,swarm,-15.88,11.67,0.34
2016,2,recover,swarm,-15.72,12.97,1.01
2016,3,recover,bruiser,-15.57,11.27,0.84
2016,4,recover,pouncer,-16.77,11.77,0.81
2017,1,recover,swarm,-15.88,11.67,0.34
2017,2,recover,swarm,-15.72,12.97,1.01
2017,3,recover,bruiser,-15.57,11.27,0.84
2017,4,recover,pouncer,-16.77,11.77,0.81
2018,1,recover,swarm,-15.88,11.67,0.34
2018,2,recover,swarm,-15.72,12.97,1.01
2018,3,recover,bruiser,-15.57,11.27,0.84
2018,4,stalk,pouncer,-16.77,11.77,0.81
2019,1,recover,swarm,-15.88,11.67,0.34
2019,2,recover,swarm,-15.72,12.97,1.01
2019,3,recover,bruiser,-15.57,11.27,0.84
2019,4,crouch,pouncer,-16.78,11.76,0.82
2020,1,recover,swarm,-15.88,11.67,0.34
2020,2,recover,swarm,-15.72,12.97,1.01
2020,3,recover,bruiser,-15.57,11.27,0.84
2020,4,crouch,pouncer,-16.78,11.76,0.82
2021,1,chase,swarm,-15.88,11.67,0.34
2021,2,chase,swarm,-15.72,12.97,1.01
2021,3,advance,bruiser,-15.57,11.27,0.84
2021,4,crouch,pouncer,-16.78,11.76,0.82
2022,1,windup,swarm,-15.88,11.67,0.34
2022,2,windup,swarm,-15.72,12.97,1.01
2022,3,windup,bruiser,-15.57,11.27,0.84
2022,4,crouch,pouncer,-16.78,11.76,0.82
2023,1,windup,swarm,-15.88,11.67,0.34
2023,2,windup,swarm,-15.72,12.97,1.01
2023,3,windup,bruiser,-15.57,11.27,0.84
2023,4,crouch,pouncer,-16.78,11.76,0.82
2024,1,windup,swarm,-15.88,11.67,0.34
2024,2,windup,swarm,-15.72,12.97,1.01
2024,3,windup,bruiser,-15.57,11.27,0.84
2024,4,crouch,pouncer,-16.78,11.76,0.82
2025,1,windup,swarm,-15.88,11.67,0.34
2025,2,windup,swarm,-15.72,12.97,1.01
2025,3,windup,bruiser,-15.57,11.27,0.84
2025,4,crouch,pouncer,-16.78,11.76,0.82
2026,1,windup,swarm,-15.88,11.67,0.34
2026,2,windup,swarm,-15.72,12.97,1.01
2026,3,windup,bruiser,-15.57,11.27,0.84
2026,4,crouch,pouncer,-16.78,11.76,0.82
2027,1,windup,swarm,-15.88,11.67,0.34
2027,2,windup,swarm,-15.72,12.97,1.01
2027,3,windup,bruiser,-15.57,11.27,0.84
2027,4,crouch,pouncer,-16.78,11.76,0.82
2028,1,windup,swarm,-15.88,11.67,0.34
2028,2,windup,swarm,-15.72,12.97,1.01
2028,3,windup,bruiser,-15.57,11.27,0.84
2028,4,crouch,pouncer,-16.78,11.76,0.82
2029,1,windup,swarm,-15.88,11.67,0.34
2029,2,windup,swarm,-15.72,12.97,1.01
2029,3,windup,bruiser,-15.57,11.27,0.84
2029,4,crouch,pouncer,-16.78,11.76,0.82
2030,1,windup,swarm,-15.88,11.67,0.34
2030,2,windup,swarm,-15.72,12.97,1.01
2030,3,windup,bruiser,-15.57,11.27,0.84
2030,4,crouch,pouncer,-16.78,11.76,0.82
2031,1,windup,swarm,-15.88,11.67,0.34
2031,2,windup,swarm,-15.72,12.97,1.01
2031,3,windup,bruiser,-15.57,11.27,0.84
2031,4,crouch,pouncer,-16.78,11.76,0.82
2032,1,windup,swarm,-15.88,11.67,0.34
2032,2,windup,swarm,-15.72,12.97,1.01
2032,3,windup,bruiser,-15.57,11.27,0.84
2032,4,crouch,pouncer,-16.78,11.76,0.82
2033,1,windup,swarm,-15.88,11.67,0.34
2033,2,windup,swarm,-15.72,12.97,1.01
2033,3,windup,bruiser,-15.57,11.27,0.84
2033,4,crouch,pouncer,-16.78,11.76,0.82
2034,1,windup,swarm,-15.88,11.67,0.34
2034,2,windup,swarm,-15.72,12.97,1.01
2034,3,windup,bruiser,-15.57,11.27,0.84
2034,4,crouch,pouncer,-16.78,11.76,0.82
2035,1,windup,swarm,-15.88,11.67,0.34
2035,2,windup,swarm,-15.72,12.97,1.01
2035,3,windup,bruiser,-15.57,11.27,0.84
2035,4,crouch,pouncer,-16.78,11.76,0.82
2036,1,windup,swarm,-15.88,11.67,0.34
2036,2,windup,swarm,-15.72,12.97,1.01
2036,3,windup,bruiser,-15.57,11.27,0.84
2036,4,crouch,pouncer,-16.78,11.76,0.82
2037,1,strike,swarm,-15.88,11.67,0.34
2037,2,strike,swarm,-15.72,12.97,1.01
2037,3,windup,bruiser,-15.57,11.27,0.84
2037,4,crouch,pouncer,-16.78,11.76,0.82
2038,1,strike,swarm,-15.89,11.71,0.30
2038,2,strike,swarm,-15.74,12.93,0.97
2038,3,windup,bruiser,-15.57,11.27,0.84
2038,4,crouch,pouncer,-16.78,11.76,0.82
2039,1,strike,swarm,-15.92,11.83,0.18
2039,2,strike,swarm,-15.77,12.81,0.85
2039,3,windup,bruiser,-15.57,11.27,0.84
2039,4,crouch,pouncer,-16.78,11.76,0.82
2040,1,strike,swarm,-15.92,11.86,0.14
2040,2,strike,swarm,-15.79,12.78,0.81
2040,3,windup,bruiser,-15.57,11.27,0.84
2040,4,crouch,pouncer,-16.78,11.76,0.82
2041,1,strike,swarm,-15.95,12.04,0.07
2041,2,strike,swarm,-15.89,12.63,0.64
2041,3,windup,bruiser,-15.57,11.27,0.84
2041,4,crouch,pouncer,-16.78,11.76,0.82
2042,1,strike,swarm,-15.95,12.09,0.10
2042,2,strike,swarm,-15.89,12.67,0.69
2042,3,windup,bruiser,-15.57,11.27,0.84
2042,4,crouch,pouncer,-16.78,11.76,0.82
2043,1,strike,swarm,-15.97,12.36,0.37
2043,2,strike,swarm,-15.93,12.94,0.95
2043,3,windup,bruiser,-15.57,11.27,0.84
2043,4,crouch,pouncer,-16.78,11.76,0.82
2044,1,strike,swarm,-15.98,12.40,0.41
2044,2,strike,swarm,-15.95,12.98,0.99
2044,3,windup,bruiser,-15.57,11.27,0.84
2044,4,pounce,pouncer,-16.78,11.76,0.82
2045,1,strike,swarm,-16.00,12.43,0.44
2045,2,strike,swarm,-15.96,13.02,1.02
2045,3,windup,bruiser,-15.57,11.27,0.84
2045,4,pounce,pouncer,-16.73,11.76,0.77
2046,1,strike,swarm,-15.99,12.61,0.62
2046,2,strike,swarm,-16.02,13.18,1.19
2046,3,windup,bruiser,-15.57,11.27,0.84
2046,4,pounce,pouncer,-16.47,11.69,0.57
2047,1,recover,swarm,-15.97,12.57,0.58
2047,2,recover,swarm,-16.04,13.22,1.23
2047,3,windup,bruiser,-15.57,11.27,0.84
2047,4,pounce,pouncer,-16.41,11.71,0.51
2048,1,recover,swarm,-15.97,12.57,0.58
2048,2,recover,swarm,-16.04,13.22,1.23
2048,3,windup,bruiser,-15.57,11.27,0.84
2048,4,pounce,pouncer,-16.16,11.72,0.32
2049,1,recover,swarm,-15.97,12.57,0.58
2049,2,recover,swarm,-16.04,13.22,1.23
2049,3,windup,bruiser,-15.57,11.27,0.84
2049,4,pounce,pouncer,-16.33,11.91,0.35
2050,1,recover,swarm,-15.97,12.57,0.58
2050,2,recover,swarm,-16.04,13.22,1.23
2050,3,windup,bruiser,-15.57,11.27,0.84
2050,4,pounce,pouncer,-16.33,11.85,0.37
2051,1,recover,swarm,-15.97,12.57,0.58
2051,2,recover,swarm,-16.04,13.22,1.23
2051,3,windup,bruiser,-15.57,11.27,0.84
2051,4,pounce,pouncer,-16.35,11.62,0.52
2052,1,recover,swarm,-15.97,12.57,0.58
2052,2,recover,swarm,-16.04,13.22,1.23
2052,3,windup,bruiser,-15.57,11.27,0.84
2052,4,pounce,pouncer,-16.38,11.70,0.49
2053,1,recover,swarm,-15.97,12.57,0.58
2053,2,recover,swarm,-16.04,13.22,1.23
2053,3,windup,bruiser,-15.57,11.27,0.84
2053,4,pounce,pouncer,-16.34,11.86,0.37
2054,1,recover,swarm,-15.97,12.57,0.58
2054,2,recover,swarm,-16.04,13.22,1.23
2054,3,windup,bruiser,-15.57,11.27,0.84
2054,4,pounce,pouncer,-16.34,11.81,0.40
2055,1,recover,swarm,-15.97,12.57,0.58
2055,2,recover,swarm,-16.04,13.22,1.23
2055,3,windup,bruiser,-15.57,11.27,0.84
2055,4,pounce,pouncer,-16.37,11.46,0.65
2056,1,recover,swarm,-15.97,12.57,0.58
2056,2,recover,swarm,-16.04,13.22,1.23
2056,3,windup,bruiser,-15.57,11.27,0.84
2056,4,pounce,pouncer,-16.38,11.51,0.62
2057,1,recover,swarm,-15.97,12.57,0.58
2057,2,recover,swarm,-16.04,13.22,1.23
2057,3,strike,bruiser,-15.57,11.27,0.84
2057,4,pounce,pouncer,-16.39,11.69,0.51
2058,1,recover,swarm,-15.97,12.57,0.58
2058,2,recover,swarm,-16.04,13.22,1.23
2058,3,strike,bruiser,-15.56,11.30,0.82
2058,4,pounce,pouncer,-16.36,11.74,0.45
2059,1,recover,swarm,-15.97,12.57,0.58
2059,2,recover,swarm,-16.04,13.22,1.23
2059,3,strike,bruiser,-15.51,11.43,0.74
2059,4,pounce,pouncer,-16.51,11.55,0.68
2060,1,recover,swarm,-15.97,12.57,0.58
2060,2,recover,swarm,-16.04,13.22,1.23
2060,3,strike,bruiser,-15.51,11.46,0.72
2060,4,pounce,pouncer,-16.45,11.57,0.62
2061,1,recover,swarm,-15.97,12.57,0.58
2061,2,recover,swarm,-16.04,13.22,1.23
2061,3,strike,bruiser,-15.45,11.58,0.68
2061,4,pounce,pouncer,-16.22,11.60,0.45
2062,1,recover,swarm,-15.97,12.57,0.58
2062,2,recover,swarm,-16.04,13.22,1.23
2062,3,strike,bruiser,-15.43,11.60,0.69
2062,4,pounce,pouncer,-16.26,11.56,0.51
2063,1,recover,swarm,-15.97,12.57,0.58
2063,2,recover,swarm,-16.04,13.22,1.23
2063,3,strike,bruiser,-15.35,11.68,0.72
2063,4,pounce,pouncer,-16.34,11.37,0.71
2064,1,recover,swarm,-15.97,12.57,0.58
2064,2,recover,swarm,-16.04,13.22,1.23
2064,3,strike,bruiser,-15.34,11.71,0.71
2064,4,pounce,pouncer,-16.28,11.38,0.68
2065,1,recover,swarm,-15.97,12.57,0.58
2065,2,recover,swarm,-16.04,13.22,1.23
2065,3,strike,bruiser,-15.29,11.81,0.73
2065,4,pounce,pouncer,-16.08,11.35,0.65
2066,1,recover,swarm,-15.97,12.57,0.58
2066,2,recover,swarm,-16.04,13.22,1.23
2066,3,strike,bruiser,-15.27,11.84,0.74
2066,4,recover,pouncer,-16.04,11.31,0.68
2067,1,recover,swarm,-15.97,12.57,0.58
2067,2,recover,swarm,-16.04,13.22,1.23
2067,3,strike,bruiser,-15.26,11.86,0.74
2067,4,recover,pouncer,-16.04,11.31,0.68
2068,1,recover,swarm,-15.97,12.57,0.58
2068,2,recover,swarm,-16.04,13.22,1.23
2068,3,strike,bruiser,-15.21,11.95,0.78
2068,4,recover,pouncer,-16.04,11.31,0.68
2069,1,recover,swarm,-15.97,12.57,0.58
2069,2,recover,swarm,-16.04,13.22,1.23
2069,3,strike,bruiser,-15.15,12.08,0.85
2069,4,recover,pouncer,-16.04,11.31,0.68
2070,1,recover,swarm,-15.97,12.57,0.58
2070,2,recover,swarm,-16.04,13.22,1.23
2070,3,strike,bruiser,-15.13,12.11,0.86
2070,4,recover,pouncer,-16.04,11.31,0.68
2071,1,recover,swarm,-15.97,12.57,0.58
2071,2,recover,swarm,-16.04,13.22,1.23
2071,3,strike,bruiser,-15.10,12.21,0.92
2071,4,recover,pouncer,-16.04,11.31,0.68
2072,1,recover,swarm,-15.97,12.57,0.58
2072,2,recover,swarm,-16.04,13.22,1.23
2072,3,strike,bruiser,-15.09,12.24,0.93
2072,4,recover,pouncer,-16.04,11.31,0.68
2073,1,recover,swarm,-15.97,12.57,0.58
2073,2,recover,swarm,-16.04,13.22,1.23
2073,3,strike,bruiser,-15.05,12.38,1.01
2073,4,recover,pouncer,-16.04,11.31,0.68
2074,1,recover,swarm,-15.97,12.57,0.58
2074,2,recover,swarm,-16.04,13.22,1.23
2074,3,strike,bruiser,-15.05,12.41,1.03
2074,4,recover,pouncer,-16.04,11.31,0.68
2075,1,recover,swarm,-15.97,12.57,0.58
2075,2,recover,swarm,-16.04,13.22,1.23
2075,3,strike,bruiser,-14.97,12.65,1.21
2075,4,recover,pouncer,-16.04,11.31,0.68
2076,1,recover,swarm,-15.97,12.57,0.58
2076,2,recover,swarm,-16.04,13.22,1.23
2076,3,recover,bruiser,-14.96,12.68,1.24
2076,4,recover,pouncer,-16.04,11.31,0.68
2077,1,recover,swarm,-15.97,12.57,0.58
2077,2,recover,swarm,-16.04,13.22,1.23
2077,3,recover,bruiser,-14.96,12.68,1.24
2077,4,recover,pouncer,-16.04,11.31,0.68
2078,1,recover,swarm,-15.97,12.57,0.58
2078,2,recover,swarm,-16.04,13.22,1.23
2078,3,recover,bruiser,-14.96,12.68,1.24
2078,4,recover,pouncer,-16.04,11.31,0.68
2079,1,recover,swarm,-15.97,12.57,0.58
2079,2,recover,swarm,-16.04,13.22,1.23
2079,3,recover,bruiser,-14.96,12.68,1.24
2079,4,recover,pouncer,-16.04,11.31,0.68
2080,1,recover,swarm,-15.97,12.57,0.58
2080,2,recover,swarm,-16.04,13.22,1.23
2080,3,recover,bruiser,-14.96,12.68,1.24
2080,4,recover,pouncer,-16.04,11.31,0.68
2081,1,recover,swarm,-15.97,12.57,0.58
2081,2,recover,swarm,-16.04,13.22,1.23
2081,3,recover,bruiser,-14.96,12.68,1.24
2081,4,recover,pouncer,-16.04,11.31,0.68
2082,1,recover,swarm,-15.97,12.57,0.58
2082,2,recover,swarm,-16.04,13.22,1.23
2082,3,recover,bruiser,-14.96,12.68,1.24
2082,4,recover,pouncer,-16.04,11.31,0.68
2083,1,recover,swarm,-15.97,12.57,0.58
2083,2,recover,swarm,-16.04,13.22,1.23
2083,3,recover,bruiser,-14.96,12.68,1.24
2083,4,recover,pouncer,-16.04,11.31,0.68
2084,1,recover,swarm,-15.97,12.57,0.58
2084,2,recover,swarm,-16.04,13.22,1.23
2084,3,recover,bruiser,-14.96,12.68,1.24
2084,4,recover,pouncer,-16.04,11.31,0.68
2085,1,recover,swarm,-15.97,12.57,0.58
2085,2,recover,swarm,-16.04,13.22,1.23
2085,3,recover,bruiser,-14.96,12.68,1.24
2085,4,recover,pouncer,-16.04,11.31,0.68
2086,1,recover,swarm,-15.97,12.57,0.58
2086,2,recover,swarm,-16.04,13.22,1.23
2086,3,recover,bruiser,-14.96,12.68,1.24
2086,4,recover,pouncer,-16.04,11.31,0.68
2087,1,recover,swarm,-15.97,12.57,0.58
2087,2,recover,swarm,-16.04,13.22,1.23
2087,3,recover,bruiser,-14.96,12.68,1.24
2087,4,recover,pouncer,-16.04,11.31,0.68
2088,1,recover,swarm,-15.97,12.57,0.58
2088,2,recover,swarm,-16.04,13.22,1.23
2088,3,recover,bruiser,-14.96,12.68,1.24
2088,4,recover,pouncer,-16.04,11.31,0.68
2089,1,recover,swarm,-15.97,12.57,0.58
2089,2,recover,swarm,-16.04,13.22,1.23
2089,3,recover,bruiser,-14.96,12.68,1.24
2089,4,recover,pouncer,-16.04,11.31,0.68
2090,1,chase,swarm,-15.97,12.57,0.58
2090,2,chase,swarm,-16.04,13.22,1.23
2090,3,recover,bruiser,-14.96,12.68,1.24
2090,4,recover,pouncer,-16.04,11.31,0.68
2091,1,windup,swarm,-15.97,12.57,0.58
2091,2,windup,swarm,-16.04,13.22,1.23
2091,3,recover,bruiser,-14.96,12.68,1.24
2091,4,recover,pouncer,-16.04,11.31,0.68
2092,1,windup,swarm,-15.97,12.57,0.58
2092,2,windup,swarm,-16.04,13.22,1.23
2092,3,recover,bruiser,-14.96,12.68,1.24
2092,4,recover,pouncer,-16.04,11.31,0.68
2093,1,windup,swarm,-15.97,12.57,0.58
2093,2,windup,swarm,-16.04,13.22,1.23
2093,3,recover,bruiser,-14.96,12.68,1.24
2093,4,recover,pouncer,-16.04,11.31,0.68
2094,1,windup,swarm,-15.97,12.57,0.58
2094,2,windup,swarm,-16.04,13.22,1.23
2094,3,recover,bruiser,-14.96,12.68,1.24
2094,4,recover,pouncer,-16.04,11.31,0.68
2095,1,windup,swarm,-15.97,12.57,0.58
2095,2,windup,swarm,-16.04,13.22,1.23
2095,3,recover,bruiser,-14.96,12.68,1.24
2095,4,recover,pouncer,-16.04,11.31,0.68
2096,1,windup,swarm,-15.97,12.57,0.58
2096,2,windup,swarm,-16.04,13.22,1.23
2096,3,recover,bruiser,-14.96,12.68,1.24
2096,4,recover,pouncer,-16.04,11.31,0.68
2097,1,windup,swarm,-15.97,12.57,0.58
2097,2,windup,swarm,-16.04,13.22,1.23
2097,3,recover,bruiser,-14.96,12.68,1.24
2097,4,recover,pouncer,-16.04,11.31,0.68
2098,1,windup,swarm,-15.97,12.57,0.58
2098,2,windup,swarm,-16.04,13.22,1.23
2098,3,recover,bruiser,-14.96,12.68,1.24
2098,4,recover,pouncer,-16.04,11.31,0.68
2099,1,windup,swarm,-15.97,12.57,0.58
2099,2,windup,swarm,-16.04,13.22,1.23
2099,3,recover,bruiser,-14.96,12.68,1.24
2099,4,recover,pouncer,-16.04,11.31,0.68
2100,1,windup,swarm,-15.97,12.57,0.58
2100,2,windup,swarm,-16.04,13.22,1.23
2100,3,recover,bruiser,-14.96,12.68,1.24
2100,4,recover,pouncer,-16.04,11.31,0.68
2101,1,windup,swarm,-15.97,12.57,0.58
2101,2,windup,swarm,-16.04,13.22,1.23
2101,3,recover,bruiser,-14.96,12.68,1.24
2101,4,recover,pouncer,-16.04,11.31,0.68
2102,1,windup,swarm,-15.97,12.57,0.58
2102,2,windup,swarm,-16.04,13.22,1.23
2102,3,recover,bruiser,-14.96,12.68,1.24
2102,4,recover,pouncer,-16.04,11.31,0.68
2103,1,windup,swarm,-15.97,12.57,0.58
2103,2,windup,swarm,-16.04,13.22,1.23
2103,3,recover,bruiser,-14.96,12.68,1.24
2103,4,recover,pouncer,-16.04,11.31,0.68
2104,1,windup,swarm,-15.97,12.57,0.58
2104,2,windup,swarm,-16.04,13.22,1.23
2104,3,recover,bruiser,-14.96,12.68,1.24
2104,4,recover,pouncer,-16.04,11.31,0.68
2105,1,windup,swarm,-15.97,12.57,0.58
2105,2,windup,swarm,-16.04,13.22,1.23
2105,3,recover,bruiser,-14.96,12.68,1.24
2105,4,recover,pouncer,-16.04,11.31,0.68
2106,1,strike,swarm,-15.97,12.57,0.58
2106,2,strike,swarm,-16.04,13.22,1.23
2106,3,recover,bruiser,-14.96,12.68,1.24
2106,4,recover,pouncer,-16.04,11.31,0.68
2107,1,strike,swarm,-15.99,12.47,0.48
2107,2,strike,swarm,-16.10,13.30,1.31
2107,3,recover,bruiser,-14.96,12.68,1.24
2107,4,recover,pouncer,-16.04,11.31,0.68
2108,1,strike,swarm,-16.00,12.44,0.45
2108,2,strike,swarm,-16.12,13.28,1.30
2108,3,recover,bruiser,-14.96,12.68,1.24
2108,4,recover,pouncer,-16.04,11.31,0.68
2109,1,strike,swarm,-16.03,12.29,0.30
2109,2,strike,swarm,-16.23,13.16,1.20
2109,3,recover,bruiser,-14.96,12.68,1.24
2109,4,recover,pouncer,-16.04,11.31,0.68
2110,1,strike,swarm,-16.04,12.26,0.27
2110,2,strike,swarm,-16.25,13.14,1.17
2110,3,recover,bruiser,-14.96,12.68,1.24
2110,4,recover,pouncer,-16.04,11.31,0.68
2111,1,strike,swarm,-16.05,12.13,0.15
2111,2,strike,swarm,-16.31,13.03,1.09
2111,3,recover,bruiser,-14.96,12.68,1.24
2111,4,recover,pouncer,-16.04,11.31,0.68
2112,1,strike,swarm,-16.05,12.10,0.12
2112,2,strike,swarm,-16.33,13.00,1.06
2112,3,recover,bruiser,-14.96,12.68,1.24
2112,4,recover,pouncer,-16.04,11.31,0.68
2113,1,strike,swarm,-16.04,11.99,0.05
2113,2,strike,swarm,-16.38,12.90,0.99
2113,3,recover,bruiser,-14.96,12.68,1.24
2113,4,recover,pouncer,-16.04,11.31,0.68
2114,1,strike,swarm,-16.03,11.96,0.05
2114,2,strike,swarm,-16.39,12.88,0.97
2114,3,recover,bruiser,-14.96,12.68,1.24
2114,4,recover,pouncer,-16.04,11.31,0.68
2115,1,strike,swarm,-15.94,11.84,0.16
2115,2,strike,swarm,-16.46,12.74,0.88
2115,3,recover,bruiser,-14.96,12.68,1.24
2115,4,recover,pouncer,-16.04,11.31,0.68
2116,1,strike,swarm,-15.91,11.84,0.17
2116,2,strike,swarm,-16.47,12.71,0.86
2116,3,recover,bruiser,-14.96,12.68,1.24
2116,4,recover,pouncer,-16.04,11.31,0.68
2117,1,strike,swarm,-15.84,11.84,0.22
2117,2,strike,swarm,-16.50,12.64,0.82
2117,3,recover,bruiser,-14.96,12.68,1.24
2117,4,recover,pouncer,-16.04,11.31,0.68
2118,1,strike,swarm,-15.74,11.82,0.31
2118,2,strike,swarm,-16.54,12.55,0.78
2118,3,recover,bruiser,-14.96,12.68,1.24
2118,4,recover,pouncer,-16.04,11.31,0.68
2119,1,strike,swarm,-15.64,11.79,0.40
2119,2,strike,swarm,-16.58,12.46,0.75
2119,3,recover,bruiser,-14.96,12.68,1.24
2119,4,recover,pouncer,-16.04,11.31,0.68
2120,1,strike,swarm,-15.55,11.74,0.51
2120,2,strike,swarm,-16.61,12.36,0.72
2120,3,recover,bruiser,-14.96,12.68,1.24
2120,4,recover,pouncer,-16.04,11.31,0.68
2121,1,strike,swarm,-15.47,11.69,0.60
2121,2,strike,swarm,-16.63,12.27,0.70
2121,3,recover,bruiser,-14.96,12.68,1.24
2121,4,recover,pouncer,-16.04,11.31,0.68
2122,1,strike,swarm,-15.39,11.63,0.70
2122,2,strike,swarm,-16.65,12.17,0.68
2122,3,recover,bruiser,-14.96,12.68,1.24
2122,4,recover,pouncer,-16.04,11.31,0.68
2123,1,recover,swarm,-15.31,11.56,0.80
2123,2,recover,swarm,-16.69,12.07,0.70
2123,3,recover,bruiser,-14.96,12.68,1.24
2123,4,recover,pouncer,-16.04,11.31,0.68
2124,1,recover,swarm,-15.31,11.56,0.80
2124,2,recover,swarm,-16.69,12.07,0.70
2124,3,recover,bruiser,-14.96,12.68,1.24
2124,4,recover,pouncer,-16.04,11.31,0.68
2125,1,recover,swarm,-15.31,11.56,0.80
2125,2,recover,swarm,-16.69,12.07,0.70
2125,3,recover,bruiser,-14.96,12.68,1.24
2125,4,recover,pouncer,-16.04,11.31,0.68
2126,1,recover,swarm,-15.31,11.56,0.80
2126,2,recover,swarm,-16.69,12.07,0.70
2126,3,recover,bruiser,-14.96,12.68,1.24
2126,4,recover,pouncer,-16.04,11.31,0.68
2127,1,recover,swarm,-15.31,11.56,0.80
2127,2,recover,swarm,-16.69,12.07,0.70
2127,3,recover,bruiser,-14.96,12.68,1.24
2127,4,recover,pouncer,-16.04,11.31,0.68
2128,1,recover,swarm,-15.31,11.56,0.80
2128,2,recover,swarm,-16.69,12.07,0.70
2128,3,recover,bruiser,-14.96,12.68,1.24
2128,4,recover,pouncer,-16.04,11.31,0.68
2129,1,recover,swarm,-15.31,11.56,0.80
2129,2,recover,swarm,-16.69,12.07,0.70
2129,3,recover,bruiser,-14.96,12.68,1.24
2129,4,recover,pouncer,-16.04,11.31,0.68
2130,1,recover,swarm,-15.31,11.56,0.80
2130,2,recover,swarm,-16.69,12.07,0.70
2130,3,recover,bruiser,-14.96,12.68,1.24
2130,4,recover,pouncer,-16.04,11.31,0.68
2131,1,recover,swarm,-15.31,11.56,0.80
2131,2,recover,swarm,-16.69,12.07,0.70
2131,3,recover,bruiser,-14.96,12.68,1.24
2131,4,recover,pouncer,-16.04,11.31,0.68
2132,1,recover,swarm,-15.31,11.56,0.80
2132,2,recover,swarm,-16.69,12.07,0.70
2132,3,recover,bruiser,-14.96,12.68,1.24
2132,4,recover,pouncer,-16.04,11.31,0.68
2133,1,recover,swarm,-15.31,11.56,0.80
2133,2,recover,swarm,-16.69,12.07,0.70
2133,3,recover,bruiser,-14.96,12.68,1.24
2133,4,recover,pouncer,-16.04,11.31,0.68
2134,1,recover,swarm,-15.31,11.56,0.80
2134,2,recover,swarm,-16.69,12.07,0.70
2134,3,recover,bruiser,-14.96,12.68,1.24
2134,4,recover,pouncer,-16.04,11.31,0.68
2135,1,recover,swarm,-15.31,11.56,0.80
2135,2,recover,swarm,-16.69,12.07,0.70
2135,3,recover,bruiser,-14.96,12.68,1.24
2135,4,recover,pouncer,-16.04,11.31,0.68
2136,1,recover,swarm,-15.31,11.56,0.80
2136,2,recover,swarm,-16.69,12.07,0.70
2136,3,recover,bruiser,-14.96,12.68,1.24
2136,4,recover,pouncer,-16.04,11.31,0.68
2137,1,recover,swarm,-15.31,11.56,0.80
2137,2,recover,swarm,-16.69,12.07,0.70
2137,3,recover,bruiser,-14.96,12.68,1.24
2137,4,recover,pouncer,-16.04,11.31,0.68
2138,1,recover,swarm,-15.31,11.56,0.80
2138,2,recover,swarm,-16.69,12.07,0.70
2138,3,recover,bruiser,-14.96,12.68,1.24
2138,4,recover,pouncer,-16.04,11.31,0.68
2139,1,recover,swarm,-15.31,11.56,0.80
2139,2,recover,swarm,-16.69,12.07,0.70
2139,3,recover,bruiser,-14.96,12.68,1.24
2139,4,recover,pouncer,-16.04,11.31,0.68
2140,1,recover,swarm,-15.31,11.56,0.80
2140,2,recover,swarm,-16.69,12.07,0.70
2140,3,recover,bruiser,-14.96,12.68,1.24
2140,4,recover,pouncer,-16.04,11.31,0.68
2141,1,recover,swarm,-15.31,11.56,0.80
2141,2,recover,swarm,-16.69,12.07,0.70
2141,3,recover,bruiser,-14.96,12.68,1.24
2141,4,stalk,pouncer,-16.04,11.31,0.68
2142,1,recover,swarm,-15.31,11.56,0.80
2142,2,recover,swarm,-16.69,12.07,0.70
2142,3,recover,bruiser,-14.96,12.68,1.24
2142,4,crouch,pouncer,-16.04,11.26,0.73
2143,1,recover,swarm,-15.31,11.56,0.80
2143,2,recover,swarm,-16.69,12.07,0.70
2143,3,recover,bruiser,-14.96,12.68,1.24
2143,4,crouch,pouncer,-16.04,11.26,0.73
2144,1,recover,swarm,-15.31,11.56,0.80
2144,2,recover,swarm,-16.69,12.07,0.70
2144,3,recover,bruiser,-14.96,12.68,1.24
2144,4,crouch,pouncer,-16.04,11.26,0.73
2145,1,recover,swarm,-15.31,11.56,0.80
2145,2,recover,swarm,-16.69,12.07,0.70
2145,3,recover,bruiser,-14.96,12.68,1.24
2145,4,crouch,pouncer,-16.04,11.26,0.73
2146,1,recover,swarm,-15.31,11.56,0.80
2146,2,recover,swarm,-16.69,12.07,0.70
2146,3,advance,bruiser,-14.96,12.68,1.24
2146,4,crouch,pouncer,-16.04,11.26,0.73
2147,1,recover,swarm,-15.31,11.56,0.80
2147,2,recover,swarm,-16.69,12.07,0.70
2147,3,windup,bruiser,-14.96,12.68,1.24
2147,4,crouch,pouncer,-16.04,11.26,0.73
2148,1,recover,swarm,-15.31,11.56,0.80
2148,2,recover,swarm,-16.69,12.07,0.70
2148,3,windup,bruiser,-14.96,12.68,1.24
2148,4,crouch,pouncer,-16.04,11.26,0.73
2149,1,recover,swarm,-15.31,11.56,0.80
2149,2,recover,swarm,-16.69,12.07,0.70
2149,3,windup,bruiser,-14.96,12.68,1.24
2149,4,crouch,pouncer,-16.04,11.26,0.73
2150,1,recover,swarm,-15.31,11.56,0.80
2150,2,recover,swarm,-16.69,12.07,0.70
2150,3,windup,bruiser,-14.96,12.68,1.24
2150,4,crouch,pouncer,-16.04,11.26,0.73
2151,1,recover,swarm,-15.31,11.56,0.80
2151,2,recover,swarm,-16.69,12.07,0.70
2151,3,windup,bruiser,-14.96,12.68,1.24
2151,4,crouch,pouncer,-16.04,11.26,0.73
2152,1,recover,swarm,-15.31,11.56,0.80
2152,2,recover,swarm,-16.69,12.07,0.70
2152,3,windup,bruiser,-14.96,12.68,1.24
2152,4,crouch,pouncer,-16.04,11.26,0.73
2153,1,recover,swarm,-15.31,11.56,0.80
2153,2,recover,swarm,-16.69,12.07,0.70
2153,3,windup,bruiser,-14.96,12.68,1.24
2153,4,crouch,pouncer,-16.04,11.26,0.73
2154,1,recover,swarm,-15.31,11.56,0.80
2154,2,recover,swarm,-16.69,12.07,0.70
2154,3,windup,bruiser,-14.96,12.68,1.24
2154,4,crouch,pouncer,-16.04,11.26,0.73
2155,1,recover,swarm,-15.31,11.56,0.80
2155,2,recover,swarm,-16.69,12.07,0.70
2155,3,windup,bruiser,-14.96,12.68,1.24
2155,4,crouch,pouncer,-16.04,11.26,0.73
2156,1,recover,swarm,-15.31,11.56,0.80
2156,2,recover,swarm,-16.69,12.07,0.70
2156,3,windup,bruiser,-14.96,12.68,1.24
2156,4,crouch,pouncer,-16.04,11.26,0.73
2157,1,recover,swarm,-15.31,11.56,0.80
2157,2,recover,swarm,-16.69,12.07,0.70
2157,3,windup,bruiser,-14.96,12.68,1.24
2157,4,crouch,pouncer,-16.04,11.26,0.73
2158,1,recover,swarm,-15.31,11.56,0.80
2158,2,recover,swarm,-16.69,12.07,0.70
2158,3,windup,bruiser,-14.96,12.68,1.24
2158,4,crouch,pouncer,-16.04,11.26,0.73
2159,1,recover,swarm,-15.31,11.56,0.80
2159,2,recover,swarm,-16.69,12.07,0.70
2159,3,windup,bruiser,-14.96,12.68,1.24
2159,4,crouch,pouncer,-16.04,11.26,0.73
2160,1,recover,swarm,-15.31,11.56,0.80
2160,2,recover,swarm,-16.69,12.07,0.70
2160,3,windup,bruiser,-14.96,12.68,1.24
2160,4,crouch,pouncer,-16.04,11.26,0.73
2161,1,recover,swarm,-15.31,11.56,0.80
2161,2,recover,swarm,-16.69,12.07,0.70
2161,3,windup,bruiser,-14.96,12.68,1.24
2161,4,crouch,pouncer,-16.04,11.26,0.73
2162,1,recover,swarm,-15.31,11.56,0.80
2162,2,recover,swarm,-16.69,12.07,0.70
2162,3,windup,bruiser,-14.96,12.68,1.24
2162,4,crouch,pouncer,-16.04,11.26,0.73
2163,1,recover,swarm,-15.31,11.56,0.80
2163,2,recover,swarm,-16.69,12.07,0.70
2163,3,windup,bruiser,-14.96,12.68,1.24
2163,4,crouch,pouncer,-16.04,11.26,0.73
2164,1,recover,swarm,-15.31,11.56,0.80
2164,2,recover,swarm,-16.69,12.07,0.70
2164,3,windup,bruiser,-14.96,12.68,1.24
2164,4,crouch,pouncer,-16.04,11.26,0.73
2165,1,chase,swarm,-15.31,11.56,0.80
2165,2,chase,swarm,-16.69,12.07,0.70
2165,3,windup,bruiser,-14.96,12.68,1.24
2165,4,crouch,pouncer,-16.04,11.26,0.73
2166,1,windup,swarm,-15.31,11.56,0.80
2166,2,windup,swarm,-16.69,12.07,0.70
2166,3,windup,bruiser,-14.96,12.68,1.24
2166,4,crouch,pouncer,-16.04,11.26,0.73
2167,1,windup,swarm,-15.31,11.56,0.80
2167,2,windup,swarm,-16.69,12.07,0.70
2167,3,windup,bruiser,-14.96,12.68,1.24
2167,4,crouch,pouncer,-16.04,11.26,0.73
2168,1,windup,swarm,-15.31,11.56,0.80
2168,2,windup,swarm,-16.69,12.07,0.70
2168,3,windup,bruiser,-14.96,12.68,1.24
2168,4,crouch,pouncer,-16.04,11.26,0.73
2169,1,windup,swarm,-15.31,11.56,0.80
2169,2,windup,swarm,-16.69,12.07,0.70
2169,3,windup,bruiser,-14.96,12.68,1.24
2169,4,pounce,pouncer,-16.04,11.26,0.73
2170,1,windup,swarm,-15.31,11.56,0.80
2170,2,windup,swarm,-16.69,12.07,0.70
2170,3,windup,bruiser,-14.96,12.68,1.24
2170,4,pounce,pouncer,-16.18,11.31,0.70
2171,1,windup,swarm,-15.31,11.56,0.80
2171,2,windup,swarm,-16.69,12.07,0.70
2171,3,windup,bruiser,-14.96,12.68,1.24
2171,4,pounce,pouncer,-16.31,11.38,0.69
2172,1,windup,swarm,-15.31,11.56,0.80
2172,2,windup,swarm,-16.69,12.07,0.70
2172,3,windup,bruiser,-14.96,12.68,1.24
2172,4,pounce,pouncer,-16.46,11.43,0.73
2173,1,windup,swarm,-15.31,11.56,0.80
2173,2,windup,swarm,-16.69,12.07,0.70
2173,3,windup,bruiser,-14.96,12.68,1.24
2173,4,pounce,pouncer,-16.36,11.32,0.76
2174,1,windup,swarm,-15.31,11.56,0.80
2174,2,windup,swarm,-16.69,12.07,0.70
2174,3,windup,bruiser,-14.96,12.68,1.24
2174,4,pounce,pouncer,-16.29,11.66,0.44
2175,1,windup,swarm,-15.31,11.56,0.80
2175,2,windup,swarm,-16.69,12.07,0.70
2175,3,windup,bruiser,-14.96,12.68,1.24
2175,4,pounce,pouncer,-16.25,11.67,0.41
2176,1,windup,swarm,-15.31,11.56,0.80
2176,2,windup,swarm,-16.69,12.07,0.70
2176,3,windup,bruiser,-14.96,12.68,1.24
2176,4,pounce,pouncer,-16.08,11.73,0.28
2177,1,windup,swarm,-15.31,11.56,0.80
2177,2,windup,swarm,-16.69,12.07,0.70
2177,3,windup,bruiser,-14.96,12.68,1.24
2177,4,pounce,pouncer,-16.07,11.77,0.23
2178,1,windup,swarm,-15.31,11.56,0.80
2178,2,windup,swarm,-16.69,12.07,0.70
2178,3,windup,bruiser,-14.96,12.68,1.24
2178,4,pounce,pouncer,-16.00,12.09,0.10
2179,1,windup,swarm,-15.31,11.56,0.80
2179,2,windup,swarm,-16.69,12.07,0.70
2179,3,windup,bruiser,-14.96,12.68,1.24
2179,4,pounce,pouncer,-15.99,12.13,0.14
2180,1,windup,swarm,-15.31,11.56,0.80
2180,2,windup,swarm,-16.69,12.07,0.70
2180,3,windup,bruiser,-14.96,12.68,1.24
2180,4,pounce,pouncer,-15.93,12.36,0.37
2181,1,strike,swarm,-15.31,11.56,0.80
2181,2,strike,swarm,-16.69,12.07,0.70
2181,3,windup,bruiser,-14.96,12.68,1.24
2181,4,pounce,pouncer,-15.93,12.40,0.41
2182,1,strike,swarm,-15.42,11.54,0.73
2182,2,strike,swarm,-16.66,11.97,0.67
2182,3,windup,bruiser,-14.96,12.68,1.24
2182,4,pounce,pouncer,-15.92,12.56,0.58
2183,1,strike,swarm,-15.47,11.55,0.68
2183,2,strike,swarm,-16.63,11.93,0.64
2183,3,windup,bruiser,-14.96,12.68,1.24
2183,4,pounce,pouncer,-15.93,12.64,0.65
2184,1,strike,swarm,-15.57,11.57,0.59
2184,2,strike,swarm,-16.56,11.85,0.59
2184,3,windup,bruiser,-14.96,12.68,1.24
2184,4,pounce,pouncer,-15.96,12.79,0.80
2185,1,strike,swarm,-15.65,11.64,0.50
2185,2,strike,swarm,-16.49,11.78,0.54
2185,3,windup,bruiser,-14.96,12.68,1.24
2185,4,pounce,pouncer,-15.99,12.94,0.94
2186,1,strike,swarm,-15.66,11.74,0.42
2186,2,strike,swarm,-16.40,11.74,0.48
2186,3,strike,bruiser,-14.96,12.68,1.24
2186,4,pounce,pouncer,-16.04,13.09,1.10
2187,1,strike,swarm,-15.63,11.83,0.40
2187,2,strike,swarm,-16.46,11.67,0.57
2187,3,strike,bruiser,-15.01,12.62,1.16
2187,4,pounce,pouncer,-16.07,13.23,1.24
2188,1,strike,swarm,-15.71,11.89,0.29
2188,2,strike,swarm,-16.42,11.57,0.60
2188,3,strike,bruiser,-15.09,12.58,1.08
2188,4,pounce,pouncer,-16.08,13.39,1.40
2189,1,strike,swarm,-15.78,11.96,0.21
2189,2,strike,swarm,-16.41,11.48,0.67
2189,3,strike,bruiser,-15.17,12.57,1.00
2189,4,pounce,pouncer,-16.08,13.53,1.54
2190,1,strike,swarm,-15.86,12.02,0.14
2190,2,strike,swarm,-16.39,11.38,0.73
2190,3,strike,bruiser,-15.25,12.60,0.95
2190,4,recover,pouncer,-16.07,13.68,1.69
2191,1,strike,swarm,-16.01,12.13,0.14
2191,2,strike,swarm,-16.31,11.21,0.84
2191,3,strike,bruiser,-15.39,12.67,0.91
2191,4,recover,pouncer,-16.07,13.68,1.69
2192,1,strike,swarm,-16.05,12.14,0.16
2192,2,strike,swarm,-16.28,11.19,0.86
2192,3,strike,bruiser,-15.40,12.64,0.88
2192,4,recover,pouncer,-16.07,13.68,1.69
2193,1,strike,swarm,-16.20,12.20,0.29
2193,2,strike,swarm,-16.16,11.08,0.93
2193,3,strike,bruiser,-15.40,12.51,0.78
2193,4,recover,pouncer,-16.07,13.68,1.69
2194,1,strike,swarm,-16.34,12.25,0.43
2194,2,strike,swarm,-16.02,11.02,0.98
2194,3,strike,bruiser,-15.40,12.38,0.71
2194,4,recover,pouncer,-16.07,13.68,1.69
2195,1,recover,swarm,-16.36,12.25,0.46
2195,2,recover,swarm,-16.00,11.01,0.98
2195,3,strike,bruiser,-15.41,12.36,0.69
2195,4,recover,pouncer,-16.07,13.68,1.69
2196,1,recover,swarm,-16.36,12.25,0.46
2196,2,recover,swarm,-16.00,11.01,0.98
2196,3,strike,bruiser,-15.49,12.12,0.52
2196,4,recover,pouncer,-16.07,13.68,1.69
2197,1,recover,swarm,-16.36,12.25,0.46
2197,2,recover,swarm,-16.00,11.01,0.98
2197,3,strike,bruiser,-15.48,12.09,0.52
2197,4,recover,pouncer,-16.07,13.68,1.69
2198,1,recover,swarm,-16.36,12.25,0.46
2198,2,recover,swarm,-16.00,11.01,0.98
2198,3,strike,bruiser,-15.47,11.96,0.52
2198,4,recover,pouncer,-16.07,13.68,1.69
2199,1,recover,swarm,-16.36,12.25,0.46
2199,2,recover,swarm,-16.00,11.01,0.98
2199,3,strike,bruiser,-15.45,11.83,0.56
2199,4,recover,pouncer,-16.07,13.68,1.69
2200,1,recover,swarm,-16.36,12.25,0.46
2200,2,recover,swarm,-16.00,11.01,0.98
2200,3,recover,bruiser,-15.45,11.81,0.58
2200,4,recover,pouncer,-16.07,13.68,1.69
2201,1,recover,swarm,-16.36,12.25,0.46
2201,2,recover,swarm,-16.00,11.01,0.98
2201,3,recover,bruiser,-15.45,11.81,0.58
2201,4,recover,pouncer,-16.07,13.68,1.69
2202,1,recover,swarm,-16.36,12.25,0.46
2202,2,recover,swarm,-16.00,11.01,0.98
2202,3,recover,bruiser,-15.45,11.81,0.58
2202,4,recover,pouncer,-16.07,13.68,1.69
2203,1,recover,swarm,-16.36,12.25,0.46
2203,2,recover,swarm,-16.00,11.01,0.98
2203,3,recover,bruiser,-15.45,11.81,0.58
2203,4,recover,pouncer,-16.07,13.68,1.69
2204,1,recover,swarm,-16.36,12.25,0.46
2204,2,recover,swarm,-16.00,11.01,0.98
2204,3,recover,bruiser,-15.45,11.81,0.58
2204,4,recover,pouncer,-16.07,13.68,1.69
2205,1,recover,swarm,-16.36,12.25,0.46
2205,2,recover,swarm,-16.00,11.01,0.98
2205,3,recover,bruiser,-15.45,11.81,0.58
2205,4,recover,pouncer,-16.07,13.68,1.69
2206,1,recover,swarm,-16.36,12.25,0.46
2206,2,recover,swarm,-16.00,11.01,0.98
2206,3,recover,bruiser,-15.45,11.81,0.58
2206,4,recover,pouncer,-16.07,13.68,1.69
2207,1,recover,swarm,-16.36,12.25,0.46
2207,2,recover,swarm,-16.00,11.01,0.98
2207,3,recover,bruiser,-15.45,11.81,0.58
2207,4,recover,pouncer,-16.07,13.68,1.69
2208,1,recover,swarm,-16.36,12.25,0.46
2208,2,recover,swarm,-16.00,11.01,0.98
2208,3,recover,bruiser,-15.45,11.81,0.58
2208,4,recover,pouncer,-16.07,13.68,1.69
2209,1,recover,swarm,-16.36,12.25,0.46
2209,2,recover,swarm,-16.00,11.01,0.98
2209,3,recover,bruiser,-15.45,11.81,0.58
2209,4,recover,pouncer,-16.07,13.68,1.69
2210,1,recover,swarm,-16.36,12.25,0.46
2210,2,recover,swarm,-16.00,11.01,0.98
2210,3,recover,bruiser,-15.45,11.81,0.58
2210,4,recover,pouncer,-16.07,13.68,1.69
2211,1,recover,swarm,-16.36,12.25,0.46
2211,2,recover,swarm,-16.00,11.01,0.98
2211,3,recover,bruiser,-15.45,11.81,0.58
2211,4,recover,pouncer,-16.07,13.68,1.69
2212,1,recover,swarm,-16.36,12.25,0.46
2212,2,recover,swarm,-16.00,11.01,0.98
2212,3,recover,bruiser,-15.45,11.81,0.58
2212,4,recover,pouncer,-16.07,13.68,1.69
2213,1,recover,swarm,-16.36,12.25,0.46
2213,2,recover,swarm,-16.00,11.01,0.98
2213,3,recover,bruiser,-15.45,11.81,0.58
2213,4,recover,pouncer,-16.07,13.68,1.69
2214,1,recover,swarm,-16.36,12.25,0.46
2214,2,recover,swarm,-16.00,11.01,0.98
2214,3,recover,bruiser,-15.45,11.81,0.58
2214,4,recover,pouncer,-16.07,13.68,1.69
2215,1,recover,swarm,-16.36,12.25,0.46
2215,2,recover,swarm,-16.00,11.01,0.98
2215,3,recover,bruiser,-15.45,11.81,0.58
2215,4,recover,pouncer,-16.07,13.68,1.69
2216,1,recover,swarm,-16.36,12.25,0.46
2216,2,recover,swarm,-16.00,11.01,0.98
2216,3,recover,bruiser,-15.45,11.81,0.58
2216,4,recover,pouncer,-16.07,13.68,1.69
2217,1,recover,swarm,-16.36,12.25,0.46
2217,2,recover,swarm,-16.00,11.01,0.98
2217,3,recover,bruiser,-15.45,11.81,0.58
2217,4,recover,pouncer,-16.07,13.68,1.69
2218,1,recover,swarm,-16.36,12.25,0.46
2218,2,recover,swarm,-16.00,11.01,0.98
2218,3,recover,bruiser,-15.45,11.81,0.58
2218,4,recover,pouncer,-16.07,13.68,1.69
2219,1,recover,swarm,-16.36,12.25,0.46
2219,2,recover,swarm,-16.00,11.01,0.98
2219,3,recover,bruiser,-15.45,11.81,0.58
2219,4,recover,pouncer,-16.07,13.68,1.69
2220,1,recover,swarm,-16.36,12.25,0.46
2220,2,recover,swarm,-16.00,11.01,0.98
2220,3,recover,bruiser,-15.45,11.81,0.58
2220,4,recover,pouncer,-16.07,13.68,1.69
2221,1,recover,swarm,-16.36,12.25,0.46
2221,2,recover,swarm,-16.00,11.01,0.98
2221,3,recover,bruiser,-15.45,11.81,0.58
2221,4,recover,pouncer,-16.07,13.68,1.69
2222,1,recover,swarm,-16.36,12.25,0.46
2222,2,recover,swarm,-16.00,11.01,0.98
2222,3,recover,bruiser,-15.45,11.81,0.58
2222,4,recover,pouncer,-16.07,13.68,1.69
2223,1,recover,swarm,-16.36,12.25,0.46
2223,2,recover,swarm,-16.00,11.01,0.98
2223,3,recover,bruiser,-15.45,11.81,0.58
2223,4,recover,pouncer,-16.07,13.68,1.69
2224,1,recover,swarm,-16.36,12.25,0.46
2224,2,recover,swarm,-16.00,11.01,0.98
2224,3,recover,bruiser,-15.45,11.81,0.58
2224,4,recover,pouncer,-16.07,13.68,1.69
2225,1,recover,swarm,-16.36,12.25,0.46
2225,2,recover,swarm,-16.00,11.01,0.98
2225,3,recover,bruiser,-15.45,11.81,0.58
2225,4,recover,pouncer,-16.07,13.68,1.69
2226,1,recover,swarm,-16.36,12.25,0.46
2226,2,recover,swarm,-16.00,11.01,0.98
2226,3,recover,bruiser,-15.45,11.81,0.58
2226,4,recover,pouncer,-16.07,13.68,1.69
2227,1,recover,swarm,-16.36,12.25,0.46
2227,2,recover,swarm,-16.00,11.01,0.98
2227,3,recover,bruiser,-15.45,11.81,0.58
2227,4,recover,pouncer,-16.07,13.68,1.69
2228,1,recover,swarm,-16.36,12.25,0.46
2228,2,recover,swarm,-16.00,11.01,0.98
2228,3,recover,bruiser,-15.45,11.81,0.58
2228,4,recover,pouncer,-16.07,13.68,1.69
2229,1,recover,swarm,-16.36,12.25,0.46
2229,2,recover,swarm,-16.00,11.01,0.98
2229,3,recover,bruiser,-15.45,11.81,0.58
2229,4,recover,pouncer,-16.07,13.68,1.69
2230,1,recover,swarm,-16.36,12.25,0.46
2230,2,recover,swarm,-16.00,11.01,0.98
2230,3,recover,bruiser,-15.45,11.81,0.58
2230,4,recover,pouncer,-16.07,13.68,1.69
2231,1,recover,swarm,-16.36,12.25,0.46
2231,2,recover,swarm,-16.00,11.01,0.98
2231,3,recover,bruiser,-15.45,11.81,0.58
2231,4,recover,pouncer,-16.07,13.68,1.69
2232,1,chase,swarm,-16.36,12.25,0.46
2232,2,chase,swarm,-16.00,11.01,0.98
2232,3,recover,bruiser,-15.45,11.81,0.58
2232,4,recover,pouncer,-16.07,13.68,1.69
2233,1,windup,swarm,-16.36,12.25,0.46
2233,2,windup,swarm,-16.00,11.01,0.98
2233,3,recover,bruiser,-15.45,11.81,0.58
2233,4,recover,pouncer,-16.07,13.68,1.69
2234,1,windup,swarm,-16.36,12.25,0.46
2234,2,windup,swarm,-16.00,11.01,0.98
2234,3,recover,bruiser,-15.45,11.81,0.58
2234,4,recover,pouncer,-16.07,13.68,1.69
2235,1,windup,swarm,-16.36,12.25,0.46
2235,2,windup,swarm,-16.00,11.01,0.98
2235,3,recover,bruiser,-15.45,11.81,0.58
2235,4,recover,pouncer,-16.07,13.68,1.69
2236,1,windup,swarm,-16.36,12.25,0.46
2236,2,windup,swarm,-16.00,11.01,0.98
2236,3,recover,bruiser,-15.45,11.81,0.58
2236,4,recover,pouncer,-16.07,13.68,1.69
2237,1,windup,swarm,-16.36,12.25,0.46
2237,2,windup,swarm,-16.00,11.01,0.98
2237,3,recover,bruiser,-15.45,11.81,0.58
2237,4,recover,pouncer,-16.07,13.68,1.69
2238,1,windup,swarm,-16.36,12.25,0.46
2238,2,windup,swarm,-16.00,11.01,0.98
2238,3,recover,bruiser,-15.45,11.81,0.58
2238,4,recover,pouncer,-16.07,13.68,1.69
2239,1,windup,swarm,-16.36,12.25,0.46
2239,2,windup,swarm,-16.00,11.01,0.98
2239,3,recover,bruiser,-15.45,11.81,0.58
2239,4,recover,pouncer,-16.07,13.68,1.69
2240,1,windup,swarm,-16.36,12.25,0.46
2240,2,windup,swarm,-16.00,11.01,0.98
2240,3,recover,bruiser,-15.45,11.81,0.58
2240,4,recover,pouncer,-16.07,13.68,1.69
2241,1,windup,swarm,-16.36,12.25,0.46
2241,2,windup,swarm,-16.00,11.01,0.98
2241,3,recover,bruiser,-15.45,11.81,0.58
2241,4,recover,pouncer,-16.07,13.68,1.69
2242,1,windup,swarm,-16.36,12.25,0.46
2242,2,windup,swarm,-16.00,11.01,0.98
2242,3,recover,bruiser,-15.45,11.81,0.58
2242,4,recover,pouncer,-16.07,13.68,1.69
2243,1,windup,swarm,-16.36,12.25,0.46
2243,2,windup,swarm,-16.00,11.01,0.98
2243,3,recover,bruiser,-15.45,11.81,0.58
2243,4,recover,pouncer,-16.07,13.68,1.69
2244,1,windup,swarm,-16.36,12.25,0.46
2244,2,windup,swarm,-16.00,11.01,0.98
2244,3,recover,bruiser,-15.45,11.81,0.58
2244,4,recover,pouncer,-16.07,13.68,1.69
2245,1,windup,swarm,-16.36,12.25,0.46
2245,2,windup,swarm,-16.00,11.01,0.98
2245,3,recover,bruiser,-15.45,11.81,0.58
2245,4,recover,pouncer,-16.07,13.68,1.69
2246,1,strike,swarm,-16.36,12.25,0.46
2246,2,strike,swarm,-16.00,11.01,0.98
2246,3,recover,bruiser,-15.45,11.81,0.58
2246,4,recover,pouncer,-16.07,13.68,1.69
2247,1,strike,swarm,-16.27,12.16,0.32
2247,2,strike,swarm,-16.08,11.12,0.88
2247,3,recover,bruiser,-15.45,11.81,0.58
2247,4,recover,pouncer,-16.07,13.68,1.69
2248,1,strike,swarm,-16.27,12.19,0.34
2248,2,strike,swarm,-16.11,11.11,0.89
2248,3,recover,bruiser,-15.45,11.81,0.58
2248,4,recover,pouncer,-16.07,13.68,1.69
2249,1,strike,swarm,-16.24,12.31,0.41
2249,2,strike,swarm,-16.24,11.14,0.89
2249,3,recover,bruiser,-15.45,11.81,0.58
2249,4,recover,pouncer,-16.07,13.68,1.69
2250,1,strike,swarm,-16.21,12.32,0.39
2250,2,strike,swarm,-16.26,11.17,0.87
2250,3,recover,bruiser,-15.45,11.81,0.58
2250,4,recover,pouncer,-16.07,13.68,1.69
2251,1,strike,swarm,-16.11,12.39,0.41
2251,2,strike,swarm,-16.35,11.25,0.83
2251,3,recover,bruiser,-15.45,11.81,0.58
2251,4,recover,pouncer,-16.07,13.68,1.69
2252,1,strike,swarm,-16.09,12.41,0.43
2252,2,strike,swarm,-16.37,11.27,0.82
2252,3,recover,bruiser,-15.45,11.81,0.58
2252,4,recover,pouncer,-16.07,13.68,1.69
2253,1,strike,swarm,-15.92,12.53,0.54
2253,2,strike,swarm,-16.50,11.42,0.77
2253,3,recover,bruiser,-15.45,11.81,0.58
2253,4,recover,pouncer,-16.07,13.68,1.69
2254,1,strike,swarm,-15.89,12.52,0.54
2254,2,strike,swarm,-16.52,11.45,0.75
2254,3,recover,bruiser,-15.45,11.81,0.58
2254,4,recover,pouncer,-16.07,13.68,1.69
2255,1,strike,swarm,-15.77,12.54,0.59
2255,2,strike,swarm,-16.57,11.56,0.72
2255,3,recover,bruiser,-15.45,11.81,0.58
2255,4,stalk,pouncer,-16.07,13.68,1.69
2256,1,strike,swarm,-15.74,12.55,0.61
2256,2,strike,swarm,-16.58,11.59,0.71
2256,3,recover,bruiser,-15.45,11.81,0.58
2256,4,crouch,pouncer,-16.06,13.69,1.70
2257,1,strike,swarm,-15.58,12.60,0.74
2257,2,strike,swarm,-16.63,11.75,0.69
2257,3,recover,bruiser,-15.45,11.81,0.58
2257,4,crouch,pouncer,-16.06,13.69,1.70
2258,1,strike,swarm,-15.55,12.61,0.76
2258,2,strike,swarm,-16.64,11.78,0.68
2258,3,recover,bruiser,-15.45,11.81,0.58
2258,4,crouch,pouncer,-16.06,13.69,1.70
2259,1,strike,swarm,-15.25,12.69,1.02
2259,2,strike,swarm,-16.70,12.09,0.72
2259,3,recover,bruiser,-15.45,11.81,0.58
2259,4,crouch,pouncer,-16.06,13.69,1.70
2260,1,recover,swarm,-15.22,12.70,1.05
2260,2,recover,swarm,-16.70,12.12,0.72
2260,3,recover,bruiser,-15.45,11.81,0.58
2260,4,crouch,pouncer,-16.06,13.69,1.70
2261,1,recover,swarm,-15.22,12.70,1.05
2261,2,recover,swarm,-16.70,12.12,0.72
2261,3,recover,bruiser,-15.45,11.81,0.58
2261,4,crouch,pouncer,-16.06,13.69,1.70
2262,1,recover,swarm,-15.22,12.70,1.05
2262,2,recover,swarm,-16.70,12.12,0.72
2262,3,advance,bruiser,-15.45,11.81,0.58
2262,4,crouch,pouncer,-16.06,13.69,1.70
2263,1,recover,swarm,-15.22,12.70,1.05
2263,2,recover,swarm,-16.70,12.12,0.72
2263,3,windup,bruiser,-15.45,11.81,0.58
2263,4,crouch,pouncer,-16.06,13.69,1.70
2264,1,recover,swarm,-15.22,12.70,1.05
2264,2,recover,swarm,-16.70,12.12,0.72
2264,3,windup,bruiser,-15.45,11.81,0.58
2264,4,crouch,pouncer,-16.06,13.69,1.70
2265,1,recover,swarm,-15.22,12.70,1.05
2265,2,recover,swarm,-16.70,12.12,0.72
2265,3,windup,bruiser,-15.45,11.81,0.58
2265,4,crouch,pouncer,-16.06,13.69,1.70
2266,1,recover,swarm,-15.22,12.70,1.05
2266,2,recover,swarm,-16.70,12.12,0.72
2266,3,windup,bruiser,-15.45,11.81,0.58
2266,4,crouch,pouncer,-16.06,13.69,1.70
2267,1,recover,swarm,-15.22,12.70,1.05
2267,2,recover,swarm,-16.70,12.12,0.72
2267,3,windup,bruiser,-15.45,11.81,0.58
2267,4,crouch,pouncer,-16.06,13.69,1.70
2268,1,recover,swarm,-15.22,12.70,1.05
2268,2,recover,swarm,-16.70,12.12,0.72
2268,3,windup,bruiser,-15.45,11.81,0.58
2268,4,crouch,pouncer,-16.06,13.69,1.70
2269,1,recover,swarm,-15.22,12.70,1.05
2269,2,recover,swarm,-16.70,12.12,0.72
2269,3,windup,bruiser,-15.45,11.81,0.58
2269,4,crouch,pouncer,-16.06,13.69,1.70
2270,1,recover,swarm,-15.22,12.70,1.05
2270,2,recover,swarm,-16.70,12.12,0.72
2270,3,windup,bruiser,-15.45,11.81,0.58
2270,4,crouch,pouncer,-16.06,13.69,1.70
2271,1,recover,swarm,-15.22,12.70,1.05
2271,2,recover,swarm,-16.70,12.12,0.72
2271,3,windup,bruiser,-15.45,11.81,0.58
2271,4,crouch,pouncer,-16.06,13.69,1.70
2272,1,recover,swarm,-15.22,12.70,1.05
2272,2,recover,swarm,-16.70,12.12,0.72
2272,3,windup,bruiser,-15.45,11.81,0.58
2272,4,crouch,pouncer,-16.06,13.69,1.70
2273,1,recover,swarm,-15.22,12.70,1.05
2273,2,recover,swarm,-16.70,12.12,0.72
2273,3,windup,bruiser,-15.45,11.81,0.58
2273,4,crouch,pouncer,-16.06,13.69,1.70
2274,1,recover,swarm,-15.22,12.70,1.05
2274,2,recover,swarm,-16.70,12.12,0.72
2274,3,windup,bruiser,-15.45,11.81,0.58
2274,4,crouch,pouncer,-16.06,13.69,1.70
2275,1,recover,swarm,-15.22,12.70,1.05
2275,2,recover,swarm,-16.70,12.12,0.72
2275,3,windup,bruiser,-15.45,11.81,0.58
2275,4,crouch,pouncer,-16.06,13.69,1.70
2276,1,recover,swarm,-15.22,12.70,1.05
2276,2,recover,swarm,-16.70,12.12,0.72
2276,3,windup,bruiser,-15.45,11.81,0.58
2276,4,crouch,pouncer,-16.06,13.69,1.70
2277,1,recover,swarm,-15.22,12.70,1.05
2277,2,recover,swarm,-16.70,12.12,0.72
2277,3,windup,bruiser,-15.45,11.81,0.58
2277,4,crouch,pouncer,-16.06,13.69,1.70
2278,1,recover,swarm,-15.22,12.70,1.05
2278,2,recover,swarm,-16.70,12.12,0.72
2278,3,windup,bruiser,-15.45,11.81,0.58
2278,4,pounce,pouncer,-16.06,13.69,1.70
2279,1,recover,swarm,-15.22,12.70,1.05
2279,2,recover,swarm,-16.70,12.12,0.72
2279,3,windup,bruiser,-15.45,11.81,0.58
2279,4,pounce,pouncer,-16.05,13.40,1.41
2280,1,recover,swarm,-15.22,12.70,1.05
2280,2,recover,swarm,-16.70,12.12,0.72
2280,3,windup,bruiser,-15.45,11.81,0.58
2280,4,pounce,pouncer,-16.06,13.36,1.37
2281,1,recover,swarm,-15.22,12.70,1.05
2281,2,recover,swarm,-16.70,12.12,0.72
2281,3,windup,bruiser,-15.45,11.81,0.58
2281,4,pounce,pouncer,-16.97,11.29,1.20
2282,1,recover,swarm,-15.22,12.70,1.05
2282,2,recover,swarm,-16.70,12.12,0.72
2282,3,windup,bruiser,-15.45,11.81,0.58
2282,4,pounce,pouncer,-16.97,11.24,1.24
2283,1,recover,swarm,-15.22,12.70,1.05
2283,2,recover,swarm,-16.70,12.12,0.72
2283,3,windup,bruiser,-15.45,11.81,0.58
2283,4,pounce,pouncer,-17.04,10.58,1.76
2284,1,chase,swarm,-15.22,12.70,1.05
2284,2,chase,swarm,-16.70,12.12,0.72
2284,3,strike,bruiser,-15.45,11.81,0.58
2284,4,recover,pouncer,-17.04,10.51,1.82
2285,1,windup,swarm,-15.22,12.70,1.05
2285,2,windup,swarm,-16.70,12.12,0.72
2285,3,strike,bruiser,-15.61,11.74,0.45
2285,4,recover,pouncer,-17.04,10.51,1.82
2286,1,windup,swarm,-15.22,12.70,1.05
2286,2,windup,swarm,-16.70,12.12,0.72
2286,3,strike,bruiser,-15.65,11.73,0.43
2286,4,recover,pouncer,-17.04,10.51,1.82
2287,1,windup,swarm,-15.22,12.70,1.05
2287,2,windup,swarm,-16.70,12.12,0.72
2287,3,strike,bruiser,-15.74,11.70,0.38
2287,4,recover,pouncer,-17.04,10.51,1.82
2288,1,windup,swarm,-15.22,12.70,1.05
2288,2,windup,swarm,-16.70,12.12,0.72
2288,3,strike,bruiser,-15.77,11.70,0.37
2288,4,recover,pouncer,-17.04,10.51,1.82
2289,1,windup,swarm,-15.22,12.70,1.05
2289,2,windup,swarm,-16.70,12.12,0.72
2289,3,strike,bruiser,-15.91,11.66,0.35
2289,4,recover,pouncer,-17.04,10.51,1.82
2290,1,windup,swarm,-15.22,12.70,1.05
2290,2,windup,swarm,-16.70,12.12,0.72
2290,3,strike,bruiser,-15.93,11.64,0.35
2290,4,recover,pouncer,-17.04,10.51,1.82
2291,1,windup,swarm,-15.22,12.70,1.05
2291,2,windup,swarm,-16.70,12.12,0.72
2291,3,strike,bruiser,-16.02,11.61,0.39
2291,4,recover,pouncer,-17.04,10.51,1.82
2292,1,windup,swarm,-15.22,12.70,1.05
2292,2,windup,swarm,-16.70,12.12,0.72
2292,3,strike,bruiser,-16.05,11.58,0.41
2292,4,recover,pouncer,-17.04,10.51,1.82
2293,1,windup,swarm,-15.22,12.70,1.05
2293,2,windup,swarm,-16.70,12.12,0.72
2293,3,strike,bruiser,-16.17,11.46,0.56
2293,4,recover,pouncer,-17.04,10.51,1.82
2294,1,windup,swarm,-15.22,12.70,1.05
2294,2,windup,swarm,-16.70,12.12,0.72
2294,3,strike,bruiser,-16.19,11.44,0.59
2294,4,recover,pouncer,-17.04,10.51,1.82
2295,1,windup,swarm,-15.22,12.70,1.05
2295,2,windup,swarm,-16.70,12.12,0.72
2295,3,strike,bruiser,-16.27,11.36,0.69
2295,4,recover,pouncer,-17.04,10.51,1.82
2296,1,windup,swarm,-15.22,12.70,1.05
2296,2,windup,swarm,-16.70,12.12,0.72
2296,3,strike,bruiser,-16.30,11.34,0.72
2296,4,recover,pouncer,-17.04,10.51,1.82
2297,1,windup,swarm,-15.22,12.70,1.05
2297,2,windup,swarm,-16.70,12.12,0.72
2297,3,strike,bruiser,-16.39,11.30,0.80
2297,4,recover,pouncer,-17.04,10.51,1.82
2298,1,windup,swarm,-15.22,12.70,1.05
2298,2,windup,swarm,-16.70,12.12,0.72
2298,3,strike,bruiser,-16.42,11.29,0.82
2298,4,recover,pouncer,-17.04,10.51,1.82
2299,1,windup,swarm,-15.22,12.70,1.05
2299,2,windup,swarm,-16.70,12.12,0.72
2299,3,strike,bruiser,-16.54,11.29,0.89
2299,4,recover,pouncer,-17.04,10.51,1.82
2300,1,windup,swarm,-15.22,12.70,1.05
2300,2,windup,swarm,-16.70,12.12,0.72
2300,3,strike,bruiser,-16.56,11.29,0.90
2300,4,recover,pouncer,-17.04,10.51,1.82
2301,1,strike,swarm,-15.22,12.70,1.05
2301,2,strike,swarm,-16.70,12.12,0.72
2301,3,strike,bruiser,-16.80,11.33,1.04
2301,4,recover,pouncer,-17.04,10.51,1.82
2302,1,strike,swarm,-15.24,12.67,1.01
2302,2,strike,swarm,-16.67,12.14,0.70
2302,3,recover,bruiser,-16.83,11.34,1.06
2302,4,recover,pouncer,-17.04,10.51,1.82
2303,1,strike,swarm,-15.36,12.56,0.85
2303,2,strike,swarm,-16.54,12.23,0.60
2303,3,recover,bruiser,-16.83,11.34,1.06
2303,4,recover,pouncer,-17.04,10.51,1.82
2304,1,strike,swarm,-15.39,12.53,0.81
2304,2,strike,swarm,-16.50,12.25,0.57
2304,3,recover,bruiser,-16.83,11.34,1.06
2304,4,recover,pouncer,-17.04,10.51,1.82
2305,1,strike,swarm,-15.50,12.38,0.63
2305,2,strike,swarm,-16.33,12.32,0.47
2305,3,recover,bruiser,-16.83,11.34,1.06
2305,4,recover,pouncer,-17.04,10.51,1.82
2306,1,strike,swarm,-15.49,12.33,0.61
2306,2,strike,swarm,-16.28,12.34,0.45
2306,3,recover,bruiser,-16.83,11.34,1.06
2306,4,recover,pouncer,-17.04,10.51,1.82
2307,1,strike,swarm,-15.43,12.20,0.59
2307,2,strike,swarm,-16.17,12.43,0.48
2307,3,recover,bruiser,-16.83,11.34,1.06
2307,4,recover,pouncer,-17.04,10.51,1.82
2308,1,strike,swarm,-15.42,12.16,0.59
2308,2,strike,swarm,-16.17,12.48,0.52
2308,3,recover,bruiser,-16.83,11.34,1.06
2308,4,recover,pouncer,-17.04,10.51,1.82
2309,1,strike,swarm,-15.40,12.03,0.59
2309,2,strike,swarm,-16.12,12.60,0.62
2309,3,recover,bruiser,-16.83,11.34,1.06
2309,4,recover,pouncer,-17.04,10.51,1.82
2310,1,strike,swarm,-15.41,11.98,0.58
2310,2,strike,swarm,-16.08,12.63,0.64
2310,3,recover,bruiser,-16.83,11.34,1.06
2310,4,recover,pouncer,-17.04,10.51,1.82
2311,1,strike,swarm,-15.44,11.78,0.59
2311,2,strike,swarm,-15.92,12.75,0.76
2311,3,recover,bruiser,-16.83,11.34,1.06
2311,4,recover,pouncer,-17.04,10.51,1.82
2312,1,recover,swarm,-15.46,11.75,0.58
2312,2,recover,swarm,-15.88,12.76,0.77
2312,3,recover,bruiser,-16.83,11.34,1.06
2312,4,recover,pouncer,-17.04,10.51,1.82
2313,1,recover,swarm,-15.46,11.75,0.58
2313,2,recover,swarm,-15.88,12.76,0.77
2313,3,recover,bruiser,-16.83,11.34,1.06
2313,4,recover,pouncer,-17.04,10.51,1.82
2314,1,recover,swarm,-15.46,11.75,0.58
2314,2,recover,swarm,-15.88,12.76,0.77
2314,3,recover,bruiser,-16.83,11.34,1.06
2314,4,recover,pouncer,-17.04,10.51,1.82
2315,1,recover,swarm,-15.46,11.75,0.58
2315,2,recover,swarm,-15.88,12.76,0.77
2315,3,recover,bruiser,-16.83,11.34,1.06
2315,4,recover,pouncer,-17.04,10.51,1.82
2316,1,recover,swarm,-15.46,11.75,0.58
2316,2,recover,swarm,-15.88,12.76,0.77
2316,3,recover,bruiser,-16.83,11.34,1.06
2316,4,recover,pouncer,-17.04,10.51,1.82
2317,1,recover,swarm,-15.46,11.75,0.58
2317,2,recover,swarm,-15.88,12.76,0.77
2317,3,recover,bruiser,-16.83,11.34,1.06
2317,4,recover,pouncer,-17.04,10.51,1.82
2318,1,recover,swarm,-15.46,11.75,0.58
2318,2,recover,swarm,-15.88,12.76,0.77
2318,3,recover,bruiser,-16.83,11.34,1.06
2318,4,recover,pouncer,-17.04,10.51,1.82
2319,1,recover,swarm,-15.46,11.75,0.58
2319,2,recover,swarm,-15.88,12.76,0.77
2319,3,recover,bruiser,-16.83,11.34,1.06
2319,4,recover,pouncer,-17.04,10.51,1.82
2320,1,recover,swarm,-15.46,11.75,0.58
2320,2,recover,swarm,-15.88,12.76,0.77
2320,3,recover,bruiser,-16.83,11.34,1.06
2320,4,recover,pouncer,-17.04,10.51,1.82
2321,1,recover,swarm,-15.46,11.75,0.58
2321,2,recover,swarm,-15.88,12.76,0.77
2321,3,recover,bruiser,-16.83,11.34,1.06
2321,4,recover,pouncer,-17.04,10.51,1.82
2322,1,recover,swarm,-15.46,11.75,0.58
2322,2,recover,swarm,-15.88,12.76,0.77
2322,3,recover,bruiser,-16.83,11.34,1.06
2322,4,recover,pouncer,-17.04,10.51,1.82
2323,1,recover,swarm,-15.46,11.75,0.58
2323,2,recover,swarm,-15.88,12.76,0.77
2323,3,recover,bruiser,-16.83,11.34,1.06
2323,4,recover,pouncer,-17.04,10.51,1.82
2324,1,recover,swarm,-15.46,11.75,0.58
2324,2,recover,swarm,-15.88,12.76,0.77
2324,3,recover,bruiser,-16.83,11.34,1.06
2324,4,recover,pouncer,-17.04,10.51,1.82
2325,1,recover,swarm,-15.46,11.75,0.58
2325,2,recover,swarm,-15.88,12.76,0.77
2325,3,recover,bruiser,-16.83,11.34,1.06
2325,4,recover,pouncer,-17.04,10.51,1.82
2326,1,recover,swarm,-15.46,11.75,0.58
2326,2,recover,swarm,-15.88,12.76,0.77
2326,3,recover,bruiser,-16.83,11.34,1.06
2326,4,recover,pouncer,-17.04,10.51,1.82
2327,1,recover,swarm,-15.46,11.75,0.58
2327,2,recover,swarm,-15.88,12.76,0.77
2327,3,recover,bruiser,-16.83,11.34,1.06
2327,4,recover,pouncer,-17.04,10.51,1.82
2328,1,recover,swarm,-15.46,11.75,0.58
2328,2,recover,swarm,-15.88,12.76,0.77
2328,3,recover,bruiser,-16.83,11.34,1.06
2328,4,recover,pouncer,-17.04,10.51,1.82
2329,1,recover,swarm,-15.46,11.75,0.58
2329,2,recover,swarm,-15.88,12.76,0.77
2329,3,recover,bruiser,-16.83,11.34,1.06
2329,4,recover,pouncer,-17.04,10.51,1.82
2330,1,recover,swarm,-15.46,11.75,0.58
2330,2,recover,swarm,-15.88,12.76,0.77
2330,3,recover,bruiser,-16.83,11.34,1.06
2330,4,recover,pouncer,-17.04,10.51,1.82
2331,1,recover,swarm,-15.46,11.75,0.58
2331,2,recover,swarm,-15.88,12.76,0.77
2331,3,recover,bruiser,-16.83,11.34,1.06
2331,4,recover,pouncer,-17.04,10.51,1.82
2332,1,recover,swarm,-15.46,11.75,0.58
2332,2,recover,swarm,-15.88,12.76,0.77
2332,3,recover,bruiser,-16.83,11.34,1.06
2332,4,recover,pouncer,-17.04,10.51,1.82
2333,1,recover,swarm,-15.46,11.75,0.58
2333,2,recover,swarm,-15.88,12.76,0.77
2333,3,recover,bruiser,-16.83,11.34,1.06
2333,4,recover,pouncer,-17.04,10.51,1.82
2334,1,recover,swarm,-15.46,11.75,0.58
2334,2,recover,swarm,-15.88,12.76,0.77
2334,3,recover,bruiser,-16.83,11.34,1.06
2334,4,recover,pouncer,-17.04,10.51,1.82
2335,1,recover,swarm,-15.46,11.75,0.58
2335,2,recover,swarm,-15.88,12.76,0.77
2335,3,recover,bruiser,-16.83,11.34,1.06
2335,4,recover,pouncer,-17.04,10.51,1.82
2336,1,recover,swarm,-15.46,11.75,0.58
2336,2,recover,swarm,-15.88,12.76,0.77
2336,3,recover,bruiser,-16.83,11.34,1.06
2336,4,recover,pouncer,-17.04,10.51,1.82
2337,1,recover,swarm,-15.46,11.75,0.58
2337,2,recover,swarm,-15.88,12.76,0.77
2337,3,recover,bruiser,-16.83,11.34,1.06
2337,4,recover,pouncer,-17.04,10.51,1.82
2338,1,recover,swarm,-15.46,11.75,0.58
2338,2,recover,swarm,-15.88,12.76,0.77
2338,3,recover,bruiser,-16.83,11.34,1.06
2338,4,recover,pouncer,-17.04,10.51,1.82
2339,1,recover,swarm,-15.46,11.75,0.58
2339,2,recover,swarm,-15.88,12.76,0.77
2339,3,recover,bruiser,-16.83,11.34,1.06
2339,4,recover,pouncer,-17.04,10.51,1.82
2340,1,recover,swarm,-15.46,11.75,0.58
2340,2,recover,swarm,-15.88,12.76,0.77
2340,3,recover,bruiser,-16.83,11.34,1.06
2340,4,recover,pouncer,-17.04,10.51,1.82
2341,1,recover,swarm,-15.46,11.75,0.58
2341,2,recover,swarm,-15.88,12.76,0.77
2341,3,recover,bruiser,-16.83,11.34,1.06
2341,4,recover,pouncer,-17.04,10.51,1.82
2342,1,recover,swarm,-15.46,11.75,0.58
2342,2,recover,swarm,-15.88,12.76,0.77
2342,3,recover,bruiser,-16.83,11.34,1.06
2342,4,recover,pouncer,-17.04,10.51,1.82
2343,1,recover,swarm,-15.46,11.75,0.58
2343,2,recover,swarm,-15.88,12.76,0.77
2343,3,recover,bruiser,-16.83,11.34,1.06
2343,4,recover,pouncer,-17.04,10.51,1.82
2344,1,recover,swarm,-15.46,11.75,0.58
2344,2,recover,swarm,-15.88,12.76,0.77
2344,3,recover,bruiser,-16.83,11.34,1.06
2344,4,recover,pouncer,-17.04,10.51,1.82
2345,1,chase,swarm,-15.46,11.75,0.58
2345,2,chase,swarm,-15.88,12.76,0.77
2345,3,recover,bruiser,-16.83,11.34,1.06
2345,4,recover,pouncer,-17.04,10.51,1.82
2346,1,windup,swarm,-15.46,11.75,0.58
2346,2,windup,swarm,-15.88,12.76,0.77
2346,3,recover,bruiser,-16.83,11.34,1.06
2346,4,stalk,pouncer,-17.04,10.51,1.82
2347,1,windup,swarm,-15.46,11.75,0.58
2347,2,windup,swarm,-15.88,12.76,0.77
2347,3,recover,bruiser,-16.83,11.34,1.06
2347,4,crouch,pouncer,-17.10,10.47,1.88
2348,1,windup,swarm,-15.46,11.75,0.58
2348,2,windup,swarm,-15.88,12.76,0.77
2348,3,recover,bruiser,-16.83,11.34,1.06
2348,4,crouch,pouncer,-17.10,10.47,1.88
2349,1,windup,swarm,-15.46,11.75,0.58
2349,2,windup,swarm,-15.88,12.76,0.77
2349,3,recover,bruiser,-16.83,11.34,1.06
2349,4,crouch,pouncer,-17.10,10.47,1.88
2350,1,windup,swarm,-15.46,11.75,0.58
2350,2,windup,swarm,-15.88,12.76,0.77
2350,3,recover,bruiser,-16.83,11.34,1.06
2350,4,crouch,pouncer,-17.10,10.47,1.88
2351,1,windup,swarm,-15.46,11.75,0.58
2351,2,windup,swarm,-15.88,12.76,0.77
2351,3,recover,bruiser,-16.83,11.34,1.06
2351,4,crouch,pouncer,-17.10,10.47,1.88
2352,1,windup,swarm,-15.46,11.75,0.58
2352,2,windup,swarm,-15.88,12.76,0.77
2352,3,recover,bruiser,-16.83,11.34,1.06
2352,4,crouch,pouncer,-17.10,10.47,1.88
2353,1,windup,swarm,-15.46,11.75,0.58
2353,2,windup,swarm,-15.88,12.76,0.77
2353,3,recover,bruiser,-16.83,11.34,1.06
2353,4,crouch,pouncer,-17.10,10.47,1.88
2354,1,windup,swarm,-15.46,11.75,0.58
2354,2,windup,swarm,-15.88,12.76,0.77
2354,3,recover,bruiser,-16.83,11.34,1.06
2354,4,crouch,pouncer,-17.10,10.47,1.88
2355,1,windup,swarm,-15.46,11.75,0.58
2355,2,windup,swarm,-15.88,12.76,0.77
2355,3,recover,bruiser,-16.83,11.34,1.06
2355,4,crouch,pouncer,-17.10,10.47,1.88
2356,1,windup,swarm,-15.46,11.75,0.58
2356,2,windup,swarm,-15.88,12.76,0.77
2356,3,recover,bruiser,-16.83,11.34,1.06
2356,4,crouch,pouncer,-17.10,10.47,1.88
2357,1,windup,swarm,-15.46,11.75,0.58
2357,2,windup,swarm,-15.88,12.76,0.77
2357,3,recover,bruiser,-16.83,11.34,1.06
2357,4,crouch,pouncer,-17.10,10.47,1.88
2358,1,windup,swarm,-15.46,11.75,0.58
2358,2,windup,swarm,-15.88,12.76,0.77
2358,3,advance,bruiser,-16.83,11.34,1.06
2358,4,crouch,pouncer,-17.10,10.47,1.88
2359,1,windup,swarm,-15.46,11.75,0.58
2359,2,windup,swarm,-15.88,12.76,0.77
2359,3,windup,bruiser,-16.83,11.34,1.06
2359,4,crouch,pouncer,-17.10,10.47,1.88
2360,1,windup,swarm,-15.46,11.75,0.58
2360,2,windup,swarm,-15.88,12.76,0.77
2360,3,windup,bruiser,-16.83,11.34,1.06
2360,4,crouch,pouncer,-17.10,10.47,1.88
2361,1,windup,swarm,-15.46,11.75,0.58
2361,2,windup,swarm,-15.88,12.76,0.77
2361,3,windup,bruiser,-16.83,11.34,1.06
2361,4,crouch,pouncer,-17.10,10.47,1.88
2362,1,strike,swarm,-15.46,11.75,0.58
2362,2,strike,swarm,-15.88,12.76,0.77
2362,3,windup,bruiser,-16.83,11.34,1.06
2362,4,crouch,pouncer,-17.10,10.47,1.88
2363,1,strike,swarm,-15.60,11.76,0.45
2363,2,strike,swarm,-15.95,12.63,0.64
2363,3,windup,bruiser,-16.83,11.34,1.06
2363,4,crouch,pouncer,-17.10,10.47,1.88
2364,1,strike,swarm,-15.64,11.74,0.43
2364,2,strike,swarm,-15.98,12.61,0.61
2364,3,windup,bruiser,-16.83,11.34,1.06
2364,4,crouch,pouncer,-17.10,10.47,1.88
2365,1,strike,swarm,-15.79,11.68,0.38
2365,2,strike,swarm,-16.11,12.51,0.53
2365,3,windup,bruiser,-16.83,11.34,1.06
2365,4,crouch,pouncer,-17.10,10.47,1.88
2366,1,strike,swarm,-15.81,11.65,0.39
2366,2,strike,swarm,-16.14,12.49,0.52
2366,3,windup,bruiser,-16.83,11.34,1.06
2366,4,crouch,pouncer,-17.10,10.47,1.88
2367,1,strike,swarm,-15.94,11.51,0.49
2367,2,strike,swarm,-16.31,12.39,0.51
2367,3,windup,bruiser,-16.83,11.34,1.06
2367,4,crouch,pouncer,-17.10,10.47,1.88
2368,1,strike,swarm,-15.91,11.49,0.51
2368,2,strike,swarm,-16.35,12.37,0.52
2368,3,windup,bruiser,-16.83,11.34,1.06
2368,4,crouch,pouncer,-17.10,10.47,1.88
2369,1,strike,swarm,-15.77,11.45,0.58
2369,2,strike,swarm,-16.47,12.31,0.57
2369,3,windup,bruiser,-16.83,11.34,1.06
2369,4,crouch,pouncer,-17.10,10.47,1.88
2370,1,strike,swarm,-15.80,11.48,0.55
2370,2,strike,swarm,-16.50,12.28,0.58
2370,3,windup,bruiser,-16.83,11.34,1.06
2370,4,crouch,pouncer,-17.10,10.47,1.88
2371,1,strike,swarm,-15.87,11.58,0.43
2371,2,strike,swarm,-16.62,12.25,0.67
2371,3,windup,bruiser,-16.83,11.34,1.06
2371,4,crouch,pouncer,-17.10,10.47,1.88
2372,1,strike,swarm,-15.85,11.61,0.41
2372,2,strike,swarm,-16.65,12.26,0.71
2372,3,windup,bruiser,-16.83,11.34,1.06
2372,4,crouch,pouncer,-17.10,10.47,1.88
2373,1,strike,swarm,-15.80,11.81,0.26
2373,2,strike,swarm,-16.86,12.29,0.91
2373,3,windup,bruiser,-16.83,11.34,1.06
2373,4,crouch,pouncer,-17.10,10.47,1.88
2374,1,strike,swarm,-15.82,11.84,0.23
2374,2,strike,swarm,-16.89,12.27,0.94
2374,3,windup,bruiser,-16.83,11.34,1.06
2374,4,pounce,pouncer,-17.10,10.47,1.88
2375,1,strike,swarm,-15.92,11.98,0.07
2375,2,strike,swarm,-17.05,12.22,1.09
2375,3,windup,bruiser,-16.83,11.34,1.06
2375,4,pounce,pouncer,-16.85,10.52,1.71
2376,1,recover,swarm,-15.94,12.02,0.06
2376,2,recover,swarm,-17.09,12.21,1.12
2376,3,windup,bruiser,-16.83,11.34,1.06
2376,4,pounce,pouncer,-16.79,10.50,1.69
2377,1,recover,swarm,-15.94,12.02,0.06
2377,2,recover,swarm,-17.09,12.21,1.12
2377,3,windup,bruiser,-16.83,11.34,1.06
2377,4,pounce,pouncer,-16.59,10.46,1.64
2378,1,recover,swarm,-15.94,12.02,0.06
2378,2,recover,swarm,-17.09,12.21,1.12
2378,3,windup,bruiser,-16.83,11.34,1.06
2378,4,pounce,pouncer,-16.53,10.47,1.62
2379,1,recover,swarm,-15.94,12.02,0.06
2379,2,recover,swarm,-17.09,12.21,1.12
2379,3,windup,bruiser,-16.83,11.34,1.06
2379,4,pounce,pouncer,-16.24,10.50,1.51
2380,1,recover,swarm,-15.94,12.02,0.06
2380,2,recover,swarm,-17.09,12.21,1.12
2380,3,windup,bruiser,-16.83,11.34,1.06
2380,4,pounce,pouncer,-16.18,10.52,1.48
2381,1,recover,swarm,-15.94,12.02,0.06
2381,2,recover,swarm,-17.09,12.21,1.12
2381,3,windup,bruiser,-16.83,11.34,1.06
2381,4,pounce,pouncer,-16.00,10.60,1.39
2382,1,recover,swarm,-15.94,12.02,0.06
2382,2,recover,swarm,-17.09,12.21,1.12
2382,3,windup,bruiser,-16.83,11.34,1.06
2382,4,pounce,pouncer,-15.96,10.63,1.36
2383,1,recover,swarm,-15.94,12.02,0.06
2383,2,recover,swarm,-17.09,12.21,1.12
2383,3,windup,bruiser,-16.83,11.34,1.06
2383,4,pounce,pouncer,-15.72,10.79,1.23
2384,1,recover,swarm,-15.94,12.02,0.06
2384,2,recover,swarm,-17.09,12.21,1.12
2384,3,windup,bruiser,-16.83,11.34,1.06
2384,4,pounce,pouncer,-15.67,10.84,1.20
2385,1,recover,swarm,-15.94,12.02,0.06
2385,2,recover,swarm,-17.09,12.21,1.12
2385,3,windup,bruiser,-16.83,11.34,1.06
2385,4,pounce,pouncer,-15.38,11.09,1.09
2386,1,recover,swarm,-15.94,12.02,0.06
2386,2,recover,swarm,-17.09,12.21,1.12
2386,3,windup,bruiser,-16.83,11.34,1.06
2386,4,pounce,pouncer,-15.32,11.12,1.10
2387,1,recover,swarm,-15.94,12.02,0.06
2387,2,recover,swarm,-17.09,12.21,1.12
2387,3,windup,bruiser,-16.83,11.34,1.06
2387,4,pounce,pouncer,-15.09,11.25,1.17
2388,1,recover,swarm,-15.94,12.02,0.06
2388,2,recover,swarm,-17.09,12.21,1.12
2388,3,windup,bruiser,-16.83,11.34,1.06
2388,4,pounce,pouncer,-15.04,11.29,1.19
2389,1,recover,swarm,-15.94,12.02,0.06
2389,2,recover,swarm,-17.09,12.21,1.12
2389,3,windup,bruiser,-16.83,11.34,1.06
2389,4,pounce,pouncer,-14.83,11.45,1.28
2390,1,recover,swarm,-15.94,12.02,0.06
2390,2,recover,swarm,-17.09,12.21,1.12
2390,3,windup,bruiser,-16.83,11.34,1.06
2390,4,pounce,pouncer,-14.80,11.49,1.30
2391,1,recover,swarm,-15.94,12.02,0.06
2391,2,recover,swarm,-17.09,12.21,1.12
2391,3,windup,bruiser,-16.83,11.34,1.06
2391,4,pounce,pouncer,-14.68,11.63,1.36
2392,1,recover,swarm,-15.94,12.02,0.06
2392,2,recover,swarm,-17.09,12.21,1.12
2392,3,windup,bruiser,-16.83,11.34,1.06
2392,4,pounce,pouncer,-14.63,11.69,1.39
2393,1,recover,swarm,-15.94,12.02,0.06
2393,2,recover,swarm,-17.09,12.21,1.12
2393,3,windup,bruiser,-16.83,11.34,1.06
2393,4,pounce,pouncer,-14.49,11.88,1.50
2394,1,recover,swarm,-15.94,12.02,0.06
2394,2,recover,swarm,-17.09,12.21,1.12
2394,3,windup,bruiser,-16.83,11.34,1.06
2394,4,recover,pouncer,-14.45,11.93,1.54
2395,1,recover,swarm,-15.94,12.02,0.06
2395,2,recover,swarm,-17.09,12.21,1.12
2395,3,windup,bruiser,-16.83,11.34,1.06
2395,4,recover,pouncer,-14.45,11.93,1.54
2396,1,recover,swarm,-15.94,12.02,0.06
2396,2,recover,swarm,-17.09,12.21,1.12
2396,3,windup,bruiser,-16.83,11.34,1.06
2396,4,recover,pouncer,-14.45,11.93,1.54
2397,1,recover,swarm,-15.94,12.02,0.06
2397,2,recover,swarm,-17.09,12.21,1.12
2397,3,windup,bruiser,-16.83,11.34,1.06
2397,4,recover,pouncer,-14.45,11.93,1.54
2398,1,recover,swarm,-15.94,12.02,0.06
2398,2,recover,swarm,-17.09,12.21,1.12
2398,3,strike,bruiser,-16.83,11.34,1.06
2398,4,recover,pouncer,-14.45,11.93,1.54
2399,1,recover,swarm,-15.94,12.02,0.06
2399,2,recover,swarm,-17.09,12.21,1.12
2399,3,strike,bruiser,-16.71,11.28,1.01
2399,4,recover,pouncer,-14.45,11.93,1.54
2400,1,recover,swarm,-15.94,12.02,0.06
2400,2,recover,swarm,-17.09,12.21,1.12
2400,3,strike,bruiser,-16.68,11.27,1.00
2400,4,recover,pouncer,-14.45,11.93,1.54
2401,1,recover,swarm,-15.94,12.02,0.06
2401,2,recover,swarm,-17.09,12.21,1.12
2401,3,strike,bruiser,-16.55,11.22,0.95
2401,4,recover,pouncer,-14.45,11.93,1.54
