frame,enemy,state,archetype,x,z,dist
1,1,patrol,swarm,-7.00,-6.00,17.46
1,2,patrol,swarm,-4.00,-9.00,19.42
1,3,patrol,bruiser,9.00,-8.00,20.12
1,4,patrol,pouncer,3.00,-14.00,24.19
2,1,patrol,swarm,-7.03,-5.99,17.47
2,2,patrol,swarm,-4.02,-8.97,19.39
2,3,patrol,bruiser,9.02,-8.01,20.14
2,4,patrol,pouncer,2.99,-13.97,24.15
3,1,patrol,swarm,-7.25,-5.94,17.51
3,2,patrol,swarm,-4.14,-8.79,19.24
3,3,patrol,bruiser,9.16,-8.04,20.24
3,4,patrol,pouncer,2.89,-13.72,23.90
4,1,patrol,swarm,-7.27,-5.94,17.52
4,2,patrol,swarm,-4.15,-8.77,19.22
4,3,patrol,bruiser,9.18,-8.04,20.24
4,4,patrol,pouncer,2.88,-13.70,23.88
5,1,patrol,swarm,-7.28,-5.94,17.52
5,2,patrol,swarm,-4.16,-8.76,19.22
5,3,patrol,bruiser,9.18,-8.05,20.25
5,4,patrol,pouncer,2.88,-13.69,23.87
6,1,patrol,swarm,-7.29,-5.94,17.52
6,2,patrol,swarm,-4.16,-8.76,19.21
6,3,patrol,bruiser,9.19,-8.05,20.25
6,4,patrol,pouncer,2.88,-13.68,23.86
7,1,patrol,swarm,-7.29,-5.93,17.52
7,2,patrol,swarm,-4.17,-8.75,19.21
7,3,patrol,bruiser,9.19,-8.05,20.26
7,4,patrol,pouncer,2.87,-13.67,23.85
8,1,patrol,swarm,-7.30,-5.93,17.53
8,2,patrol,swarm,-4.17,-8.74,19.20
8,3,patrol,bruiser,9.20,-8.05,20.26
8,4,patrol,pouncer,2.87,-13.66,23.84
9,1,patrol,swarm,-7.31,-5.93,17.53
9,2,patrol,swarm,-4.18,-8.74,19.20
9,3,patrol,bruiser,9.21,-8.05,20.26
9,4,patrol,pouncer,2.87,-13.66,23.83
10,1,patrol,swarm,-7.31,-5.93,17.53
10,2,patrol,swarm,-4.18,-8.73,19.19
10,3,patrol,bruiser,9.21,-8.05,20.27
10,4,patrol,pouncer,2.86,-13.65,23.82
11,1,patrol,swarm,-7.33,-5.93,17.53
11,2,patrol,swarm,-4.19,-8.72,19.18
11,3,patrol,bruiser,9.22,-8.06,20.27
11,4,patrol,pouncer,2.86,-13.63,23.80
12,1,patrol,swarm,-7.35,-5.92,17.54
12,2,patrol,swarm,-4.20,-8.71,19.17
12,3,patrol,bruiser,9.23,-8.06,20.28
12,4,patrol,pouncer,2.85,-13.62,23.79
13,1,patrol,swarm,-7.36,-5.92,17.54
13,2,patrol,swarm,-4.21,-8.69,19.16
13,3,patrol,bruiser,9.24,-8.06,20.29
13,4,patrol,pouncer,2.84,-13.59,23.76
14,1,patrol,swarm,-7.38,-5.91,17.54
14,2,patrol,swarm,-4.22,-8.67,19.14
14,3,patrol,bruiser,9.26,-8.06,20.30
14,4,patrol,pouncer,2.83,-13.57,23.74
15,1,patrol,swarm,-7.40,-5.91,17.55
15,2,patrol,swarm,-4.23,-8.66,19.13
15,3,patrol,bruiser,9.27,-8.07,20.30
15,4,patrol,pouncer,2.83,-13.55,23.72
16,1,patrol,swarm,-7.42,-5.91,17.55
16,2,patrol,swarm,-4.24,-8.64,19.12
16,3,patrol,bruiser,9.28,-8.07,20.31
16,4,patrol,pouncer,2.82,-13.53,23.70
17,1,patrol,swarm,-7.44,-5.90,17.56
17,2,patrol,swarm,-4.25,-8.62,19.10
17,3,patrol,bruiser,9.29,-8.07,20.32
17,4,patrol,pouncer,2.81,-13.51,23.67
18,1,patrol,swarm,-7.46,-5.90,17.56
18,2,patrol,swarm,-4.26,-8.61,19.09
18,3,patrol,bruiser,9.30,-8.08,20.33
18,4,patrol,pouncer,2.80,-13.49,23.65
19,1,patrol,swarm,-7.48,-5.89,17.56
19,2,patrol,swarm,-4.27,-8.59,19.08
19,3,patrol,bruiser,9.32,-8.08,20.34
19,4,patrol,pouncer,2.79,-13.47,23.63
20,1,patrol,swarm,-7.50,-5.89,17.57
20,2,patrol,swarm,-4.28,-8.57,19.06
20,3,patrol,bruiser,9.33,-8.08,20.35
20,4,patrol,pouncer,2.78,-13.44,23.61
21,1,patrol,swarm,-7.52,-5.88,17.57
21,2,patrol,swarm,-4.29,-8.56,19.05
21,3,patrol,bruiser,9.34,-8.09,20.36
21,4,patrol,pouncer,2.78,-13.42,23.59
22,1,patrol,swarm,-7.54,-5.88,17.58
22,2,patrol,swarm,-4.30,-8.54,19.04
22,3,patrol,bruiser,9.35,-8.09,20.36
22,4,patrol,pouncer,2.77,-13.40,23.57
23,1,patrol,swarm,-7.56,-5.88,17.58
23,2,patrol,swarm,-4.32,-8.53,19.02
23,3,patrol,bruiser,9.37,-8.09,20.37
23,4,patrol,pouncer,2.76,-13.38,23.54
24,1,patrol,swarm,-7.57,-5.87,17.59
24,2,patrol,swarm,-4.33,-8.51,19.01
24,3,patrol,bruiser,9.38,-8.10,20.38
24,4,patrol,pouncer,2.75,-13.36,23.52
25,1,patrol,swarm,-7.59,-5.87,17.59
25,2,patrol,swarm,-4.34,-8.49,19.00
25,3,patrol,bruiser,9.39,-8.10,20.39
25,4,patrol,pouncer,2.74,-13.34,23.50
26,1,patrol,swarm,-7.61,-5.86,17.59
26,2,patrol,swarm,-4.35,-8.48,18.98
26,3,patrol,bruiser,9.40,-8.10,20.40
26,4,patrol,pouncer,2.73,-13.32,23.48
27,1,patrol,swarm,-7.63,-5.86,17.60
27,2,patrol,swarm,-4.36,-8.46,18.97
27,3,patrol,bruiser,9.42,-8.10,20.41
27,4,patrol,pouncer,2.73,-13.30,23.46
28,1,patrol,swarm,-7.65,-5.85,17.60
28,2,patrol,swarm,-4.37,-8.45,18.96
28,3,patrol,bruiser,9.43,-8.11,20.42
28,4,patrol,pouncer,2.72,-13.28,23.44
29,1,patrol,swarm,-7.67,-5.85,17.61
29,2,patrol,swarm,-4.38,-8.43,18.94
29,3,patrol,bruiser,9.44,-8.11,20.42
29,4,patrol,pouncer,2.71,-13.26,23.41
30,1,patrol,swarm,-7.69,-5.85,17.61
30,2,patrol,swarm,-4.39,-8.42,18.93
30,3,patrol,bruiser,9.45,-8.11,20.43
30,4,patrol,pouncer,2.70,-13.24,23.39
31,1,patrol,swarm,-7.70,-5.84,17.62
31,2,patrol,swarm,-4.40,-8.40,18.92
31,3,patrol,bruiser,9.47,-8.12,20.44
31,4,patrol,pouncer,2.69,-13.22,23.37
32,1,patrol,swarm,-7.72,-5.84,17.62
32,2,patrol,swarm,-4.41,-8.38,18.91
32,3,patrol,bruiser,9.48,-8.12,20.45
32,4,patrol,pouncer,2.69,-13.19,23.35
33,1,patrol,swarm,-7.74,-5.83,17.63
33,2,patrol,swarm,-4.42,-8.37,18.89
33,3,patrol,bruiser,9.49,-8.12,20.46
33,4,patrol,pouncer,2.68,-13.17,23.33
34,1,patrol,swarm,-7.76,-5.83,17.63
34,2,patrol,swarm,-4.43,-8.35,18.88
34,3,patrol,bruiser,9.50,-8.13,20.47
34,4,patrol,pouncer,2.67,-13.15,23.31
35,1,patrol,swarm,-7.78,-5.82,17.63
35,2,patrol,swarm,-4.44,-8.33,18.87
35,3,patrol,bruiser,9.52,-8.13,20.48
35,4,patrol,pouncer,2.66,-13.13,23.28
36,1,patrol,swarm,-7.80,-5.82,17.64
36,2,patrol,swarm,-4.45,-8.32,18.85
36,3,patrol,bruiser,9.53,-8.13,20.48
36,4,patrol,pouncer,2.65,-13.11,23.26
37,1,patrol,swarm,-7.82,-5.82,17.64
37,2,patrol,swarm,-4.46,-8.30,18.84
37,3,patrol,bruiser,9.54,-8.14,20.49
37,4,patrol,pouncer,2.65,-13.09,23.24
38,1,patrol,swarm,-7.83,-5.81,17.65
38,2,patrol,swarm,-4.47,-8.29,18.83
38,3,patrol,bruiser,9.55,-8.14,20.50
38,4,patrol,pouncer,2.64,-13.07,23.22
39,1,patrol,swarm,-7.85,-5.81,17.65
39,2,patrol,swarm,-4.48,-8.27,18.81
39,3,patrol,bruiser,9.57,-8.14,20.51
39,4,patrol,pouncer,2.63,-13.05,23.20
40,1,patrol,swarm,-7.87,-5.80,17.66
40,2,patrol,swarm,-4.49,-8.26,18.80
40,3,patrol,bruiser,9.58,-8.14,20.52
40,4,patrol,pouncer,2.62,-13.03,23.18
41,1,patrol,swarm,-7.89,-5.80,17.66
41,2,patrol,swarm,-4.51,-8.24,18.79
41,3,patrol,bruiser,9.59,-8.15,20.53
41,4,patrol,pouncer,2.61,-13.01,23.16
42,1,patrol,swarm,-7.91,-5.80,17.67
42,2,patrol,swarm,-4.52,-8.23,18.78
42,3,patrol,bruiser,9.60,-8.15,20.53
42,4,patrol,pouncer,2.61,-12.99,23.14
43,1,patrol,swarm,-7.93,-5.79,17.67
43,2,patrol,swarm,-4.53,-8.21,18.76
43,3,patrol,bruiser,9.61,-8.15,20.54
43,4,patrol,pouncer,2.60,-12.97,23.12
44,1,patrol,swarm,-7.94,-5.79,17.67
44,2,patrol,swarm,-4.54,-8.19,18.75
44,3,patrol,bruiser,9.63,-8.16,20.55
44,4,patrol,pouncer,2.59,-12.95,23.09
45,1,patrol,swarm,-7.96,-5.78,17.68
45,2,patrol,swarm,-4.55,-8.18,18.74
45,3,patrol,bruiser,9.64,-8.16,20.56
45,4,patrol,pouncer,2.58,-12.93,23.07
46,1,patrol,swarm,-7.98,-5.78,17.68
46,2,patrol,swarm,-4.56,-8.16,18.73
46,3,patrol,bruiser,9.65,-8.16,20.57
46,4,patrol,pouncer,2.57,-12.91,23.05
47,1,patrol,swarm,-8.00,-5.78,17.69
47,2,patrol,swarm,-4.57,-8.15,18.71
47,3,patrol,bruiser,9.66,-8.17,20.58
47,4,patrol,pouncer,2.57,-12.89,23.03
48,1,patrol,swarm,-8.02,-5.77,17.69
48,2,patrol,swarm,-4.58,-8.13,18.70
48,3,patrol,bruiser,9.67,-8.17,20.58
48,4,patrol,pouncer,2.56,-12.87,23.01
49,1,patrol,swarm,-8.03,-5.77,17.70
49,2,patrol,swarm,-4.59,-8.12,18.69
49,3,patrol,bruiser,9.69,-8.17,20.59
49,4,patrol,pouncer,2.55,-12.85,22.99
50,1,patrol,swarm,-8.05,-5.76,17.70
50,2,patrol,swarm,-4.60,-8.10,18.68
50,3,patrol,bruiser,9.70,-8.18,20.60
50,4,patrol,pouncer,2.54,-12.83,22.97
51,1,patrol,swarm,-8.07,-5.76,17.71
51,2,patrol,swarm,-4.61,-8.09,18.66
51,3,patrol,bruiser,9.71,-8.18,20.61
51,4,patrol,pouncer,2.53,-12.81,22.95
52,1,patrol,swarm,-8.09,-5.76,17.71
52,2,patrol,swarm,-4.62,-8.07,18.65
52,3,patrol,bruiser,9.72,-8.18,20.62
52,4,patrol,pouncer,2.53,-12.79,22.93
53,1,patrol,swarm,-8.11,-5.75,17.72
53,2,patrol,swarm,-4.63,-8.05,18.64
53,3,patrol,bruiser,9.74,-8.18,20.63
53,4,patrol,pouncer,2.52,-12.76,22.90
54,1,patrol,swarm,-8.13,-5.75,17.72
54,2,patrol,swarm,-4.64,-8.04,18.63
54,3,patrol,bruiser,9.75,-8.19,20.63
54,4,patrol,pouncer,2.51,-12.75,22.88
55,1,patrol,swarm,-8.14,-5.74,17.72
55,2,patrol,swarm,-4.65,-8.02,18.61
55,3,patrol,bruiser,9.76,-8.19,20.64
55,4,patrol,pouncer,2.50,-12.73,22.86
56,1,patrol,swarm,-8.16,-5.74,17.73
56,2,patrol,swarm,-4.66,-8.01,18.60
56,3,patrol,bruiser,9.77,-8.19,20.65
56,4,patrol,pouncer,2.50,-12.71,22.84
57,1,patrol,swarm,-8.18,-5.74,17.73
57,2,patrol,swarm,-4.67,-7.99,18.59
57,3,patrol,bruiser,9.78,-8.20,20.66
57,4,patrol,pouncer,2.49,-12.69,22.82
58,1,patrol,swarm,-8.20,-5.73,17.74
58,2,patrol,swarm,-4.68,-7.98,18.58
58,3,patrol,bruiser,9.79,-8.20,20.67
58,4,patrol,pouncer,2.48,-12.67,22.80
59,1,patrol,swarm,-8.22,-5.73,17.74
59,2,patrol,swarm,-4.69,-7.96,18.57
59,3,patrol,bruiser,9.81,-8.20,20.68
59,4,patrol,pouncer,2.47,-12.65,22.78
60,1,patrol,swarm,-8.23,-5.72,17.75
60,2,patrol,swarm,-4.70,-7.95,18.55
60,3,patrol,bruiser,9.82,-8.21,20.68
60,4,patrol,pouncer,2.46,-12.63,22.76
61,1,patrol,swarm,-8.25,-5.72,17.75
61,2,patrol,swarm,-4.71,-7.93,18.54
61,3,patrol,bruiser,9.83,-8.21,20.69
61,4,patrol,pouncer,2.46,-12.61,22.74
62,1,patrol,swarm,-8.27,-5.71,17.76
62,2,patrol,swarm,-4.72,-7.92,18.53
62,3,patrol,bruiser,9.84,-8.21,20.70
62,4,patrol,pouncer,2.45,-12.58,22.72
63,1,patrol,swarm,-8.29,-5.71,17.76
63,2,patrol,swarm,-4.73,-7.90,18.52
63,3,patrol,bruiser,9.85,-8.21,20.71
63,4,patrol,pouncer,2.44,-12.57,22.70
64,1,patrol,swarm,-8.31,-5.71,17.77
64,2,patrol,swarm,-4.74,-7.89,18.50
64,3,patrol,bruiser,9.87,-8.22,20.72
64,4,patrol,pouncer,2.43,-12.55,22.68
65,1,patrol,swarm,-8.32,-5.70,17.77
65,2,patrol,swarm,-4.75,-7.87,18.49
65,3,patrol,bruiser,9.88,-8.22,20.73
65,4,patrol,pouncer,2.42,-12.53,22.66
66,1,patrol,swarm,-8.34,-5.70,17.78
66,2,patrol,swarm,-4.76,-7.86,18.48
66,3,patrol,bruiser,9.89,-8.22,20.73
66,4,patrol,pouncer,2.42,-12.51,22.63
67,1,patrol,swarm,-8.36,-5.69,17.78
67,2,patrol,swarm,-4.77,-7.84,18.47
67,3,patrol,bruiser,9.90,-8.23,20.74
67,4,patrol,pouncer,2.41,-12.49,22.61
68,1,patrol,swarm,-8.38,-5.69,17.79
68,2,patrol,swarm,-4.78,-7.83,18.46
68,3,patrol,bruiser,9.91,-8.23,20.75
68,4,patrol,pouncer,2.40,-12.47,22.59
69,1,patrol,swarm,-8.40,-5.69,17.79
69,2,patrol,swarm,-4.79,-7.81,18.44
69,3,patrol,bruiser,9.92,-8.23,20.76
69,4,patrol,pouncer,2.39,-12.45,22.57
70,1,patrol,swarm,-8.42,-5.68,17.80
70,2,patrol,swarm,-4.80,-7.79,18.43
70,3,patrol,bruiser,9.94,-8.24,20.77
70,4,patrol,pouncer,2.38,-12.42,22.55
71,1,patrol,swarm,-8.43,-5.68,17.80
71,2,patrol,swarm,-4.81,-7.78,18.42
71,3,patrol,bruiser,9.95,-8.24,20.77
71,4,patrol,pouncer,2.38,-12.41,22.53
72,1,patrol,swarm,-8.45,-5.67,17.81
72,2,patrol,swarm,-4.82,-7.76,18.41
72,3,patrol,bruiser,9.96,-8.24,20.78
72,4,patrol,pouncer,2.37,-12.39,22.51
73,1,patrol,swarm,-8.46,-5.67,17.81
73,2,patrol,swarm,-4.83,-7.75,18.40
73,3,patrol,bruiser,9.97,-8.24,20.79
73,4,patrol,pouncer,2.36,-12.37,22.49
74,1,patrol,swarm,-8.49,-5.67,17.82
74,2,patrol,swarm,-4.85,-7.73,18.38
74,3,patrol,bruiser,9.99,-8.25,20.80
74,4,patrol,pouncer,2.35,-12.34,22.46
75,1,patrol,swarm,-8.50,-5.66,17.82
75,2,patrol,swarm,-4.85,-7.72,18.37
75,3,patrol,bruiser,9.99,-8.25,20.81
75,4,patrol,pouncer,2.35,-12.33,22.45
76,1,patrol,swarm,-8.53,-5.66,17.83
76,2,patrol,swarm,-4.87,-7.70,18.36
76,3,patrol,bruiser,10.01,-8.25,20.82
76,4,patrol,pouncer,2.34,-12.30,22.42
77,1,patrol,swarm,-8.54,-5.66,17.83
77,2,patrol,swarm,-4.87,-7.69,18.35
77,3,patrol,bruiser,10.02,-8.26,20.82
77,4,patrol,pouncer,2.33,-12.29,22.41
78,1,patrol,swarm,-8.56,-5.65,17.84
78,2,patrol,swarm,-4.88,-7.67,18.33
78,3,patrol,bruiser,10.03,-8.26,20.83
78,4,patrol,pouncer,2.32,-12.27,22.39
79,1,patrol,swarm,-8.57,-5.65,17.84
79,2,patrol,swarm,-4.89,-7.66,18.33
79,3,patrol,bruiser,10.04,-8.26,20.84
79,4,patrol,pouncer,2.32,-12.25,22.37
80,1,patrol,swarm,-8.59,-5.64,17.85
80,2,patrol,swarm,-4.90,-7.64,18.31
80,3,patrol,bruiser,10.05,-8.26,20.85
80,4,patrol,pouncer,2.31,-12.23,22.35
81,1,patrol,swarm,-8.61,-5.64,17.85
81,2,patrol,swarm,-4.91,-7.63,18.30
81,3,patrol,bruiser,10.06,-8.27,20.86
81,4,patrol,pouncer,2.30,-12.21,22.33
82,1,patrol,swarm,-8.63,-5.63,17.86
82,2,patrol,swarm,-4.92,-7.61,18.29
82,3,patrol,bruiser,10.08,-8.27,20.87
82,4,patrol,pouncer,2.29,-12.19,22.31
83,1,patrol,swarm,-8.64,-5.63,17.86
83,2,patrol,swarm,-4.93,-7.60,18.28
83,3,patrol,bruiser,10.09,-8.27,20.87
83,4,patrol,pouncer,2.29,-12.17,22.29
84,1,patrol,swarm,-8.66,-5.63,17.87
84,2,patrol,swarm,-4.94,-7.58,18.26
84,3,patrol,bruiser,10.10,-8.28,20.88
84,4,patrol,pouncer,2.28,-12.15,22.26
85,1,patrol,swarm,-8.67,-5.62,17.87
85,2,patrol,swarm,-4.95,-7.57,18.26
85,3,patrol,bruiser,10.11,-8.28,20.89
85,4,patrol,pouncer,2.27,-12.13,22.25
86,1,patrol,swarm,-8.70,-5.62,17.88
86,2,patrol,swarm,-4.97,-7.55,18.24
86,3,patrol,bruiser,10.13,-8.28,20.90
86,4,patrol,pouncer,2.26,-12.11,22.22
87,1,patrol,swarm,-8.71,-5.62,17.88
87,2,patrol,swarm,-4.97,-7.54,18.23
87,3,patrol,bruiser,10.13,-8.28,20.90
87,4,patrol,pouncer,2.26,-12.10,22.21
88,1,patrol,swarm,-8.73,-5.61,17.89
88,2,patrol,swarm,-4.98,-7.52,18.22
88,3,patrol,bruiser,10.15,-8.29,20.91
88,4,patrol,pouncer,2.25,-12.07,22.18
89,1,patrol,swarm,-8.74,-5.61,17.89
89,2,patrol,swarm,-4.99,-7.51,18.21
89,3,patrol,bruiser,10.16,-8.29,20.92
89,4,patrol,pouncer,2.24,-12.06,22.17
90,1,patrol,swarm,-8.77,-5.60,17.90
90,2,patrol,swarm,-5.00,-7.49,18.19
90,3,patrol,bruiser,10.17,-8.29,20.93
90,4,patrol,pouncer,2.23,-12.03,22.14
91,1,patrol,swarm,-8.78,-5.60,17.90
91,2,patrol,swarm,-5.01,-7.48,18.19
91,3,patrol,bruiser,10.18,-8.30,20.94
91,4,patrol,pouncer,2.23,-12.02,22.13
92,1,patrol,swarm,-8.80,-5.59,17.91
92,2,patrol,swarm,-5.03,-7.46,18.17
92,3,patrol,bruiser,10.20,-8.30,20.95
92,4,patrol,pouncer,2.22,-11.99,22.10
93,1,patrol,swarm,-8.81,-5.59,17.91
93,2,patrol,swarm,-5.03,-7.45,18.16
93,3,patrol,bruiser,10.20,-8.30,20.95
93,4,patrol,pouncer,2.21,-11.98,22.09
94,1,patrol,swarm,-8.85,-5.58,17.92
94,2,patrol,swarm,-5.05,-7.42,18.14
94,3,patrol,bruiser,10.23,-8.31,20.97
94,4,patrol,pouncer,2.20,-11.94,22.05
95,1,patrol,swarm,-8.86,-5.58,17.92
95,2,patrol,swarm,-5.06,-7.42,18.14
95,3,patrol,bruiser,10.23,-8.31,20.97
95,4,patrol,pouncer,2.19,-11.93,22.04
96,1,patrol,swarm,-8.89,-5.58,17.93
96,2,patrol,swarm,-5.07,-7.39,18.12
96,3,patrol,bruiser,10.25,-8.31,20.99
96,4,patrol,pouncer,2.18,-11.90,22.01
97,1,patrol,swarm,-8.89,-5.58,17.93
97,2,patrol,swarm,-5.07,-7.39,18.11
97,3,patrol,bruiser,10.25,-8.31,20.99
97,4,patrol,pouncer,2.18,-11.89,22.00
98,1,patrol,swarm,-8.92,-5.57,17.94
98,2,patrol,swarm,-5.09,-7.36,18.09
98,3,patrol,bruiser,10.27,-8.32,21.00
98,4,patrol,pouncer,2.17,-11.86,21.97
99,1,patrol,swarm,-8.92,-5.57,17.94
99,2,patrol,swarm,-5.09,-7.36,18.09
99,3,patrol,bruiser,10.27,-8.32,21.00
99,4,patrol,pouncer,2.16,-11.86,21.96
100,1,patrol,swarm,-8.95,-5.56,17.95
100,2,patrol,swarm,-5.11,-7.33,18.07
100,3,patrol,bruiser,10.29,-8.32,21.02
100,4,patrol,pouncer,2.15,-11.82,21.93
101,1,patrol,swarm,-8.96,-5.56,17.95
101,2,patrol,swarm,-5.11,-7.33,18.07
101,3,patrol,bruiser,10.30,-8.33,21.02
101,4,patrol,pouncer,2.15,-11.82,21.92
102,1,patrol,swarm,-8.99,-5.55,17.96
102,2,patrol,swarm,-5.13,-7.31,18.05
102,3,patrol,bruiser,10.32,-8.33,21.03
102,4,patrol,pouncer,2.14,-11.79,21.89
103,1,patrol,swarm,-8.99,-5.55,17.96
103,2,patrol,swarm,-5.13,-7.30,18.05
103,3,patrol,bruiser,10.32,-8.33,21.04
103,4,patrol,pouncer,2.13,-11.78,21.89
104,1,patrol,swarm,-9.02,-5.55,17.97
104,2,patrol,swarm,-5.15,-7.28,18.03
104,3,patrol,bruiser,10.34,-8.34,21.05
104,4,patrol,pouncer,2.12,-11.75,21.85
105,1,patrol,swarm,-9.03,-5.54,17.98
105,2,patrol,swarm,-5.15,-7.27,18.02
105,3,patrol,bruiser,10.34,-8.34,21.05
105,4,patrol,pouncer,2.12,-11.74,21.84
106,1,patrol,swarm,-9.05,-5.54,17.98
106,2,patrol,swarm,-5.17,-7.25,18.01
106,3,patrol,bruiser,10.36,-8.34,21.07
106,4,patrol,pouncer,2.11,-11.71,21.81
107,1,patrol,swarm,-9.06,-5.54,17.99
107,2,patrol,swarm,-5.17,-7.24,18.00
107,3,patrol,bruiser,10.36,-8.34,21.07
107,4,patrol,pouncer,2.11,-11.71,21.81
108,1,patrol,swarm,-9.08,-5.53,17.99
108,2,patrol,swarm,-5.18,-7.22,17.99
108,3,patrol,bruiser,10.38,-8.35,21.08
108,4,patrol,pouncer,2.09,-11.68,21.78
109,1,patrol,swarm,-9.09,-5.53,17.99
109,2,patrol,swarm,-5.19,-7.22,17.98
109,3,patrol,bruiser,10.38,-8.35,21.08
109,4,patrol,pouncer,2.09,-11.67,21.77
110,1,patrol,swarm,-9.11,-5.53,18.00
110,2,patrol,swarm,-5.20,-7.20,17.97
110,3,patrol,bruiser,10.40,-8.35,21.09
110,4,patrol,pouncer,2.08,-11.65,21.75
111,1,patrol,swarm,-9.12,-5.52,18.00
111,2,patrol,swarm,-5.20,-7.20,17.97
111,3,patrol,bruiser,10.40,-8.35,21.10
111,4,patrol,pouncer,2.08,-11.64,21.74
112,1,patrol,swarm,-9.15,-5.52,18.02
112,2,patrol,swarm,-5.16,-7.23,17.98
112,3,patrol,bruiser,10.43,-8.36,21.11
112,4,patrol,pouncer,2.06,-11.60,21.70
113,1,patrol,swarm,-9.16,-5.52,18.02
113,2,patrol,swarm,-5.16,-7.23,17.98
113,3,patrol,bruiser,10.43,-8.36,21.12
113,4,patrol,pouncer,2.06,-11.60,21.69
114,1,patrol,swarm,-9.18,-5.51,17.95
114,2,patrol,swarm,-5.13,-7.25,17.91
114,3,patrol,bruiser,10.45,-8.36,21.04
114,4,patrol,pouncer,2.05,-11.57,21.57
115,1,patrol,swarm,-9.19,-5.51,17.94
115,2,patrol,swarm,-5.13,-7.25,17.90
115,3,patrol,bruiser,10.45,-8.36,21.03
115,4,patrol,pouncer,2.05,-11.56,21.55
116,1,patrol,swarm,-9.21,-5.50,17.87
116,2,patrol,swarm,-5.10,-7.27,17.82
116,3,patrol,bruiser,10.44,-8.34,20.91
116,4,patrol,pouncer,2.04,-11.53,21.42
117,1,patrol,swarm,-9.22,-5.50,17.86
117,2,patrol,swarm,-5.10,-7.27,17.80
117,3,patrol,bruiser,10.44,-8.34,20.89
117,4,patrol,pouncer,2.04,-11.53,21.40
118,1,patrol,swarm,-9.25,-5.49,17.77
118,2,patrol,swarm,-5.07,-7.30,17.70
118,3,patrol,bruiser,10.44,-8.31,20.75
118,4,patrol,pouncer,2.02,-11.49,21.23
119,1,patrol,swarm,-9.26,-5.49,17.76
119,2,patrol,swarm,-5.06,-7.30,17.69
119,3,patrol,bruiser,10.44,-8.31,20.73
119,4,patrol,pouncer,2.02,-11.49,21.21
120,1,patrol,swarm,-9.28,-5.49,17.69
120,2,patrol,swarm,-5.04,-7.32,17.61
120,3,patrol,bruiser,10.43,-8.29,20.62
120,4,patrol,pouncer,2.01,-11.46,21.08
121,1,patrol,swarm,-9.29,-5.49,17.68
121,2,patrol,swarm,-5.03,-7.32,17.59
121,3,patrol,bruiser,10.43,-8.29,20.60
121,4,patrol,pouncer,2.01,-11.45,21.06
122,1,patrol,swarm,-9.31,-5.48,17.62
122,2,patrol,swarm,-5.01,-7.34,17.52
122,3,patrol,bruiser,10.42,-8.27,20.49
122,4,patrol,pouncer,2.00,-11.43,20.94
123,1,patrol,swarm,-9.32,-5.48,17.60
123,2,patrol,swarm,-5.00,-7.34,17.50
123,3,patrol,bruiser,10.42,-8.26,20.46
123,4,patrol,pouncer,1.99,-11.42,20.91
124,1,patrol,swarm,-9.35,-5.47,17.52
124,2,patrol,swarm,-4.97,-7.37,17.40
124,3,patrol,bruiser,10.42,-8.24,20.32
124,4,patrol,pouncer,1.98,-11.38,20.74
125,1,patrol,swarm,-9.35,-5.47,17.51
125,2,patrol,swarm,-4.97,-7.37,17.38
125,3,patrol,bruiser,10.42,-8.23,20.30
125,4,patrol,pouncer,1.98,-11.38,20.72
126,1,patrol,swarm,-9.39,-5.46,17.43
126,2,patrol,swarm,-4.94,-7.39,17.29
126,3,patrol,bruiser,10.41,-8.21,20.17
126,4,patrol,pouncer,1.96,-11.34,20.56
127,1,patrol,swarm,-9.39,-5.46,17.41
127,2,patrol,swarm,-4.93,-7.40,17.27
127,3,patrol,bruiser,10.41,-8.20,20.15
127,4,patrol,pouncer,1.96,-11.34,20.54
128,1,patrol,swarm,-9.42,-5.46,17.35
128,2,patrol,swarm,-4.91,-7.41,17.19
128,3,patrol,bruiser,10.40,-8.18,20.04
128,4,patrol,pouncer,1.95,-11.31,20.41
129,1,patrol,swarm,-9.42,-5.46,17.34
129,2,patrol,swarm,-4.90,-7.42,17.18
129,3,patrol,bruiser,10.40,-8.18,20.02
129,4,patrol,pouncer,1.95,-11.30,20.39
130,1,patrol,swarm,-9.45,-5.45,17.26
130,2,patrol,swarm,-4.87,-7.44,17.09
130,3,patrol,bruiser,10.40,-8.16,19.88
130,4,patrol,pouncer,1.94,-11.27,20.24
131,1,patrol,swarm,-9.46,-5.45,17.25
131,2,patrol,swarm,-4.87,-7.44,17.07
131,3,patrol,bruiser,10.39,-8.15,19.86
131,4,patrol,pouncer,1.93,-11.26,20.21
132,1,patrol,swarm,-9.46,-5.45,17.23
132,2,patrol,swarm,-4.86,-7.45,17.04
132,3,patrol,bruiser,10.39,-8.15,19.82
132,4,patrol,pouncer,1.93,-11.26,20.17
133,1,patrol,swarm,-9.49,-5.44,17.17
133,2,patrol,swarm,-4.84,-7.47,16.97
133,3,patrol,bruiser,10.39,-8.13,19.72
133,4,patrol,pouncer,1.92,-11.23,20.05
134,1,patrol,swarm,-9.51,-5.44,17.11
134,2,patrol,swarm,-4.81,-7.48,16.89
134,3,patrol,bruiser,10.38,-8.11,19.61
134,4,patrol,pouncer,1.91,-11.20,19.93
135,1,patrol,swarm,-9.52,-5.44,17.10
135,2,patrol,swarm,-4.81,-7.49,16.88
135,3,patrol,bruiser,10.38,-8.10,19.60
135,4,patrol,pouncer,1.91,-11.20,19.91
136,1,patrol,swarm,-9.55,-5.43,17.02
136,2,patrol,swarm,-4.78,-7.51,16.78
136,3,patrol,bruiser,10.37,-8.08,19.46
136,4,patrol,pouncer,1.89,-11.16,19.75
137,1,patrol,swarm,-9.55,-5.43,17.01
137,2,patrol,swarm,-4.77,-7.51,16.77
137,3,patrol,bruiser,10.37,-8.08,19.44
137,4,patrol,pouncer,1.89,-11.16,19.72
138,1,patrol,swarm,-9.58,-5.42,16.94
138,2,patrol,swarm,-4.75,-7.53,16.69
138,3,patrol,bruiser,10.37,-8.06,19.32
138,4,patrol,pouncer,1.88,-11.13,19.59
139,1,patrol,swarm,-9.58,-5.42,16.93
139,2,patrol,swarm,-4.74,-7.54,16.67
139,3,patrol,bruiser,10.37,-8.05,19.30
139,4,patrol,pouncer,1.88,-11.12,19.57
140,1,patrol,swarm,-9.61,-5.41,16.87
140,2,patrol,swarm,-4.71,-7.56,16.59
140,3,patrol,bruiser,10.36,-8.03,19.19
140,4,patrol,pouncer,1.87,-11.09,19.44
141,1,patrol,swarm,-9.61,-5.41,16.86
141,2,patrol,swarm,-4.71,-7.56,16.58
141,3,patrol,bruiser,10.36,-8.03,19.17
141,4,patrol,pouncer,1.86,-11.09,19.42
142,1,patrol,swarm,-9.64,-5.41,16.79
142,2,patrol,swarm,-4.68,-7.58,16.49
142,3,patrol,bruiser,10.36,-8.01,19.05
142,4,patrol,pouncer,1.85,-11.06,19.28
143,1,patrol,swarm,-9.64,-5.41,16.78
143,2,patrol,swarm,-4.68,-7.58,16.48
143,3,patrol,bruiser,10.35,-8.00,19.03
143,4,patrol,pouncer,1.85,-11.05,19.25
144,1,patrol,swarm,-9.67,-5.40,16.71
144,2,patrol,swarm,-4.65,-7.60,16.38
144,3,patrol,bruiser,10.35,-7.98,18.90
144,4,patrol,pouncer,1.84,-11.02,19.10
145,1,patrol,swarm,-9.68,-5.40,16.70
145,2,patrol,swarm,-4.64,-7.61,16.37
145,3,patrol,bruiser,10.35,-7.97,18.88
145,4,patrol,pouncer,1.84,-11.02,19.08
146,1,patrol,swarm,-9.70,-5.39,16.64
146,2,patrol,swarm,-4.62,-7.63,16.29
146,3,patrol,bruiser,10.34,-7.95,18.77
146,4,patrol,pouncer,1.83,-10.99,18.95
147,1,patrol,swarm,-9.71,-5.39,16.63
147,2,patrol,swarm,-4.61,-7.63,16.27
147,3,patrol,bruiser,10.34,-7.95,18.75
147,4,patrol,pouncer,1.82,-10.98,18.93
148,1,patrol,swarm,-9.75,-5.38,16.54
148,2,patrol,swarm,-4.58,-7.66,16.16
148,3,patrol,bruiser,10.33,-7.92,18.58
148,4,patrol,pouncer,1.81,-10.94,18.74
149,1,patrol,swarm,-9.75,-5.38,16.53
149,2,patrol,swarm,-4.57,-7.66,16.14
149,3,patrol,bruiser,10.33,-7.92,18.56
149,4,patrol,pouncer,1.80,-10.93,18.71
150,1,patrol,swarm,-9.78,-5.38,16.47
150,2,patrol,swarm,-4.55,-7.68,16.06
150,3,patrol,bruiser,10.33,-7.90,18.45
150,4,patrol,pouncer,1.79,-10.91,18.59
151,1,patrol,swarm,-9.78,-5.38,16.46
151,2,patrol,swarm,-4.54,-7.68,16.05
151,3,patrol,bruiser,10.33,-7.89,18.43
151,4,patrol,pouncer,1.79,-10.90,18.56
152,1,patrol,swarm,-9.81,-5.37,16.39
152,2,patrol,swarm,-4.51,-7.71,15.95
152,3,patrol,bruiser,10.32,-7.87,18.29
152,4,patrol,pouncer,1.78,-10.87,18.40
153,1,patrol,swarm,-9.82,-5.37,16.37
153,2,patrol,swarm,-4.50,-7.71,15.93
153,3,patrol,bruiser,10.32,-7.86,18.27
153,4,patrol,pouncer,1.78,-10.86,18.37
154,1,patrol,swarm,-10.05,-5.31,15.85
154,2,patrol,swarm,-4.26,-7.89,15.17
154,3,patrol,bruiser,10.27,-7.67,17.22
154,4,patrol,pouncer,1.67,-10.60,17.15
155,1,patrol,swarm,-10.07,-5.31,15.81
155,2,patrol,swarm,-4.24,-7.90,15.11
155,3,patrol,bruiser,10.26,-7.65,17.14
155,4,patrol,pouncer,1.67,-10.58,17.06
156,1,patrol,swarm,-10.08,-5.31,15.80
156,2,patrol,swarm,-4.24,-7.91,15.09
156,3,patrol,bruiser,10.26,-7.65,17.12
156,4,patrol,pouncer,1.66,-10.57,17.03
157,1,patrol,swarm,-10.10,-5.30,15.75
157,2,patrol,swarm,-4.21,-7.92,15.01
157,3,patrol,bruiser,10.26,-7.63,17.01
157,4,patrol,pouncer,1.65,-10.55,16.91
158,1,patrol,swarm,-10.11,-5.30,15.74
158,2,patrol,swarm,-4.21,-7.93,15.00
158,3,patrol,bruiser,10.26,-7.63,16.99
158,4,patrol,pouncer,1.65,-10.54,16.88
159,1,patrol,swarm,-10.14,-5.30,15.68
159,2,patrol,swarm,-4.18,-7.95,14.90
159,3,patrol,bruiser,10.25,-7.60,16.86
159,4,patrol,pouncer,1.64,-10.51,16.72
160,1,patrol,swarm,-10.14,-5.30,15.67
160,2,patrol,swarm,-4.17,-7.95,14.89
160,3,patrol,bruiser,10.25,-7.60,16.83
160,4,patrol,pouncer,1.64,-10.50,16.70
161,1,patrol,swarm,-10.18,-5.29,15.58
161,2,patrol,swarm,-4.13,-7.99,14.75
161,3,patrol,bruiser,10.24,-7.56,16.65
161,4,patrol,pouncer,1.62,-10.46,16.49
162,1,patrol,swarm,-10.19,-5.28,15.57
162,2,patrol,swarm,-4.12,-7.99,14.73
162,3,patrol,bruiser,10.24,-7.56,16.63
162,4,patrol,pouncer,1.62,-10.45,16.46
163,1,patrol,swarm,-10.22,-5.28,15.51
163,2,patrol,swarm,-4.09,-8.01,14.64
163,3,patrol,bruiser,10.23,-7.53,16.50
163,4,patrol,pouncer,1.60,-10.42,16.30
164,1,patrol,swarm,-10.22,-5.28,15.50
164,2,patrol,swarm,-4.09,-8.02,14.61
164,3,patrol,bruiser,10.23,-7.53,16.47
164,4,patrol,pouncer,1.61,-10.43,16.28
165,1,patrol,swarm,-10.27,-5.27,15.41
165,2,patrol,swarm,-4.04,-8.05,14.47
165,3,patrol,bruiser,10.22,-7.49,16.27
165,4,patrol,pouncer,1.65,-10.48,16.15
166,1,patrol,swarm,-10.27,-5.27,15.40
166,2,patrol,swarm,-4.03,-8.06,14.45
166,3,patrol,bruiser,10.22,-7.49,16.24
166,4,patrol,pouncer,1.66,-10.48,16.14
167,1,patrol,swarm,-10.31,-5.26,15.33
167,2,patrol,swarm,-3.99,-8.09,14.32
167,3,patrol,bruiser,10.21,-7.46,16.08
167,4,patrol,pouncer,1.69,-10.53,16.03
168,1,patrol,swarm,-10.31,-5.26,15.32
168,2,patrol,swarm,-3.99,-8.09,14.31
168,3,patrol,bruiser,10.21,-7.45,16.05
168,4,patrol,pouncer,1.70,-10.54,16.01
169,1,patrol,swarm,-10.34,-5.25,15.26
169,2,patrol,swarm,-3.96,-8.11,14.21
169,3,patrol,bruiser,10.20,-7.43,15.92
169,4,patrol,pouncer,1.73,-10.57,15.93
170,1,patrol,swarm,-10.35,-5.25,15.26
170,2,patrol,swarm,-3.95,-8.12,14.19
170,3,patrol,bruiser,10.20,-7.42,15.90
170,4,patrol,pouncer,1.73,-10.58,15.91
171,1,patrol,swarm,-10.39,-5.24,15.18
171,2,patrol,swarm,-3.90,-8.15,14.05
171,3,patrol,bruiser,10.19,-7.39,15.71
171,4,patrol,pouncer,1.77,-10.63,15.79
172,1,patrol,swarm,-10.40,-5.24,15.17
172,2,patrol,swarm,-3.90,-8.16,14.03
172,3,patrol,bruiser,10.19,-7.38,15.69
172,4,patrol,pouncer,1.78,-10.63,15.77
173,1,patrol,swarm,-10.42,-5.23,15.12
173,2,patrol,swarm,-3.87,-8.18,13.94
173,3,patrol,bruiser,10.19,-7.36,15.56
173,4,patrol,pouncer,1.81,-10.67,15.69
174,1,patrol,swarm,-10.43,-5.23,15.11
174,2,patrol,swarm,-3.86,-8.18,13.92
174,3,patrol,bruiser,10.19,-7.36,15.53
174,4,patrol,pouncer,1.81,-10.67,15.67
175,1,patrol,swarm,-10.46,-5.22,15.05
175,2,patrol,swarm,-3.83,-8.21,13.81
175,3,patrol,bruiser,10.18,-7.33,15.39
175,4,patrol,pouncer,1.84,-10.71,15.58
176,1,patrol,swarm,-10.47,-5.22,15.04
176,2,patrol,swarm,-3.82,-8.21,13.79
176,3,patrol,bruiser,10.18,-7.33,15.37
176,4,patrol,pouncer,1.85,-10.72,15.56
177,1,patrol,swarm,-10.50,-5.22,14.99
177,2,patrol,swarm,-3.79,-8.23,13.70
177,3,patrol,bruiser,10.17,-7.30,15.24
177,4,patrol,pouncer,1.88,-10.75,15.48
178,1,patrol,swarm,-10.50,-5.21,14.98
178,2,patrol,swarm,-3.79,-8.24,13.68
178,3,patrol,bruiser,10.17,-7.30,15.22
178,4,patrol,pouncer,1.88,-10.76,15.46
179,1,patrol,swarm,-10.53,-5.21,14.93
179,2,patrol,swarm,-3.76,-8.26,13.59
179,3,patrol,bruiser,10.16,-7.27,15.09
179,4,patrol,pouncer,1.91,-10.79,15.38
180,1,patrol,swarm,-10.53,-5.21,14.92
180,2,patrol,swarm,-3.75,-8.26,13.57
180,3,patrol,bruiser,10.16,-7.27,15.07
180,4,patrol,pouncer,1.92,-10.80,15.37
181,1,patrol,swarm,-10.56,-5.20,14.88
181,2,patrol,swarm,-3.72,-8.29,13.48
181,3,patrol,bruiser,10.16,-7.25,14.96
181,4,patrol,pouncer,1.94,-10.83,15.29
182,1,patrol,swarm,-10.56,-5.20,14.87
182,2,patrol,swarm,-3.72,-8.29,13.47
182,3,patrol,bruiser,10.16,-7.25,14.93
182,4,patrol,pouncer,1.95,-10.84,15.28
183,1,patrol,swarm,-10.59,-5.19,14.84
183,2,patrol,swarm,-3.69,-8.31,13.39
183,3,patrol,bruiser,10.15,-7.23,14.83
183,4,patrol,pouncer,1.97,-10.87,15.21
184,1,patrol,swarm,-10.59,-5.19,14.83
184,2,patrol,swarm,-3.69,-8.31,13.37
184,3,patrol,bruiser,10.15,-7.22,14.80
184,4,patrol,pouncer,1.97,-10.87,15.19
185,1,patrol,swarm,-10.61,-5.19,14.79
185,2,patrol,swarm,-3.66,-8.33,13.30
185,3,patrol,bruiser,10.15,-7.20,14.71
185,4,patrol,pouncer,2.00,-10.90,15.13
186,1,patrol,swarm,-10.62,-5.19,14.78
186,2,patrol,swarm,-3.66,-8.33,13.28
186,3,patrol,bruiser,10.14,-7.20,14.69
186,4,patrol,pouncer,2.00,-10.91,15.11
187,1,patrol,swarm,-10.64,-5.18,14.75
187,2,patrol,swarm,-3.63,-8.35,13.20
187,3,patrol,bruiser,10.14,-7.18,14.58
187,4,patrol,pouncer,2.03,-10.93,15.04
188,1,patrol,swarm,-10.65,-5.18,14.74
188,2,patrol,swarm,-3.62,-8.36,13.17
188,3,patrol,bruiser,10.14,-7.17,14.55
188,4,patrol,pouncer,2.03,-10.94,15.02
189,1,patrol,swarm,-10.68,-5.17,14.69
189,2,patrol,swarm,-3.59,-8.38,13.06
189,3,patrol,bruiser,10.13,-7.15,14.41
189,4,patrol,pouncer,2.06,-10.98,14.92
190,1,patrol,swarm,-10.69,-5.17,14.68
190,2,patrol,swarm,-3.58,-8.39,13.04
190,3,patrol,bruiser,10.13,-7.14,14.38
190,4,patrol,pouncer,2.07,-10.99,14.90
191,1,patrol,swarm,-10.72,-5.16,14.63
191,2,patrol,swarm,-3.55,-8.42,12.93
191,3,patrol,bruiser,10.12,-7.11,14.23
191,4,patrol,pouncer,2.10,-11.03,14.80
192,1,patrol,swarm,-10.73,-5.16,14.62
192,2,patrol,swarm,-3.54,-8.42,12.91
192,3,patrol,bruiser,10.12,-7.11,14.21
192,4,patrol,pouncer,2.11,-11.04,14.79
193,1,patrol,swarm,-10.75,-5.16,14.59
193,2,patrol,swarm,-3.52,-8.44,12.84
193,3,patrol,bruiser,10.12,-7.09,14.12
193,4,patrol,pouncer,2.13,-11.06,14.73
194,1,patrol,swarm,-10.75,-5.16,14.58
194,2,patrol,swarm,-3.51,-8.44,12.82
194,3,patrol,bruiser,10.12,-7.09,14.10
194,4,patrol,pouncer,2.13,-11.07,14.71
195,1,patrol,swarm,-10.79,-5.15,14.53
195,2,patrol,swarm,-3.47,-8.47,12.68
195,3,patrol,bruiser,10.11,-7.06,13.92
195,4,patrol,pouncer,2.18,-11.12,14.59
196,1,patrol,swarm,-10.80,-5.15,14.52
196,2,patrol,swarm,-3.46,-8.48,12.66
196,3,patrol,bruiser,10.11,-7.05,13.89
196,4,patrol,pouncer,2.18,-11.13,14.57
197,1,patrol,swarm,-10.83,-5.14,14.48
197,2,patrol,swarm,-3.43,-8.50,12.56
197,3,patrol,bruiser,10.10,-7.03,13.76
197,4,patrol,pouncer,2.21,-11.16,14.48
198,1,patrol,swarm,-10.83,-5.14,14.47
198,2,patrol,swarm,-3.42,-8.51,12.53
198,3,patrol,bruiser,10.10,-7.02,13.73
198,4,patrol,pouncer,2.22,-11.17,14.46
199,1,patrol,swarm,-10.86,-5.13,14.43
199,2,patrol,swarm,-3.39,-8.53,12.43
199,3,patrol,bruiser,10.09,-7.00,13.60
199,4,patrol,pouncer,2.25,-11.21,14.37
200,1,patrol,swarm,-10.87,-5.13,14.42
200,2,patrol,swarm,-3.38,-8.54,12.41
200,3,patrol,bruiser,10.09,-6.99,13.57
200,4,patrol,pouncer,2.26,-11.22,14.35
201,1,patrol,swarm,-10.90,-5.12,14.38
201,2,patrol,swarm,-3.35,-8.56,12.30
201,3,patrol,bruiser,10.08,-6.97,13.43
201,4,patrol,pouncer,2.29,-11.26,14.25
202,1,patrol,swarm,-10.91,-5.12,14.38
202,2,patrol,swarm,-3.34,-8.57,12.28
202,3,patrol,bruiser,10.08,-6.96,13.41
202,4,patrol,pouncer,2.29,-11.26,14.24
203,1,patrol,swarm,-10.93,-5.12,14.36
203,2,patrol,swarm,-3.32,-8.58,12.22
203,3,patrol,bruiser,10.08,-6.95,13.33
203,4,patrol,pouncer,2.31,-11.29,14.18
204,1,patrol,swarm,-10.93,-5.12,14.35
204,2,patrol,swarm,-3.31,-8.59,12.19
204,3,patrol,bruiser,10.08,-6.94,13.30
204,4,patrol,pouncer,2.32,-11.29,14.16
205,1,patrol,swarm,-10.95,-5.11,14.32
205,2,patrol,swarm,-3.29,-8.60,12.12
205,3,patrol,bruiser,10.07,-6.92,13.21
205,4,patrol,pouncer,2.34,-11.32,14.10
206,1,patrol,swarm,-10.96,-5.11,14.32
206,2,patrol,swarm,-3.28,-8.61,12.10
206,3,patrol,bruiser,10.07,-6.92,13.18
206,4,patrol,pouncer,2.35,-11.33,14.08
207,1,patrol,swarm,-10.99,-5.11,14.29
207,2,alert,swarm,-3.28,-8.61,11.99
207,3,patrol,bruiser,10.06,-6.90,13.06
207,4,alert,pouncer,2.35,-11.33,13.96
208,1,patrol,swarm,-10.99,-5.10,14.28
208,2,alert,swarm,-3.28,-8.61,11.97
208,3,patrol,bruiser,10.06,-6.89,13.04
208,4,alert,pouncer,2.35,-11.33,13.93
209,1,patrol,swarm,-11.01,-5.10,14.26
209,2,alert,swarm,-3.28,-8.61,11.89
209,3,patrol,bruiser,10.06,-6.87,12.95
209,4,alert,pouncer,2.35,-11.33,13.84
210,1,patrol,swarm,-11.02,-5.10,14.25
210,2,alert,swarm,-3.28,-8.61,11.87
210,3,patrol,bruiser,10.06,-6.87,12.92
210,4,alert,pouncer,2.35,-11.33,13.81
211,1,patrol,swarm,-11.04,-5.09,14.22
211,2,alert,swarm,-3.28,-8.61,11.77
211,3,patrol,bruiser,10.05,-6.85,12.81
211,4,alert,pouncer,2.35,-11.33,13.70
212,1,patrol,swarm,-11.05,-5.09,14.22
212,2,alert,swarm,-3.28,-8.61,11.75
212,3,patrol,bruiser,10.05,-6.84,12.79
212,4,alert,pouncer,2.35,-11.33,13.68
213,1,patrol,swarm,-11.08,-5.09,14.19
213,2,alert,swarm,-3.28,-8.61,11.63
213,3,patrol,bruiser,10.04,-6.82,12.66
213,4,alert,pouncer,2.35,-11.33,13.54
214,1,patrol,swarm,-11.08,-5.09,14.18
214,2,alert,swarm,-3.28,-8.61,11.62
214,3,patrol,bruiser,10.04,-6.82,12.64
214,4,alert,pouncer,2.35,-11.33,13.52
215,1,patrol,swarm,-11.10,-5.08,14.17
215,2,alert,swarm,-3.28,-8.61,11.54
215,3,patrol,bruiser,10.04,-6.80,12.56
215,4,alert,pouncer,2.35,-11.33,13.44
216,1,patrol,swarm,-11.11,-5.08,14.16
216,2,alert,swarm,-3.28,-8.61,11.52
216,3,patrol,bruiser,10.04,-6.80,12.54
216,4,alert,pouncer,2.35,-11.33,13.42
217,1,patrol,swarm,-11.14,-5.07,14.13
217,2,alert,swarm,-3.28,-8.61,11.38
217,3,patrol,bruiser,10.03,-6.77,12.38
217,4,alert,pouncer,2.35,-11.33,13.25
218,1,patrol,swarm,-11.15,-5.07,14.12
218,2,alert,swarm,-3.28,-8.61,11.36
218,3,patrol,bruiser,10.03,-6.76,12.36
218,4,alert,pouncer,2.35,-11.33,13.23
219,1,patrol,swarm,-11.18,-5.07,14.10
219,2,alert,swarm,-3.28,-8.61,11.26
219,3,patrol,bruiser,10.02,-6.74,12.24
219,4,alert,pouncer,2.35,-11.33,13.11
220,1,patrol,swarm,-11.18,-5.06,14.10
220,2,alert,swarm,-3.28,-8.61,11.24
220,3,patrol,bruiser,10.02,-6.74,12.22
220,4,alert,pouncer,2.35,-11.33,13.09
221,1,patrol,swarm,-11.20,-5.06,14.08
221,2,alert,swarm,-3.28,-8.61,11.17
221,3,patrol,bruiser,10.02,-6.72,12.14
221,4,alert,pouncer,2.35,-11.33,13.00
222,1,patrol,swarm,-11.21,-5.06,14.08
222,2,alert,swarm,-3.28,-8.61,11.15
222,3,patrol,bruiser,10.02,-6.71,12.12
222,4,alert,pouncer,2.35,-11.33,12.98
223,1,patrol,swarm,-11.24,-5.05,14.05
223,2,alert,swarm,-3.28,-8.61,11.02
223,3,patrol,bruiser,10.01,-6.69,11.97
223,4,alert,pouncer,2.35,-11.33,12.82
224,1,patrol,swarm,-11.25,-5.05,14.05
224,2,alert,swarm,-3.28,-8.61,10.99
224,3,patrol,bruiser,10.01,-6.68,11.95
224,4,alert,pouncer,2.35,-11.33,12.79
225,1,patrol,swarm,-11.29,-5.04,14.02
225,2,alert,swarm,-3.28,-8.61,10.83
225,3,patrol,bruiser,10.00,-6.65,11.77
225,4,alert,pouncer,2.35,-11.33,12.61
226,1,patrol,swarm,-11.29,-5.04,14.02
226,2,alert,swarm,-3.28,-8.61,10.81
226,3,patrol,bruiser,10.00,-6.64,11.74
226,4,alert,pouncer,2.35,-11.33,12.58
227,1,patrol,swarm,-11.32,-5.03,14.00
227,2,alert,swarm,-3.28,-8.61,10.70
227,3,patrol,bruiser,9.99,-6.62,11.63
227,4,alert,pouncer,2.35,-11.33,12.45
228,1,patrol,swarm,-11.33,-5.03,14.00
228,2,chase,swarm,-3.28,-8.61,10.68
228,3,patrol,bruiser,9.99,-6.61,11.60
228,4,alert,pouncer,2.35,-11.33,12.42
229,1,patrol,swarm,-11.34,-5.03,13.99
229,2,chase,swarm,-3.21,-8.55,10.54
229,3,patrol,bruiser,9.99,-6.60,11.53
229,4,alert,pouncer,2.35,-11.33,12.35
230,1,patrol,swarm,-11.35,-5.03,13.98
230,2,chase,swarm,-3.19,-8.54,10.49
230,3,patrol,bruiser,9.99,-6.60,11.51
230,4,stalk,pouncer,2.35,-11.33,12.32
231,1,patrol,swarm,-11.38,-5.02,13.97
231,2,chase,swarm,-3.08,-8.43,10.24
231,3,patrol,bruiser,9.98,-6.57,11.39
231,4,stalk,pouncer,2.27,-11.27,12.13
232,1,patrol,swarm,-11.38,-5.02,13.97
232,2,chase,swarm,-3.07,-8.41,10.19
232,3,patrol,bruiser,9.98,-6.57,11.37
232,4,stalk,pouncer,2.28,-11.26,12.10
233,1,patrol,swarm,-11.56,-4.98,13.91
233,2,chase,swarm,-2.98,-7.46,8.65
233,3,patrol,bruiser,9.94,-6.42,10.65
233,4,stalk,pouncer,2.73,-10.88,10.93
234,1,patrol,swarm,-11.57,-4.98,13.91
234,2,chase,swarm,-2.98,-7.43,8.61
234,3,patrol,bruiser,9.94,-6.42,10.63
234,4,stalk,pouncer,2.74,-10.87,10.90
235,1,patrol,swarm,-11.59,-4.98,13.90
235,2,chase,swarm,-2.98,-7.31,8.42
235,3,patrol,bruiser,9.93,-6.40,10.54
235,4,stalk,pouncer,2.80,-10.82,10.76
236,1,patrol,swarm,-11.59,-4.97,13.90
236,2,chase,swarm,-2.97,-7.28,8.37
236,3,patrol,bruiser,9.93,-6.39,10.52
236,4,stalk,pouncer,2.81,-10.81,10.72
237,1,patrol,swarm,-11.67,-4.96,13.90
237,2,chase,swarm,-3.01,-6.88,7.81
237,3,patrol,bruiser,9.92,-6.33,10.23
237,4,stalk,pouncer,3.00,-10.66,10.26
238,1,patrol,swarm,-11.67,-4.96,13.90
238,2,chase,swarm,-3.02,-6.86,7.78
238,3,patrol,bruiser,9.92,-6.33,10.22
238,4,stalk,pouncer,3.01,-10.65,10.23
239,1,patrol,swarm,-11.69,-4.95,13.90
239,2,chase,swarm,-3.03,-6.76,7.64
239,3,patrol,bruiser,9.91,-6.32,10.15
239,4,stalk,pouncer,3.06,-10.61,10.12
240,1,patrol,swarm,-11.69,-4.95,13.90
240,2,chase,swarm,-3.03,-6.73,7.60
240,3,patrol,bruiser,9.91,-6.31,10.13
240,4,stalk,pouncer,3.08,-10.60,10.08
241,1,patrol,swarm,-11.72,-4.95,13.90
241,2,chase,swarm,-3.04,-6.60,7.43
241,3,patrol,bruiser,9.91,-6.29,10.04
241,4,stalk,pouncer,3.14,-10.55,9.93
242,1,patrol,swarm,-11.72,-4.95,13.90
242,2,chase,swarm,-3.05,-6.57,7.39
242,3,patrol,bruiser,9.91,-6.29,10.02
242,4,stalk,pouncer,3.16,-10.54,9.89
243,1,patrol,swarm,-11.74,-4.94,13.90
243,2,chase,swarm,-3.06,-6.46,7.24
243,3,patrol,bruiser,9.90,-6.27,9.94
243,4,stalk,pouncer,3.21,-10.50,9.77
244,1,patrol,swarm,-11.75,-4.94,13.90
244,2,chase,swarm,-3.06,-6.43,7.20
244,3,patrol,bruiser,9.90,-6.27,9.92
244,4,stalk,pouncer,3.23,-10.49,9.73
245,1,patrol,swarm,-11.77,-4.94,13.91
245,2,chase,swarm,-3.07,-6.32,7.06
245,3,patrol,bruiser,9.90,-6.25,9.84
245,4,stalk,pouncer,3.28,-10.45,9.60
246,1,patrol,swarm,-11.77,-4.93,13.91
246,2,chase,swarm,-3.08,-6.29,7.03
246,3,patrol,bruiser,9.89,-6.24,9.82
246,4,stalk,pouncer,3.30,-10.44,9.57
247,1,patrol,swarm,-11.79,-4.93,13.91
247,2,chase,swarm,-3.09,-6.18,6.89
247,3,patrol,bruiser,9.89,-6.23,9.75
247,4,stalk,pouncer,3.35,-10.40,9.44
248,1,patrol,swarm,-11.80,-4.93,13.92
248,2,chase,swarm,-3.09,-6.15,6.85
248,3,patrol,bruiser,9.89,-6.22,9.73
248,4,stalk,pouncer,3.37,-10.39,9.41
249,1,patrol,swarm,-11.82,-4.93,13.92
249,2,chase,swarm,-3.10,-6.05,6.74
249,3,patrol,bruiser,9.89,-6.21,9.66
249,4,stalk,pouncer,3.42,-10.36,9.31
250,1,patrol,swarm,-11.82,-4.92,13.92
250,2,chase,swarm,-3.10,-6.03,6.71
250,3,patrol,bruiser,9.88,-6.21,9.65
250,4,stalk,pouncer,3.43,-10.35,9.28
251,1,patrol,swarm,-11.84,-4.92,13.93
251,2,chase,swarm,-3.11,-5.91,6.58
251,3,patrol,bruiser,9.88,-6.19,9.57
251,4,stalk,pouncer,3.49,-10.31,9.16
252,1,patrol,swarm,-11.85,-4.92,13.93
252,2,chase,swarm,-3.11,-5.89,6.55
252,3,patrol,bruiser,9.88,-6.19,9.57
252,4,stalk,pouncer,3.50,-10.30,9.13
253,1,patrol,swarm,-11.86,-4.92,13.94
253,2,chase,swarm,-3.11,-5.80,6.44
253,3,patrol,bruiser,9.90,-6.20,9.53
253,4,stalk,pouncer,3.55,-10.27,9.03
254,1,patrol,swarm,-11.87,-4.91,13.94
254,2,chase,swarm,-3.11,-5.77,6.41
254,3,patrol,bruiser,9.90,-6.20,9.52
254,4,stalk,pouncer,3.56,-10.26,9.00
255,1,patrol,swarm,-11.89,-4.91,13.95
255,2,chase,swarm,-3.11,-5.66,6.28
255,3,patrol,bruiser,9.92,-6.21,9.48
255,4,stalk,pouncer,3.62,-10.22,8.88
256,1,patrol,swarm,-11.89,-4.91,13.95
256,2,chase,swarm,-3.11,-5.63,6.25
256,3,patrol,bruiser,9.93,-6.21,9.47
256,4,stalk,pouncer,3.64,-10.21,8.85
257,1,patrol,swarm,-11.92,-4.90,13.96
257,2,chase,swarm,-3.11,-5.46,6.07
257,3,patrol,bruiser,9.95,-6.22,9.42
257,4,stalk,pouncer,3.72,-10.16,8.67
258,1,patrol,swarm,-11.93,-4.90,13.96
258,2,chase,swarm,-3.11,-5.44,6.04
258,3,patrol,bruiser,9.96,-6.23,9.41
258,4,stalk,pouncer,3.73,-10.15,8.65
259,1,patrol,swarm,-11.94,-4.90,13.97
259,2,chase,swarm,-3.10,-5.34,5.93
259,3,patrol,bruiser,9.97,-6.23,9.37
259,4,stalk,pouncer,3.79,-10.12,8.54
260,1,patrol,swarm,-11.95,-4.90,13.98
260,2,chase,swarm,-3.09,-5.32,5.90
260,3,patrol,bruiser,9.98,-6.24,9.37
260,4,stalk,pouncer,3.80,-10.11,8.52
261,1,patrol,swarm,-11.97,-4.89,13.99
261,2,chase,swarm,-3.08,-5.21,5.79
261,3,patrol,bruiser,9.99,-6.24,9.33
261,4,stalk,pouncer,3.85,-10.08,8.41
262,1,patrol,swarm,-11.97,-4.89,13.99
262,2,chase,swarm,-3.07,-5.19,5.76
262,3,patrol,bruiser,10.00,-6.25,9.32
262,4,stalk,pouncer,3.87,-10.07,8.38
263,1,patrol,swarm,-11.99,-4.89,14.00
263,2,chase,swarm,-3.05,-5.07,5.64
263,3,patrol,bruiser,10.01,-6.26,9.29
263,4,stalk,pouncer,3.93,-10.03,8.26
264,1,patrol,swarm,-12.00,-4.89,14.00
264,2,chase,swarm,-3.04,-5.04,5.61
264,3,patrol,bruiser,10.02,-6.26,9.28
264,4,stalk,pouncer,3.94,-10.03,8.24
265,1,patrol,swarm,-12.01,-4.88,14.02
265,2,chase,swarm,-3.02,-4.95,5.51
265,3,patrol,bruiser,10.03,-6.27,9.25
265,4,stalk,pouncer,4.00,-10.00,8.14
266,1,patrol,swarm,-12.02,-4.88,14.02
266,2,chase,swarm,-3.01,-4.93,5.48
266,3,patrol,bruiser,10.04,-6.27,9.24
266,4,stalk,pouncer,4.01,-9.99,8.11
267,1,patrol,swarm,-12.04,-4.88,14.03
267,2,chase,swarm,-2.98,-4.83,5.37
267,3,patrol,bruiser,10.05,-6.28,9.21
267,4,stalk,pouncer,4.07,-9.96,8.01
268,1,patrol,swarm,-12.04,-4.88,14.04
268,2,chase,swarm,-2.97,-4.80,5.34
268,3,patrol,bruiser,10.06,-6.28,9.20
268,4,stalk,pouncer,4.08,-9.95,7.98
269,1,patrol,swarm,-12.06,-4.87,14.05
269,2,chase,swarm,-2.93,-4.72,5.25
269,3,patrol,bruiser,10.07,-6.28,9.17
269,4,stalk,pouncer,4.13,-9.92,7.89
270,1,patrol,swarm,-12.06,-4.87,14.05
270,2,chase,swarm,-2.92,-4.70,5.22
270,3,patrol,bruiser,10.08,-6.29,9.16
270,4,stalk,pouncer,4.14,-9.91,7.87
271,1,patrol,swarm,-12.08,-4.87,14.07
271,2,chase,swarm,-2.86,-4.59,5.09
271,3,patrol,bruiser,10.10,-6.30,9.13
271,4,stalk,pouncer,4.21,-9.88,7.75
272,1,patrol,swarm,-12.09,-4.87,14.07
272,2,chase,swarm,-2.85,-4.56,5.06
272,3,patrol,bruiser,10.10,-6.30,9.12
272,4,stalk,pouncer,4.22,-9.87,7.72
273,1,patrol,swarm,-12.11,-4.86,14.09
273,2,chase,swarm,-2.77,-4.45,4.92
273,3,patrol,bruiser,10.12,-6.31,9.08
273,4,stalk,pouncer,4.30,-9.83,7.60
274,1,patrol,swarm,-12.11,-4.86,14.10
274,2,chase,swarm,-2.76,-4.44,4.90
274,3,patrol,bruiser,10.12,-6.31,9.07
274,4,stalk,pouncer,4.31,-9.82,7.57
275,1,patrol,swarm,-12.13,-4.86,14.11
275,2,chase,swarm,-2.69,-4.36,4.79
275,3,patrol,bruiser,10.14,-6.32,9.05
275,4,stalk,pouncer,4.36,-9.80,7.48
276,1,patrol,swarm,-12.14,-4.86,14.12
276,2,chase,swarm,-2.67,-4.34,4.76
276,3,patrol,bruiser,10.14,-6.32,9.04
276,4,stalk,pouncer,4.38,-9.79,7.45
277,1,patrol,swarm,-12.15,-4.85,14.13
277,2,chase,swarm,-2.60,-4.27,4.65
277,3,alert,bruiser,10.14,-6.32,8.99
277,4,stalk,pouncer,4.43,-9.76,7.36
278,1,patrol,swarm,-12.16,-4.85,14.14
278,2,chase,swarm,-2.58,-4.26,4.63
278,3,alert,bruiser,10.14,-6.32,8.98
278,4,stalk,pouncer,4.45,-9.75,7.34
279,1,patrol,swarm,-12.17,-4.85,14.15
279,2,chase,swarm,-2.51,-4.20,4.54
279,3,alert,bruiser,10.14,-6.32,8.95
279,4,stalk,pouncer,4.49,-9.73,7.26
280,1,patrol,swarm,-12.18,-4.85,14.15
280,2,chase,swarm,-2.49,-4.19,4.51
280,3,alert,bruiser,10.14,-6.32,8.94
280,4,stalk,pouncer,4.50,-9.72,7.24
281,1,patrol,swarm,-12.19,-4.84,14.17
281,2,chase,swarm,-2.44,-4.16,4.45
281,3,alert,bruiser,10.14,-6.32,8.91
281,4,stalk,pouncer,4.54,-9.70,7.19
282,1,patrol,swarm,-12.20,-4.84,14.18
282,2,chase,swarm,-2.37,-4.12,4.37
282,3,alert,bruiser,10.14,-6.32,8.88
282,4,stalk,pouncer,4.58,-9.68,7.12
283,1,patrol,swarm,-12.21,-4.84,14.19
283,2,chase,swarm,-2.31,-4.09,4.29
283,3,alert,bruiser,10.14,-6.32,8.85
283,4,stalk,pouncer,4.62,-9.66,7.05
284,1,patrol,swarm,-12.23,-4.84,14.21
284,2,chase,swarm,-2.23,-4.07,4.20
284,3,alert,bruiser,10.14,-6.32,8.81
284,4,stalk,pouncer,4.66,-9.64,6.98
285,1,patrol,swarm,-12.24,-4.83,14.22
285,2,chase,swarm,-2.16,-4.05,4.13
285,3,alert,bruiser,10.14,-6.32,8.78
285,4,stalk,pouncer,4.70,-9.62,6.92
286,1,patrol,swarm,-12.25,-4.83,14.24
286,2,chase,swarm,-2.09,-4.04,4.05
286,3,alert,bruiser,10.14,-6.32,8.75
286,4,stalk,pouncer,4.74,-9.60,6.85
287,1,patrol,swarm,-12.26,-4.83,14.25
287,2,chase,swarm,-2.01,-4.03,3.98
287,3,alert,bruiser,10.14,-6.32,8.72
287,4,stalk,pouncer,4.78,-9.58,6.79
288,1,patrol,swarm,-12.28,-4.83,14.27
288,2,chase,swarm,-1.94,-4.03,3.91
288,3,alert,bruiser,10.14,-6.32,8.70
288,4,stalk,pouncer,4.82,-9.56,6.73
289,1,patrol,swarm,-12.29,-4.82,14.28
289,2,chase,swarm,-1.86,-4.03,3.82
289,3,alert,bruiser,10.14,-6.32,8.66
289,4,stalk,pouncer,4.87,-9.53,6.66
290,1,patrol,swarm,-12.30,-4.82,14.30
290,2,chase,swarm,-1.79,-4.04,3.76
290,3,alert,bruiser,10.14,-6.32,8.64
290,4,stalk,pouncer,4.90,-9.51,6.61
291,1,patrol,swarm,-12.32,-4.82,14.32
291,2,chase,swarm,-1.68,-4.06,3.66
291,3,alert,bruiser,10.14,-6.32,8.59
291,4,stalk,pouncer,4.97,-9.48,6.51
292,1,patrol,swarm,-12.33,-4.81,14.33
292,2,chase,swarm,-1.65,-4.07,3.63
292,3,alert,bruiser,10.14,-6.32,8.58
292,4,stalk,pouncer,4.98,-9.47,6.48
293,1,patrol,swarm,-12.35,-4.81,14.36
293,2,chase,swarm,-1.53,-4.11,3.52
293,3,alert,bruiser,10.14,-6.32,8.54
293,4,stalk,pouncer,5.05,-9.44,6.39
294,1,patrol,swarm,-12.35,-4.81,14.37
294,2,chase,swarm,-1.50,-4.12,3.49
294,3,alert,bruiser,10.14,-6.32,8.52
294,4,stalk,pouncer,5.07,-9.43,6.36
295,1,patrol,swarm,-12.38,-4.80,14.40
295,2,chase,swarm,-1.37,-4.20,3.37
295,3,alert,bruiser,10.14,-6.32,8.47
295,4,stalk,pouncer,5.15,-9.39,6.24
296,1,patrol,swarm,-12.40,-4.80,14.43
296,2,chase,swarm,-1.24,-4.27,3.25
296,3,alert,bruiser,10.14,-6.32,8.47
296,4,stalk,pouncer,5.23,-9.35,6.25
297,1,patrol,swarm,-12.43,-4.79,14.45
297,2,chase,swarm,-1.13,-4.34,3.15
297,3,alert,bruiser,10.14,-6.32,8.47
297,4,stalk,pouncer,5.30,-9.31,6.25
298,1,patrol,swarm,-12.43,-4.79,14.45
298,2,chase,swarm,-1.10,-4.36,3.12
298,3,alert,bruiser,10.14,-6.32,8.47
298,4,stalk,pouncer,5.32,-9.30,6.25
299,1,patrol,swarm,-12.45,-4.79,14.47
299,2,chase,swarm,-1.02,-4.41,3.05
299,3,alert,bruiser,10.14,-6.32,8.47
299,4,stalk,pouncer,5.37,-9.27,6.25
300,1,patrol,swarm,-12.45,-4.79,14.48
300,2,chase,swarm,-0.99,-4.43,3.02
300,3,alert,bruiser,10.14,-6.32,8.47
300,4,stalk,pouncer,5.39,-9.26,6.26
301,1,patrol,swarm,-12.48,-4.78,14.50
301,2,chase,swarm,-0.87,-4.51,2.92
301,3,alert,bruiser,10.14,-6.32,8.47
301,4,stalk,pouncer,5.47,-9.21,6.26
302,1,patrol,swarm,-12.48,-4.78,14.50
302,2,chase,swarm,-0.85,-4.53,2.90
302,3,alert,bruiser,10.14,-6.32,8.47
302,4,stalk,pouncer,5.48,-9.20,6.26
303,1,patrol,swarm,-12.50,-4.78,14.52
303,2,chase,swarm,-0.75,-4.59,2.81
303,3,alert,bruiser,10.14,-6.32,8.47
303,4,stalk,pouncer,5.54,-9.16,6.26
304,1,patrol,swarm,-12.51,-4.78,14.53
304,2,chase,swarm,-0.73,-4.61,2.79
304,3,alert,bruiser,10.14,-6.32,8.47
304,4,stalk,pouncer,5.56,-9.15,6.26
305,1,patrol,swarm,-12.52,-4.77,14.54
305,2,chase,swarm,-0.64,-4.66,2.73
305,3,alert,bruiser,10.14,-6.32,8.47
305,4,stalk,pouncer,5.61,-9.12,6.27
306,1,patrol,swarm,-12.53,-4.77,14.55
306,2,chase,swarm,-0.62,-4.68,2.71
306,3,alert,bruiser,10.14,-6.32,8.47
306,4,stalk,pouncer,5.62,-9.11,6.27
307,1,patrol,swarm,-12.55,-4.77,14.57
307,2,chase,swarm,-0.52,-4.74,2.63
307,3,alert,bruiser,10.14,-6.32,8.47
307,4,stalk,pouncer,5.68,-9.07,6.27
308,1,patrol,swarm,-12.55,-4.77,14.57
308,2,chase,swarm,-0.50,-4.76,2.61
308,3,advance,bruiser,10.14,-6.32,8.47
308,4,stalk,pouncer,5.70,-9.06,6.27
309,1,patrol,swarm,-12.57,-4.76,14.59
309,2,chase,swarm,-0.38,-4.83,2.52
309,3,advance,bruiser,10.10,-6.31,8.42
309,4,stalk,pouncer,5.77,-9.02,6.27
310,1,patrol,swarm,-12.58,-4.76,14.60
310,2,chase,swarm,-0.36,-4.84,2.51
310,3,advance,bruiser,10.08,-6.30,8.41
310,4,stalk,pouncer,5.78,-9.01,6.27
311,1,patrol,swarm,-12.61,-4.75,14.63
311,2,chase,swarm,-0.21,-4.93,2.39
311,3,advance,bruiser,10.02,-6.28,8.34
311,4,stalk,pouncer,5.87,-8.94,6.28
312,1,patrol,swarm,-12.61,-4.75,14.63
312,2,chase,swarm,-0.18,-4.94,2.38
312,3,advance,bruiser,10.01,-6.28,8.33
312,4,stalk,pouncer,5.88,-8.94,6.28
313,1,patrol,swarm,-12.63,-4.75,14.65
313,2,chase,swarm,-0.07,-4.99,2.30
313,3,advance,bruiser,9.96,-6.27,8.28
313,4,stalk,pouncer,5.94,-8.89,6.28
314,1,patrol,swarm,-12.64,-4.75,14.66
314,2,chase,swarm,-0.05,-5.00,2.28
314,3,advance,bruiser,9.95,-6.27,8.27
314,4,stalk,pouncer,5.95,-8.88,6.28
315,1,patrol,swarm,-12.66,-4.74,14.68
315,2,chase,swarm,0.07,-5.05,2.20
315,3,advance,bruiser,9.91,-6.25,8.22
315,4,stalk,pouncer,6.02,-8.83,6.29
316,1,patrol,swarm,-12.66,-4.74,14.68
316,2,chase,swarm,0.10,-5.06,2.18
316,3,advance,bruiser,9.90,-6.25,8.21
316,4,stalk,pouncer,6.03,-8.82,6.29
317,1,patrol,swarm,-12.68,-4.74,14.70
317,2,chase,swarm,0.19,-5.09,2.12
317,3,advance,bruiser,9.86,-6.24,8.17
317,4,stalk,pouncer,6.08,-8.79,6.29
318,1,patrol,swarm,-12.68,-4.74,14.70
318,2,chase,swarm,0.21,-5.10,2.10
318,3,advance,bruiser,9.85,-6.24,8.16
318,4,stalk,pouncer,6.09,-8.78,6.29
319,1,patrol,swarm,-12.70,-4.73,14.72
319,2,chase,swarm,0.30,-5.12,2.04
319,3,advance,bruiser,9.82,-6.23,8.13
319,4,stalk,pouncer,6.13,-8.74,6.29
320,1,patrol,swarm,-12.70,-4.73,14.72
320,2,chase,swarm,0.33,-5.13,2.02
320,3,advance,bruiser,9.81,-6.22,8.12
320,4,stalk,pouncer,6.15,-8.73,6.29
321,1,patrol,swarm,-12.71,-4.72,14.73
321,2,chase,swarm,0.42,-5.15,1.96
321,3,advance,bruiser,9.77,-6.21,8.08
321,4,stalk,pouncer,6.19,-8.69,6.29
322,1,patrol,swarm,-12.72,-4.71,14.73
322,2,chase,swarm,0.45,-5.16,1.94
322,3,advance,bruiser,9.76,-6.21,8.07
322,4,stalk,pouncer,6.20,-8.68,6.29
323,1,patrol,swarm,-12.73,-4.70,14.75
323,2,chase,swarm,0.57,-5.18,1.85
323,3,advance,bruiser,9.72,-6.20,8.02
323,4,stalk,pouncer,6.26,-8.63,6.30
324,1,patrol,swarm,-12.73,-4.70,14.75
324,2,chase,swarm,0.60,-5.18,1.83
324,3,advance,bruiser,9.71,-6.20,8.01
324,4,stalk,pouncer,6.28,-8.62,6.30
325,1,patrol,swarm,-12.75,-4.68,14.77
325,2,chase,swarm,0.73,-5.19,1.74
325,3,advance,bruiser,9.66,-6.18,7.96
325,4,stalk,pouncer,6.34,-8.57,6.30
326,1,patrol,swarm,-12.75,-4.68,14.77
326,2,chase,swarm,0.75,-5.19,1.72
326,3,advance,bruiser,9.65,-6.18,7.95
326,4,stalk,pouncer,6.35,-8.56,6.30
327,1,patrol,swarm,-12.77,-4.66,14.78
327,2,chase,swarm,0.85,-5.18,1.65
327,3,advance,bruiser,9.61,-6.17,7.91
327,4,stalk,pouncer,6.39,-8.52,6.30
328,1,patrol,swarm,-12.77,-4.66,14.78
328,2,chase,swarm,0.87,-5.18,1.63
328,3,advance,bruiser,9.60,-6.17,7.90
328,4,stalk,pouncer,6.40,-8.51,6.30
329,1,patrol,swarm,-12.78,-4.65,14.80
329,2,chase,swarm,0.99,-5.17,1.54
329,3,advance,bruiser,9.56,-6.15,7.86
329,4,stalk,pouncer,6.46,-8.46,6.31
330,1,patrol,swarm,-12.79,-4.64,14.80
330,2,chase,swarm,1.02,-5.16,1.52
330,3,advance,bruiser,9.55,-6.15,7.85
330,4,stalk,pouncer,6.47,-8.45,6.31
331,1,patrol,swarm,-12.80,-4.63,14.81
331,2,chase,swarm,1.12,-5.14,1.44
331,3,advance,bruiser,9.51,-6.14,7.81
331,4,stalk,pouncer,6.51,-8.41,6.31
332,1,patrol,swarm,-12.80,-4.63,14.82
332,2,windup,swarm,1.12,-5.14,1.44
332,3,advance,bruiser,9.50,-6.14,7.80
332,4,stalk,pouncer,6.53,-8.39,6.31
333,1,patrol,swarm,-12.82,-4.61,14.83
333,2,windup,swarm,1.12,-5.14,1.44
333,3,advance,bruiser,9.46,-6.12,7.75
333,4,stalk,pouncer,6.58,-8.35,6.31
334,1,patrol,swarm,-12.82,-4.61,14.83
334,2,windup,swarm,1.12,-5.14,1.44
334,3,advance,bruiser,9.45,-6.12,7.74
334,4,stalk,pouncer,6.59,-8.33,6.31
335,1,patrol,swarm,-12.84,-4.59,14.85
335,2,windup,swarm,1.12,-5.14,1.44
335,3,advance,bruiser,9.40,-6.11,7.69
335,4,stalk,pouncer,6.65,-8.28,6.32
336,1,patrol,swarm,-12.84,-4.59,14.85
336,2,windup,swarm,1.12,-5.14,1.44
336,3,advance,bruiser,9.39,-6.10,7.68
336,4,stalk,pouncer,6.66,-8.26,6.32
337,1,patrol,swarm,-12.86,-4.57,14.87
337,2,windup,swarm,1.12,-5.14,1.44
337,3,advance,bruiser,9.33,-6.09,7.62
337,4,stalk,pouncer,6.72,-8.20,6.32
338,1,patrol,swarm,-12.86,-4.57,14.87
338,2,windup,swarm,1.12,-5.14,1.44
338,3,advance,bruiser,9.32,-6.09,7.61
338,4,stalk,pouncer,6.73,-8.19,6.32
339,1,patrol,swarm,-12.88,-4.55,14.89
339,2,windup,swarm,1.12,-5.14,1.44
339,3,advance,bruiser,9.27,-6.07,7.56
339,4,stalk,pouncer,6.79,-8.12,6.32
340,1,patrol,swarm,-12.88,-4.55,14.89
340,2,windup,swarm,1.12,-5.14,1.44
340,3,advance,bruiser,9.26,-6.07,7.55
340,4,stalk,pouncer,6.81,-8.11,6.32
341,1,patrol,swarm,-12.90,-4.53,14.91
341,2,windup,swarm,1.12,-5.14,1.44
341,3,advance,bruiser,9.21,-6.05,7.50
341,4,stalk,pouncer,6.86,-8.05,6.33
342,1,patrol,swarm,-12.90,-4.53,14.91
342,2,windup,swarm,1.12,-5.14,1.44
342,3,advance,bruiser,9.20,-6.05,7.49
342,4,stalk,pouncer,6.87,-8.04,6.33
343,1,patrol,swarm,-12.92,-4.51,14.92
343,2,windup,swarm,1.12,-5.14,1.44
343,3,advance,bruiser,9.16,-6.04,7.44
343,4,stalk,pouncer,6.92,-7.99,6.33
344,1,patrol,swarm,-12.92,-4.51,14.93
344,2,windup,swarm,1.12,-5.14,1.44
344,3,advance,bruiser,9.15,-6.04,7.43
344,4,stalk,pouncer,6.93,-7.97,6.33
345,1,patrol,swarm,-12.94,-4.49,14.95
345,2,windup,swarm,1.12,-5.14,1.44
345,3,advance,bruiser,9.08,-6.02,7.36
345,4,stalk,pouncer,7.00,-7.89,6.33
346,1,patrol,swarm,-12.94,-4.48,14.95
346,2,strike,swarm,1.12,-5.14,1.44
346,3,advance,bruiser,9.07,-6.01,7.35
346,4,stalk,pouncer,7.01,-7.87,6.33
347,1,patrol,swarm,-12.96,-4.47,14.97
347,2,strike,swarm,1.23,-4.99,1.26
347,3,advance,bruiser,9.02,-6.00,7.30
347,4,stalk,pouncer,7.06,-7.81,6.34
348,1,patrol,swarm,-12.96,-4.46,14.97
348,2,strike,swarm,1.25,-4.96,1.22
348,3,advance,bruiser,9.01,-6.00,7.29
348,4,stalk,pouncer,7.08,-7.79,6.34
349,1,patrol,swarm,-12.98,-4.44,14.99
349,2,strike,swarm,1.39,-4.78,0.99
349,3,advance,bruiser,8.94,-5.98,7.22
349,4,stalk,pouncer,7.14,-7.71,6.34
350,1,patrol,swarm,-12.99,-4.44,14.99
350,2,strike,swarm,1.42,-4.75,0.95
350,3,advance,bruiser,8.93,-5.97,7.21
350,4,stalk,pouncer,7.15,-7.70,6.34
351,1,patrol,swarm,-13.00,-4.42,15.01
351,2,strike,swarm,1.53,-4.60,0.76
351,3,advance,bruiser,8.88,-5.96,7.16
351,4,stalk,pouncer,7.20,-7.63,6.34
352,1,patrol,swarm,-13.01,-4.42,15.01
352,2,strike,swarm,1.56,-4.57,0.73
352,3,advance,bruiser,8.87,-5.96,7.15
352,4,stalk,pouncer,7.21,-7.62,6.34
353,1,patrol,swarm,-13.02,-4.40,15.03
353,2,strike,swarm,1.67,-4.43,0.54
353,3,advance,bruiser,8.82,-5.94,7.09
353,4,stalk,pouncer,7.26,-7.55,6.35
354,1,patrol,swarm,-13.03,-4.40,15.03
354,2,strike,swarm,1.69,-4.40,0.51
354,3,advance,bruiser,8.81,-5.94,7.08
354,4,stalk,pouncer,7.27,-7.54,6.35
355,1,patrol,swarm,-13.04,-4.38,15.05
355,2,strike,swarm,1.81,-4.24,0.31
355,3,advance,bruiser,8.76,-5.93,7.03
355,4,stalk,pouncer,7.32,-7.46,6.35
356,1,patrol,swarm,-13.05,-4.38,15.05
356,2,strike,swarm,1.84,-4.21,0.27
356,3,advance,bruiser,8.75,-5.92,7.02
356,4,stalk,pouncer,7.33,-7.45,6.35
357,1,patrol,swarm,-13.06,-4.36,15.07
357,2,strike,swarm,1.95,-4.06,0.08
357,3,advance,bruiser,8.70,-5.91,6.96
357,4,stalk,pouncer,7.38,-7.38,6.35
358,1,patrol,swarm,-13.07,-4.36,15.07
358,2,recover,swarm,1.97,-4.03,0.04
358,3,advance,bruiser,8.69,-5.90,6.95
358,4,stalk,pouncer,7.39,-7.37,6.35
359,1,patrol,swarm,-13.08,-4.35,15.08
359,2,recover,swarm,1.97,-4.03,0.04
359,3,advance,bruiser,8.65,-5.89,6.91
359,4,stalk,pouncer,7.42,-7.31,6.35
360,1,patrol,swarm,-13.08,-4.34,15.09
360,2,recover,swarm,1.97,-4.03,0.04
360,3,advance,bruiser,8.64,-5.89,6.90
360,4,stalk,pouncer,7.43,-7.30,6.36
361,1,patrol,swarm,-13.10,-4.33,15.10
361,2,recover,swarm,1.97,-4.03,0.04
361,3,advance,bruiser,8.60,-5.88,6.86
361,4,stalk,pouncer,7.47,-7.24,6.36
362,1,patrol,swarm,-13.10,-4.33,15.10
362,2,recover,swarm,1.97,-4.03,0.04
362,3,advance,bruiser,8.59,-5.88,6.85
362,4,stalk,pouncer,7.48,-7.23,6.36
363,1,patrol,swarm,-13.12,-4.31,15.12
363,2,recover,swarm,1.97,-4.03,0.04
363,3,advance,bruiser,8.53,-5.86,6.79
363,4,stalk,pouncer,7.53,-7.15,6.36
364,1,patrol,swarm,-13.12,-4.31,15.12
364,2,recover,swarm,1.97,-4.03,0.04
364,3,advance,bruiser,8.52,-5.86,6.78
364,4,stalk,pouncer,7.53,-7.13,6.36
365,1,patrol,swarm,-13.13,-4.29,15.14
365,2,recover,swarm,1.97,-4.03,0.04
365,3,advance,bruiser,8.47,-5.84,6.73
365,4,stalk,pouncer,7.57,-7.07,6.36
366,1,patrol,swarm,-13.14,-4.29,15.14
366,2,recover,swarm,1.97,-4.03,0.04
366,3,advance,bruiser,8.46,-5.84,6.72
366,4,stalk,pouncer,7.58,-7.05,6.36
367,1,patrol,swarm,-13.15,-4.27,15.15
367,2,recover,swarm,1.97,-4.03,0.04
367,3,advance,bruiser,8.42,-5.83,6.67
367,4,stalk,pouncer,7.62,-6.99,6.36
368,1,patrol,swarm,-13.15,-4.27,15.16
368,2,recover,swarm,1.97,-4.03,0.04
368,3,advance,bruiser,8.41,-5.83,6.66
368,4,stalk,pouncer,7.63,-6.98,6.37
369,1,patrol,swarm,-13.17,-4.26,15.17
369,2,recover,swarm,1.97,-4.03,0.04
369,3,advance,bruiser,8.37,-5.81,6.62
369,4,stalk,pouncer,7.66,-6.92,6.37
370,1,patrol,swarm,-13.17,-4.26,15.17
370,2,recover,swarm,1.97,-4.03,0.04
370,3,advance,bruiser,8.36,-5.81,6.61
370,4,stalk,pouncer,7.67,-6.90,6.37
371,1,patrol,swarm,-13.18,-4.24,15.19
371,2,recover,swarm,1.97,-4.03,0.04
371,3,advance,bruiser,8.31,-5.80,6.57
371,4,stalk,pouncer,7.70,-6.84,6.37
372,1,patrol,swarm,-13.19,-4.24,15.19
372,2,recover,swarm,1.97,-4.03,0.04
372,3,advance,bruiser,8.30,-5.79,6.55
372,4,stalk,pouncer,7.71,-6.82,6.37
373,1,patrol,swarm,-13.21,-4.22,15.21
373,2,recover,swarm,1.97,-4.03,0.04
373,3,advance,bruiser,8.25,-5.76,6.50
373,4,stalk,pouncer,7.75,-6.74,6.37
374,1,patrol,swarm,-13.21,-4.22,15.21
374,2,recover,swarm,1.97,-4.03,0.04
374,3,advance,bruiser,8.24,-5.76,6.49
374,4,stalk,pouncer,7.76,-6.72,6.37
375,1,patrol,swarm,-13.22,-4.20,15.22
375,2,recover,swarm,1.97,-4.03,0.04
375,3,advance,bruiser,8.21,-5.73,6.45
375,4,stalk,pouncer,7.79,-6.66,6.37
376,1,patrol,swarm,-13.22,-4.20,15.22
376,2,recover,swarm,1.97,-4.03,0.04
376,3,advance,bruiser,8.21,-5.72,6.44
376,4,stalk,pouncer,7.79,-6.65,6.37
377,1,patrol,swarm,-13.24,-4.18,15.24
377,2,recover,swarm,1.97,-4.03,0.04
377,3,advance,bruiser,8.17,-5.68,6.39
377,4,stalk,pouncer,7.84,-6.57,6.38
378,1,patrol,swarm,-13.24,-4.18,15.24
378,2,recover,swarm,1.97,-4.03,0.04
378,3,advance,bruiser,8.16,-5.67,6.38
378,4,stalk,pouncer,7.85,-6.56,6.38
379,1,patrol,swarm,-13.26,-4.17,15.26
379,2,recover,swarm,1.97,-4.03,0.04
379,3,advance,bruiser,8.13,-5.64,6.35
379,4,stalk,pouncer,7.89,-6.50,6.40
380,1,patrol,swarm,-13.26,-4.16,15.26
380,2,recover,swarm,1.97,-4.03,0.04
380,3,advance,bruiser,8.13,-5.63,6.34
380,4,stalk,pouncer,7.90,-6.49,6.41
381,1,patrol,swarm,-13.27,-4.15,15.27
381,2,recover,swarm,1.97,-4.03,0.04
381,3,advance,bruiser,8.10,-5.59,6.31
381,4,stalk,pouncer,7.96,-6.45,6.45
382,1,patrol,swarm,-13.28,-4.15,15.28
382,2,recover,swarm,1.97,-4.03,0.04
382,3,advance,bruiser,8.09,-5.59,6.30
382,4,stalk,pouncer,7.98,-6.45,6.46
383,1,patrol,swarm,-13.29,-4.13,15.29
383,2,recover,swarm,1.97,-4.03,0.04
383,3,advance,bruiser,8.06,-5.54,6.26
383,4,stalk,pouncer,8.06,-6.43,6.53
384,1,patrol,swarm,-13.29,-4.13,15.30
384,2,recover,swarm,1.97,-4.03,0.04
384,3,advance,bruiser,8.06,-5.54,6.25
384,4,stalk,pouncer,8.07,-6.42,6.54
385,1,patrol,swarm,-13.31,-4.11,15.31
385,2,recover,swarm,1.97,-4.03,0.04
385,3,advance,bruiser,8.02,-5.49,6.20
385,4,stalk,pouncer,8.16,-6.40,6.61
386,1,patrol,swarm,-13.32,-4.11,15.32
386,2,recover,swarm,1.97,-4.03,0.04
386,3,advance,bruiser,8.01,-5.49,6.19
386,4,stalk,pouncer,8.18,-6.39,6.63
387,1,patrol,swarm,-13.33,-4.09,15.33
387,2,recover,swarm,1.97,-4.03,0.04
387,3,advance,bruiser,7.96,-5.44,6.13
387,4,stalk,pouncer,8.28,-6.35,6.70
388,1,patrol,swarm,-13.34,-4.09,15.34
388,2,recover,swarm,1.97,-4.03,0.04
388,3,advance,bruiser,7.95,-5.44,6.12
388,4,stalk,pouncer,8.29,-6.35,6.71
389,1,patrol,swarm,-13.35,-4.07,15.35
389,2,recover,swarm,1.97,-4.03,0.04
389,3,advance,bruiser,7.91,-5.41,6.08
389,4,stalk,pouncer,8.35,-6.31,6.76
390,1,patrol,swarm,-13.35,-4.07,15.35
390,2,recover,swarm,1.97,-4.03,0.04
390,3,advance,bruiser,7.91,-5.41,6.07
390,4,stalk,pouncer,8.37,-6.30,6.77
391,1,patrol,swarm,-13.37,-4.05,15.37
391,2,recover,swarm,1.97,-4.03,0.04
391,3,advance,bruiser,7.86,-5.38,6.02
391,4,stalk,pouncer,8.43,-6.25,6.82
392,1,patrol,swarm,-13.37,-4.05,15.37
392,2,recover,swarm,1.97,-4.03,0.04
392,3,advance,bruiser,7.85,-5.37,6.01
392,4,stalk,pouncer,8.45,-6.23,6.82
393,1,patrol,swarm,-13.39,-4.04,15.39
393,2,recover,swarm,1.97,-4.03,0.04
393,3,advance,bruiser,7.80,-5.35,5.96
393,4,stalk,pouncer,8.51,-6.18,6.86
394,1,patrol,swarm,-13.39,-4.03,15.39
394,2,recover,swarm,1.97,-4.03,0.04
394,3,advance,bruiser,7.79,-5.34,5.95
394,4,stalk,pouncer,8.52,-6.16,6.87
395,1,patrol,swarm,-13.40,-4.02,15.40
395,2,recover,swarm,1.97,-4.03,0.04
395,3,advance,bruiser,7.75,-5.33,5.91
395,4,stalk,pouncer,8.56,-6.11,6.89
396,1,patrol,swarm,-13.41,-4.02,15.41
396,2,recover,swarm,1.97,-4.03,0.04
396,3,advance,bruiser,7.74,-5.32,5.90
396,4,stalk,pouncer,8.57,-6.10,6.90
397,1,patrol,swarm,-13.42,-4.00,15.42
397,2,recover,swarm,1.97,-4.03,0.04
397,3,advance,bruiser,7.70,-5.31,5.85
397,4,stalk,pouncer,8.61,-6.04,6.92
398,1,patrol,swarm,-13.42,-4.00,15.42
398,2,chase,swarm,1.97,-4.03,0.04
398,3,advance,bruiser,7.69,-5.30,5.84
398,4,stalk,pouncer,8.62,-6.02,6.92
399,1,patrol,swarm,-13.44,-3.99,15.44
399,2,windup,swarm,1.97,-4.03,0.04
399,3,advance,bruiser,7.65,-5.29,5.79
399,4,stalk,pouncer,8.65,-5.96,6.93
400,1,patrol,swarm,-13.44,-3.98,15.44
400,2,windup,swarm,1.97,-4.03,0.04
400,3,advance,bruiser,7.64,-5.29,5.78
400,4,stalk,pouncer,8.66,-5.94,6.94
401,1,patrol,swarm,-13.45,-3.97,15.45
401,2,windup,swarm,1.97,-4.03,0.04
401,3,advance,bruiser,7.60,-5.28,5.74
401,4,stalk,pouncer,8.69,-5.88,6.94
402,1,patrol,swarm,-13.45,-3.97,15.45
402,2,windup,swarm,1.97,-4.03,0.04
402,3,advance,bruiser,7.59,-5.27,5.73
402,4,stalk,pouncer,8.69,-5.86,6.95
403,1,patrol,swarm,-13.47,-3.95,15.47
403,2,windup,swarm,1.97,-4.03,0.04
403,3,advance,bruiser,7.54,-5.26,5.68
403,4,stalk,pouncer,8.71,-5.79,6.95
404,1,patrol,swarm,-13.47,-3.95,15.47
404,2,windup,swarm,1.97,-4.03,0.04
404,3,advance,bruiser,7.53,-5.26,5.67
404,4,stalk,pouncer,8.72,-5.77,6.95
405,1,patrol,swarm,-13.50,-3.92,15.50
405,2,windup,swarm,1.97,-4.03,0.04
405,3,advance,bruiser,7.44,-5.24,5.58
405,4,stalk,pouncer,8.74,-5.63,6.94
406,1,patrol,swarm,-13.50,-3.92,15.50
406,2,windup,swarm,1.97,-4.03,0.04
406,3,advance,bruiser,7.43,-5.24,5.57
406,4,stalk,pouncer,8.75,-5.62,6.94
407,1,patrol,swarm,-13.51,-3.91,15.51
407,2,windup,swarm,1.97,-4.03,0.04
407,3,advance,bruiser,7.38,-5.23,5.52
407,4,stalk,pouncer,8.72,-5.69,6.93
408,1,patrol,swarm,-13.52,-3.90,15.52
408,2,windup,swarm,1.97,-4.03,0.04
408,3,advance,bruiser,7.37,-5.22,5.51
408,4,stalk,pouncer,8.72,-5.71,6.93
409,1,patrol,swarm,-13.55,-3.87,15.55
409,2,windup,swarm,1.97,-4.03,0.04
409,3,advance,bruiser,7.27,-5.20,5.41
409,4,stalk,pouncer,8.67,-5.86,6.92
410,1,patrol,swarm,-13.55,-3.87,15.53
410,2,strike,swarm,1.97,-4.03,0.05
410,3,advance,bruiser,7.26,-5.20,5.42
410,4,stalk,pouncer,8.66,-5.88,6.94
411,1,patrol,swarm,-13.57,-3.85,15.44
411,2,strike,swarm,2.03,-3.80,0.18
411,3,advance,bruiser,7.20,-5.18,5.48
411,4,stalk,pouncer,8.62,-5.98,7.07
412,1,patrol,swarm,-13.57,-3.85,15.42
412,2,strike,swarm,2.03,-3.76,0.21
412,3,advance,bruiser,7.19,-5.18,5.49
412,4,stalk,pouncer,8.62,-5.99,7.09
413,1,patrol,swarm,-13.59,-3.83,15.34
413,2,strike,swarm,2.08,-3.55,0.40
413,3,advance,bruiser,7.13,-5.16,5.55
413,4,stalk,pouncer,8.58,-6.08,7.20
414,1,patrol,swarm,-13.59,-3.83,15.32
414,2,strike,swarm,2.09,-3.51,0.44
414,3,advance,bruiser,7.12,-5.16,5.56
414,4,stalk,pouncer,8.57,-6.10,7.23
415,1,patrol,swarm,-13.60,-3.82,15.27
415,2,strike,swarm,2.12,-3.38,0.56
415,3,advance,bruiser,7.08,-5.15,5.60
415,4,stalk,pouncer,8.54,-6.16,7.30
416,1,patrol,swarm,-13.61,-3.81,15.25
416,2,strike,swarm,2.13,-3.34,0.59
416,3,advance,bruiser,7.07,-5.15,5.61
416,4,stalk,pouncer,8.53,-6.17,7.32
417,1,patrol,swarm,-13.62,-3.80,15.17
417,2,strike,swarm,2.17,-3.14,0.77
417,3,advance,bruiser,7.01,-5.13,5.67
417,4,stalk,pouncer,8.49,-6.25,7.43
418,1,patrol,swarm,-13.62,-3.80,15.16
418,2,strike,swarm,2.18,-3.11,0.80
418,3,advance,bruiser,7.00,-5.13,5.68
418,4,stalk,pouncer,8.48,-6.27,7.45
419,1,patrol,swarm,-13.64,-3.78,15.08
419,2,strike,swarm,2.22,-2.91,0.98
419,3,advance,bruiser,6.95,-5.11,5.74
419,4,stalk,pouncer,8.44,-6.34,7.55
420,1,patrol,swarm,-13.64,-3.78,15.07
420,2,strike,swarm,2.23,-2.87,1.02
420,3,advance,bruiser,6.94,-5.11,5.75
420,4,stalk,pouncer,8.43,-6.36,7.57
421,1,patrol,swarm,-13.75,-3.66,14.54
421,2,strike,swarm,2.54,-1.51,2.25
421,3,advance,bruiser,6.57,-4.98,6.16
421,4,stalk,pouncer,8.02,-6.83,8.25
422,1,patrol,swarm,-13.75,-3.67,14.52
422,2,recover,swarm,2.54,-1.47,2.29
422,3,advance,bruiser,6.55,-4.97,6.18
422,4,stalk,pouncer,8.01,-6.85,8.28
423,1,patrol,swarm,-13.76,-3.72,14.41
423,2,recover,swarm,2.54,-1.47,2.32
423,3,advance,bruiser,6.49,-4.95,6.25
423,4,stalk,pouncer,7.93,-6.92,8.40
424,1,patrol,swarm,-13.76,-3.73,14.40
424,2,recover,swarm,2.54,-1.47,2.33
424,3,advance,bruiser,6.48,-4.95,6.26
424,4,stalk,pouncer,7.92,-6.94,8.41
425,1,patrol,swarm,-13.76,-3.77,14.31
425,2,recover,swarm,2.54,-1.47,2.36
425,3,advance,bruiser,6.43,-4.93,6.33
425,4,stalk,pouncer,7.85,-7.00,8.51
426,1,patrol,swarm,-13.76,-3.78,14.30
426,2,recover,swarm,2.54,-1.47,2.37
426,3,advance,bruiser,6.42,-4.92,6.34
426,4,stalk,pouncer,7.84,-7.01,8.53
427,1,patrol,swarm,-13.76,-3.80,14.24
427,2,recover,swarm,2.54,-1.47,2.40
427,3,advance,bruiser,6.38,-4.91,6.38
427,4,stalk,pouncer,7.79,-7.05,8.60
428,1,patrol,swarm,-13.76,-3.81,14.22
428,2,recover,swarm,2.54,-1.47,2.41
428,3,advance,bruiser,6.37,-4.90,6.39
428,4,stalk,pouncer,7.78,-7.06,8.62
429,1,patrol,swarm,-13.76,-3.84,14.17
429,2,recover,swarm,2.54,-1.47,2.44
429,3,advance,bruiser,6.33,-4.89,6.44
429,4,stalk,pouncer,7.73,-7.10,8.68
430,1,patrol,swarm,-13.76,-3.85,14.15
430,2,recover,swarm,2.54,-1.47,2.45
430,3,advance,bruiser,6.32,-4.89,6.45
430,4,stalk,pouncer,7.72,-7.11,8.70
431,1,patrol,swarm,-13.76,-3.88,14.10
431,2,recover,swarm,2.54,-1.47,2.49
431,3,advance,bruiser,6.28,-4.87,6.49
431,4,stalk,pouncer,7.66,-7.15,8.77
432,1,patrol,swarm,-13.76,-3.89,14.08
432,2,recover,swarm,2.54,-1.47,2.50
432,3,advance,bruiser,6.27,-4.87,6.51
432,4,stalk,pouncer,7.65,-7.16,8.79
433,1,patrol,swarm,-13.77,-3.93,14.00
433,2,recover,swarm,2.54,-1.47,2.56
433,3,advance,bruiser,6.22,-4.84,6.57
433,4,stalk,pouncer,7.57,-7.22,8.89
434,1,patrol,swarm,-13.77,-3.94,13.98
434,2,recover,swarm,2.54,-1.47,2.57
434,3,advance,bruiser,6.21,-4.84,6.58
434,4,stalk,pouncer,7.56,-7.23,8.91
435,1,patrol,swarm,-13.77,-3.96,13.92
435,2,recover,swarm,2.54,-1.47,2.62
435,3,advance,bruiser,6.17,-4.82,6.63
435,4,stalk,pouncer,7.51,-7.27,8.98
436,1,patrol,swarm,-13.77,-3.97,13.91
436,2,recover,swarm,2.54,-1.47,2.63
436,3,advance,bruiser,6.16,-4.82,6.64
436,4,stalk,pouncer,7.49,-7.28,9.00
437,1,patrol,swarm,-13.77,-4.01,13.84
437,2,recover,swarm,2.54,-1.47,2.69
437,3,advance,bruiser,6.11,-4.80,6.70
437,4,stalk,pouncer,7.43,-7.32,9.08
438,1,patrol,swarm,-13.77,-4.02,13.83
438,2,recover,swarm,2.54,-1.47,2.71
438,3,advance,bruiser,6.10,-4.79,6.71
438,4,stalk,pouncer,7.41,-7.34,9.10
439,1,patrol,swarm,-13.77,-4.07,13.73
439,2,recover,swarm,2.54,-1.47,2.80
439,3,advance,bruiser,6.03,-4.76,6.80
439,4,stalk,pouncer,7.31,-7.40,9.22
440,1,patrol,swarm,-13.77,-4.08,13.71
440,2,recover,swarm,2.54,-1.47,2.82
440,3,advance,bruiser,6.02,-4.76,6.81
440,4,stalk,pouncer,7.29,-7.41,9.24
441,1,patrol,swarm,-13.78,-4.12,13.63
441,2,recover,swarm,2.54,-1.47,2.90
441,3,advance,bruiser,5.97,-4.73,6.88
441,4,stalk,pouncer,7.21,-7.46,9.34
442,1,patrol,swarm,-13.78,-4.13,13.61
442,2,recover,swarm,2.54,-1.47,2.92
442,3,advance,bruiser,5.95,-4.73,6.90
442,4,stalk,pouncer,7.19,-7.47,9.36
443,1,patrol,swarm,-13.78,-4.18,13.53
443,2,recover,swarm,2.54,-1.47,3.02
443,3,advance,bruiser,5.89,-4.70,6.97
443,4,stalk,pouncer,7.09,-7.52,9.46
444,1,patrol,swarm,-13.78,-4.19,13.51
444,2,recover,swarm,2.54,-1.47,3.04
444,3,advance,bruiser,5.88,-4.69,6.99
444,4,crouch,pouncer,7.07,-7.53,9.48
445,1,patrol,swarm,-13.78,-4.23,13.44
445,2,recover,swarm,2.54,-1.47,3.14
445,3,advance,bruiser,5.82,-4.67,7.06
445,4,crouch,pouncer,7.07,-7.53,9.63
446,1,patrol,swarm,-13.78,-4.24,13.42
446,2,recover,swarm,2.54,-1.47,3.16
446,3,advance,bruiser,5.81,-4.66,7.08
446,4,crouch,pouncer,7.07,-7.53,9.66
447,1,patrol,swarm,-13.78,-4.28,13.35
447,2,recover,swarm,2.54,-1.47,3.25
447,3,advance,bruiser,5.76,-4.64,7.14
447,4,crouch,pouncer,7.07,-7.53,9.78
448,1,patrol,swarm,-13.78,-4.29,13.34
448,2,recover,swarm,2.54,-1.47,3.27
448,3,advance,bruiser,5.75,-4.63,7.16
448,4,crouch,pouncer,7.07,-7.53,9.81
449,1,patrol,swarm,-13.79,-4.33,13.27
449,2,recover,swarm,2.54,-1.47,3.36
449,3,advance,bruiser,5.70,-4.61,7.22
449,4,crouch,pouncer,7.07,-7.53,9.94
450,1,patrol,swarm,-13.79,-4.34,13.26
450,2,recover,swarm,2.54,-1.47,3.39
450,3,advance,bruiser,5.68,-4.60,7.24
450,4,crouch,pouncer,7.07,-7.53,9.97
451,1,patrol,swarm,-13.79,-4.38,13.19
451,2,recover,swarm,2.54,-1.47,3.49
451,3,advance,bruiser,5.63,-4.57,7.31
451,4,crouch,pouncer,7.07,-7.53,10.11
452,1,patrol,swarm,-13.79,-4.39,13.17
452,2,recover,swarm,2.54,-1.47,3.52
452,3,advance,bruiser,5.61,-4.57,7.33
452,4,crouch,pouncer,7.07,-7.53,10.14
453,1,patrol,swarm,-13.79,-4.44,13.10
453,2,recover,swarm,2.54,-1.47,3.63
453,3,advance,bruiser,5.56,-4.54,7.40
453,4,crouch,pouncer,7.07,-7.53,10.28
454,1,patrol,swarm,-13.79,-4.45,13.09
454,2,recover,swarm,2.54,-1.47,3.66
454,3,advance,bruiser,5.54,-4.53,7.42
454,4,crouch,pouncer,7.07,-7.53,10.32
455,1,patrol,swarm,-13.79,-4.49,13.03
455,2,recover,swarm,2.54,-1.47,3.76
455,3,advance,bruiser,5.49,-4.51,7.48
455,4,crouch,pouncer,7.07,-7.53,10.44
456,1,patrol,swarm,-13.79,-4.50,13.01
456,2,recover,swarm,2.54,-1.47,3.79
456,3,advance,bruiser,5.48,-4.50,7.50
456,4,crouch,pouncer,7.07,-7.53,10.48
457,1,patrol,swarm,-13.80,-4.53,12.95
457,2,recover,swarm,2.54,-1.47,3.89
457,3,advance,bruiser,5.43,-4.47,7.57
457,4,crouch,pouncer,7.07,-7.53,10.61
458,1,patrol,swarm,-13.80,-4.54,12.94
458,2,chase,swarm,2.54,-1.47,3.92
458,3,advance,bruiser,5.41,-4.47,7.58
458,4,crouch,pouncer,7.07,-7.53,10.64
459,1,patrol,swarm,-13.80,-4.58,12.89
459,2,chase,swarm,2.45,-1.56,3.92
459,3,advance,bruiser,5.37,-4.44,7.64
459,4,crouch,pouncer,7.07,-7.53,10.75
460,1,patrol,swarm,-13.80,-4.59,12.88
460,2,chase,swarm,2.42,-1.58,3.93
460,3,advance,bruiser,5.35,-4.44,7.66
460,4,crouch,pouncer,7.07,-7.53,10.79
461,1,patrol,swarm,-13.80,-4.62,12.83
461,2,chase,swarm,2.31,-1.66,3.94
461,3,advance,bruiser,5.31,-4.41,7.72
461,4,crouch,pouncer,7.07,-7.53,10.90
462,1,patrol,swarm,-13.80,-4.63,12.82
462,2,chase,swarm,2.29,-1.68,3.94
462,3,advance,bruiser,5.30,-4.41,7.74
462,4,crouch,pouncer,7.07,-7.53,10.93
463,1,patrol,swarm,-13.80,-4.66,12.78
463,2,chase,swarm,2.21,-1.74,3.95
463,3,advance,bruiser,5.27,-4.39,7.78
463,4,crouch,pouncer,7.07,-7.53,11.01
464,1,patrol,swarm,-13.80,-4.67,12.77
464,2,chase,swarm,2.18,-1.76,3.95
464,3,advance,bruiser,5.25,-4.38,7.80
464,4,crouch,pouncer,7.07,-7.53,11.04
465,1,patrol,swarm,-13.80,-4.70,12.73
465,2,chase,swarm,2.08,-1.82,3.97
465,3,advance,bruiser,5.21,-4.36,7.85
465,4,crouch,pouncer,7.07,-7.53,11.14
466,1,patrol,swarm,-13.81,-4.71,12.72
466,2,chase,swarm,2.04,-1.85,3.97
466,3,advance,bruiser,5.20,-4.36,7.87
466,4,crouch,pouncer,7.07,-7.53,11.18
467,1,patrol,swarm,-13.81,-4.72,12.71
467,2,chase,swarm,2.02,-1.86,3.98
467,3,advance,bruiser,5.19,-4.35,7.88
467,4,pounce,pouncer,7.07,-7.53,11.21
468,1,patrol,swarm,-13.81,-4.75,12.67
468,2,chase,swarm,1.92,-1.92,3.99
468,3,advance,bruiser,5.15,-4.33,7.93
468,4,pounce,pouncer,6.88,-7.38,11.06
469,1,patrol,swarm,-13.81,-4.77,12.63
469,2,chase,swarm,1.83,-1.97,4.01
469,3,advance,bruiser,5.11,-4.31,7.98
469,4,pounce,pouncer,6.72,-7.26,10.95
470,1,patrol,swarm,-13.81,-4.78,12.62
470,2,chase,swarm,1.80,-1.98,4.01
470,3,advance,bruiser,5.10,-4.30,8.00
470,4,pounce,pouncer,6.66,-7.21,10.90
471,1,patrol,swarm,-13.81,-4.81,12.59
471,2,chase,swarm,1.71,-2.03,4.03
471,3,advance,bruiser,5.07,-4.29,8.04
471,4,pounce,pouncer,6.51,-7.09,10.79
472,1,patrol,swarm,-13.81,-4.82,12.58
472,2,chase,swarm,1.68,-2.04,4.03
472,3,advance,bruiser,5.06,-4.28,8.06
472,4,pounce,pouncer,6.45,-7.05,10.75
473,1,patrol,swarm,-13.81,-4.85,12.55
473,2,chase,swarm,1.57,-2.08,4.05
473,3,advance,bruiser,5.02,-4.26,8.11
473,4,pounce,pouncer,6.26,-6.90,10.61
474,1,patrol,swarm,-13.81,-4.86,12.54
474,2,chase,swarm,1.53,-2.10,4.05
474,3,advance,bruiser,5.00,-4.25,8.13
474,4,pounce,pouncer,6.20,-6.85,10.56
475,1,patrol,swarm,-13.81,-4.89,12.49
475,2,chase,swarm,1.39,-2.14,4.07
475,3,advance,bruiser,4.95,-4.22,8.20
475,4,pounce,pouncer,5.96,-6.66,10.39
476,1,patrol,swarm,-13.82,-4.90,12.48
476,2,chase,swarm,1.35,-2.15,4.07
476,3,advance,bruiser,4.94,-4.22,8.21
476,4,pounce,pouncer,5.89,-6.61,10.34
477,1,patrol,swarm,-13.82,-4.94,12.44
477,2,chase,swarm,1.20,-2.18,4.09
477,3,advance,bruiser,4.89,-4.19,8.28
477,4,pounce,pouncer,5.64,-6.42,10.16
478,1,patrol,swarm,-13.82,-4.95,12.43
478,2,chase,swarm,1.16,-2.19,4.09
478,3,advance,bruiser,4.87,-4.18,8.30
478,4,pounce,pouncer,5.58,-6.37,10.11
479,1,patrol,swarm,-13.82,-4.98,12.40
479,2,chase,swarm,1.06,-2.20,4.10
479,3,advance,bruiser,4.84,-4.16,8.35
479,4,pounce,pouncer,5.41,-6.24,9.99
480,1,patrol,swarm,-13.82,-4.99,12.39
480,2,chase,swarm,1.02,-2.21,4.10
480,3,advance,bruiser,4.83,-4.15,8.37
480,4,pounce,pouncer,5.35,-6.19,9.94
481,1,patrol,swarm,-13.82,-5.02,12.37
481,2,chase,swarm,0.90,-2.21,4.10
481,3,advance,bruiser,4.79,-4.13,8.42
481,4,pounce,pouncer,5.16,-6.04,9.80
482,1,patrol,swarm,-13.82,-5.03,12.36
482,2,chase,swarm,0.87,-2.21,4.10
482,3,advance,bruiser,4.78,-4.12,8.44
482,4,pounce,pouncer,5.10,-6.00,9.76
483,1,patrol,swarm,-13.82,-5.06,12.33
483,2,chase,swarm,0.76,-2.20,4.10
483,3,advance,bruiser,4.74,-4.10,8.49
483,4,pounce,pouncer,4.93,-5.87,9.64
484,1,patrol,swarm,-13.82,-5.07,12.32
484,2,chase,swarm,0.72,-2.20,4.10
484,3,advance,bruiser,4.73,-4.09,8.50
484,4,pounce,pouncer,4.87,-5.82,9.59
485,1,patrol,swarm,-13.82,-5.09,12.30
485,2,chase,swarm,0.63,-2.19,4.10
485,3,advance,bruiser,4.69,-4.08,8.55
485,4,pounce,pouncer,4.71,-5.69,9.48
486,1,patrol,swarm,-13.82,-5.10,12.30
486,2,chase,swarm,0.59,-2.18,4.10
486,3,advance,bruiser,4.68,-4.07,8.56
486,4,pounce,pouncer,4.66,-5.65,9.43
487,1,patrol,swarm,-13.83,-5.13,12.27
487,2,chase,swarm,0.48,-2.15,4.09
487,3,advance,bruiser,4.64,-4.05,8.62
487,4,pounce,pouncer,4.47,-5.50,9.30
488,1,patrol,swarm,-13.83,-5.14,12.26
488,2,chase,swarm,0.44,-2.14,4.08
488,3,advance,bruiser,4.63,-4.04,8.64
488,4,recover,pouncer,4.41,-5.45,9.25
489,1,patrol,swarm,-13.83,-5.17,12.24
489,2,chase,swarm,0.32,-2.08,4.07
489,3,advance,bruiser,4.59,-4.01,8.70
489,4,recover,pouncer,4.41,-5.45,9.36
490,1,patrol,swarm,-13.83,-5.18,12.23
490,2,chase,swarm,0.29,-2.07,4.07
490,3,advance,bruiser,4.58,-4.01,8.71
490,4,recover,pouncer,4.41,-5.45,9.39
491,1,patrol,swarm,-13.83,-5.21,12.21
491,2,chase,swarm,0.19,-2.01,4.05
491,3,advance,bruiser,4.54,-3.98,8.76
491,4,recover,pouncer,4.41,-5.45,9.49
492,1,patrol,swarm,-13.83,-5.22,12.20
492,2,chase,swarm,0.16,-1.99,4.05
492,3,advance,bruiser,4.53,-3.98,8.78
492,4,recover,pouncer,4.41,-5.45,9.52
493,1,patrol,swarm,-13.83,-5.25,12.18
493,2,chase,swarm,0.07,-1.92,4.03
493,3,advance,bruiser,4.49,-3.95,8.83
493,4,recover,pouncer,4.41,-5.45,9.62
494,1,patrol,swarm,-13.83,-5.25,12.18
494,2,chase,swarm,0.05,-1.90,4.03
494,3,advance,bruiser,4.48,-3.95,8.85
494,4,recover,pouncer,4.41,-5.45,9.65
495,1,patrol,swarm,-13.83,-5.29,12.16
495,2,chase,swarm,-0.05,-1.80,4.01
495,3,advance,bruiser,4.43,-3.92,8.91
495,4,recover,pouncer,4.41,-5.45,9.77
496,1,patrol,swarm,-13.83,-5.30,12.15
496,2,chase,swarm,-0.07,-1.78,4.00
496,3,advance,bruiser,4.42,-3.92,8.93
496,4,recover,pouncer,4.41,-5.45,9.79
497,1,patrol,swarm,-13.84,-5.32,12.14
497,2,chase,swarm,-0.12,-1.72,3.99
497,3,advance,bruiser,4.39,-3.90,8.96
497,4,recover,pouncer,4.41,-5.45,9.86
498,1,patrol,swarm,-13.84,-5.32,12.14
498,2,chase,swarm,-0.14,-1.70,3.99
498,3,advance,bruiser,4.38,-3.89,8.98
498,4,recover,pouncer,4.41,-5.45,9.89
499,1,patrol,swarm,-13.84,-5.35,12.12
499,2,chase,swarm,-0.19,-1.62,3.98
499,3,advance,bruiser,4.35,-3.88,9.02
499,4,recover,pouncer,4.41,-5.45,9.97
500,1,patrol,swarm,-13.84,-5.35,12.12
500,2,chase,swarm,-0.21,-1.59,3.98
500,3,advance,bruiser,4.34,-3.87,9.03
500,4,recover,pouncer,4.41,-5.45,9.99
501,1,patrol,swarm,-13.84,-5.38,12.11
501,2,chase,swarm,-0.25,-1.52,3.98
501,3,advance,bruiser,4.31,-3.85,9.07
501,4,recover,pouncer,4.41,-5.45,10.07
502,1,patrol,swarm,-13.84,-5.38,12.11
502,2,chase,swarm,-0.27,-1.49,3.97
502,3,advance,bruiser,4.31,-3.85,9.09
502,4,recover,pouncer,4.41,-5.45,10.09
503,1,patrol,swarm,-13.84,-5.41,12.10
503,2,chase,swarm,-0.31,-1.41,3.97
503,3,advance,bruiser,4.28,-3.83,9.13
503,4,recover,pouncer,4.41,-5.45,10.17
504,1,patrol,swarm,-13.84,-5.41,12.09
504,2,chase,swarm,-0.32,-1.38,3.97
504,3,advance,bruiser,4.26,-3.82,9.15
504,4,recover,pouncer,4.41,-5.45,10.20
505,1,patrol,swarm,-13.84,-5.44,12.08
505,2,chase,swarm,-0.37,-1.28,3.97
505,3,advance,bruiser,4.23,-3.80,9.20
505,4,recover,pouncer,4.41,-5.45,10.30
506,1,patrol,swarm,-13.84,-5.45,12.08
506,2,chase,swarm,-0.38,-1.25,3.97
506,3,advance,bruiser,4.22,-3.79,9.21
506,4,recover,pouncer,4.41,-5.45,10.32
507,1,patrol,swarm,-13.84,-5.47,12.07
507,2,chase,swarm,-0.41,-1.16,3.98
507,3,advance,bruiser,4.19,-3.77,9.26
507,4,recover,pouncer,4.41,-5.45,10.41
508,1,patrol,swarm,-13.84,-5.48,12.07
508,2,chase,swarm,-0.42,-1.13,3.98
508,3,advance,bruiser,4.18,-3.77,9.27
508,4,recover,pouncer,4.41,-5.45,10.43
509,1,patrol,swarm,-13.85,-5.52,12.05
509,2,chase,swarm,-0.47,-0.98,3.99
509,3,advance,bruiser,4.12,-3.73,9.34
509,4,recover,pouncer,4.41,-5.45,10.57
510,1,patrol,swarm,-13.85,-5.53,12.05
510,2,chase,swarm,-0.48,-0.96,3.99
510,3,advance,bruiser,4.12,-3.73,9.36
510,4,recover,pouncer,4.41,-5.45,10.59
511,1,patrol,swarm,-13.85,-5.55,12.05
511,2,chase,swarm,-0.50,-0.87,4.00
511,3,advance,bruiser,4.09,-3.71,9.40
511,4,recover,pouncer,4.41,-5.45,10.67
512,1,patrol,swarm,-13.85,-5.56,12.04
512,2,chase,swarm,-0.51,-0.84,4.00
512,3,advance,bruiser,4.08,-3.70,9.41
512,4,recover,pouncer,4.41,-5.45,10.70
513,1,patrol,swarm,-13.85,-5.58,12.04
513,2,chase,swarm,-0.54,-0.74,4.02
513,3,advance,bruiser,4.04,-3.68,9.46
513,4,recover,pouncer,4.41,-5.45,10.78
514,1,patrol,swarm,-13.85,-5.59,12.04
514,2,chase,swarm,-0.55,-0.71,4.02
514,3,advance,bruiser,4.03,-3.68,9.47
514,4,recover,pouncer,4.41,-5.45,10.81
515,1,patrol,swarm,-13.85,-5.62,12.03
515,2,chase,swarm,-0.58,-0.58,4.04
515,3,advance,bruiser,3.99,-3.65,9.53
515,4,recover,pouncer,4.41,-5.45,10.92
516,1,patrol,swarm,-13.85,-5.63,12.03
516,2,chase,swarm,-0.59,-0.55,4.05
516,3,advance,bruiser,3.98,-3.64,9.55
516,4,recover,pouncer,4.41,-5.45,10.96
517,1,patrol,swarm,-13.85,-5.65,12.03
517,2,chase,swarm,-0.61,-0.47,4.06
517,3,advance,bruiser,3.95,-3.63,9.59
517,4,recover,pouncer,4.41,-5.45,11.03
518,1,patrol,swarm,-13.85,-5.65,12.03
518,2,chase,swarm,-0.61,-0.45,4.06
518,3,advance,bruiser,3.94,-3.62,9.60
518,4,recover,pouncer,4.41,-5.45,11.05
519,1,patrol,swarm,-13.85,-5.67,12.03
519,2,chase,swarm,-0.63,-0.37,4.08
519,3,advance,bruiser,3.92,-3.60,9.64
519,4,recover,pouncer,4.41,-5.45,11.12
520,1,patrol,swarm,-13.85,-5.68,12.02
520,2,chase,swarm,-0.64,-0.33,4.08
520,3,advance,bruiser,3.90,-3.60,9.66
520,4,recover,pouncer,4.41,-5.45,11.15
521,1,patrol,swarm,-13.85,-5.70,12.02
521,2,chase,swarm,-0.66,-0.26,4.10
521,3,advance,bruiser,3.88,-3.58,9.69
521,4,recover,pouncer,4.41,-5.45,11.22
522,1,patrol,swarm,-13.86,-5.71,12.02
522,2,chase,swarm,-0.67,-0.23,4.10
522,3,advance,bruiser,3.87,-3.58,9.70
522,4,recover,pouncer,4.41,-5.45,11.24
523,1,patrol,swarm,-13.86,-5.74,12.02
523,2,chase,swarm,-0.69,-0.12,4.12
523,3,advance,bruiser,3.83,-3.55,9.76
523,4,recover,pouncer,4.41,-5.45,11.34
524,1,patrol,swarm,-13.86,-5.74,12.02
524,2,chase,swarm,-0.70,-0.10,4.13
524,3,advance,bruiser,3.83,-3.55,9.77
524,4,recover,pouncer,4.41,-5.45,11.35
525,1,alert,swarm,-13.86,-5.74,12.00
525,2,chase,swarm,-0.74,0.07,4.16
525,3,advance,bruiser,3.77,-3.51,9.85
525,4,recover,pouncer,4.41,-5.45,11.50
526,1,alert,swarm,-13.86,-5.74,11.99
526,2,chase,swarm,-0.75,0.10,4.16
526,3,advance,bruiser,3.76,-3.50,9.86
526,4,recover,pouncer,4.41,-5.45,11.53
527,1,alert,swarm,-13.86,-5.74,11.98
527,2,chase,swarm,-0.78,0.20,4.18
527,3,advance,bruiser,3.72,-3.48,9.91
527,4,recover,pouncer,4.41,-5.45,11.62
528,1,alert,swarm,-13.86,-5.74,11.98
528,2,chase,swarm,-0.79,0.23,4.19
528,3,advance,bruiser,3.72,-3.48,9.93
528,4,recover,pouncer,4.41,-5.45,11.65
529,1,alert,swarm,-13.86,-5.74,11.96
529,2,chase,swarm,-0.82,0.33,4.20
529,3,advance,bruiser,3.68,-3.45,9.97
529,4,recover,pouncer,4.41,-5.45,11.74
530,1,alert,swarm,-13.86,-5.74,11.96
530,2,chase,swarm,-0.83,0.36,4.21
530,3,advance,bruiser,3.67,-3.45,9.99
530,4,recover,pouncer,4.41,-5.45,11.77
531,1,alert,swarm,-13.86,-5.74,11.95
531,2,chase,swarm,-0.86,0.44,4.22
531,3,advance,bruiser,3.64,-3.43,10.03
531,4,recover,pouncer,4.41,-5.45,11.84
532,1,alert,swarm,-13.86,-5.74,11.94
532,2,chase,swarm,-0.87,0.46,4.23
532,3,advance,bruiser,3.63,-3.42,10.04
532,4,recover,pouncer,4.41,-5.45,11.86
533,1,alert,swarm,-13.86,-5.74,11.93
533,2,chase,swarm,-0.91,0.57,4.24
533,3,advance,bruiser,3.60,-3.40,10.10
533,4,recover,pouncer,4.41,-5.45,11.96
534,1,alert,swarm,-13.86,-5.74,11.93
534,2,chase,swarm,-0.92,0.59,4.25
534,3,advance,bruiser,3.59,-3.40,10.11
534,4,recover,pouncer,4.41,-5.45,11.98
535,1,alert,swarm,-13.86,-5.74,11.92
535,2,chase,swarm,-0.96,0.69,4.26
535,3,advance,bruiser,3.56,-3.37,10.15
535,4,recover,pouncer,4.41,-5.45,12.07
536,1,alert,swarm,-13.86,-5.74,11.92
536,2,chase,swarm,-0.97,0.71,4.26
536,3,advance,bruiser,3.55,-3.37,10.17
536,4,recover,pouncer,4.41,-5.45,12.09
537,1,alert,swarm,-13.86,-5.74,11.91
537,2,chase,swarm,-1.00,0.78,4.27
537,3,advance,bruiser,3.52,-3.35,10.20
537,4,recover,pouncer,4.41,-5.45,12.16
538,1,alert,swarm,-13.86,-5.74,11.90
538,2,chase,swarm,-1.04,0.86,4.28
538,3,advance,bruiser,3.50,-3.33,10.24
538,4,recover,pouncer,4.41,-5.45,12.23
539,1,alert,swarm,-13.86,-5.74,11.90
539,2,chase,swarm,-1.06,0.91,4.28
539,3,advance,bruiser,3.48,-3.32,10.27
539,4,recover,pouncer,4.41,-5.45,12.28
540,1,alert,swarm,-13.86,-5.74,11.89
540,2,chase,swarm,-1.10,0.98,4.29
540,3,advance,bruiser,3.45,-3.30,10.31
540,4,recover,pouncer,4.41,-5.45,12.35
541,1,alert,swarm,-13.86,-5.74,11.88
541,2,chase,swarm,-1.13,1.03,4.29
541,3,advance,bruiser,3.43,-3.29,10.34
541,4,recover,pouncer,4.41,-5.45,12.40
542,1,alert,swarm,-13.86,-5.74,11.88
542,2,chase,swarm,-1.17,1.10,4.29
542,3,advance,bruiser,3.41,-3.27,10.37
542,4,recover,pouncer,4.41,-5.45,12.48
543,1,alert,swarm,-13.86,-5.74,11.87
543,2,chase,swarm,-1.21,1.16,4.29
543,3,advance,bruiser,3.38,-3.26,10.40
543,4,recover,pouncer,4.41,-5.45,12.53
544,1,alert,swarm,-13.86,-5.74,11.87
544,2,chase,swarm,-1.25,1.22,4.29
544,3,advance,bruiser,3.36,-3.24,10.44
544,4,recover,pouncer,4.41,-5.45,12.60
545,1,alert,swarm,-13.86,-5.74,11.86
545,2,chase,swarm,-1.30,1.28,4.29
545,3,advance,bruiser,3.34,-3.23,10.48
545,4,recover,pouncer,4.41,-5.45,12.66
546,1,alert,swarm,-13.86,-5.74,11.86
546,2,chase,swarm,-1.34,1.34,4.29
546,3,advance,bruiser,3.31,-3.21,10.51
546,4,recover,pouncer,4.41,-5.45,12.73
547,1,alert,swarm,-13.86,-5.74,11.86
547,2,chase,swarm,-1.40,1.40,4.28
547,3,advance,bruiser,3.29,-3.19,10.55
547,4,recover,pouncer,4.41,-5.45,12.79
548,1,alert,swarm,-13.86,-5.74,11.85
548,2,chase,swarm,-1.44,1.44,4.28
548,3,advance,bruiser,3.27,-3.18,10.58
548,4,recover,pouncer,4.41,-5.45,12.85
549,1,alert,swarm,-13.86,-5.74,11.85
549,2,chase,swarm,-1.50,1.50,4.27
549,3,advance,bruiser,3.24,-3.16,10.61
549,4,recover,pouncer,4.41,-5.45,12.92
550,1,chase,swarm,-13.86,-5.74,11.85
550,2,chase,swarm,-1.55,1.55,4.26
550,3,advance,bruiser,3.22,-3.15,10.65
550,4,recover,pouncer,4.41,-5.45,12.98
551,1,chase,swarm,-13.79,-5.71,11.78
551,2,chase,swarm,-1.61,1.59,4.25
551,3,advance,bruiser,3.19,-3.13,10.68
551,4,recover,pouncer,4.41,-5.45,13.04
552,1,chase,swarm,-13.72,-5.69,11.71
552,2,chase,swarm,-1.67,1.63,4.24
552,3,advance,bruiser,3.17,-3.12,10.72
552,4,recover,pouncer,4.41,-5.45,13.11
553,1,chase,swarm,-13.65,-5.67,11.65
553,2,chase,swarm,-1.73,1.67,4.22
553,3,advance,bruiser,3.15,-3.10,10.75
553,4,recover,pouncer,4.41,-5.45,13.17
554,1,chase,swarm,-13.58,-5.64,11.58
554,2,chase,swarm,-1.80,1.71,4.21
554,3,advance,bruiser,3.12,-3.08,10.79
554,4,recover,pouncer,4.41,-5.45,13.24
555,1,chase,swarm,-13.51,-5.62,11.52
555,2,chase,swarm,-1.86,1.74,4.20
555,3,advance,bruiser,3.10,-3.07,10.82
555,4,recover,pouncer,4.41,-5.45,13.30
556,1,chase,swarm,-13.43,-5.61,11.45
556,2,chase,swarm,-1.93,1.77,4.18
556,3,advance,bruiser,3.07,-3.05,10.86
556,4,recover,pouncer,4.41,-5.45,13.36
557,1,chase,swarm,-13.37,-5.59,11.40
557,2,chase,swarm,-1.99,1.80,4.17
557,3,advance,bruiser,3.05,-3.04,10.89
557,4,recover,pouncer,4.41,-5.45,13.42
558,1,chase,swarm,-13.29,-5.58,11.34
558,2,chase,swarm,-2.07,1.82,4.15
558,3,advance,bruiser,3.03,-3.02,10.93
558,4,recover,pouncer,4.41,-5.45,13.49
559,1,chase,swarm,-13.23,-5.56,11.29
559,2,chase,swarm,-2.13,1.84,4.14
559,3,advance,bruiser,3.01,-3.01,10.96
559,4,recover,pouncer,4.41,-5.45,13.55
560,1,chase,swarm,-13.15,-5.55,11.24
560,2,chase,swarm,-2.21,1.85,4.12
560,3,advance,bruiser,2.98,-2.99,10.99
560,4,recover,pouncer,4.41,-5.45,13.61
561,1,chase,swarm,-13.08,-5.54,11.19
561,2,chase,swarm,-2.28,1.86,4.11
561,3,advance,bruiser,2.96,-2.97,11.03
561,4,recover,pouncer,4.41,-5.45,13.68
562,1,chase,swarm,-13.01,-5.53,11.14
562,2,chase,swarm,-2.36,1.87,4.09
562,3,advance,bruiser,2.94,-2.96,11.06
562,4,recover,pouncer,4.41,-5.45,13.74
563,1,chase,swarm,-12.93,-5.52,11.09
563,2,chase,swarm,-2.43,1.87,4.08
563,3,advance,bruiser,2.91,-2.94,11.10
563,4,recover,pouncer,4.41,-5.45,13.80
564,1,chase,swarm,-12.85,-5.51,11.04
564,2,chase,swarm,-2.51,1.87,4.07
564,3,advance,bruiser,2.89,-2.92,11.13
564,4,stalk,pouncer,4.41,-5.45,13.87
565,1,chase,swarm,-12.79,-5.50,11.00
565,2,chase,swarm,-2.57,1.87,4.07
565,3,advance,bruiser,2.87,-2.91,11.17
565,4,stalk,pouncer,4.36,-5.46,13.90
566,1,chase,swarm,-12.71,-5.49,10.95
566,2,chase,swarm,-2.65,1.87,4.06
566,3,advance,bruiser,2.84,-2.89,11.20
566,4,stalk,pouncer,4.32,-5.46,13.93
567,1,chase,swarm,-12.64,-5.48,10.91
567,2,chase,swarm,-2.72,1.86,4.06
567,3,advance,bruiser,2.82,-2.88,11.24
567,4,stalk,pouncer,4.27,-5.47,13.96
568,1,chase,swarm,-12.55,-5.46,10.86
568,2,chase,swarm,-2.82,1.85,4.05
568,3,advance,bruiser,2.79,-2.86,11.28
568,4,stalk,pouncer,4.22,-5.47,14.01
569,1,chase,swarm,-12.50,-5.46,10.83
569,2,chase,swarm,-2.87,1.84,4.05
569,3,advance,bruiser,2.77,-2.84,11.30
569,4,stalk,pouncer,4.18,-5.47,14.03
570,1,chase,swarm,-12.41,-5.44,10.78
570,2,chase,swarm,-2.96,1.83,4.05
570,3,advance,bruiser,2.74,-2.83,11.35
570,4,stalk,pouncer,4.13,-5.48,14.07
571,1,chase,swarm,-12.35,-5.43,10.75
571,2,chase,swarm,-3.02,1.82,4.06
571,3,advance,bruiser,2.72,-2.81,11.38
571,4,stalk,pouncer,4.09,-5.48,14.09
572,1,chase,swarm,-12.17,-5.40,10.66
572,2,chase,swarm,-3.19,1.78,4.07
572,3,advance,bruiser,2.67,-2.77,11.46
572,4,stalk,pouncer,3.98,-5.49,14.17
573,1,chase,swarm,-12.14,-5.40,10.65
573,2,chase,swarm,-3.22,1.78,4.07
573,3,advance,bruiser,2.66,-2.77,11.47
573,4,stalk,pouncer,3.97,-5.49,14.18
574,1,chase,swarm,-11.15,-4.93,10.04
574,2,chase,swarm,-4.27,1.45,4.36
574,3,advance,bruiser,2.31,-2.52,11.99
574,4,stalk,pouncer,3.29,-5.54,14.66
575,1,chase,swarm,-11.12,-4.91,10.03
575,2,chase,swarm,-4.30,1.45,4.37
575,3,advance,bruiser,2.30,-2.51,12.01
575,4,stalk,pouncer,3.27,-5.54,14.67
576,1,chase,swarm,-11.02,-4.84,9.96
576,2,chase,swarm,-4.43,1.44,4.40
576,3,advance,bruiser,2.26,-2.48,12.07
576,4,stalk,pouncer,3.27,-5.46,14.73
577,1,chase,swarm,-10.95,-4.79,9.92
577,2,chase,swarm,-4.51,1.43,4.41
577,3,advance,bruiser,2.23,-2.47,12.11
577,4,stalk,pouncer,3.27,-5.41,14.77
578,1,chase,swarm,-10.92,-4.77,9.90
578,2,chase,swarm,-4.55,1.43,4.42
578,3,advance,bruiser,2.22,-2.46,12.12
578,4,stalk,pouncer,3.27,-5.39,14.78
579,1,chase,swarm,-10.85,-4.71,9.85
579,2,chase,swarm,-4.64,1.42,4.44
579,3,advance,bruiser,2.19,-2.44,12.17
579,4,stalk,pouncer,3.27,-5.33,14.82
580,1,chase,swarm,-10.83,-4.69,9.84
580,2,chase,swarm,-4.67,1.42,4.44
580,3,advance,bruiser,2.19,-2.43,12.18
580,4,stalk,pouncer,3.26,-5.31,14.83
581,1,chase,swarm,-10.76,-4.61,9.78
581,2,chase,swarm,-4.78,1.42,4.46
581,3,advance,bruiser,2.15,-2.41,12.23
581,4,stalk,pouncer,3.26,-5.25,14.88
582,1,chase,swarm,-10.74,-4.59,9.77
582,2,chase,swarm,-4.80,1.42,4.47
582,3,advance,bruiser,2.15,-2.40,12.24
582,4,stalk,pouncer,3.26,-5.23,14.89
583,1,chase,swarm,-10.68,-4.51,9.71
583,2,chase,swarm,-4.90,1.43,4.48
583,3,advance,bruiser,2.11,-2.38,12.29
583,4,stalk,pouncer,3.26,-5.17,14.93
584,1,chase,swarm,-10.66,-4.50,9.69
584,2,chase,swarm,-4.92,1.43,4.49
584,3,advance,bruiser,2.11,-2.37,12.30
584,4,stalk,pouncer,3.26,-5.16,14.94
585,1,chase,swarm,-10.60,-4.38,9.61
585,2,chase,swarm,-5.06,1.44,4.51
585,3,advance,bruiser,2.06,-2.34,12.36
585,4,stalk,pouncer,3.25,-5.08,15.00
586,1,chase,swarm,-10.58,-4.36,9.60
586,2,chase,swarm,-5.08,1.44,4.51
586,3,advance,bruiser,2.06,-2.34,12.38
586,4,stalk,pouncer,3.25,-5.06,15.01
587,1,chase,swarm,-10.54,-4.26,9.53
587,2,chase,swarm,-5.19,1.46,4.52
587,3,advance,bruiser,2.02,-2.31,12.43
587,4,stalk,pouncer,3.25,-5.00,15.06
588,1,chase,swarm,-10.53,-4.24,9.52
588,2,chase,swarm,-5.21,1.46,4.52
588,3,advance,bruiser,2.02,-2.31,12.44
588,4,stalk,pouncer,3.25,-4.98,15.07
589,1,chase,swarm,-10.50,-4.15,9.46
589,2,chase,swarm,-5.31,1.48,4.53
589,3,advance,bruiser,1.98,-2.29,12.48
589,4,stalk,pouncer,3.24,-4.92,15.11
590,1,chase,swarm,-10.49,-4.12,9.44
590,2,chase,swarm,-5.33,1.49,4.53
590,3,advance,bruiser,1.98,-2.28,12.50
590,4,stalk,pouncer,3.24,-4.90,15.12
591,1,chase,swarm,-10.47,-3.96,9.34
591,2,chase,swarm,-5.49,1.53,4.54
591,3,advance,bruiser,1.92,-2.24,12.58
591,4,stalk,pouncer,3.23,-4.80,15.19
592,1,chase,swarm,-10.47,-3.93,9.33
592,2,chase,swarm,-5.52,1.54,4.54
592,3,advance,bruiser,1.92,-2.24,12.59
592,4,stalk,pouncer,3.23,-4.79,15.20
593,1,chase,swarm,-10.47,-3.75,9.23
593,2,chase,swarm,-5.68,1.61,4.54
593,3,advance,bruiser,1.86,-2.20,12.67
593,4,stalk,pouncer,3.22,-4.68,15.28
594,1,chase,swarm,-10.47,-3.73,9.22
594,2,chase,swarm,-5.71,1.62,4.54
594,3,advance,bruiser,1.85,-2.19,12.68
594,4,stalk,pouncer,3.22,-4.66,15.29
595,1,chase,swarm,-10.49,-3.60,9.15
595,2,chase,swarm,-5.82,1.68,4.53
595,3,advance,bruiser,1.81,-2.16,12.74
595,4,stalk,pouncer,3.22,-4.58,15.35
596,1,chase,swarm,-10.50,-3.58,9.14
596,2,chase,swarm,-5.84,1.69,4.53
596,3,advance,bruiser,1.80,-2.16,12.76
596,4,stalk,pouncer,3.22,-4.57,15.36
597,1,chase,swarm,-10.52,-3.48,9.09
597,2,chase,swarm,-5.92,1.75,4.52
597,3,advance,bruiser,1.77,-2.13,12.80
597,4,stalk,pouncer,3.21,-4.51,15.40
598,1,chase,swarm,-10.53,-3.45,9.08
598,2,chase,swarm,-5.94,1.76,4.51
598,3,advance,bruiser,1.76,-2.13,12.82
598,4,stalk,pouncer,3.21,-4.49,15.41
599,1,chase,swarm,-10.55,-3.37,9.04
599,2,chase,swarm,-6.01,1.82,4.50
599,3,advance,bruiser,1.74,-2.11,12.86
599,4,stalk,pouncer,3.20,-4.44,15.45
600,1,chase,swarm,-10.56,-3.35,9.03
600,2,chase,swarm,-6.03,1.83,4.50
600,3,advance,bruiser,1.73,-2.10,12.87
600,4,stalk,pouncer,3.20,-4.42,15.46
601,1,chase,swarm,-10.59,-3.26,8.99
601,2,chase,swarm,-6.10,1.90,4.49
601,3,advance,bruiser,1.70,-2.08,12.91
601,4,stalk,pouncer,3.20,-4.36,15.50
602,1,chase,swarm,-10.60,-3.23,8.98
602,2,chase,swarm,-6.12,1.92,4.48
602,3,advance,bruiser,1.69,-2.07,12.93
602,4,stalk,pouncer,3.20,-4.35,15.51
603,1,chase,swarm,-10.67,-3.10,8.92
603,2,chase,swarm,-6.21,2.03,4.46
603,3,advance,bruiser,1.65,-2.04,13.00
603,4,stalk,pouncer,3.19,-4.26,15.58
604,1,chase,swarm,-10.68,-3.08,8.92
604,2,chase,swarm,-6.22,2.05,4.46
604,3,advance,bruiser,1.64,-2.03,13.01
604,4,stalk,pouncer,3.19,-4.24,15.59
605,1,chase,swarm,-10.76,-2.92,8.86
605,2,chase,swarm,-6.31,2.21,4.43
605,3,advance,bruiser,1.58,-1.99,13.09
605,4,stalk,pouncer,3.18,-4.14,15.66
606,1,chase,swarm,-10.78,-2.90,8.85
606,2,chase,swarm,-6.32,2.23,4.43
606,3,advance,bruiser,1.58,-1.99,13.10
606,4,stalk,pouncer,3.17,-4.12,15.67
607,1,chase,swarm,-10.82,-2.83,8.82
607,2,chase,swarm,-6.36,2.31,4.42
607,3,advance,bruiser,1.55,-1.97,13.15
607,4,stalk,pouncer,3.17,-4.07,15.71
608,1,chase,swarm,-10.84,-2.80,8.82
608,2,chase,swarm,-6.37,2.34,4.41
608,3,advance,bruiser,1.54,-1.96,13.16
608,4,stalk,pouncer,3.17,-4.05,15.72
609,1,chase,swarm,-10.89,-2.73,8.79
609,2,chase,swarm,-6.40,2.42,4.40
609,3,advance,bruiser,1.51,-1.94,13.20
609,4,stalk,pouncer,3.16,-3.99,15.76
610,1,chase,swarm,-10.90,-2.71,8.78
610,2,chase,swarm,-6.41,2.44,4.40
610,3,advance,bruiser,1.50,-1.93,13.21
610,4,stalk,pouncer,3.16,-3.98,15.77
611,1,chase,swarm,-10.97,-2.61,8.75
611,2,chase,swarm,-6.44,2.56,4.39
611,3,advance,bruiser,1.47,-1.91,13.27
611,4,stalk,pouncer,3.15,-3.91,15.82
612,1,chase,swarm,-10.98,-2.59,8.75
612,2,chase,swarm,-6.45,2.58,4.39
612,3,advance,bruiser,1.46,-1.90,13.28
612,4,stalk,pouncer,3.15,-3.89,15.83
613,1,chase,swarm,-11.05,-2.50,8.72
613,2,chase,swarm,-6.47,2.69,4.39
613,3,advance,bruiser,1.42,-1.88,13.33
613,4,stalk,pouncer,3.14,-3.82,15.88
614,1,chase,swarm,-11.06,-2.48,8.71
614,2,chase,swarm,-6.48,2.72,4.39
614,3,advance,bruiser,1.42,-1.87,13.35
614,4,stalk,pouncer,3.14,-3.81,15.89
615,1,chase,swarm,-11.11,-2.41,8.70
615,2,chase,swarm,-6.49,2.80,4.39
615,3,advance,bruiser,1.39,-1.85,13.38
615,4,stalk,pouncer,3.13,-3.76,15.93
616,1,chase,swarm,-11.13,-2.39,8.69
616,2,chase,swarm,-6.50,2.82,4.39
616,3,advance,bruiser,1.38,-1.85,13.39
616,4,stalk,pouncer,3.13,-3.74,15.94
617,1,chase,swarm,-11.21,-2.29,8.66
617,2,chase,swarm,-6.51,2.95,4.39
617,3,advance,bruiser,1.34,-1.82,13.46
617,4,stalk,pouncer,3.12,-3.66,15.99
618,1,chase,swarm,-11.22,-2.27,8.66
618,2,chase,swarm,-6.51,2.98,4.39
618,3,advance,bruiser,1.33,-1.81,13.47
618,4,stalk,pouncer,3.12,-3.65,16.01
619,1,chase,swarm,-11.29,-2.18,8.63
619,2,chase,swarm,-6.52,3.08,4.40
619,3,advance,bruiser,1.30,-1.79,13.52
619,4,stalk,pouncer,3.11,-3.58,16.05
620,1,chase,swarm,-11.30,-2.16,8.63
620,2,chase,swarm,-6.52,3.11,4.40
620,3,advance,bruiser,1.29,-1.78,13.53
620,4,stalk,pouncer,3.11,-3.57,16.06
621,1,chase,swarm,-11.37,-2.08,8.60
621,2,chase,swarm,-6.53,3.21,4.41
621,3,advance,bruiser,1.26,-1.76,13.58
621,4,stalk,pouncer,3.10,-3.51,16.11
622,1,chase,swarm,-11.38,-2.07,8.60
622,2,chase,swarm,-6.53,3.23,4.42
622,3,advance,bruiser,1.26,-1.75,13.59
622,4,stalk,pouncer,3.10,-3.49,16.11
623,1,chase,swarm,-11.46,-1.96,8.57
623,2,chase,swarm,-6.54,3.37,4.44
623,3,advance,bruiser,1.21,-1.72,13.66
623,4,stalk,pouncer,3.09,-3.41,16.17
624,1,chase,swarm,-11.48,-1.94,8.56
624,2,chase,swarm,-6.54,3.39,4.44
624,3,advance,bruiser,1.20,-1.71,13.67
624,4,stalk,pouncer,3.09,-3.39,16.19
625,1,chase,swarm,-11.55,-1.84,8.54
625,2,chase,swarm,-6.54,3.51,4.46
625,3,advance,bruiser,1.17,-1.69,13.72
625,4,stalk,pouncer,3.08,-3.32,16.24
626,1,chase,swarm,-11.57,-1.82,8.53
626,2,chase,swarm,-6.54,3.54,4.46
626,3,advance,bruiser,1.16,-1.68,13.74
626,4,stalk,pouncer,3.08,-3.30,16.25
627,1,chase,swarm,-11.64,-1.73,8.50
627,2,chase,swarm,-6.54,3.65,4.48
627,3,advance,bruiser,1.12,-1.65,13.79
627,4,stalk,pouncer,3.07,-3.23,16.30
628,1,chase,swarm,-11.65,-1.71,8.50
628,2,chase,swarm,-6.55,3.68,4.49
628,3,advance,bruiser,1.12,-1.65,13.80
628,4,stalk,pouncer,3.07,-3.22,16.31
629,1,chase,swarm,-11.70,-1.64,8.48
629,2,chase,swarm,-6.55,3.76,4.50
629,3,advance,bruiser,1.09,-1.63,13.84
629,4,stalk,pouncer,3.06,-3.17,16.34
630,1,chase,swarm,-11.72,-1.62,8.47
630,2,chase,swarm,-6.55,3.79,4.51
630,3,advance,bruiser,1.08,-1.62,13.86
630,4,stalk,pouncer,3.06,-3.15,16.36
631,1,chase,swarm,-11.77,-1.53,8.44
631,2,chase,swarm,-6.55,3.89,4.53
631,3,advance,bruiser,1.05,-1.60,13.90
631,4,stalk,pouncer,3.05,-3.09,16.40
632,1,chase,swarm,-11.78,-1.52,8.44
632,2,chase,swarm,-6.55,3.91,4.53
632,3,advance,bruiser,1.04,-1.59,13.92
632,4,stalk,pouncer,3.05,-3.08,16.41
633,1,chase,swarm,-11.85,-1.41,8.40
633,2,chase,swarm,-6.56,4.04,4.56
633,3,advance,bruiser,1.01,-1.56,13.97
633,4,stalk,pouncer,3.04,-3.00,16.46
634,1,chase,swarm,-11.86,-1.39,8.39
634,2,chase,swarm,-6.56,4.06,4.57
634,3,advance,bruiser,1.00,-1.56,13.99
634,4,stalk,pouncer,3.03,-2.99,16.47
635,1,chase,swarm,-11.93,-1.28,8.36
635,2,chase,swarm,-6.57,4.18,4.59
635,3,advance,bruiser,0.96,-1.53,14.04
635,4,stalk,pouncer,3.02,-2.91,16.52
636,1,chase,swarm,-11.94,-1.26,8.35
636,2,chase,swarm,-6.57,4.21,4.60
636,3,advance,bruiser,0.95,-1.52,14.06
636,4,stalk,pouncer,3.02,-2.90,16.53
637,1,chase,swarm,-12.00,-1.15,8.30
637,2,chase,swarm,-6.58,4.34,4.62
637,3,advance,bruiser,0.91,-1.49,14.12
637,4,stalk,pouncer,3.01,-2.82,16.59
638,1,chase,swarm,-12.01,-1.12,8.29
638,2,chase,swarm,-6.59,4.37,4.63
638,3,advance,bruiser,0.90,-1.49,14.13
638,4,stalk,pouncer,3.01,-2.80,16.60
639,1,chase,swarm,-12.07,-0.98,8.24
639,2,chase,swarm,-6.60,4.52,4.66
639,3,advance,bruiser,0.86,-1.45,14.20
639,4,stalk,pouncer,2.99,-2.71,16.67
640,1,chase,swarm,-12.08,-0.96,8.23
640,2,chase,swarm,-6.61,4.54,4.67
640,3,advance,bruiser,0.85,-1.45,14.21
640,4,stalk,pouncer,2.99,-2.69,16.68
641,1,chase,swarm,-12.13,-0.84,8.17
641,2,chase,swarm,-6.63,4.67,4.69
641,3,advance,bruiser,0.81,-1.42,14.28
641,4,stalk,pouncer,2.98,-2.62,16.73
642,1,chase,swarm,-12.13,-0.82,8.16
642,2,chase,swarm,-6.63,4.69,4.69
642,3,advance,bruiser,0.80,-1.41,14.29
642,4,stalk,pouncer,2.97,-2.60,16.74
643,1,chase,swarm,-12.17,-0.69,8.10
643,2,chase,swarm,-6.66,4.83,4.72
643,3,advance,bruiser,0.76,-1.38,14.35
643,4,stalk,pouncer,2.96,-2.52,16.80
644,1,chase,swarm,-12.17,-0.66,8.09
644,2,chase,swarm,-6.66,4.85,4.72
644,3,advance,bruiser,0.75,-1.37,14.36
644,4,stalk,pouncer,2.96,-2.50,16.81
645,1,chase,swarm,-12.19,-0.54,8.03
645,2,chase,swarm,-6.69,4.97,4.74
645,3,advance,bruiser,0.71,-1.34,14.42
645,4,stalk,pouncer,2.95,-2.43,16.86
646,1,chase,swarm,-12.20,-0.52,8.02
646,2,chase,swarm,-6.70,4.99,4.74
646,3,advance,bruiser,0.71,-1.34,14.43
646,4,stalk,pouncer,2.94,-2.41,16.87
647,1,chase,swarm,-12.21,-0.41,7.96
647,2,chase,swarm,-6.73,5.10,4.76
647,3,advance,bruiser,0.67,-1.31,14.48
647,4,stalk,pouncer,2.93,-2.35,16.92
648,1,chase,swarm,-12.21,-0.38,7.95
648,2,chase,swarm,-6.73,5.12,4.76
648,3,advance,bruiser,0.67,-1.31,14.50
648,4,stalk,pouncer,2.93,-2.33,16.93
649,1,chase,swarm,-12.21,-0.30,7.91
649,2,chase,swarm,-6.76,5.20,4.77
649,3,advance,bruiser,0.64,-1.29,14.53
649,4,stalk,pouncer,2.92,-2.29,16.96
650,1,chase,swarm,-12.21,-0.28,7.89
650,2,chase,swarm,-6.77,5.22,4.77
650,3,advance,bruiser,0.63,-1.28,14.55
650,4,stalk,pouncer,2.92,-2.27,16.97
651,1,chase,swarm,-12.19,-0.14,7.82
651,2,chase,swarm,-6.82,5.35,4.78
651,3,advance,bruiser,0.59,-1.25,14.61
651,4,stalk,pouncer,2.91,-2.19,17.03
652,1,chase,swarm,-12.19,-0.11,7.80
652,2,chase,swarm,-6.83,5.38,4.78
652,3,advance,bruiser,0.58,-1.24,14.63
652,4,stalk,pouncer,2.90,-2.17,17.05
653,1,chase,swarm,-12.17,-0.02,7.76
653,2,chase,swarm,-6.87,5.46,4.78
653,3,advance,bruiser,0.55,-1.22,14.67
653,4,stalk,pouncer,2.89,-2.12,17.08
654,1,chase,swarm,-12.17,-0.00,7.75
654,2,chase,swarm,-6.88,5.47,4.78
654,3,advance,bruiser,0.55,-1.22,14.68
654,4,stalk,pouncer,2.89,-2.10,17.09
655,1,chase,swarm,-12.15,0.07,7.71
655,2,chase,swarm,-6.92,5.55,4.78
655,3,advance,bruiser,0.52,-1.20,14.72
655,4,stalk,pouncer,2.88,-2.05,17.13
656,1,chase,swarm,-12.14,0.10,7.69
656,2,chase,swarm,-6.93,5.57,4.78
656,3,advance,bruiser,0.51,-1.19,14.73
656,4,stalk,pouncer,2.88,-2.04,17.14
657,1,chase,swarm,-12.11,0.17,7.66
657,2,chase,swarm,-6.97,5.63,4.78
657,3,advance,bruiser,0.49,-1.18,14.76
657,4,stalk,pouncer,2.87,-1.99,17.17
658,1,chase,swarm,-12.09,0.24,7.62
658,2,chase,swarm,-7.01,5.69,4.78
658,3,advance,bruiser,0.47,-1.16,14.80
658,4,stalk,pouncer,2.86,-1.95,17.20
659,1,chase,swarm,-12.06,0.30,7.59
659,2,chase,swarm,-7.06,5.75,4.78
659,3,advance,bruiser,0.45,-1.14,14.83
659,4,stalk,pouncer,2.86,-1.91,17.23
660,1,chase,swarm,-12.01,0.39,7.55
660,2,chase,swarm,-7.12,5.82,4.77
660,3,advance,bruiser,0.42,-1.12,14.88
660,4,stalk,pouncer,2.84,-1.85,17.27
661,1,chase,swarm,-11.99,0.43,7.53
661,2,chase,swarm,-7.16,5.86,4.76
661,3,advance,bruiser,0.40,-1.11,14.90
661,4,stalk,pouncer,2.84,-1.82,17.29
662,1,chase,swarm,-11.95,0.50,7.50
662,2,chase,swarm,-7.21,5.91,4.75
662,3,advance,bruiser,0.38,-1.09,14.94
662,4,stalk,pouncer,2.83,-1.77,17.33
663,1,chase,swarm,-11.91,0.56,7.48
663,2,chase,swarm,-7.26,5.96,4.74
663,3,advance,bruiser,0.36,-1.07,14.97
663,4,stalk,pouncer,2.82,-1.73,17.35
664,1,chase,swarm,-11.87,0.62,7.46
664,2,chase,swarm,-7.32,6.01,4.73
664,3,advance,bruiser,0.33,-1.06,15.01
664,4,stalk,pouncer,2.81,-1.68,17.39
665,1,chase,swarm,-11.83,0.68,7.44
665,2,chase,swarm,-7.38,6.05,4.72
665,3,advance,bruiser,0.31,-1.04,15.04
665,4,stalk,pouncer,2.80,-1.64,17.42
666,1,chase,swarm,-11.78,0.74,7.42
666,2,chase,swarm,-7.45,6.09,4.71
666,3,advance,bruiser,0.29,-1.02,15.08
666,4,stalk,pouncer,2.80,-1.59,17.45
667,1,chase,swarm,-11.74,0.80,7.40
667,2,chase,swarm,-7.51,6.12,4.70
667,3,advance,bruiser,0.27,-1.00,15.11
667,4,stalk,pouncer,2.79,-1.55,17.48
668,1,chase,swarm,-11.69,0.86,7.38
668,2,chase,swarm,-7.58,6.15,4.68
668,3,advance,bruiser,0.24,-0.99,15.15
668,4,stalk,pouncer,2.78,-1.50,17.51
669,1,chase,swarm,-11.65,0.91,7.37
669,2,chase,swarm,-7.64,6.18,4.67
669,3,advance,bruiser,0.22,-0.97,15.18
669,4,stalk,pouncer,2.77,-1.46,17.54
670,1,chase,swarm,-11.59,0.98,7.36
670,2,chase,swarm,-7.72,6.20,4.66
670,3,advance,bruiser,0.20,-0.95,15.22
670,4,stalk,pouncer,2.76,-1.41,17.58
671,1,chase,swarm,-11.55,1.03,7.35
671,2,chase,swarm,-7.79,6.22,4.65
671,3,advance,bruiser,0.18,-0.93,15.25
671,4,stalk,pouncer,2.75,-1.37,17.60
672,1,chase,swarm,-11.50,1.08,7.34
672,2,chase,swarm,-7.86,6.24,4.64
672,3,advance,bruiser,0.15,-0.92,15.29
672,4,stalk,pouncer,2.74,-1.33,17.64
673,1,chase,swarm,-11.46,1.14,7.33
673,2,chase,swarm,-7.93,6.25,4.63
673,3,advance,bruiser,0.13,-0.90,15.32
673,4,stalk,pouncer,2.74,-1.29,17.67
674,1,chase,swarm,-11.41,1.19,7.33
674,2,chase,swarm,-8.00,6.26,4.63
674,3,advance,bruiser,0.11,-0.88,15.36
674,4,stalk,pouncer,2.73,-1.24,17.70
675,1,chase,swarm,-11.36,1.25,7.32
675,2,chase,swarm,-8.08,6.27,4.62
675,3,advance,bruiser,0.09,-0.86,15.39
675,4,stalk,pouncer,2.72,-1.19,17.73
676,1,chase,swarm,-11.31,1.31,7.32
676,2,chase,swarm,-8.15,6.27,4.62
676,3,advance,bruiser,0.06,-0.85,15.43
676,4,stalk,pouncer,2.71,-1.15,17.76
677,1,chase,swarm,-11.27,1.36,7.32
677,2,chase,swarm,-8.22,6.27,4.61
677,3,advance,bruiser,0.04,-0.83,15.46
677,4,stalk,pouncer,2.70,-1.11,17.79
678,1,chase,swarm,-11.22,1.42,7.32
678,2,chase,swarm,-8.30,6.27,4.61
678,3,advance,bruiser,0.02,-0.81,15.50
678,4,stalk,pouncer,2.69,-1.06,17.82
679,1,chase,swarm,-11.17,1.47,7.32
679,2,chase,swarm,-8.37,6.27,4.61
679,3,advance,bruiser,-0.00,-0.80,15.53
679,4,stalk,pouncer,2.68,-1.02,17.85
680,1,chase,swarm,-11.12,1.53,7.32
680,2,chase,swarm,-8.44,6.27,4.62
680,3,advance,bruiser,-0.03,-0.78,15.57
680,4,stalk,pouncer,2.67,-0.97,17.88
681,1,chase,swarm,-11.08,1.59,7.32
681,2,chase,swarm,-8.51,6.26,4.62
681,3,advance,bruiser,-0.05,-0.76,15.60
681,4,stalk,pouncer,2.66,-0.93,17.91
682,1,chase,swarm,-11.03,1.65,7.32
682,2,chase,swarm,-8.59,6.26,4.63
682,3,advance,bruiser,-0.07,-0.74,15.64
682,4,stalk,pouncer,2.65,-0.88,17.95
683,1,chase,swarm,-10.99,1.70,7.32
683,2,chase,swarm,-8.66,6.25,4.63
683,3,advance,bruiser,-0.09,-0.73,15.67
683,4,stalk,pouncer,2.64,-0.84,17.97
684,1,chase,swarm,-10.94,1.76,7.33
684,2,chase,swarm,-8.74,6.24,4.64
684,3,advance,bruiser,-0.12,-0.71,15.71
684,4,stalk,pouncer,2.63,-0.80,18.01
685,1,chase,swarm,-10.90,1.82,7.33
685,2,chase,swarm,-8.81,6.23,4.65
685,3,advance,bruiser,-0.14,-0.69,15.74
685,4,stalk,pouncer,2.62,-0.75,18.04
686,1,chase,swarm,-10.85,1.89,7.33
686,2,chase,swarm,-8.90,6.22,4.66
686,3,advance,bruiser,-0.16,-0.67,15.78
686,4,stalk,pouncer,2.61,-0.70,18.07
687,1,chase,swarm,-10.82,1.94,7.34
687,2,chase,swarm,-8.95,6.21,4.67
687,3,advance,bruiser,-0.18,-0.66,15.81
687,4,stalk,pouncer,2.60,-0.67,18.10
688,1,chase,swarm,-10.78,2.00,7.34
688,2,chase,swarm,-9.03,6.20,4.68
688,3,advance,bruiser,-0.21,-0.64,15.85
688,4,stalk,pouncer,2.59,-0.62,18.13
689,1,chase,swarm,-10.74,2.07,7.35
689,2,chase,swarm,-9.10,6.19,4.69
689,3,advance,bruiser,-0.23,-0.62,15.88
689,4,stalk,pouncer,2.58,-0.58,18.16
690,1,chase,swarm,-10.70,2.13,7.35
690,2,chase,swarm,-9.17,6.18,4.71
690,3,advance,bruiser,-0.25,-0.60,15.92
690,4,stalk,pouncer,2.57,-0.53,18.19
691,1,chase,swarm,-10.66,2.19,7.35
691,2,chase,swarm,-9.24,6.18,4.72
691,3,advance,bruiser,-0.27,-0.59,15.95
691,4,stalk,pouncer,2.56,-0.49,18.22
692,1,chase,swarm,-10.63,2.26,7.36
692,2,chase,swarm,-9.32,6.16,4.73
692,3,advance,bruiser,-0.29,-0.57,15.99
692,4,stalk,pouncer,2.55,-0.45,18.25
693,1,chase,swarm,-10.59,2.32,7.36
693,2,chase,swarm,-9.39,6.16,4.75
693,3,advance,bruiser,-0.32,-0.55,16.02
693,4,stalk,pouncer,2.54,-0.40,18.28
694,1,chase,swarm,-10.56,2.39,7.36
694,2,chase,swarm,-9.47,6.15,4.77
694,3,advance,bruiser,-0.34,-0.53,16.06
694,4,stalk,pouncer,2.53,-0.35,18.32
695,1,chase,swarm,-10.53,2.45,7.37
695,2,chase,swarm,-9.53,6.14,4.78
695,3,advance,bruiser,-0.36,-0.52,16.09
695,4,stalk,pouncer,2.52,-0.32,18.34
696,1,chase,swarm,-10.50,2.52,7.37
696,2,chase,swarm,-9.61,6.13,4.80
696,3,advance,bruiser,-0.38,-0.50,16.13
696,4,stalk,pouncer,2.51,-0.27,18.38
697,1,chase,swarm,-10.48,2.59,7.37
697,2,chase,swarm,-9.68,6.12,4.81
697,3,advance,bruiser,-0.41,-0.48,16.16
697,4,stalk,pouncer,2.50,-0.23,18.41
698,1,chase,swarm,-10.45,2.66,7.37
698,2,chase,swarm,-9.76,6.12,4.83
698,3,advance,bruiser,-0.43,-0.46,16.20
698,4,stalk,pouncer,2.49,-0.18,18.44
699,1,chase,swarm,-10.43,2.73,7.37
699,2,chase,swarm,-9.83,6.11,4.84
699,3,advance,bruiser,-0.45,-0.45,16.23
699,4,stalk,pouncer,2.48,-0.14,18.47
700,1,chase,swarm,-10.41,2.82,7.37
700,2,chase,swarm,-9.92,6.10,4.86
700,3,advance,bruiser,-0.48,-0.42,16.28
700,4,stalk,pouncer,2.47,-0.08,18.51
701,1,chase,swarm,-10.40,2.87,7.37
701,2,chase,swarm,-9.97,6.10,4.87
701,3,advance,bruiser,-0.50,-0.41,16.30
701,4,stalk,pouncer,2.46,-0.05,18.53
702,1,chase,swarm,-10.39,2.95,7.36
702,2,chase,swarm,-10.06,6.10,4.89
702,3,advance,bruiser,-0.52,-0.39,16.34
702,4,stalk,pouncer,2.45,-0.00,18.56
703,1,chase,swarm,-10.38,3.02,7.36
703,2,chase,swarm,-10.12,6.10,4.90
703,3,advance,bruiser,-0.54,-0.38,16.37
703,4,stalk,pouncer,2.44,0.03,18.59
704,1,chase,swarm,-10.37,3.11,7.35
704,2,chase,swarm,-10.21,6.10,4.92
704,3,advance,bruiser,-0.57,-0.36,16.41
704,4,stalk,pouncer,2.43,0.09,18.63
705,1,chase,swarm,-10.37,3.17,7.35
705,2,chase,swarm,-10.27,6.10,4.93
705,3,advance,bruiser,-0.59,-0.34,16.44
705,4,stalk,pouncer,2.42,0.12,18.65
706,1,chase,swarm,-10.37,3.25,7.34
706,2,chase,swarm,-10.36,6.10,4.94
706,3,advance,bruiser,-0.61,-0.32,16.48
706,4,stalk,pouncer,2.41,0.17,18.69
707,1,chase,swarm,-10.38,3.31,7.33
707,2,chase,swarm,-10.42,6.11,4.95
707,3,advance,bruiser,-0.63,-0.31,16.51
707,4,stalk,pouncer,2.40,0.21,18.71
708,1,chase,swarm,-10.39,3.41,7.31
708,2,chase,swarm,-10.51,6.12,4.97
708,3,advance,bruiser,-0.66,-0.28,16.56
708,4,stalk,pouncer,2.38,0.27,18.75
709,1,chase,swarm,-10.40,3.46,7.31
709,2,chase,swarm,-10.56,6.12,4.97
709,3,advance,bruiser,-0.67,-0.27,16.58
709,4,stalk,pouncer,2.38,0.30,18.77
710,1,chase,swarm,-10.46,3.64,7.27
710,2,chase,swarm,-10.75,6.15,4.99
710,3,advance,bruiser,-0.73,-0.23,16.67
710,4,stalk,pouncer,2.35,0.41,18.85
711,1,chase,swarm,-10.47,3.66,7.27
711,2,chase,swarm,-10.78,6.16,5.00
711,3,advance,bruiser,-0.74,-0.22,16.68
711,4,stalk,pouncer,2.34,0.43,18.86
712,1,chase,swarm,-10.53,3.77,7.24
712,2,chase,swarm,-10.90,6.19,5.01
712,3,advance,bruiser,-0.78,-0.19,16.74
712,4,stalk,pouncer,2.33,0.50,18.91
713,1,chase,swarm,-10.54,3.80,7.24
713,2,chase,swarm,-10.93,6.19,5.01
713,3,advance,bruiser,-0.79,-0.18,16.76
713,4,stalk,pouncer,2.32,0.52,18.93
714,1,chase,swarm,-10.61,3.90,7.21
714,2,chase,swarm,-11.04,6.23,5.01
714,3,advance,bruiser,-0.82,-0.16,16.81
714,4,stalk,pouncer,2.30,0.59,18.98
715,1,chase,swarm,-10.80,4.08,7.18
715,2,chase,swarm,-11.28,6.34,5.00
715,3,advance,bruiser,-0.90,-0.09,16.94
715,4,stalk,pouncer,2.26,0.75,19.09
716,1,chase,swarm,-10.82,4.10,7.17
716,2,chase,swarm,-11.30,6.35,5.00
716,3,advance,bruiser,-0.91,-0.09,16.95
716,4,stalk,pouncer,2.26,0.76,19.10
717,1,chase,swarm,-11.89,4.37,7.34
717,2,chase,swarm,-11.63,7.40,4.91
717,3,advance,bruiser,-1.24,0.18,17.47
717,4,stalk,pouncer,2.10,1.42,19.56
718,1,chase,swarm,-11.92,4.38,7.34
718,2,chase,swarm,-11.64,7.44,4.91
718,3,advance,bruiser,-1.25,0.19,17.49
718,4,stalk,pouncer,2.09,1.44,19.57
719,1,chase,swarm,-12.04,4.42,7.36
719,2,chase,swarm,-11.68,7.56,4.91
719,3,advance,bruiser,-1.29,0.22,17.55
719,4,stalk,pouncer,2.01,1.42,19.63
720,1,chase,swarm,-12.08,4.43,7.36
720,2,chase,swarm,-11.69,7.60,4.91
720,3,advance,bruiser,-1.30,0.23,17.57
720,4,stalk,pouncer,1.99,1.41,19.64
721,1,chase,swarm,-12.22,4.47,7.38
721,2,chase,swarm,-11.72,7.74,4.91
721,3,advance,bruiser,-1.35,0.26,17.64
721,4,stalk,pouncer,1.91,1.39,19.70
722,1,chase,swarm,-12.25,4.49,7.38
722,2,chase,swarm,-11.72,7.78,4.91
722,3,advance,bruiser,-1.36,0.27,17.66
722,4,stalk,pouncer,1.88,1.38,19.71
723,1,chase,swarm,-12.37,4.52,7.40
723,2,chase,swarm,-11.74,7.90,4.92
723,3,advance,bruiser,-1.40,0.30,17.72
723,4,stalk,pouncer,1.81,1.36,19.77
724,1,chase,swarm,-12.40,4.53,7.40
724,2,chase,swarm,-11.75,7.93,4.92
724,3,advance,bruiser,-1.41,0.31,17.73
724,4,stalk,pouncer,1.79,1.36,19.78
725,1,chase,swarm,-12.50,4.57,7.42
725,2,chase,swarm,-11.76,8.04,4.93
725,3,advance,bruiser,-1.44,0.33,17.78
725,4,stalk,pouncer,1.72,1.34,19.83
726,1,chase,swarm,-12.54,4.58,7.42
726,2,chase,swarm,-11.76,8.08,4.93
726,3,advance,bruiser,-1.45,0.34,17.80
726,4,stalk,pouncer,1.70,1.33,19.84
727,1,chase,swarm,-12.66,4.62,7.44
727,2,chase,swarm,-11.77,8.20,4.95
727,3,advance,bruiser,-1.49,0.37,17.86
727,4,stalk,pouncer,1.63,1.31,19.89
728,1,chase,swarm,-12.69,4.63,7.44
728,2,chase,swarm,-11.78,8.24,4.95
728,3,advance,bruiser,-1.50,0.38,17.88
728,4,stalk,pouncer,1.61,1.31,19.91
729,1,chase,swarm,-12.81,4.67,7.46
729,2,chase,swarm,-11.79,8.36,4.97
729,3,advance,bruiser,-1.54,0.41,17.94
729,4,stalk,pouncer,1.53,1.29,19.96
730,1,chase,swarm,-12.84,4.68,7.46
730,2,chase,swarm,-11.79,8.39,4.98
730,3,advance,bruiser,-1.55,0.42,17.95
730,4,stalk,pouncer,1.51,1.29,19.97
731,1,chase,swarm,-12.93,4.72,7.47
731,2,chase,swarm,-11.80,8.49,4.99
731,3,advance,bruiser,-1.58,0.44,18.00
731,4,stalk,pouncer,1.45,1.27,20.01
732,1,chase,swarm,-12.96,4.73,7.47
732,2,chase,swarm,-11.80,8.52,5.00
732,3,advance,bruiser,-1.59,0.45,18.02
732,4,stalk,pouncer,1.44,1.27,20.03
733,1,chase,swarm,-13.16,4.81,7.49
733,2,chase,swarm,-11.81,8.74,5.04
733,3,advance,bruiser,-1.65,0.50,18.12
733,4,stalk,pouncer,1.31,1.24,20.12
734,1,chase,swarm,-13.19,4.82,7.49
734,2,chase,swarm,-11.81,8.77,5.05
734,3,advance,bruiser,-1.66,0.51,18.13
734,4,stalk,pouncer,1.29,1.23,20.13
735,1,chase,swarm,-13.31,4.88,7.50
735,2,chase,swarm,-11.82,8.91,5.08
735,3,advance,bruiser,-1.70,0.54,18.20
735,4,stalk,pouncer,1.21,1.21,20.19
736,1,chase,swarm,-13.34,4.89,7.50
736,2,chase,swarm,-11.82,8.93,5.08
736,3,advance,bruiser,-1.71,0.55,18.21
736,4,stalk,pouncer,1.19,1.21,20.20
737,1,chase,swarm,-13.44,4.94,7.50
737,2,chase,swarm,-11.83,9.04,5.10
737,3,advance,bruiser,-1.74,0.58,18.26
737,4,stalk,pouncer,1.13,1.19,20.24
738,1,chase,swarm,-13.47,4.96,7.48
738,2,chase,swarm,-11.83,9.08,5.08
738,3,advance,bruiser,-1.75,0.59,18.25
738,4,stalk,pouncer,1.11,1.19,20.23
739,1,chase,swarm,-13.56,5.01,7.40
739,2,chase,swarm,-11.85,9.18,5.01
739,3,advance,bruiser,-1.79,0.61,18.21
739,4,stalk,pouncer,1.04,1.17,20.18
740,1,chase,swarm,-13.59,5.03,7.37
740,2,chase,swarm,-11.85,9.22,4.99
740,3,advance,bruiser,-1.80,0.62,18.19
740,4,stalk,pouncer,1.02,1.17,20.17
741,1,chase,swarm,-13.68,5.10,7.28
741,2,chase,swarm,-11.87,9.33,4.91
741,3,advance,bruiser,-1.83,0.65,18.15
741,4,stalk,pouncer,0.95,1.15,20.12
742,1,chase,swarm,-13.71,5.12,7.25
742,2,chase,swarm,-11.87,9.37,4.89
742,3,advance,bruiser,-1.84,0.66,18.14
742,4,stalk,pouncer,0.93,1.15,20.10
743,1,chase,swarm,-13.81,5.19,7.15
743,2,chase,swarm,-11.89,9.49,4.81
743,3,advance,bruiser,-1.88,0.69,18.09
743,4,stalk,pouncer,0.86,1.13,20.05
744,1,chase,swarm,-13.83,5.22,7.12
744,2,chase,swarm,-11.90,9.52,4.79
744,3,advance,bruiser,-1.89,0.69,18.08
744,4,stalk,pouncer,0.84,1.13,20.03
745,1,chase,swarm,-13.93,5.31,7.00
745,2,chase,swarm,-11.92,9.65,4.70
745,3,advance,bruiser,-1.93,0.73,18.02
745,4,stalk,pouncer,0.75,1.11,19.98
746,1,chase,swarm,-13.96,5.34,6.96
746,2,chase,swarm,-11.93,9.70,4.67
746,3,advance,bruiser,-1.94,0.74,18.01
746,4,stalk,pouncer,0.73,1.11,19.96
747,1,chase,swarm,-14.05,5.46,6.82
747,2,chase,swarm,-11.97,9.84,4.57
747,3,advance,bruiser,-1.99,0.77,17.95
747,4,stalk,pouncer,0.64,1.09,19.89
748,1,chase,swarm,-14.07,5.49,6.78
748,2,chase,swarm,-11.99,9.88,4.53
748,3,advance,bruiser,-2.00,0.78,17.93
748,4,stalk,pouncer,0.61,1.08,19.87
749,1,chase,swarm,-14.14,5.61,6.65
749,2,chase,swarm,-12.03,10.01,4.43
749,3,advance,bruiser,-2.04,0.82,17.88
749,4,stalk,pouncer,0.53,1.06,19.81
750,1,chase,swarm,-14.16,5.65,6.61
750,2,chase,swarm,-12.04,10.04,4.41
750,3,advance,bruiser,-2.05,0.83,17.87
750,4,stalk,pouncer,0.51,1.06,19.80
751,1,chase,swarm,-14.21,5.77,6.48
751,2,chase,swarm,-12.10,10.16,4.31
751,3,advance,bruiser,-2.09,0.86,17.81
751,4,stalk,pouncer,0.43,1.04,19.74
752,1,chase,swarm,-14.22,5.80,6.44
752,2,chase,swarm,-12.11,10.20,4.28
752,3,advance,bruiser,-2.10,0.87,17.80
752,4,stalk,pouncer,0.41,1.04,19.72
753,1,chase,swarm,-14.23,5.84,6.40
753,2,chase,swarm,-12.13,10.23,4.25
753,3,advance,bruiser,-2.12,0.88,17.79
753,4,stalk,pouncer,0.38,1.04,19.71
754,1,chase,swarm,-14.26,5.97,6.27
754,2,chase,swarm,-12.20,10.35,4.14
754,3,advance,bruiser,-2.16,0.91,17.73
754,4,stalk,pouncer,0.30,1.02,19.65
755,1,chase,swarm,-14.28,6.15,6.10
755,2,chase,swarm,-12.30,10.49,3.99
755,3,advance,bruiser,-2.21,0.95,17.66
755,4,stalk,pouncer,0.20,1.00,19.57
756,1,chase,swarm,-14.28,6.19,6.06
756,2,chase,swarm,-12.32,10.53,3.96
756,3,advance,bruiser,-2.22,0.96,17.65
756,4,stalk,pouncer,0.17,0.99,19.56
757,1,chase,swarm,-14.27,6.35,5.91
757,2,chase,swarm,-12.43,10.64,3.81
757,3,advance,bruiser,-2.27,1.00,17.59
757,4,stalk,pouncer,0.08,0.98,19.49
758,1,chase,swarm,-14.26,6.39,5.87
758,2,chase,swarm,-12.46,10.67,3.78
758,3,advance,bruiser,-2.28,1.01,17.57
758,4,stalk,pouncer,0.05,0.97,19.47
759,1,chase,swarm,-14.24,6.54,5.73
759,2,chase,swarm,-12.58,10.77,3.62
759,3,advance,bruiser,-2.33,1.05,17.51
759,4,stalk,pouncer,-0.04,0.95,19.40
760,1,chase,swarm,-14.23,6.58,5.69
760,2,chase,swarm,-12.62,10.79,3.59
760,3,advance,bruiser,-2.34,1.06,17.50
760,4,stalk,pouncer,-0.07,0.95,19.38
761,1,chase,swarm,-14.20,6.71,5.59
761,2,chase,swarm,-12.73,10.86,3.46
761,3,advance,bruiser,-2.38,1.09,17.45
761,4,stalk,pouncer,-0.15,0.93,19.33
762,1,chase,swarm,-14.19,6.74,5.56
762,2,chase,swarm,-12.76,10.87,3.42
762,3,advance,bruiser,-2.39,1.10,17.43
762,4,stalk,pouncer,-0.17,0.93,19.31
763,1,chase,swarm,-14.18,6.78,5.52
763,2,chase,swarm,-12.80,10.89,3.39
763,3,advance,bruiser,-2.40,1.11,17.42
763,4,stalk,pouncer,-0.19,0.93,19.30
764,1,chase,swarm,-14.12,6.95,5.38
764,2,chase,swarm,-12.97,10.94,3.20
764,3,advance,bruiser,-2.46,1.15,17.35
764,4,stalk,pouncer,-0.30,0.91,19.22
765,1,chase,swarm,-14.06,7.10,5.26
765,2,chase,swarm,-13.13,10.97,3.05
765,3,advance,bruiser,-2.51,1.19,17.29
765,4,stalk,pouncer,-0.40,0.89,19.15
766,1,chase,swarm,-14.05,7.14,5.24
766,2,chase,swarm,-13.16,10.98,3.01
766,3,advance,bruiser,-2.52,1.20,17.27
766,4,stalk,pouncer,-0.42,0.89,19.13
767,1,chase,swarm,-13.99,7.28,5.13
767,2,chase,swarm,-13.32,10.99,2.86
767,3,advance,bruiser,-2.56,1.23,17.21
767,4,stalk,pouncer,-0.51,0.87,19.06
768,1,chase,swarm,-13.97,7.32,5.10
768,2,chase,swarm,-13.36,10.99,2.82
768,3,advance,bruiser,-2.58,1.25,17.19
768,4,stalk,pouncer,-0.54,0.87,19.05
769,1,chase,swarm,-13.90,7.48,4.98
769,2,chase,swarm,-13.53,10.98,2.67
769,3,advance,bruiser,-2.63,1.29,17.13
769,4,stalk,pouncer,-0.64,0.85,18.97
770,1,chase,swarm,-13.89,7.51,4.95
770,2,chase,swarm,-13.57,10.97,2.63
770,3,advance,bruiser,-2.64,1.30,17.11
770,4,stalk,pouncer,-0.67,0.85,18.96
771,1,chase,swarm,-13.83,7.65,4.85
771,2,chase,swarm,-13.72,10.95,2.50
771,3,advance,bruiser,-2.69,1.33,17.05
771,4,stalk,pouncer,-0.76,0.83,18.89
772,1,chase,swarm,-13.81,7.69,4.82
772,2,chase,swarm,-13.76,10.94,2.47
772,3,advance,bruiser,-2.70,1.34,17.04
772,4,stalk,pouncer,-0.79,0.83,18.87
773,1,chase,swarm,-13.77,7.80,4.75
773,2,chase,swarm,-13.88,10.92,2.37
773,3,advance,bruiser,-2.73,1.37,16.99
773,4,stalk,pouncer,-0.86,0.82,18.82
774,1,chase,swarm,-13.76,7.83,4.72
774,2,chase,swarm,-13.91,10.92,2.34
774,3,advance,bruiser,-2.75,1.38,16.98
774,4,stalk,pouncer,-0.88,0.81,18.80
775,1,chase,swarm,-13.71,7.95,4.64
775,2,chase,swarm,-14.04,10.89,2.25
775,3,advance,bruiser,-2.78,1.41,16.93
775,4,stalk,pouncer,-0.95,0.80,18.75
776,1,chase,swarm,-13.70,7.99,4.62
776,2,chase,swarm,-14.07,10.89,2.22
776,3,advance,bruiser,-2.79,1.42,16.92
776,4,stalk,pouncer,-0.98,0.80,18.73
777,1,chase,swarm,-13.66,8.10,4.54
777,2,chase,swarm,-14.19,10.86,2.13
777,3,advance,bruiser,-2.83,1.45,16.87
777,4,stalk,pouncer,-1.05,0.79,18.68
778,1,chase,swarm,-13.65,8.14,4.51
778,2,chase,swarm,-14.23,10.85,2.10
778,3,advance,bruiser,-2.84,1.46,16.85
778,4,stalk,pouncer,-1.08,0.78,18.66
779,1,chase,swarm,-13.61,8.27,4.43
779,2,chase,swarm,-14.36,10.83,2.01
779,3,advance,bruiser,-2.88,1.49,16.80
779,4,stalk,pouncer,-1.16,0.77,18.61
780,1,chase,swarm,-13.60,8.30,4.40
780,2,chase,swarm,-14.40,10.82,1.98
780,3,advance,bruiser,-2.89,1.50,16.79
780,4,stalk,pouncer,-1.18,0.77,18.59
781,1,chase,swarm,-13.56,8.45,4.30
781,2,chase,swarm,-14.55,10.79,1.88
781,3,advance,bruiser,-2.94,1.54,16.73
781,4,stalk,pouncer,-1.27,0.76,18.52
782,1,chase,swarm,-13.55,8.49,4.28
782,2,chase,swarm,-14.59,10.79,1.86
782,3,advance,bruiser,-2.95,1.55,16.71
782,4,stalk,pouncer,-1.29,0.75,18.51
783,1,chase,swarm,-13.52,8.66,4.15
783,2,chase,swarm,-14.77,10.77,1.74
783,3,advance,bruiser,-3.01,1.59,16.64
783,4,stalk,pouncer,-1.40,0.74,18.43
784,1,chase,swarm,-13.51,8.70,4.12
784,2,chase,swarm,-14.80,10.76,1.71
784,3,advance,bruiser,-3.02,1.60,16.63
784,4,stalk,pouncer,-1.43,0.74,18.41
785,1,chase,swarm,-13.50,8.86,4.01
785,2,chase,swarm,-14.96,10.76,1.61
785,3,advance,bruiser,-3.07,1.64,16.57
785,4,stalk,pouncer,-1.53,0.72,18.34
786,1,chase,swarm,-13.49,8.90,3.98
786,2,chase,swarm,-15.00,10.76,1.59
786,3,advance,bruiser,-3.08,1.65,16.55
786,4,stalk,pouncer,-1.55,0.72,18.33
787,1,chase,swarm,-13.49,9.04,3.88
787,2,chase,swarm,-15.14,10.76,1.50
787,3,advance,bruiser,-3.12,1.68,16.50
787,4,stalk,pouncer,-1.63,0.71,18.27
788,1,chase,swarm,-13.49,9.08,3.85
788,2,chase,swarm,-15.18,10.77,1.48
788,3,advance,bruiser,-3.13,1.69,16.48
788,4,stalk,pouncer,-1.66,0.71,18.25
789,1,chase,swarm,-13.50,9.19,3.76
789,2,windup,swarm,-15.18,10.77,1.48
789,3,advance,bruiser,-3.17,1.72,16.44
789,4,stalk,pouncer,-1.73,0.70,18.20
790,1,chase,swarm,-13.50,9.23,3.73
790,2,windup,swarm,-15.18,10.77,1.48
790,3,advance,bruiser,-3.18,1.73,16.43
790,4,stalk,pouncer,-1.75,0.70,18.18
791,1,chase,swarm,-13.52,9.34,3.63
791,2,windup,swarm,-15.18,10.77,1.48
791,3,advance,bruiser,-3.21,1.75,16.38
791,4,stalk,pouncer,-1.82,0.69,18.13
792,1,chase,swarm,-13.52,9.38,3.60
792,2,windup,swarm,-15.18,10.77,1.48
792,3,advance,bruiser,-3.22,1.76,16.37
792,4,stalk,pouncer,-1.84,0.69,18.12
793,1,chase,swarm,-13.56,9.50,3.49
793,2,windup,swarm,-15.18,10.77,1.48
793,3,advance,bruiser,-3.26,1.79,16.32
793,4,stalk,pouncer,-1.92,0.68,18.06
794,1,chase,swarm,-13.57,9.55,3.45
794,2,windup,swarm,-15.18,10.77,1.48
794,3,advance,bruiser,-3.28,1.80,16.30
794,4,stalk,pouncer,-1.95,0.67,18.04
795,1,chase,swarm,-13.62,9.68,3.32
795,2,windup,swarm,-15.18,10.77,1.48
795,3,advance,bruiser,-3.32,1.84,16.24
795,4,stalk,pouncer,-2.03,0.67,17.98
796,1,chase,swarm,-13.64,9.72,3.27
796,2,windup,swarm,-15.18,10.77,1.48
796,3,advance,bruiser,-3.33,1.85,16.23
796,4,stalk,pouncer,-2.06,0.66,17.96
797,1,chase,swarm,-13.72,9.85,3.13
797,2,windup,swarm,-15.18,10.77,1.48
797,3,advance,bruiser,-3.38,1.89,16.17
797,4,stalk,pouncer,-2.15,0.65,17.90
798,1,chase,swarm,-13.75,9.89,3.08
798,2,windup,swarm,-15.18,10.77,1.48
798,3,advance,bruiser,-3.39,1.90,16.15
798,4,stalk,pouncer,-2.18,0.65,17.88
799,1,chase,swarm,-14.83,10.10,2.23
799,2,windup,swarm,-15.18,10.77,1.48
799,3,advance,bruiser,-3.72,2.16,15.73
799,4,stalk,pouncer,-2.85,0.58,17.41
800,1,chase,swarm,-14.84,10.07,2.24
800,2,strike,swarm,-15.18,10.77,1.48
800,3,advance,bruiser,-3.73,2.17,15.72
800,4,stalk,pouncer,-2.87,0.58,17.39
801,1,chase,swarm,-14.92,9.98,2.29
801,2,strike,swarm,-15.26,10.91,1.31
801,3,advance,bruiser,-3.77,2.20,15.67
801,4,stalk,pouncer,-2.95,0.58,17.34
802,1,chase,swarm,-14.95,9.97,2.28
802,2,strike,swarm,-15.28,10.95,1.27
802,3,advance,bruiser,-3.78,2.21,15.66
802,4,stalk,pouncer,-2.96,0.58,17.33
803,1,chase,swarm,-15.10,9.95,2.24
803,2,strike,swarm,-15.38,11.13,1.07
803,3,advance,bruiser,-3.82,2.24,15.60
803,4,stalk,pouncer,-3.05,0.57,17.26
804,1,chase,swarm,-15.12,9.95,2.22
804,2,strike,swarm,-15.39,11.15,1.04
804,3,advance,bruiser,-3.83,2.25,15.59
804,4,stalk,pouncer,-3.07,0.57,17.25
805,1,chase,swarm,-15.22,9.99,2.15
805,2,strike,swarm,-15.47,11.28,0.89
805,3,advance,bruiser,-3.86,2.27,15.55
805,4,stalk,pouncer,-3.14,0.57,17.21
806,1,chase,swarm,-15.25,10.00,2.13
806,2,strike,swarm,-15.49,11.31,0.85
806,3,advance,bruiser,-3.87,2.28,15.54
806,4,stalk,pouncer,-3.15,0.56,17.19
807,1,chase,swarm,-15.37,10.06,2.03
807,2,strike,swarm,-15.60,11.47,0.66
807,3,advance,bruiser,-3.91,2.32,15.48
807,4,stalk,pouncer,-3.24,0.56,17.13
808,1,chase,swarm,-15.41,10.08,2.01
808,2,strike,swarm,-15.63,11.52,0.61
808,3,advance,bruiser,-3.92,2.32,15.47
808,4,stalk,pouncer,-3.26,0.56,17.12
809,1,chase,swarm,-15.52,10.13,1.92
809,2,strike,swarm,-15.72,11.66,0.43
809,3,advance,bruiser,-3.96,2.35,15.42
809,4,stalk,pouncer,-3.34,0.55,17.06
810,1,chase,swarm,-15.55,10.15,1.90
810,2,strike,swarm,-15.75,11.70,0.38
810,3,advance,bruiser,-3.97,2.36,15.41
810,4,stalk,pouncer,-3.36,0.55,17.05
811,1,chase,swarm,-15.65,10.20,1.83
811,2,strike,swarm,-15.83,11.82,0.24
811,3,advance,bruiser,-4.00,2.39,15.36
811,4,stalk,pouncer,-3.43,0.55,17.00
812,1,chase,swarm,-15.67,10.22,1.81
812,2,strike,swarm,-15.85,11.85,0.20
812,3,advance,bruiser,-4.01,2.40,15.35
812,4,stalk,pouncer,-3.44,0.55,16.99
813,1,chase,swarm,-15.76,10.28,1.74
813,2,strike,swarm,-15.93,11.98,0.06
813,3,advance,bruiser,-4.05,2.42,15.31
813,4,stalk,pouncer,-3.51,0.55,16.94
814,1,chase,swarm,-15.79,10.30,1.71
814,2,recover,swarm,-15.96,12.02,0.04
814,3,advance,bruiser,-4.06,2.43,15.30
814,4,stalk,pouncer,-3.53,0.54,16.92
815,1,chase,swarm,-15.93,10.39,1.61
815,2,recover,swarm,-15.96,12.02,0.04
815,3,advance,bruiser,-4.11,2.47,15.23
815,4,stalk,pouncer,-3.64,0.54,16.85
816,1,chase,swarm,-15.95,10.41,1.59
816,2,recover,swarm,-15.96,12.02,0.04
816,3,advance,bruiser,-4.12,2.48,15.22
816,4,stalk,pouncer,-3.65,0.54,16.84
817,1,chase,swarm,-16.04,10.48,1.52
817,2,recover,swarm,-15.96,12.02,0.04
817,3,advance,bruiser,-4.15,2.51,15.18
817,4,stalk,pouncer,-3.72,0.54,16.79
818,1,chase,swarm,-16.07,10.50,1.49
818,2,recover,swarm,-15.96,12.02,0.04
818,3,advance,bruiser,-4.16,2.51,15.16
818,4,stalk,pouncer,-3.74,0.54,16.78
819,1,windup,swarm,-16.07,10.50,1.49
819,2,recover,swarm,-15.96,12.02,0.04
819,3,advance,bruiser,-4.21,2.55,15.10
819,4,stalk,pouncer,-3.84,0.53,16.71
820,1,windup,swarm,-16.07,10.50,1.49
820,2,recover,swarm,-15.96,12.02,0.04
820,3,advance,bruiser,-4.22,2.56,15.09
820,4,stalk,pouncer,-3.86,0.53,16.69
821,1,windup,swarm,-16.07,10.50,1.49
821,2,recover,swarm,-15.96,12.02,0.04
821,3,advance,bruiser,-4.27,2.60,15.02
821,4,stalk,pouncer,-3.97,0.53,16.62
822,1,windup,swarm,-16.07,10.50,1.49
822,2,recover,swarm,-15.96,12.02,0.04
822,3,advance,bruiser,-4.28,2.61,15.01
822,4,stalk,pouncer,-3.99,0.53,16.60
823,1,windup,swarm,-16.07,10.50,1.49
823,2,recover,swarm,-15.96,12.02,0.04
823,3,advance,bruiser,-4.31,2.64,14.97
823,4,stalk,pouncer,-4.05,0.53,16.56
824,1,windup,swarm,-16.07,10.50,1.49
824,2,recover,swarm,-15.96,12.02,0.04
824,3,advance,bruiser,-4.32,2.64,14.96
824,4,stalk,pouncer,-4.07,0.53,16.54
825,1,windup,swarm,-16.07,10.50,1.49
825,2,recover,swarm,-15.96,12.02,0.04
825,3,advance,bruiser,-4.36,2.67,14.91
825,4,stalk,pouncer,-4.14,0.53,16.49
826,1,windup,swarm,-16.07,10.50,1.49
826,2,recover,swarm,-15.96,12.02,0.04
826,3,advance,bruiser,-4.37,2.68,14.90
826,4,stalk,pouncer,-4.16,0.53,16.48
827,1,windup,swarm,-16.07,10.50,1.49
827,2,recover,swarm,-15.96,12.02,0.04
827,3,advance,bruiser,-4.40,2.70,14.86
827,4,stalk,pouncer,-4.22,0.52,16.44
828,1,windup,swarm,-16.07,10.50,1.49
828,2,recover,swarm,-15.96,12.02,0.04
828,3,advance,bruiser,-4.40,2.71,14.85
828,4,stalk,pouncer,-4.24,0.52,16.43
829,1,windup,swarm,-16.07,10.50,1.49
829,2,recover,swarm,-15.96,12.02,0.04
829,3,advance,bruiser,-4.45,2.75,14.79
829,4,stalk,pouncer,-4.34,0.52,16.35
830,1,windup,swarm,-16.07,10.50,1.49
830,2,recover,swarm,-15.96,12.02,0.04
830,3,advance,bruiser,-4.46,2.76,14.78
830,4,stalk,pouncer,-4.36,0.52,16.34
831,1,windup,swarm,-16.07,10.50,1.49
831,2,recover,swarm,-15.96,12.02,0.04
831,3,advance,bruiser,-4.50,2.79,14.72
831,4,stalk,pouncer,-4.44,0.52,16.28
832,1,strike,swarm,-16.07,10.50,1.49
832,2,recover,swarm,-15.96,12.02,0.04
832,3,advance,bruiser,-4.51,2.80,14.71
832,4,stalk,pouncer,-4.46,0.52,16.27
833,1,strike,swarm,-16.06,10.68,1.32
833,2,recover,swarm,-15.96,12.02,0.04
833,3,advance,bruiser,-4.55,2.83,14.67
833,4,stalk,pouncer,-4.54,0.52,16.22
834,1,strike,swarm,-16.06,10.71,1.29
834,2,recover,swarm,-15.96,12.02,0.04
834,3,advance,bruiser,-4.56,2.83,14.66
834,4,stalk,pouncer,-4.55,0.52,16.21
835,1,strike,swarm,-16.05,10.86,1.13
835,2,recover,swarm,-15.96,12.02,0.04
835,3,advance,bruiser,-4.59,2.86,14.61
835,4,stalk,pouncer,-4.62,0.52,16.16
836,1,strike,swarm,-16.05,10.90,1.10
836,2,recover,swarm,-15.96,12.02,0.04
836,3,advance,bruiser,-4.60,2.86,14.60
836,4,stalk,pouncer,-4.63,0.52,16.15
837,1,strike,swarm,-16.04,11.07,0.93
837,2,recover,swarm,-15.96,12.02,0.04
837,3,advance,bruiser,-4.64,2.90,14.55
837,4,stalk,pouncer,-4.71,0.52,16.09
838,1,strike,swarm,-16.04,11.11,0.89
838,2,recover,swarm,-15.96,12.02,0.04
838,3,advance,bruiser,-4.65,2.90,14.54
838,4,stalk,pouncer,-4.73,0.52,16.08
839,1,strike,swarm,-16.06,11.27,0.73
839,2,recover,swarm,-15.96,12.02,0.04
839,3,advance,bruiser,-4.68,2.93,14.50
839,4,stalk,pouncer,-4.80,0.52,16.03
840,1,strike,swarm,-16.09,11.25,0.75
840,2,recover,swarm,-15.96,12.02,0.04
840,3,advance,bruiser,-4.69,2.94,14.49
840,4,stalk,pouncer,-4.82,0.52,16.02
841,1,strike,swarm,-16.23,11.22,0.81
841,2,recover,swarm,-15.96,12.02,0.04
841,3,advance,bruiser,-4.72,2.96,14.44
841,4,stalk,pouncer,-4.89,0.52,15.97
842,1,strike,swarm,-16.26,11.23,0.81
842,2,recover,swarm,-15.96,12.02,0.04
842,3,advance,bruiser,-4.73,2.97,14.43
842,4,stalk,pouncer,-4.90,0.52,15.96
843,1,strike,swarm,-16.43,11.32,0.81
843,2,recover,swarm,-15.96,12.02,0.04
843,3,advance,bruiser,-4.77,3.00,14.38
843,4,stalk,pouncer,-4.99,0.53,15.90
844,1,strike,swarm,-16.46,11.33,0.81
844,2,recover,swarm,-15.96,12.02,0.04
844,3,advance,bruiser,-4.78,3.01,14.37
844,4,stalk,pouncer,-5.00,0.53,15.89
845,1,strike,swarm,-16.60,11.41,0.84
845,2,recover,swarm,-15.96,12.02,0.04
845,3,advance,bruiser,-4.82,3.04,14.33
845,4,stalk,pouncer,-5.08,0.53,15.84
846,1,recover,swarm,-16.63,11.43,0.85
846,2,recover,swarm,-15.96,12.02,0.04
846,3,advance,bruiser,-4.82,3.04,14.32
846,4,stalk,pouncer,-5.09,0.53,15.82
847,1,recover,swarm,-16.63,11.43,0.85
847,2,recover,swarm,-15.96,12.02,0.04
847,3,advance,bruiser,-4.86,3.07,14.27
847,4,stalk,pouncer,-5.16,0.53,15.78
848,1,recover,swarm,-16.63,11.43,0.85
848,2,recover,swarm,-15.96,12.02,0.04
848,3,advance,bruiser,-4.87,3.08,14.26
848,4,stalk,pouncer,-5.18,0.53,15.76
849,1,recover,swarm,-16.63,11.43,0.85
849,2,recover,swarm,-15.96,12.02,0.04
849,3,advance,bruiser,-4.91,3.11,14.21
849,4,stalk,pouncer,-5.27,0.53,15.70
850,1,recover,swarm,-16.63,11.43,0.85
850,2,recover,swarm,-15.96,12.02,0.04
850,3,advance,bruiser,-4.92,3.12,14.20
850,4,stalk,pouncer,-5.28,0.53,15.69
851,1,recover,swarm,-16.63,11.43,0.85
851,2,recover,swarm,-15.96,12.02,0.04
851,3,advance,bruiser,-4.96,3.15,14.14
851,4,stalk,pouncer,-5.37,0.54,15.63
852,1,recover,swarm,-16.63,11.43,0.85
852,2,recover,swarm,-15.96,12.02,0.04
852,3,advance,bruiser,-4.97,3.16,14.13
852,4,stalk,pouncer,-5.38,0.54,15.62
853,1,recover,swarm,-16.63,11.43,0.85
853,2,recover,swarm,-15.96,12.02,0.04
853,3,advance,bruiser,-5.00,3.19,14.09
853,4,stalk,pouncer,-5.45,0.54,15.57
854,1,recover,swarm,-16.63,11.43,0.85
854,2,chase,swarm,-15.96,12.02,0.04
854,3,advance,bruiser,-5.01,3.19,14.08
854,4,stalk,pouncer,-5.47,0.54,15.56
855,1,recover,swarm,-16.63,11.43,0.85
855,2,windup,swarm,-15.96,12.02,0.04
855,3,advance,bruiser,-5.04,3.22,14.04
855,4,stalk,pouncer,-5.53,0.54,15.52
856,1,recover,swarm,-16.63,11.43,0.85
856,2,windup,swarm,-15.96,12.02,0.04
856,3,advance,bruiser,-5.05,3.22,14.03
856,4,stalk,pouncer,-5.55,0.54,15.50
857,1,recover,swarm,-16.63,11.43,0.85
857,2,windup,swarm,-15.96,12.02,0.04
857,3,advance,bruiser,-5.09,3.26,13.97
857,4,stalk,pouncer,-5.64,0.55,15.44
858,1,recover,swarm,-16.63,11.43,0.85
858,2,windup,swarm,-15.96,12.02,0.04
858,3,advance,bruiser,-5.10,3.27,13.96
858,4,stalk,pouncer,-5.65,0.55,15.43
859,1,recover,swarm,-16.63,11.43,0.85
859,2,windup,swarm,-15.96,12.02,0.04
859,3,advance,bruiser,-5.12,3.29,13.93
859,4,stalk,pouncer,-5.70,0.55,15.39
860,1,recover,swarm,-16.63,11.43,0.85
860,2,windup,swarm,-15.96,12.02,0.04
860,3,advance,bruiser,-5.13,3.29,13.92
860,4,stalk,pouncer,-5.72,0.55,15.38
861,1,recover,swarm,-16.63,11.43,0.85
861,2,windup,swarm,-15.96,12.02,0.04
861,3,advance,bruiser,-5.16,3.32,13.88
861,4,stalk,pouncer,-5.79,0.56,15.33
862,1,recover,swarm,-16.63,11.43,0.85
862,2,windup,swarm,-15.96,12.02,0.04
862,3,advance,bruiser,-5.17,3.32,13.87
862,4,stalk,pouncer,-5.80,0.56,15.32
863,1,recover,swarm,-16.63,11.43,0.85
863,2,windup,swarm,-15.96,12.02,0.04
863,3,advance,bruiser,-5.27,3.40,13.74
863,4,stalk,pouncer,-6.00,0.57,15.18
864,1,recover,swarm,-16.63,11.43,0.85
864,2,windup,swarm,-15.96,12.02,0.04
864,3,advance,bruiser,-5.28,3.41,13.73
864,4,crouch,pouncer,-6.02,0.57,15.17
865,1,recover,swarm,-16.63,11.43,0.85
865,2,windup,swarm,-15.96,12.02,0.04
865,3,advance,bruiser,-5.31,3.44,13.69
865,4,crouch,pouncer,-6.02,0.57,15.17
866,1,recover,swarm,-16.63,11.43,0.85
866,2,windup,swarm,-15.96,12.02,0.04
866,3,advance,bruiser,-5.32,3.44,13.68
866,4,crouch,pouncer,-6.02,0.57,15.17
867,1,recover,swarm,-16.63,11.43,0.85
867,2,windup,swarm,-15.96,12.02,0.04
867,3,advance,bruiser,-5.40,3.51,13.57
867,4,crouch,pouncer,-6.02,0.57,15.17
868,1,recover,swarm,-16.63,11.43,0.85
868,2,strike,swarm,-15.96,12.02,0.04
868,3,advance,bruiser,-5.41,3.52,13.56
868,4,crouch,pouncer,-6.02,0.57,15.17
869,1,recover,swarm,-16.63,11.43,0.85
869,2,strike,swarm,-16.20,12.04,0.21
869,3,advance,bruiser,-5.46,3.56,13.50
869,4,crouch,pouncer,-6.02,0.57,15.17
870,1,recover,swarm,-16.63,11.43,0.85
870,2,strike,swarm,-16.22,12.07,0.23
870,3,advance,bruiser,-5.47,3.56,13.48
870,4,crouch,pouncer,-6.02,0.57,15.17
871,1,recover,swarm,-16.63,11.43,0.85
871,2,strike,swarm,-16.30,12.19,0.35
871,3,advance,bruiser,-5.50,3.59,13.45
871,4,crouch,pouncer,-6.02,0.57,15.17
872,1,recover,swarm,-16.63,11.43,0.85
872,2,strike,swarm,-16.32,12.20,0.39
872,3,advance,bruiser,-5.51,3.59,13.44
872,4,crouch,pouncer,-6.02,0.57,15.17
873,1,recover,swarm,-16.63,11.43,0.85
873,2,strike,swarm,-16.48,12.32,0.58
873,3,advance,bruiser,-5.55,3.63,13.38
873,4,crouch,pouncer,-6.02,0.57,15.17
874,1,recover,swarm,-16.63,11.43,0.85
874,2,strike,swarm,-16.52,12.33,0.62
874,3,advance,bruiser,-5.56,3.64,13.37
874,4,crouch,pouncer,-6.02,0.57,15.17
875,1,recover,swarm,-16.63,11.43,0.85
875,2,strike,swarm,-16.69,12.39,0.80
875,3,advance,bruiser,-5.60,3.67,13.32
875,4,crouch,pouncer,-6.02,0.57,15.17
876,1,recover,swarm,-16.63,11.43,0.85
876,2,strike,swarm,-16.73,12.40,0.84
876,3,advance,bruiser,-5.61,3.68,13.31
876,4,crouch,pouncer,-6.02,0.57,15.17
877,1,recover,swarm,-16.63,11.43,0.85
877,2,strike,swarm,-17.00,12.44,1.10
877,3,advance,bruiser,-5.67,3.72,13.23
877,4,crouch,pouncer,-6.02,0.57,15.17
878,1,recover,swarm,-16.63,11.43,0.85
878,2,strike,swarm,-17.03,12.44,1.13
878,3,advance,bruiser,-5.68,3.73,13.22
878,4,crouch,pouncer,-6.02,0.57,15.17
879,1,recover,swarm,-16.63,11.43,0.85
879,2,strike,swarm,-17.18,12.42,1.25
879,3,advance,bruiser,-5.71,3.76,13.18
879,4,crouch,pouncer,-6.02,0.57,15.17
880,1,recover,swarm,-16.63,11.43,0.85
880,2,recover,swarm,-17.21,12.41,1.29
880,3,advance,bruiser,-5.72,3.76,13.17
880,4,crouch,pouncer,-6.02,0.57,15.17
881,1,recover,swarm,-16.63,11.43,0.85
881,2,recover,swarm,-17.21,12.41,1.29
881,3,advance,bruiser,-5.76,3.80,13.11
881,4,crouch,pouncer,-6.02,0.57,15.17
882,1,chase,swarm,-16.63,11.43,0.85
882,2,recover,swarm,-17.21,12.41,1.29
882,3,advance,bruiser,-5.77,3.80,13.10
882,4,crouch,pouncer,-6.02,0.57,15.17
883,1,windup,swarm,-16.63,11.43,0.85
883,2,recover,swarm,-17.21,12.41,1.29
883,3,advance,bruiser,-5.81,3.84,13.05
883,4,crouch,pouncer,-6.02,0.57,15.17
884,1,windup,swarm,-16.63,11.43,0.85
884,2,recover,swarm,-17.21,12.41,1.29
884,3,advance,bruiser,-5.82,3.84,13.04
884,4,crouch,pouncer,-6.02,0.57,15.17
885,1,windup,swarm,-16.63,11.43,0.85
885,2,recover,swarm,-17.21,12.41,1.29
885,3,advance,bruiser,-5.85,3.87,12.99
885,4,crouch,pouncer,-6.02,0.57,15.17
886,1,windup,swarm,-16.63,11.43,0.85
886,2,recover,swarm,-17.21,12.41,1.29
886,3,advance,bruiser,-5.86,3.88,12.98
886,4,crouch,pouncer,-6.02,0.57,15.17
887,1,windup,swarm,-16.63,11.43,0.85
887,2,recover,swarm,-17.21,12.41,1.29
887,3,advance,bruiser,-5.91,3.92,12.92
887,4,crouch,pouncer,-6.02,0.57,15.17
888,1,windup,swarm,-16.63,11.43,0.85
888,2,recover,swarm,-17.21,12.41,1.29
888,3,advance,bruiser,-5.92,3.92,12.91
888,4,pounce,pouncer,-6.02,0.57,15.17
889,1,windup,swarm,-16.63,11.43,0.85
889,2,recover,swarm,-17.21,12.41,1.29
889,3,advance,bruiser,-5.95,3.95,12.87
889,4,pounce,pouncer,-6.17,0.75,14.93
890,1,windup,swarm,-16.63,11.43,0.85
890,2,recover,swarm,-17.21,12.41,1.29
890,3,advance,bruiser,-5.96,3.96,12.86
890,4,pounce,pouncer,-6.21,0.79,14.88
891,1,windup,swarm,-16.63,11.43,0.85
891,2,recover,swarm,-17.21,12.41,1.29
891,3,advance,bruiser,-6.00,3.99,12.81
891,4,pounce,pouncer,-6.37,0.97,14.64
892,1,windup,swarm,-16.63,11.43,0.85
892,2,recover,swarm,-17.21,12.41,1.29
892,3,advance,bruiser,-6.01,3.99,12.80
892,4,pounce,pouncer,-6.40,1.01,14.59
893,1,windup,swarm,-16.63,11.43,0.85
893,2,recover,swarm,-17.21,12.41,1.29
893,3,advance,bruiser,-6.09,4.06,12.70
893,4,pounce,pouncer,-6.76,1.42,14.04
894,1,windup,swarm,-16.63,11.43,0.85
894,2,recover,swarm,-17.21,12.41,1.29
894,3,advance,bruiser,-6.09,4.06,12.69
894,4,pounce,pouncer,-6.79,1.46,13.99
895,1,windup,swarm,-16.63,11.43,0.85
895,2,recover,swarm,-17.21,12.41,1.29
895,3,advance,bruiser,-6.13,4.09,12.64
895,4,pounce,pouncer,-6.96,1.65,13.74
896,1,strike,swarm,-16.63,11.43,0.85
896,2,recover,swarm,-17.21,12.41,1.29
896,3,advance,bruiser,-6.14,4.10,12.63
896,4,pounce,pouncer,-7.00,1.69,13.68
897,1,strike,swarm,-16.49,11.49,0.70
897,2,recover,swarm,-17.21,12.41,1.29
897,3,advance,bruiser,-6.17,4.13,12.59
897,4,pounce,pouncer,-7.15,1.87,13.45
898,1,strike,swarm,-16.46,11.51,0.67
898,2,recover,swarm,-17.21,12.41,1.29
898,3,advance,bruiser,-6.18,4.13,12.58
898,4,pounce,pouncer,-7.18,1.90,13.40
899,1,strike,swarm,-16.28,11.60,0.49
899,2,recover,swarm,-17.21,12.41,1.29
899,3,advance,bruiser,-6.22,4.17,12.52
899,4,pounce,pouncer,-7.38,2.13,13.10
900,1,strike,swarm,-16.25,11.62,0.45
900,2,recover,swarm,-17.21,12.41,1.29
900,3,advance,bruiser,-6.23,4.17,12.51
900,4,pounce,pouncer,-7.42,2.17,13.04
901,1,strike,swarm,-16.15,11.70,0.34
901,2,recover,swarm,-17.21,12.41,1.29
901,3,advance,bruiser,-6.26,4.20,12.47
901,4,pounce,pouncer,-7.54,2.31,12.86
902,1,strike,swarm,-16.12,11.72,0.30
902,2,recover,swarm,-17.21,12.41,1.29
902,3,advance,bruiser,-6.27,4.20,12.46
902,4,pounce,pouncer,-7.58,2.36,12.80
903,1,strike,swarm,-15.91,11.90,0.13
903,2,recover,swarm,-17.21,12.41,1.29
903,3,advance,bruiser,-6.33,4.25,12.39
903,4,pounce,pouncer,-7.85,2.67,12.39
904,1,strike,swarm,-15.88,11.92,0.13
904,2,recover,swarm,-17.21,12.41,1.29
904,3,advance,bruiser,-6.34,4.26,12.38
904,4,pounce,pouncer,-7.88,2.71,12.33
905,1,strike,swarm,-15.78,12.02,0.22
905,2,recover,swarm,-17.21,12.41,1.29
905,3,advance,bruiser,-6.37,4.28,12.33
905,4,pounce,pouncer,-8.02,2.87,12.12
906,1,strike,swarm,-15.75,12.04,0.24
906,2,recover,swarm,-17.21,12.41,1.29
906,3,advance,bruiser,-6.38,4.29,12.33
906,4,pounce,pouncer,-8.06,2.90,12.07
907,1,strike,swarm,-15.65,12.13,0.37
907,2,recover,swarm,-17.21,12.41,1.29
907,3,advance,bruiser,-6.41,4.31,12.29
907,4,recover,pouncer,-8.19,3.06,11.86
908,1,strike,swarm,-15.63,12.15,0.40
908,2,recover,swarm,-17.21,12.41,1.29
908,3,advance,bruiser,-6.41,4.32,12.28
908,4,recover,pouncer,-8.19,3.06,11.86
909,1,strike,swarm,-15.37,12.38,0.73
909,2,recover,swarm,-17.21,12.41,1.29
909,3,advance,bruiser,-6.49,4.38,12.18
909,4,recover,pouncer,-8.19,3.06,11.86
910,1,recover,swarm,-15.35,12.40,0.76
910,2,recover,swarm,-17.21,12.41,1.29
910,3,advance,bruiser,-6.50,4.39,12.17
910,4,recover,pouncer,-8.19,3.06,11.86
911,1,recover,swarm,-15.35,12.40,0.76
911,2,recover,swarm,-17.21,12.41,1.29
911,3,advance,bruiser,-6.54,4.42,12.12
911,4,recover,pouncer,-8.19,3.06,11.86
912,1,recover,swarm,-15.35,12.40,0.76
912,2,recover,swarm,-17.21,12.41,1.29
912,3,advance,bruiser,-6.54,4.42,12.11
912,4,recover,pouncer,-8.19,3.06,11.86
913,1,recover,swarm,-15.35,12.40,0.76
913,2,recover,swarm,-17.21,12.41,1.29
913,3,advance,bruiser,-6.57,4.45,12.08
913,4,recover,pouncer,-8.19,3.06,11.86
914,1,recover,swarm,-15.35,12.40,0.76
914,2,recover,swarm,-17.21,12.41,1.29
914,3,advance,bruiser,-6.58,4.45,12.07
914,4,recover,pouncer,-8.19,3.06,11.86
915,1,recover,swarm,-15.35,12.40,0.76
915,2,recover,swarm,-17.21,12.41,1.29
915,3,advance,bruiser,-6.62,4.48,12.02
915,4,recover,pouncer,-8.19,3.06,11.86
916,1,recover,swarm,-15.35,12.40,0.76
916,2,recover,swarm,-17.21,12.41,1.29
916,3,advance,bruiser,-6.62,4.49,12.01
916,4,recover,pouncer,-8.19,3.06,11.86
917,1,recover,swarm,-15.35,12.40,0.76
917,2,recover,swarm,-17.21,12.41,1.29
917,3,advance,bruiser,-6.70,4.55,11.91
917,4,recover,pouncer,-8.19,3.06,11.86
918,1,recover,swarm,-15.35,12.40,0.76
918,2,chase,swarm,-17.21,12.41,1.29
918,3,advance,bruiser,-6.71,4.56,11.89
918,4,recover,pouncer,-8.19,3.06,11.86
919,1,recover,swarm,-15.35,12.40,0.76
919,2,windup,swarm,-17.21,12.41,1.29
919,3,advance,bruiser,-6.75,4.59,11.85
919,4,recover,pouncer,-8.19,3.06,11.86
920,1,recover,swarm,-15.35,12.40,0.76
920,2,windup,swarm,-17.21,12.41,1.29
920,3,advance,bruiser,-6.76,4.60,11.83
920,4,recover,pouncer,-8.19,3.06,11.86
921,1,recover,swarm,-15.35,12.40,0.76
921,2,windup,swarm,-17.21,12.41,1.29
921,3,advance,bruiser,-6.83,4.65,11.75
921,4,recover,pouncer,-8.19,3.06,11.86
922,1,recover,swarm,-15.35,12.40,0.76
922,2,windup,swarm,-17.21,12.41,1.29
922,3,advance,bruiser,-6.83,4.66,11.74
922,4,recover,pouncer,-8.19,3.06,11.86
923,1,recover,swarm,-15.35,12.40,0.76
923,2,windup,swarm,-17.21,12.41,1.29
923,3,advance,bruiser,-6.87,4.68,11.70
923,4,recover,pouncer,-8.19,3.06,11.86
924,1,recover,swarm,-15.35,12.40,0.76
924,2,windup,swarm,-17.21,12.41,1.29
924,3,advance,bruiser,-6.88,4.69,11.69
924,4,recover,pouncer,-8.19,3.06,11.86
925,1,recover,swarm,-15.35,12.40,0.76
925,2,windup,swarm,-17.21,12.41,1.29
925,3,advance,bruiser,-6.91,4.72,11.64
925,4,recover,pouncer,-8.19,3.06,11.86
926,1,recover,swarm,-15.35,12.40,0.76
926,2,windup,swarm,-17.21,12.41,1.29
926,3,advance,bruiser,-6.92,4.73,11.63
926,4,recover,pouncer,-8.19,3.06,11.86
927,1,recover,swarm,-15.35,12.40,0.76
927,2,windup,swarm,-17.21,12.41,1.29
927,3,advance,bruiser,-7.01,4.79,11.52
927,4,recover,pouncer,-8.19,3.06,11.86
928,1,recover,swarm,-15.35,12.40,0.76
928,2,windup,swarm,-17.21,12.41,1.29
928,3,advance,bruiser,-7.01,4.80,11.51
928,4,recover,pouncer,-8.19,3.06,11.86
929,1,recover,swarm,-15.35,12.40,0.76
929,2,windup,swarm,-17.21,12.41,1.29
929,3,advance,bruiser,-7.08,4.86,11.42
929,4,recover,pouncer,-8.19,3.06,11.86
930,1,recover,swarm,-15.35,12.40,0.76
930,2,strike,swarm,-17.21,12.41,1.29
930,3,advance,bruiser,-7.09,4.86,11.41
930,4,recover,pouncer,-8.19,3.06,11.86
931,1,recover,swarm,-15.35,12.40,0.76
931,2,strike,swarm,-17.03,12.35,1.10
931,3,advance,bruiser,-7.14,4.90,11.35
931,4,recover,pouncer,-8.19,3.06,11.86
932,1,recover,swarm,-15.35,12.40,0.76
932,2,strike,swarm,-17.00,12.34,1.06
932,3,advance,bruiser,-7.14,4.90,11.34
932,4,recover,pouncer,-8.19,3.06,11.86
933,1,recover,swarm,-15.35,12.40,0.76
933,2,strike,swarm,-16.82,12.28,0.87
933,3,advance,bruiser,-7.18,4.94,11.29
933,4,recover,pouncer,-8.19,3.06,11.86
934,1,recover,swarm,-15.35,12.40,0.76
934,2,strike,swarm,-16.79,12.27,0.84
934,3,advance,bruiser,-7.19,4.94,11.28
934,4,recover,pouncer,-8.19,3.06,11.86
935,1,recover,swarm,-15.35,12.40,0.76
935,2,strike,swarm,-16.55,12.19,0.59
935,3,advance,bruiser,-7.25,4.99,11.21
935,4,recover,pouncer,-8.19,3.06,11.86
936,1,recover,swarm,-15.35,12.40,0.76
936,2,strike,swarm,-16.53,12.18,0.56
936,3,advance,bruiser,-7.25,4.99,11.20
936,4,recover,pouncer,-8.19,3.06,11.86
937,1,recover,swarm,-15.35,12.40,0.76
937,2,strike,swarm,-16.34,12.09,0.36
937,3,advance,bruiser,-7.30,5.03,11.14
937,4,recover,pouncer,-8.19,3.06,11.86
938,1,recover,swarm,-15.35,12.40,0.76
938,2,strike,swarm,-16.31,12.06,0.32
938,3,advance,bruiser,-7.31,5.04,11.13
938,4,recover,pouncer,-8.19,3.06,11.86
939,1,recover,swarm,-15.35,12.40,0.76
939,2,strike,swarm,-16.09,11.79,0.22
939,3,advance,bruiser,-7.38,5.10,11.03
939,4,recover,pouncer,-8.19,3.06,11.86
940,1,recover,swarm,-15.35,12.40,0.76
940,2,recover,swarm,-16.07,11.76,0.25
940,3,advance,bruiser,-7.39,5.10,11.02
940,4,recover,pouncer,-8.19,3.06,11.86
941,1,recover,swarm,-15.35,12.40,0.76
941,2,recover,swarm,-16.07,11.76,0.25
941,3,advance,bruiser,-7.43,5.14,10.97
941,4,recover,pouncer,-8.19,3.06,11.86
942,1,chase,swarm,-15.35,12.40,0.76
942,2,recover,swarm,-16.07,11.76,0.25
942,3,advance,bruiser,-7.44,5.14,10.96
942,4,recover,pouncer,-8.19,3.06,11.86
943,1,windup,swarm,-15.35,12.40,0.76
943,2,recover,swarm,-16.07,11.76,0.25
943,3,advance,bruiser,-7.49,5.18,10.90
943,4,recover,pouncer,-8.19,3.06,11.86
944,1,windup,swarm,-15.35,12.40,0.76
944,2,recover,swarm,-16.07,11.76,0.25
944,3,advance,bruiser,-7.50,5.19,10.89
944,4,recover,pouncer,-8.19,3.06,11.86
945,1,windup,swarm,-15.35,12.40,0.76
945,2,recover,swarm,-16.07,11.76,0.25
945,3,advance,bruiser,-7.53,5.21,10.85
945,4,recover,pouncer,-8.19,3.06,11.86
946,1,windup,swarm,-15.35,12.40,0.76
946,2,recover,swarm,-16.07,11.76,0.25
946,3,advance,bruiser,-7.54,5.22,10.84
946,4,recover,pouncer,-8.19,3.06,11.86
947,1,windup,swarm,-15.35,12.40,0.76
947,2,recover,swarm,-16.07,11.76,0.25
947,3,advance,bruiser,-7.58,5.25,10.78
947,4,recover,pouncer,-8.19,3.06,11.86
948,1,windup,swarm,-15.35,12.40,0.76
948,2,recover,swarm,-16.07,11.76,0.25
948,3,advance,bruiser,-7.59,5.26,10.77
948,4,recover,pouncer,-8.19,3.06,11.86
949,1,windup,swarm,-15.35,12.40,0.76
949,2,recover,swarm,-16.07,11.76,0.25
949,3,advance,bruiser,-7.63,5.29,10.72
949,4,recover,pouncer,-8.19,3.06,11.86
950,1,windup,swarm,-15.35,12.40,0.76
950,2,recover,swarm,-16.07,11.76,0.25
950,3,advance,bruiser,-7.64,5.30,10.71
950,4,recover,pouncer,-8.19,3.06,11.86
951,1,windup,swarm,-15.35,12.40,0.76
951,2,recover,swarm,-16.07,11.76,0.25
951,3,advance,bruiser,-7.74,5.38,10.58
951,4,recover,pouncer,-8.19,3.06,11.86
952,1,windup,swarm,-15.35,12.40,0.76
952,2,recover,swarm,-16.07,11.76,0.25
952,3,advance,bruiser,-7.75,5.39,10.57
952,4,recover,pouncer,-8.19,3.06,11.86
953,1,windup,swarm,-15.35,12.40,0.76
953,2,recover,swarm,-16.07,11.76,0.25
953,3,advance,bruiser,-7.79,5.42,10.51
953,4,recover,pouncer,-8.19,3.06,11.86
954,1,strike,swarm,-15.35,12.40,0.76
954,2,recover,swarm,-16.07,11.76,0.25
954,3,advance,bruiser,-7.80,5.43,10.50
954,4,recover,pouncer,-8.19,3.06,11.86
955,1,strike,swarm,-15.64,12.33,0.49
955,2,recover,swarm,-16.07,11.76,0.25
955,3,advance,bruiser,-7.87,5.48,10.42
955,4,recover,pouncer,-8.19,3.06,11.86
956,1,strike,swarm,-15.65,12.36,0.51
956,2,recover,swarm,-16.07,11.76,0.25
956,3,advance,bruiser,-7.87,5.49,10.41
956,4,recover,pouncer,-8.19,3.06,11.86
957,1,strike,swarm,-15.73,12.52,0.59
957,2,recover,swarm,-16.07,11.76,0.25
957,3,advance,bruiser,-7.91,5.52,10.36
957,4,recover,pouncer,-8.19,3.06,11.86
958,1,strike,swarm,-15.76,12.54,0.59
958,2,recover,swarm,-16.07,11.76,0.25
958,3,advance,bruiser,-7.92,5.53,10.34
958,4,recover,pouncer,-8.19,3.06,11.86
959,1,strike,swarm,-15.90,12.63,0.64
959,2,recover,swarm,-16.07,11.76,0.25
959,3,advance,bruiser,-7.96,5.56,10.30
959,4,recover,pouncer,-8.19,3.06,11.86
960,1,strike,swarm,-15.94,12.65,0.65
960,2,recover,swarm,-16.07,11.76,0.25
960,3,advance,bruiser,-7.97,5.56,10.29
960,4,recover,pouncer,-8.19,3.06,11.86
961,1,strike,swarm,-16.21,12.74,0.78
961,2,recover,swarm,-16.07,11.76,0.25
961,3,advance,bruiser,-8.03,5.61,10.21
961,4,stalk,pouncer,-8.19,3.06,11.86
962,1,strike,swarm,-16.26,12.75,0.80
962,2,recover,swarm,-16.07,11.76,0.25
962,3,advance,bruiser,-8.04,5.62,10.19
962,4,stalk,pouncer,-8.19,3.08,11.85
963,1,strike,swarm,-16.44,12.76,0.88
963,2,recover,swarm,-16.07,11.76,0.25
963,3,advance,bruiser,-8.08,5.66,10.14
963,4,stalk,pouncer,-8.17,3.16,11.80
964,1,recover,swarm,-16.49,12.75,0.90
964,2,recover,swarm,-16.07,11.76,0.25
964,3,advance,bruiser,-8.09,5.66,10.13
964,4,stalk,pouncer,-8.17,3.18,11.79
965,1,recover,swarm,-16.49,12.75,0.90
965,2,recover,swarm,-16.07,11.76,0.25
965,3,advance,bruiser,-8.13,5.70,10.08
965,4,stalk,pouncer,-8.16,3.26,11.73
966,1,recover,swarm,-16.49,12.75,0.90
966,2,recover,swarm,-16.07,11.76,0.25
966,3,advance,bruiser,-8.14,5.70,10.06
966,4,stalk,pouncer,-8.16,3.28,11.72
967,1,recover,swarm,-16.49,12.75,0.90
967,2,recover,swarm,-16.07,11.76,0.25
967,3,advance,bruiser,-8.19,5.74,10.01
967,4,stalk,pouncer,-8.14,3.37,11.67
968,1,recover,swarm,-16.49,12.75,0.90
968,2,recover,swarm,-16.07,11.76,0.25
968,3,advance,bruiser,-8.20,5.75,9.99
968,4,stalk,pouncer,-8.14,3.39,11.65
969,1,recover,swarm,-16.49,12.75,0.90
969,2,recover,swarm,-16.07,11.76,0.25
969,3,advance,bruiser,-8.25,5.79,9.93
969,4,stalk,pouncer,-8.12,3.49,11.59
970,1,recover,swarm,-16.49,12.75,0.90
970,2,recover,swarm,-16.07,11.76,0.25
970,3,advance,bruiser,-8.25,5.79,9.92
970,4,stalk,pouncer,-8.12,3.51,11.58
971,1,recover,swarm,-16.49,12.75,0.90
971,2,recover,swarm,-16.07,11.76,0.25
971,3,advance,bruiser,-8.59,6.06,9.50
971,4,stalk,pouncer,-8.01,4.17,11.18
972,1,recover,swarm,-16.49,12.75,0.90
972,2,chase,swarm,-16.07,11.76,0.25
972,3,advance,bruiser,-8.60,6.07,9.48
972,4,stalk,pouncer,-8.01,4.20,11.16
973,1,recover,swarm,-16.49,12.75,0.90
973,2,windup,swarm,-16.07,11.76,0.25
973,3,advance,bruiser,-8.65,6.11,9.42
973,4,stalk,pouncer,-8.10,4.19,11.11
974,1,recover,swarm,-16.49,12.75,0.90
974,2,windup,swarm,-16.07,11.76,0.25
974,3,advance,bruiser,-8.66,6.12,9.40
974,4,stalk,pouncer,-8.12,4.18,11.09
975,1,recover,swarm,-16.49,12.75,0.90
975,2,windup,swarm,-16.07,11.76,0.25
975,3,advance,bruiser,-8.67,6.13,9.39
975,4,stalk,pouncer,-8.15,4.18,11.08
976,1,recover,swarm,-16.49,12.75,0.90
976,2,windup,swarm,-16.07,11.76,0.25
976,3,advance,bruiser,-8.72,6.16,9.33
976,4,stalk,pouncer,-8.24,4.16,11.02
977,1,recover,swarm,-16.49,12.75,0.90
977,2,windup,swarm,-16.07,11.76,0.25
977,3,advance,bruiser,-8.77,6.21,9.26
977,4,stalk,pouncer,-8.35,4.14,10.96
978,1,recover,swarm,-16.49,12.75,0.90
978,2,windup,swarm,-16.07,11.76,0.25
978,3,advance,bruiser,-8.78,6.22,9.24
978,4,stalk,pouncer,-8.37,4.14,10.95
979,1,recover,swarm,-16.49,12.75,0.90
979,2,windup,swarm,-16.07,11.76,0.25
979,3,advance,bruiser,-8.82,6.25,9.19
979,4,stalk,pouncer,-8.45,4.12,10.90
980,1,recover,swarm,-16.49,12.75,0.90
980,2,windup,swarm,-16.07,11.76,0.25
980,3,advance,bruiser,-8.83,6.26,9.18
980,4,stalk,pouncer,-8.47,4.12,10.89
981,1,recover,swarm,-16.49,12.75,0.90
981,2,windup,swarm,-16.07,11.76,0.25
981,3,advance,bruiser,-8.89,6.30,9.10
981,4,stalk,pouncer,-8.59,4.10,10.82
982,1,recover,swarm,-16.49,12.75,0.90
982,2,windup,swarm,-16.07,11.76,0.25
982,3,advance,bruiser,-8.90,6.31,9.09
982,4,stalk,pouncer,-8.61,4.10,10.81
983,1,recover,swarm,-16.49,12.75,0.90
983,2,windup,swarm,-16.07,11.76,0.25
983,3,advance,bruiser,-8.95,6.35,9.03
983,4,stalk,pouncer,-8.70,4.08,10.76
984,1,recover,swarm,-16.49,12.75,0.90
984,2,strike,swarm,-16.07,11.76,0.25
984,3,advance,bruiser,-8.96,6.36,9.02
984,4,stalk,pouncer,-8.73,4.08,10.75
985,1,recover,swarm,-16.49,12.75,0.90
985,2,strike,swarm,-15.94,11.91,0.10
985,3,advance,bruiser,-9.00,6.39,8.96
985,4,stalk,pouncer,-8.82,4.06,10.70
986,1,recover,swarm,-16.49,12.75,0.90
986,2,strike,swarm,-15.89,11.94,0.12
986,3,advance,bruiser,-9.02,6.40,8.94
986,4,stalk,pouncer,-8.84,4.06,10.69
987,1,chase,swarm,-16.49,12.75,0.90
987,2,strike,swarm,-15.69,12.09,0.32
987,3,advance,bruiser,-9.07,6.45,8.87
987,4,stalk,pouncer,-8.95,4.04,10.63
988,1,windup,swarm,-16.49,12.75,0.90
988,2,strike,swarm,-15.66,12.12,0.36
988,3,advance,bruiser,-9.08,6.46,8.86
988,4,stalk,pouncer,-8.97,4.04,10.61
989,1,windup,swarm,-16.49,12.75,0.90
989,2,strike,swarm,-15.54,12.22,0.51
989,3,advance,bruiser,-9.11,6.48,8.82
989,4,stalk,pouncer,-9.04,4.03,10.58
990,1,windup,swarm,-16.49,12.75,0.90
990,2,strike,swarm,-15.52,12.25,0.54
990,3,advance,bruiser,-9.12,6.49,8.81
990,4,stalk,pouncer,-9.06,4.02,10.57
991,1,windup,swarm,-16.49,12.75,0.90
991,2,strike,swarm,-15.37,12.42,0.75
991,3,advance,bruiser,-9.17,6.53,8.74
991,4,stalk,pouncer,-9.16,4.01,10.52
992,1,windup,swarm,-16.49,12.75,0.90
992,2,strike,swarm,-15.35,12.45,0.79
992,3,advance,bruiser,-9.18,6.54,8.73
992,4,stalk,pouncer,-9.17,4.01,10.51
993,1,windup,swarm,-16.49,12.75,0.90
993,2,strike,swarm,-15.18,12.72,1.09
993,3,advance,bruiser,-9.25,6.59,8.64
993,4,stalk,pouncer,-9.32,3.98,10.43
994,1,windup,swarm,-16.49,12.75,0.90
994,2,recover,swarm,-15.17,12.76,1.13
994,3,advance,bruiser,-9.26,6.60,8.63
994,4,stalk,pouncer,-9.34,3.98,10.42
995,1,windup,swarm,-16.49,12.75,0.90
995,2,recover,swarm,-15.17,12.76,1.13
995,3,advance,bruiser,-9.32,6.65,8.56
995,4,stalk,pouncer,-9.45,3.96,10.36
996,1,windup,swarm,-16.49,12.75,0.90
996,2,recover,swarm,-15.17,12.76,1.13
996,3,advance,bruiser,-9.33,6.65,8.54
996,4,stalk,pouncer,-9.47,3.96,10.35
997,1,windup,swarm,-16.49,12.75,0.90
997,2,recover,swarm,-15.17,12.76,1.13
997,3,advance,bruiser,-9.38,6.69,8.48
997,4,stalk,pouncer,-9.57,3.95,10.30
998,1,windup,swarm,-16.49,12.75,0.90
998,2,recover,swarm,-15.17,12.76,1.13
998,3,advance,bruiser,-9.39,6.70,8.47
998,4,stalk,pouncer,-9.59,3.94,10.29
999,1,windup,swarm,-16.49,12.75,0.90
999,2,recover,swarm,-15.17,12.76,1.13
999,3,advance,bruiser,-9.44,6.74,8.40
999,4,stalk,pouncer,-9.69,3.93,10.24
1000,1,strike,swarm,-16.49,12.75,0.90
1000,2,recover,swarm,-15.17,12.76,1.13
1000,3,advance,bruiser,-9.45,6.75,8.39
1000,4,stalk,pouncer,-9.71,3.93,10.23
1001,1,strike,swarm,-16.37,12.57,0.68
1001,2,recover,swarm,-15.17,12.76,1.13
1001,3,advance,bruiser,-9.50,6.79,8.33
1001,4,stalk,pouncer,-9.81,3.91,10.18
1002,1,strike,swarm,-16.35,12.53,0.64
1002,2,recover,swarm,-15.17,12.76,1.13
1002,3,advance,bruiser,-9.51,6.80,8.32
1002,4,stalk,pouncer,-9.83,3.91,10.17
1003,1,strike,swarm,-16.27,12.33,0.43
1003,2,recover,swarm,-15.17,12.76,1.13
1003,3,advance,bruiser,-9.55,6.83,8.26
1003,4,stalk,pouncer,-9.92,3.90,10.12
1004,1,strike,swarm,-16.26,12.30,0.40
1004,2,recover,swarm,-15.17,12.76,1.13
1004,3,advance,bruiser,-9.56,6.84,8.25
1004,4,stalk,pouncer,-9.94,3.89,10.12
1005,1,strike,swarm,-16.14,11.97,0.14
1005,2,recover,swarm,-15.17,12.76,1.13
1005,3,advance,bruiser,-9.64,6.90,8.15
1005,4,stalk,pouncer,-10.09,3.87,10.04
1006,1,strike,swarm,-16.12,11.93,0.14
1006,2,recover,swarm,-15.17,12.76,1.13
1006,3,advance,bruiser,-9.65,6.91,8.14
1006,4,stalk,pouncer,-10.11,3.87,10.03
1007,1,strike,swarm,-16.01,11.74,0.26
1007,2,recover,swarm,-15.17,12.76,1.13
1007,3,advance,bruiser,-9.69,6.95,8.07
1007,4,stalk,pouncer,-10.21,3.86,9.99
1008,1,strike,swarm,-15.99,11.70,0.30
1008,2,recover,swarm,-15.17,12.76,1.13
1008,3,advance,bruiser,-9.71,6.96,8.06
1008,4,stalk,pouncer,-10.23,3.85,9.98
1009,1,strike,swarm,-15.85,11.49,0.53
1009,2,recover,swarm,-15.17,12.76,1.13
1009,3,advance,bruiser,-9.76,7.00,7.99
1009,4,stalk,pouncer,-10.34,3.84,9.92
1010,1,recover,swarm,-15.83,11.46,0.56
1010,2,recover,swarm,-15.17,12.76,1.13
1010,3,advance,bruiser,-9.77,7.01,7.98
1010,4,stalk,pouncer,-10.36,3.84,9.92
1011,1,recover,swarm,-15.83,11.46,0.56
1011,2,recover,swarm,-15.17,12.76,1.13
1011,3,advance,bruiser,-9.82,7.05,7.91
1011,4,stalk,pouncer,-10.47,3.83,9.87
1012,1,recover,swarm,-15.83,11.46,0.56
1012,2,recover,swarm,-15.17,12.76,1.13
1012,3,advance,bruiser,-9.83,7.06,7.90
1012,4,stalk,pouncer,-10.48,3.82,9.86
1013,1,recover,swarm,-15.83,11.46,0.56
1013,2,recover,swarm,-15.17,12.76,1.13
1013,3,advance,bruiser,-9.87,7.09,7.85
1013,4,stalk,pouncer,-10.56,3.82,9.82
1014,1,recover,swarm,-15.83,11.46,0.56
1014,2,recover,swarm,-15.17,12.76,1.13
1014,3,advance,bruiser,-9.87,7.09,7.84
1014,4,stalk,pouncer,-10.57,3.81,9.82
1015,1,recover,swarm,-15.83,11.46,0.56
1015,2,recover,swarm,-15.17,12.76,1.13
1015,3,advance,bruiser,-9.94,7.14,7.76
1015,4,stalk,pouncer,-10.70,3.80,9.76
1016,1,recover,swarm,-15.83,11.46,0.56
1016,2,recover,swarm,-15.17,12.76,1.13
1016,3,advance,bruiser,-9.94,7.15,7.75
1016,4,stalk,pouncer,-10.71,3.80,9.75
1017,1,recover,swarm,-15.83,11.46,0.56
1017,2,recover,swarm,-15.17,12.76,1.13
1017,3,advance,bruiser,-10.00,7.20,7.68
1017,4,stalk,pouncer,-10.83,3.78,9.70
1018,1,recover,swarm,-15.83,11.46,0.56
1018,2,recover,swarm,-15.17,12.76,1.13
1018,3,advance,bruiser,-10.01,7.20,7.67
1018,4,stalk,pouncer,-10.85,3.78,9.69
1019,1,recover,swarm,-15.83,11.46,0.56
1019,2,recover,swarm,-15.17,12.76,1.13
1019,3,advance,bruiser,-10.05,7.23,7.62
1019,4,stalk,pouncer,-10.92,3.77,9.66
1020,1,recover,swarm,-15.83,11.46,0.56
1020,2,recover,swarm,-15.17,12.76,1.13
1020,3,advance,bruiser,-10.06,7.24,7.61
1020,4,stalk,pouncer,-10.94,3.77,9.65
1021,1,recover,swarm,-15.83,11.46,0.56
1021,2,recover,swarm,-15.17,12.76,1.13
1021,3,advance,bruiser,-10.12,7.29,7.52
1021,4,stalk,pouncer,-11.08,3.76,9.59
1022,1,recover,swarm,-15.83,11.46,0.56
1022,2,recover,swarm,-15.17,12.76,1.13
1022,3,advance,bruiser,-10.13,7.30,7.51
1022,4,stalk,pouncer,-11.09,3.76,9.59
1023,1,recover,swarm,-15.83,11.46,0.56
1023,2,recover,swarm,-15.17,12.76,1.13
1023,3,advance,bruiser,-10.17,7.33,7.46
1023,4,stalk,pouncer,-11.18,3.75,9.55
1024,1,recover,swarm,-15.83,11.46,0.56
1024,2,recover,swarm,-15.17,12.76,1.13
1024,3,advance,bruiser,-10.18,7.34,7.45
1024,4,stalk,pouncer,-11.19,3.75,9.54
1025,1,recover,swarm,-15.83,11.46,0.56
1025,2,chase,swarm,-15.17,12.76,1.13
1025,3,advance,bruiser,-10.23,7.38,7.38
1025,4,stalk,pouncer,-11.30,3.74,9.50
1026,1,recover,swarm,-15.83,11.46,0.56
1026,2,windup,swarm,-15.17,12.76,1.13
1026,3,advance,bruiser,-10.24,7.39,7.37
1026,4,stalk,pouncer,-11.32,3.74,9.49
1027,1,recover,swarm,-15.83,11.46,0.56
1027,2,windup,swarm,-15.17,12.76,1.13
1027,3,advance,bruiser,-10.29,7.43,7.31
1027,4,stalk,pouncer,-11.42,3.73,9.45
1028,1,recover,swarm,-15.83,11.46,0.56
1028,2,windup,swarm,-15.17,12.76,1.13
1028,3,advance,bruiser,-10.30,7.44,7.29
1028,4,stalk,pouncer,-11.44,3.73,9.44
1029,1,recover,swarm,-15.83,11.46,0.56
1029,2,windup,swarm,-15.17,12.76,1.13
1029,3,advance,bruiser,-10.34,7.47,7.24
1029,4,stalk,pouncer,-11.52,3.72,9.41
1030,1,recover,swarm,-15.83,11.46,0.56
1030,2,windup,swarm,-15.17,12.76,1.13
1030,3,advance,bruiser,-10.35,7.47,7.23
1030,4,stalk,pouncer,-11.54,3.72,9.40
1031,1,recover,swarm,-15.83,11.46,0.56
1031,2,windup,swarm,-15.17,12.76,1.13
1031,3,advance,bruiser,-10.39,7.51,7.18
1031,4,stalk,pouncer,-11.62,3.71,9.37
1032,1,recover,swarm,-15.83,11.46,0.56
1032,2,windup,swarm,-15.17,12.76,1.13
1032,3,advance,bruiser,-10.40,7.51,7.17
1032,4,stalk,pouncer,-11.63,3.71,9.36
1033,1,recover,swarm,-15.83,11.46,0.56
1033,2,windup,swarm,-15.17,12.76,1.13
1033,3,advance,bruiser,-10.45,7.55,7.11
1033,4,stalk,pouncer,-11.74,3.71,9.32
1034,1,recover,swarm,-15.83,11.46,0.56
1034,2,windup,swarm,-15.17,12.76,1.13
1034,3,advance,bruiser,-10.46,7.56,7.09
1034,4,stalk,pouncer,-11.76,3.70,9.31
1035,1,recover,swarm,-15.83,11.46,0.56
1035,2,windup,swarm,-15.17,12.76,1.13
1035,3,advance,bruiser,-10.56,7.64,6.96
1035,4,stalk,pouncer,-11.97,3.69,9.23
1036,1,recover,swarm,-15.83,11.46,0.56
1036,2,windup,swarm,-15.17,12.76,1.13
1036,3,advance,bruiser,-10.57,7.65,6.95
1036,4,stalk,pouncer,-11.98,3.69,9.22
1037,1,recover,swarm,-15.83,11.46,0.56
1037,2,strike,swarm,-15.17,12.76,1.13
1037,3,advance,bruiser,-10.63,7.69,6.88
1037,4,stalk,pouncer,-12.10,3.68,9.18
1038,1,recover,swarm,-15.83,11.46,0.56
1038,2,strike,swarm,-15.19,12.74,1.09
1038,3,advance,bruiser,-10.63,7.70,6.87
1038,4,stalk,pouncer,-12.11,3.68,9.18
1039,1,recover,swarm,-15.83,11.46,0.56
1039,2,strike,swarm,-15.36,12.59,0.87
1039,3,advance,bruiser,-10.68,7.74,6.81
1039,4,stalk,pouncer,-12.21,3.68,9.14
1040,1,recover,swarm,-15.83,11.46,0.56
1040,2,strike,swarm,-15.38,12.56,0.83
1040,3,advance,bruiser,-10.69,7.75,6.80
1040,4,stalk,pouncer,-12.23,3.68,9.13
1041,1,chase,swarm,-15.83,11.46,0.56
1041,2,strike,swarm,-15.56,12.44,0.62
1041,3,advance,bruiser,-10.74,7.78,6.74
1041,4,stalk,pouncer,-12.33,3.67,9.10
1042,1,windup,swarm,-15.83,11.46,0.56
1042,2,strike,swarm,-15.59,12.43,0.59
1042,3,advance,bruiser,-10.75,7.79,6.72
1042,4,stalk,pouncer,-12.34,3.67,9.09
1043,1,windup,swarm,-15.83,11.46,0.56
1043,2,strike,swarm,-15.91,12.38,0.39
1043,3,advance,bruiser,-10.82,7.85,6.63
1043,4,stalk,pouncer,-12.49,3.67,9.04
1044,1,windup,swarm,-15.83,11.46,0.56
1044,2,strike,swarm,-15.94,12.38,0.39
1044,3,advance,bruiser,-10.83,7.85,6.63
1044,4,stalk,pouncer,-12.50,3.67,9.03
1045,1,windup,swarm,-15.83,11.46,0.56
1045,2,strike,swarm,-16.19,12.40,0.45
1045,3,advance,bruiser,-10.88,7.90,6.55
1045,4,stalk,pouncer,-12.61,3.66,8.99
1046,1,windup,swarm,-15.83,11.46,0.56
1046,2,recover,swarm,-16.22,12.40,0.46
1046,3,advance,bruiser,-10.89,7.90,6.55
1046,4,stalk,pouncer,-12.63,3.66,8.99
1047,1,windup,swarm,-15.83,11.46,0.56
1047,2,recover,swarm,-16.22,12.40,0.46
1047,3,advance,bruiser,-10.94,7.94,6.48
1047,4,stalk,pouncer,-12.73,3.66,8.95
1048,1,windup,swarm,-15.83,11.46,0.56
1048,2,recover,swarm,-16.22,12.40,0.46
1048,3,advance,bruiser,-10.95,7.95,6.47
1048,4,stalk,pouncer,-12.74,3.66,8.95
1049,1,windup,swarm,-15.83,11.46,0.56
1049,2,recover,swarm,-16.22,12.40,0.46
1049,3,advance,bruiser,-11.27,8.21,6.06
1049,4,stalk,pouncer,-13.40,3.65,8.74
1050,1,strike,swarm,-15.83,11.46,0.56
1050,2,recover,swarm,-16.22,12.40,0.46
1050,3,advance,bruiser,-11.27,8.21,6.05
1050,4,stalk,pouncer,-13.41,3.65,8.73
1051,1,strike,swarm,-15.86,11.61,0.41
1051,2,recover,swarm,-16.22,12.40,0.46
1051,3,advance,bruiser,-11.31,8.24,6.01
1051,4,stalk,pouncer,-13.48,3.66,8.71
1052,1,strike,swarm,-15.84,11.64,0.39
1052,2,recover,swarm,-16.22,12.40,0.46
1052,3,advance,bruiser,-11.32,8.25,6.00
1052,4,stalk,pouncer,-13.50,3.66,8.70
1053,1,strike,swarm,-15.73,11.77,0.34
1053,2,recover,swarm,-16.22,12.40,0.46
1053,3,advance,bruiser,-11.35,8.28,5.95
1053,4,stalk,pouncer,-13.58,3.66,8.68
1054,1,strike,swarm,-15.71,11.79,0.36
1054,2,recover,swarm,-16.22,12.40,0.46
1054,3,advance,bruiser,-11.36,8.28,5.94
1054,4,stalk,pouncer,-13.59,3.66,8.68
1055,1,strike,swarm,-15.58,11.85,0.44
1055,2,recover,swarm,-16.22,12.40,0.46
1055,3,advance,bruiser,-11.39,8.31,5.90
1055,4,stalk,pouncer,-13.65,3.66,8.66
1056,1,strike,swarm,-15.56,11.88,0.46
1056,2,recover,swarm,-16.22,12.40,0.46
1056,3,advance,bruiser,-11.40,8.31,5.89
1056,4,stalk,pouncer,-13.67,3.66,8.65
1057,1,strike,swarm,-15.42,12.00,0.57
1057,2,recover,swarm,-16.22,12.40,0.46
1057,3,advance,bruiser,-11.44,8.35,5.84
1057,4,stalk,pouncer,-13.75,3.67,8.63
1058,1,strike,swarm,-15.40,12.03,0.60
1058,2,recover,swarm,-16.22,12.40,0.46
1058,3,advance,bruiser,-11.45,8.35,5.83
1058,4,stalk,pouncer,-13.77,3.67,8.62
1059,1,strike,swarm,-15.29,12.19,0.73
1059,2,recover,swarm,-16.22,12.40,0.46
1059,3,advance,bruiser,-11.49,8.39,5.77
1059,4,stalk,pouncer,-13.85,3.67,8.59
1060,1,strike,swarm,-15.27,12.22,0.75
1060,2,recover,swarm,-16.22,12.40,0.46
1060,3,advance,bruiser,-11.50,8.39,5.76
1060,4,stalk,pouncer,-13.87,3.67,8.59
1061,1,strike,swarm,-15.22,12.35,0.86
1061,2,recover,swarm,-16.22,12.40,0.46
1061,3,advance,bruiser,-11.53,8.42,5.72
1061,4,stalk,pouncer,-13.93,3.68,8.57
1062,1,strike,swarm,-15.21,12.38,0.88
1062,2,recover,swarm,-16.22,12.40,0.46
1062,3,advance,bruiser,-11.54,8.42,5.71
1062,4,stalk,pouncer,-13.95,3.68,8.57
1063,1,strike,swarm,-15.15,12.56,1.02
1063,2,recover,swarm,-16.22,12.40,0.46
1063,3,advance,bruiser,-11.58,8.46,5.66
1063,4,stalk,pouncer,-14.03,3.68,8.54
1064,1,recover,swarm,-15.15,12.59,1.04
1064,2,recover,swarm,-16.22,12.40,0.46
1064,3,advance,bruiser,-11.59,8.46,5.65
1064,4,stalk,pouncer,-14.05,3.69,8.54
1065,1,recover,swarm,-15.15,12.59,1.04
1065,2,recover,swarm,-16.22,12.40,0.46
1065,3,advance,bruiser,-11.62,8.49,5.60
1065,4,stalk,pouncer,-14.12,3.69,8.51
1066,1,recover,swarm,-15.15,12.59,1.04
1066,2,recover,swarm,-16.22,12.40,0.46
1066,3,advance,bruiser,-11.63,8.50,5.59
1066,4,stalk,pouncer,-14.14,3.69,8.51
1067,1,recover,swarm,-15.15,12.59,1.04
1067,2,recover,swarm,-16.22,12.40,0.46
1067,3,advance,bruiser,-11.67,8.53,5.54
1067,4,stalk,pouncer,-14.22,3.70,8.49
1068,1,recover,swarm,-15.15,12.59,1.04
1068,2,recover,swarm,-16.22,12.40,0.46
1068,3,advance,bruiser,-11.68,8.54,5.53
1068,4,stalk,pouncer,-14.23,3.70,8.48
1069,1,recover,swarm,-15.15,12.59,1.04
1069,2,recover,swarm,-16.22,12.40,0.46
1069,3,advance,bruiser,-11.72,8.57,5.48
1069,4,stalk,pouncer,-14.31,3.71,8.46
1070,1,recover,swarm,-15.15,12.59,1.04
1070,2,recover,swarm,-16.22,12.40,0.46
1070,3,advance,bruiser,-11.72,8.57,5.47
1070,4,stalk,pouncer,-14.33,3.71,8.45
1071,1,recover,swarm,-15.15,12.59,1.04
1071,2,recover,swarm,-16.22,12.40,0.46
1071,3,advance,bruiser,-11.76,8.60,5.43
1071,4,stalk,pouncer,-14.39,3.71,8.43
1072,1,recover,swarm,-15.15,12.59,1.04
1072,2,recover,swarm,-16.22,12.40,0.46
1072,3,advance,bruiser,-11.77,8.61,5.42
1072,4,stalk,pouncer,-14.41,3.72,8.43
1073,1,recover,swarm,-15.15,12.59,1.04
1073,2,recover,swarm,-16.22,12.40,0.46
1073,3,advance,bruiser,-11.81,8.64,5.36
1073,4,stalk,pouncer,-14.50,3.73,8.40
1074,1,recover,swarm,-15.15,12.59,1.04
1074,2,chase,swarm,-16.22,12.40,0.46
1074,3,advance,bruiser,-11.82,8.65,5.35
1074,4,stalk,pouncer,-14.52,3.73,8.40
1075,1,recover,swarm,-15.15,12.59,1.04
1075,2,windup,swarm,-16.22,12.40,0.46
1075,3,advance,bruiser,-11.85,8.68,5.31
1075,4,stalk,pouncer,-14.58,3.73,8.38
1076,1,recover,swarm,-15.15,12.59,1.04
1076,2,windup,swarm,-16.22,12.40,0.46
1076,3,advance,bruiser,-11.86,8.68,5.30
1076,4,stalk,pouncer,-14.60,3.74,8.38
1077,1,recover,swarm,-15.15,12.59,1.04
1077,2,windup,swarm,-16.22,12.40,0.46
1077,3,advance,bruiser,-11.90,8.71,5.25
1077,4,stalk,pouncer,-14.68,3.75,8.36
1078,1,recover,swarm,-15.15,12.59,1.04
1078,2,windup,swarm,-16.22,12.40,0.46
1078,3,advance,bruiser,-11.91,8.72,5.24
1078,4,stalk,pouncer,-14.69,3.75,8.35
1079,1,recover,swarm,-15.15,12.59,1.04
1079,2,windup,swarm,-16.22,12.40,0.46
1079,3,advance,bruiser,-11.94,8.75,5.19
1079,4,stalk,pouncer,-14.77,3.76,8.33
1080,1,recover,swarm,-15.15,12.59,1.04
1080,2,windup,swarm,-16.22,12.40,0.46
1080,3,advance,bruiser,-11.95,8.75,5.18
1080,4,stalk,pouncer,-14.79,3.76,8.33
1081,1,recover,swarm,-15.15,12.59,1.04
1081,2,windup,swarm,-16.22,12.40,0.46
1081,3,advance,bruiser,-12.00,8.79,5.13
1081,4,stalk,pouncer,-14.88,3.77,8.30
1082,1,recover,swarm,-15.15,12.59,1.04
1082,2,windup,swarm,-16.22,12.40,0.46
1082,3,advance,bruiser,-12.01,8.80,5.11
1082,4,stalk,pouncer,-14.90,3.77,8.30
1083,1,recover,swarm,-15.15,12.59,1.04
1083,2,windup,swarm,-16.22,12.40,0.46
1083,3,advance,bruiser,-12.04,8.83,5.06
1083,4,stalk,pouncer,-14.97,3.78,8.28
1084,1,recover,swarm,-15.15,12.59,1.04
1084,2,windup,swarm,-16.22,12.40,0.46
1084,3,advance,bruiser,-12.05,8.84,5.05
1084,4,stalk,pouncer,-14.99,3.79,8.27
1085,1,recover,swarm,-15.15,12.59,1.04
1085,2,windup,swarm,-16.22,12.40,0.46
1085,3,advance,bruiser,-12.10,8.87,5.00
1085,4,stalk,pouncer,-15.08,3.80,8.25
1086,1,recover,swarm,-15.15,12.59,1.04
1086,2,windup,swarm,-16.22,12.40,0.46
1086,3,advance,bruiser,-12.11,8.88,4.98
1086,4,stalk,pouncer,-15.10,3.80,8.24
1087,1,recover,swarm,-15.15,12.59,1.04
1087,2,windup,swarm,-16.22,12.40,0.46
1087,3,advance,bruiser,-12.14,8.91,4.94
1087,4,stalk,pouncer,-15.17,3.81,8.22
1088,1,recover,swarm,-15.15,12.59,1.04
1088,2,windup,swarm,-16.22,12.40,0.46
1088,3,advance,bruiser,-12.15,8.91,4.93
1088,4,stalk,pouncer,-15.19,3.82,8.22
1089,1,recover,swarm,-15.15,12.59,1.04
1089,2,windup,swarm,-16.22,12.40,0.46
1089,3,advance,bruiser,-12.19,8.95,4.88
1089,4,stalk,pouncer,-15.27,3.83,8.20
1090,1,recover,swarm,-15.15,12.59,1.04
1090,2,strike,swarm,-16.22,12.40,0.46
1090,3,advance,bruiser,-12.20,8.95,4.87
1090,4,stalk,pouncer,-15.28,3.83,8.20
1091,1,recover,swarm,-15.15,12.59,1.04
1091,2,strike,swarm,-16.21,12.23,0.32
1091,3,advance,bruiser,-12.23,8.98,4.82
1091,4,stalk,pouncer,-15.36,3.84,8.18
1092,1,recover,swarm,-15.15,12.59,1.04
1092,2,strike,swarm,-16.20,12.20,0.29
1092,3,advance,bruiser,-12.24,8.99,4.81
1092,4,stalk,pouncer,-15.37,3.85,8.17
1093,1,recover,swarm,-15.15,12.59,1.04
1093,2,strike,swarm,-16.17,12.01,0.18
1093,3,advance,bruiser,-12.28,9.02,4.76
1093,4,stalk,pouncer,-15.46,3.86,8.15
1094,1,recover,swarm,-15.15,12.59,1.04
1094,2,strike,swarm,-16.16,11.98,0.17
1094,3,advance,bruiser,-12.29,9.03,4.75
1094,4,stalk,pouncer,-15.47,3.86,8.15
1095,1,recover,swarm,-15.15,12.59,1.04
1095,2,strike,swarm,-16.07,11.68,0.33
1095,3,advance,bruiser,-12.36,9.08,4.66
1095,4,stalk,pouncer,-15.61,3.89,8.12
1096,1,recover,swarm,-15.15,12.59,1.04
1096,2,strike,swarm,-16.06,11.65,0.35
1096,3,advance,bruiser,-12.37,9.09,4.65
1096,4,stalk,pouncer,-15.62,3.89,8.11
1097,1,recover,swarm,-15.15,12.59,1.04
1097,2,strike,swarm,-15.97,11.50,0.50
1097,3,advance,bruiser,-12.41,9.12,4.60
1097,4,stalk,pouncer,-15.70,3.91,8.09
1098,1,recover,swarm,-15.15,12.59,1.04
1098,2,strike,swarm,-15.96,11.47,0.53
1098,3,advance,bruiser,-12.41,9.13,4.59
1098,4,stalk,pouncer,-15.71,3.91,8.09
1099,1,recover,swarm,-15.15,12.59,1.04
1099,2,strike,swarm,-15.89,11.36,0.65
1099,3,advance,bruiser,-12.44,9.15,4.55
1099,4,stalk,pouncer,-15.77,3.92,8.08
1100,1,recover,swarm,-15.15,12.59,1.04
1100,2,strike,swarm,-15.88,11.33,0.68
1100,3,advance,bruiser,-12.45,9.15,4.54
1100,4,stalk,pouncer,-15.79,3.93,8.07
1101,1,recover,swarm,-15.15,12.59,1.04
1101,2,strike,swarm,-15.80,11.20,0.82
1101,3,advance,bruiser,-12.48,9.18,4.50
1101,4,stalk,pouncer,-15.85,3.94,8.06
1102,1,recover,swarm,-15.15,12.59,1.04
1102,2,strike,swarm,-15.79,11.17,0.86
1102,3,advance,bruiser,-12.49,9.19,4.49
1102,4,stalk,pouncer,-15.87,3.94,8.05
1103,1,recover,swarm,-15.15,12.59,1.04
1103,2,recover,swarm,-15.71,11.03,1.00
1103,3,advance,bruiser,-12.52,9.21,4.45
1103,4,stalk,pouncer,-15.93,3.96,8.04
1104,1,chase,swarm,-15.15,12.59,1.04
1104,2,recover,swarm,-15.71,11.03,1.00
1104,3,advance,bruiser,-12.53,9.22,4.44
1104,4,stalk,pouncer,-15.95,3.96,8.03
1105,1,windup,swarm,-15.15,12.59,1.04
1105,2,recover,swarm,-15.71,11.03,1.00
1105,3,advance,bruiser,-12.57,9.25,4.39
1105,4,stalk,pouncer,-16.02,3.98,8.02
1106,1,windup,swarm,-15.15,12.59,1.04
1106,2,recover,swarm,-15.71,11.03,1.00
1106,3,advance,bruiser,-12.58,9.26,4.38
1106,4,stalk,pouncer,-16.04,3.98,8.01
1107,1,windup,swarm,-15.15,12.59,1.04
1107,2,recover,swarm,-15.71,11.03,1.00
1107,3,advance,bruiser,-12.61,9.28,4.34
1107,4,stalk,pouncer,-16.10,4.00,8.00
1108,1,windup,swarm,-15.15,12.59,1.04
1108,2,recover,swarm,-15.71,11.03,1.00
1108,3,advance,bruiser,-12.62,9.29,4.33
1108,4,stalk,pouncer,-16.12,4.00,8.00
1109,1,windup,swarm,-15.15,12.59,1.04
1109,2,recover,swarm,-15.71,11.03,1.00
1109,3,advance,bruiser,-12.65,9.31,4.29
1109,4,stalk,pouncer,-16.18,4.02,7.98
1110,1,windup,swarm,-15.15,12.59,1.04
1110,2,recover,swarm,-15.71,11.03,1.00
1110,3,advance,bruiser,-12.65,9.32,4.28
1110,4,stalk,pouncer,-16.19,4.02,7.98
1111,1,windup,swarm,-15.15,12.59,1.04
1111,2,recover,swarm,-15.71,11.03,1.00
1111,3,advance,bruiser,-12.69,9.35,4.24
1111,4,stalk,pouncer,-16.26,4.04,7.96
1112,1,windup,swarm,-15.15,12.59,1.04
1112,2,recover,swarm,-15.71,11.03,1.00
1112,3,advance,bruiser,-12.70,9.35,4.23
1112,4,stalk,pouncer,-16.28,4.04,7.96
1113,1,windup,swarm,-15.15,12.59,1.04
1113,2,recover,swarm,-15.71,11.03,1.00
1113,3,advance,bruiser,-12.73,9.38,4.18
1113,4,stalk,pouncer,-16.35,4.06,7.94
1114,1,windup,swarm,-15.15,12.59,1.04
1114,2,recover,swarm,-15.71,11.03,1.00
1114,3,advance,bruiser,-12.74,9.39,4.17
1114,4,stalk,pouncer,-16.36,4.06,7.94
1115,1,windup,swarm,-15.15,12.59,1.04
1115,2,recover,swarm,-15.71,11.03,1.00
1115,3,advance,bruiser,-12.79,9.42,4.11
1115,4,stalk,pouncer,-16.27,4.08,7.92
1116,1,windup,swarm,-15.15,12.59,1.04
1116,2,recover,swarm,-15.71,11.03,1.00
1116,3,advance,bruiser,-12.79,9.43,4.10
1116,4,stalk,pouncer,-16.26,4.08,7.92
1117,1,windup,swarm,-15.15,12.59,1.04
1117,2,recover,swarm,-15.71,11.03,1.00
1117,3,advance,bruiser,-12.83,9.46,4.05
1117,4,stalk,pouncer,-16.18,4.10,7.90
1118,1,windup,swarm,-15.15,12.59,1.04
1118,2,recover,swarm,-15.71,11.03,1.00
1118,3,advance,bruiser,-12.84,9.47,4.04
1118,4,stalk,pouncer,-16.17,4.10,7.90
1119,1,windup,swarm,-15.15,12.59,1.04
1119,2,recover,swarm,-15.71,11.03,1.00
1119,3,advance,bruiser,-12.88,9.50,3.99
1119,4,stalk,pouncer,-16.09,4.11,7.88
1120,1,strike,swarm,-15.15,12.59,1.04
1120,2,recover,swarm,-15.71,11.03,1.00
1120,3,advance,bruiser,-12.89,9.50,3.98
1120,4,stalk,pouncer,-16.07,4.12,7.88
1121,1,strike,swarm,-15.27,12.51,0.89
1121,2,recover,swarm,-15.71,11.03,1.00
1121,3,advance,bruiser,-12.92,9.53,3.94
1121,4,stalk,pouncer,-16.01,4.13,7.86
1122,1,strike,swarm,-15.30,12.49,0.85
1122,2,recover,swarm,-15.71,11.03,1.00
1122,3,advance,bruiser,-12.93,9.54,3.93
1122,4,stalk,pouncer,-15.99,4.13,7.86
1123,1,strike,swarm,-15.44,12.39,0.68
1123,2,recover,swarm,-15.71,11.03,1.00
1123,3,advance,bruiser,-12.96,9.57,3.88
1123,4,stalk,pouncer,-15.92,4.15,7.85
1124,1,strike,swarm,-15.47,12.37,0.64
1124,2,recover,swarm,-15.71,11.03,1.00
1124,3,advance,bruiser,-12.97,9.57,3.87
1124,4,stalk,pouncer,-15.90,4.15,7.84
1125,1,strike,swarm,-15.62,12.26,0.46
1125,2,recover,swarm,-15.71,11.03,1.00
1125,3,advance,bruiser,-13.01,9.61,3.82
1125,4,stalk,pouncer,-15.82,4.17,7.83
1126,1,strike,swarm,-15.65,12.25,0.43
1126,2,recover,swarm,-15.71,11.03,1.00
1126,3,advance,bruiser,-13.02,9.61,3.81
1126,4,stalk,pouncer,-15.81,4.17,7.82
1127,1,strike,swarm,-15.78,12.18,0.29
1127,2,recover,swarm,-15.71,11.03,1.00
1127,3,advance,bruiser,-13.05,9.64,3.77
1127,4,stalk,pouncer,-15.74,4.19,7.81
1128,1,strike,swarm,-15.81,12.17,0.26
1128,2,recover,swarm,-15.71,11.03,1.00
1128,3,advance,bruiser,-13.06,9.64,3.76
1128,4,stalk,pouncer,-15.73,4.19,7.81
1129,1,strike,swarm,-16.03,12.10,0.11
1129,2,recover,swarm,-15.71,11.03,1.00
1129,3,advance,bruiser,-13.11,9.68,3.70
1129,4,stalk,pouncer,-15.63,4.22,7.79
1130,1,strike,swarm,-16.06,12.09,0.12
1130,2,recover,swarm,-15.71,11.03,1.00
1130,3,advance,bruiser,-13.12,9.69,3.69
1130,4,stalk,pouncer,-15.61,4.22,7.79
1131,1,strike,swarm,-16.27,12.04,0.27
1131,2,recover,swarm,-15.71,11.03,1.00
1131,3,advance,bruiser,-13.16,9.73,3.63
1131,4,stalk,pouncer,-15.52,4.24,7.77
1132,1,strike,swarm,-16.30,12.03,0.31
1132,2,recover,swarm,-15.71,11.03,1.00
1132,3,advance,bruiser,-13.17,9.73,3.62
1132,4,stalk,pouncer,-15.50,4.25,7.76
1133,1,recover,swarm,-16.44,11.99,0.44
1133,2,recover,swarm,-15.71,11.03,1.00
1133,3,advance,bruiser,-13.20,9.76,3.58
1133,4,stalk,pouncer,-15.44,4.26,7.75
1134,1,recover,swarm,-16.44,11.99,0.44
1134,2,recover,swarm,-15.71,11.03,1.00
1134,3,advance,bruiser,-13.21,9.77,3.57
1134,4,stalk,pouncer,-15.43,4.27,7.75
1135,1,recover,swarm,-16.44,11.99,0.44
1135,2,recover,swarm,-15.71,11.03,1.00
1135,3,advance,bruiser,-13.25,9.79,3.52
1135,4,stalk,pouncer,-15.36,4.28,7.74
1136,1,recover,swarm,-16.44,11.99,0.44
1136,2,recover,swarm,-15.71,11.03,1.00
1136,3,advance,bruiser,-13.25,9.80,3.51
1136,4,stalk,pouncer,-15.35,4.29,7.73
1137,1,recover,swarm,-16.44,11.99,0.44
1137,2,recover,swarm,-15.71,11.03,1.00
1137,3,advance,bruiser,-13.28,9.82,3.48
1137,4,stalk,pouncer,-15.29,4.30,7.72
1138,1,recover,swarm,-16.44,11.99,0.44
1138,2,recover,swarm,-15.71,11.03,1.00
1138,3,advance,bruiser,-13.29,9.83,3.47
1138,4,stalk,pouncer,-15.28,4.31,7.72
1139,1,recover,swarm,-16.44,11.99,0.44
1139,2,recover,swarm,-15.71,11.03,1.00
1139,3,advance,bruiser,-13.33,9.86,3.42
1139,4,stalk,pouncer,-15.20,4.33,7.71
1140,1,recover,swarm,-16.44,11.99,0.44
1140,2,recover,swarm,-15.71,11.03,1.00
1140,3,advance,bruiser,-13.33,9.86,3.41
1140,4,stalk,pouncer,-15.19,4.33,7.70
1141,1,recover,swarm,-16.44,11.99,0.44
1141,2,recover,swarm,-15.71,11.03,1.00
1141,3,advance,bruiser,-13.37,9.90,3.36
1141,4,stalk,pouncer,-15.11,4.36,7.69
1142,1,recover,swarm,-16.44,11.99,0.44
1142,2,recover,swarm,-15.71,11.03,1.00
1142,3,advance,bruiser,-13.38,9.90,3.35
1142,4,stalk,pouncer,-15.09,4.36,7.69
1143,1,recover,swarm,-16.44,11.99,0.44
1143,2,recover,swarm,-15.71,11.03,1.00
1143,3,advance,bruiser,-13.41,9.93,3.31
1143,4,stalk,pouncer,-15.04,4.38,7.68
1144,1,recover,swarm,-16.44,11.99,0.44
1144,2,recover,swarm,-15.71,11.03,1.00
1144,3,advance,bruiser,-13.42,9.93,3.30
1144,4,stalk,pouncer,-15.02,4.38,7.67
1145,1,recover,swarm,-16.44,11.99,0.44
1145,2,chase,swarm,-15.71,11.03,1.00
1145,3,advance,bruiser,-13.45,9.96,3.26
1145,4,stalk,pouncer,-14.96,4.41,7.66
1146,1,recover,swarm,-16.44,11.99,0.44
1146,2,windup,swarm,-15.71,11.03,1.00
1146,3,advance,bruiser,-13.46,9.97,3.25
1146,4,stalk,pouncer,-14.94,4.41,7.66
1147,1,recover,swarm,-16.44,11.99,0.44
1147,2,windup,swarm,-15.71,11.03,1.00
1147,3,advance,bruiser,-13.49,9.99,3.21
1147,4,stalk,pouncer,-14.88,4.43,7.65
1148,1,recover,swarm,-16.44,11.99,0.44
1148,2,windup,swarm,-15.71,11.03,1.00
1148,3,advance,bruiser,-13.50,10.00,3.20
1148,4,stalk,pouncer,-14.86,4.44,7.64
1149,1,recover,swarm,-16.44,11.99,0.44
1149,2,windup,swarm,-15.71,11.03,1.00
1149,3,advance,bruiser,-13.53,10.02,3.16
1149,4,stalk,pouncer,-14.81,4.45,7.64
1150,1,recover,swarm,-16.44,11.99,0.44
1150,2,windup,swarm,-15.71,11.03,1.00
1150,3,advance,bruiser,-13.54,10.03,3.15
1150,4,stalk,pouncer,-14.79,4.46,7.63
1151,1,recover,swarm,-16.44,11.99,0.44
1151,2,windup,swarm,-15.71,11.03,1.00
1151,3,advance,bruiser,-13.57,10.05,3.11
1151,4,stalk,pouncer,-14.73,4.48,7.62
1152,1,recover,swarm,-16.44,11.99,0.44
1152,2,windup,swarm,-15.71,11.03,1.00
1152,3,advance,bruiser,-13.58,10.06,3.10
1152,4,stalk,pouncer,-14.72,4.48,7.62
1153,1,recover,swarm,-16.44,11.99,0.44
1153,2,windup,swarm,-15.71,11.03,1.00
1153,3,advance,bruiser,-13.61,10.09,3.05
1153,4,stalk,pouncer,-14.65,4.51,7.61
1154,1,recover,swarm,-16.44,11.99,0.44
1154,2,windup,swarm,-15.71,11.03,1.00
1154,3,advance,bruiser,-13.62,10.09,3.04
1154,4,stalk,pouncer,-14.64,4.51,7.60
1155,1,recover,swarm,-16.44,11.99,0.44
1155,2,windup,swarm,-15.71,11.03,1.00
1155,3,advance,bruiser,-13.65,10.12,3.01
1155,4,stalk,pouncer,-14.58,4.54,7.59
1156,1,recover,swarm,-16.44,11.99,0.44
1156,2,windup,swarm,-15.71,11.03,1.00
1156,3,advance,bruiser,-13.66,10.12,3.00
1156,4,stalk,pouncer,-14.56,4.54,7.59
1157,1,recover,swarm,-16.44,11.99,0.44
1157,2,windup,swarm,-15.71,11.03,1.00
1157,3,advance,bruiser,-13.69,10.15,2.96
1157,4,stalk,pouncer,-14.51,4.56,7.58
1158,1,recover,swarm,-16.44,11.99,0.44
1158,2,windup,swarm,-15.71,11.03,1.00
1158,3,advance,bruiser,-13.70,10.15,2.95
1158,4,stalk,pouncer,-14.49,4.57,7.58
1159,1,recover,swarm,-16.44,11.99,0.44
1159,2,windup,swarm,-15.71,11.03,1.00
1159,3,advance,bruiser,-13.73,10.18,2.91
1159,4,stalk,pouncer,-14.43,4.59,7.57
1160,1,recover,swarm,-16.44,11.99,0.44
1160,2,windup,swarm,-15.71,11.03,1.00
1160,3,advance,bruiser,-13.74,10.19,2.90
1160,4,crouch,pouncer,-14.41,4.60,7.57
1161,1,recover,swarm,-16.44,11.99,0.44
1161,2,windup,swarm,-15.71,11.03,1.00
1161,3,advance,bruiser,-13.78,10.22,2.84
1161,4,crouch,pouncer,-14.41,4.60,7.57
1162,1,recover,swarm,-16.44,11.99,0.44
1162,2,windup,swarm,-15.71,11.03,1.00
1162,3,advance,bruiser,-13.79,10.23,2.82
1162,4,crouch,pouncer,-14.41,4.60,7.57
1163,1,recover,swarm,-16.44,11.99,0.44
1163,2,strike,swarm,-15.71,11.03,1.00
1163,3,advance,bruiser,-13.83,10.26,2.78
1163,4,crouch,pouncer,-14.41,4.60,7.57
1164,1,recover,swarm,-16.44,11.99,0.44
1164,2,strike,swarm,-15.72,11.07,0.97
1164,3,advance,bruiser,-13.83,10.26,2.77
1164,4,crouch,pouncer,-14.41,4.60,7.57
1165,1,recover,swarm,-16.44,11.99,0.44
1165,2,strike,swarm,-15.75,11.26,0.77
1165,3,advance,bruiser,-13.88,10.30,2.71
1165,4,crouch,pouncer,-14.41,4.60,7.57
1166,1,recover,swarm,-16.44,11.99,0.44
1166,2,strike,swarm,-15.74,11.30,0.74
1166,3,advance,bruiser,-13.89,10.31,2.70
1166,4,crouch,pouncer,-14.41,4.60,7.57
1167,1,recover,swarm,-16.44,11.99,0.44
1167,2,strike,swarm,-15.69,11.43,0.64
1167,3,advance,bruiser,-13.92,10.33,2.66
1167,4,crouch,pouncer,-14.41,4.60,7.57
1168,1,recover,swarm,-16.44,11.99,0.44
1168,2,strike,swarm,-15.67,11.46,0.62
1168,3,advance,bruiser,-13.93,10.34,2.65
1168,4,crouch,pouncer,-14.41,4.60,7.57
1169,1,recover,swarm,-16.44,11.99,0.44
1169,2,strike,swarm,-15.60,11.58,0.57
1169,3,advance,bruiser,-13.96,10.36,2.61
1169,4,crouch,pouncer,-14.41,4.60,7.57
1170,1,recover,swarm,-16.44,11.99,0.44
1170,2,strike,swarm,-15.58,11.61,0.56
1170,3,advance,bruiser,-13.96,10.37,2.60
1170,4,crouch,pouncer,-14.41,4.60,7.57
1171,1,recover,swarm,-16.44,11.99,0.44
1171,2,strike,swarm,-15.51,11.74,0.55
1171,3,advance,bruiser,-14.00,10.39,2.56
1171,4,crouch,pouncer,-14.41,4.60,7.57
1172,1,recover,swarm,-16.44,11.99,0.44
1172,2,strike,swarm,-15.49,11.77,0.55
1172,3,advance,bruiser,-14.01,10.40,2.55
1172,4,crouch,pouncer,-14.41,4.60,7.57
1173,1,recover,swarm,-16.44,11.99,0.44
1173,2,strike,swarm,-15.42,11.94,0.58
1173,3,advance,bruiser,-14.05,10.43,2.50
1173,4,crouch,pouncer,-14.41,4.60,7.57
1174,1,recover,swarm,-16.44,11.99,0.44
1174,2,strike,swarm,-15.40,11.99,0.59
1174,3,windup,bruiser,-14.05,10.43,2.50
1174,4,crouch,pouncer,-14.41,4.60,7.57
1175,1,recover,swarm,-16.44,11.99,0.44
1175,2,strike,swarm,-15.37,12.12,0.64
1175,3,windup,bruiser,-14.05,10.43,2.50
1175,4,crouch,pouncer,-14.41,4.60,7.57
1176,1,recover,swarm,-16.44,11.99,0.44
1176,2,recover,swarm,-15.36,12.17,0.66
1176,3,windup,bruiser,-14.05,10.43,2.50
1176,4,crouch,pouncer,-14.41,4.60,7.57
1177,1,recover,swarm,-16.44,11.99,0.44
1177,2,recover,swarm,-15.36,12.17,0.66
1177,3,windup,bruiser,-14.05,10.43,2.50
1177,4,crouch,pouncer,-14.41,4.60,7.57
1178,1,chase,swarm,-16.44,11.99,0.44
1178,2,recover,swarm,-15.36,12.17,0.66
1178,3,windup,bruiser,-14.05,10.43,2.50
1178,4,crouch,pouncer,-14.41,4.60,7.57
1179,1,windup,swarm,-16.44,11.99,0.44
1179,2,recover,swarm,-15.36,12.17,0.66
1179,3,windup,bruiser,-14.05,10.43,2.50
1179,4,crouch,pouncer,-14.41,4.60,7.57
1180,1,windup,swarm,-16.44,11.99,0.44
1180,2,recover,swarm,-15.36,12.17,0.66
1180,3,windup,bruiser,-14.05,10.43,2.50
1180,4,crouch,pouncer,-14.41,4.60,7.57
1181,1,windup,swarm,-16.44,11.99,0.44
1181,2,recover,swarm,-15.36,12.17,0.66
1181,3,windup,bruiser,-14.05,10.43,2.50
1181,4,crouch,pouncer,-14.41,4.60,7.57
1182,1,windup,swarm,-16.44,11.99,0.44
1182,2,recover,swarm,-15.36,12.17,0.66
1182,3,windup,bruiser,-14.05,10.43,2.50
1182,4,crouch,pouncer,-14.41,4.60,7.57
1183,1,windup,swarm,-16.44,11.99,0.44
1183,2,recover,swarm,-15.36,12.17,0.66
1183,3,windup,bruiser,-14.05,10.43,2.50
1183,4,crouch,pouncer,-14.41,4.60,7.57
1184,1,windup,swarm,-16.44,11.99,0.44
1184,2,recover,swarm,-15.36,12.17,0.66
1184,3,windup,bruiser,-14.05,10.43,2.50
1184,4,crouch,pouncer,-14.41,4.60,7.57
1185,1,windup,swarm,-16.44,11.99,0.44
1185,2,recover,swarm,-15.36,12.17,0.66
1185,3,windup,bruiser,-14.05,10.43,2.50
1185,4,crouch,pouncer,-14.41,4.60,7.57
1186,1,windup,swarm,-16.44,11.99,0.44
1186,2,recover,swarm,-15.36,12.17,0.66
1186,3,windup,bruiser,-14.05,10.43,2.50
1186,4,pounce,pouncer,-14.41,4.60,7.57
1187,1,windup,swarm,-16.44,11.99,0.44
1187,2,recover,swarm,-15.36,12.17,0.66
1187,3,windup,bruiser,-14.05,10.43,2.50
1187,4,pounce,pouncer,-14.48,4.89,7.27
1188,1,windup,swarm,-16.44,11.99,0.44
1188,2,recover,swarm,-15.36,12.17,0.66
1188,3,windup,bruiser,-14.05,10.43,2.50
1188,4,pounce,pouncer,-14.49,4.94,7.21
1189,1,windup,swarm,-16.44,11.99,0.44
1189,2,recover,swarm,-15.36,12.17,0.66
1189,3,windup,bruiser,-14.05,10.43,2.50
1189,4,pounce,pouncer,-14.54,5.18,6.97
1190,1,windup,swarm,-16.44,11.99,0.44
1190,2,recover,swarm,-15.36,12.17,0.66
1190,3,windup,bruiser,-14.05,10.43,2.50
1190,4,pounce,pouncer,-14.55,5.24,6.91
1191,1,windup,swarm,-16.44,11.99,0.44
1191,2,recover,swarm,-15.36,12.17,0.66
1191,3,windup,bruiser,-14.05,10.43,2.50
1191,4,pounce,pouncer,-14.60,5.48,6.66
1192,1,windup,swarm,-16.44,11.99,0.44
1192,2,recover,swarm,-15.36,12.17,0.66
1192,3,windup,bruiser,-14.05,10.43,2.50
1192,4,pounce,pouncer,-14.62,5.56,6.59
1193,1,windup,swarm,-16.44,11.99,0.44
1193,2,recover,swarm,-15.36,12.17,0.66
1193,3,windup,bruiser,-14.05,10.43,2.50
1193,4,pounce,pouncer,-14.69,5.90,6.23
1194,1,strike,swarm,-16.44,11.99,0.44
1194,2,recover,swarm,-15.36,12.17,0.66
1194,3,windup,bruiser,-14.05,10.43,2.50
1194,4,pounce,pouncer,-14.71,5.96,6.17
1195,1,strike,swarm,-16.21,11.97,0.21
1195,2,recover,swarm,-15.36,12.17,0.66
1195,3,windup,bruiser,-14.05,10.43,2.50
1195,4,pounce,pouncer,-14.78,6.30,5.82
1196,1,strike,swarm,-16.18,11.94,0.19
1196,2,recover,swarm,-15.36,12.17,0.66
1196,3,windup,bruiser,-14.05,10.43,2.50
1196,4,pounce,pouncer,-14.79,6.36,5.77
1197,1,strike,swarm,-16.07,11.76,0.24
1197,2,recover,swarm,-15.36,12.17,0.66
1197,3,windup,bruiser,-14.05,10.43,2.50
1197,4,pounce,pouncer,-14.86,6.66,5.46
1198,1,strike,swarm,-16.06,11.73,0.28
1198,2,recover,swarm,-15.36,12.17,0.66
1198,3,windup,bruiser,-14.05,10.43,2.50
1198,4,pounce,pouncer,-14.87,6.72,5.40
1199,1,strike,swarm,-15.99,11.55,0.45
1199,2,recover,swarm,-15.36,12.17,0.66
1199,3,windup,bruiser,-14.05,10.43,2.50
1199,4,pounce,pouncer,-14.93,7.00,5.11
1200,1,strike,swarm,-15.96,11.51,0.48
1200,2,recover,swarm,-15.36,12.17,0.66
1200,3,windup,bruiser,-14.05,10.43,2.50
1200,4,pounce,pouncer,-14.94,7.06,5.04
1201,1,strike,swarm,-15.87,11.38,0.63
1201,2,recover,swarm,-15.36,12.17,0.66
1201,3,windup,bruiser,-14.05,10.43,2.50
1201,4,pounce,pouncer,-14.99,7.30,4.80
1202,1,strike,swarm,-15.84,11.35,0.66
1202,2,recover,swarm,-15.36,12.17,0.66
1202,3,windup,bruiser,-14.05,10.43,2.50
1202,4,pounce,pouncer,-15.01,7.36,4.74
1203,1,strike,swarm,-15.69,11.22,0.83
1203,2,recover,swarm,-15.36,12.17,0.66
1203,3,windup,bruiser,-14.05,10.43,2.50
1203,4,pounce,pouncer,-15.07,7.65,4.45
1204,1,strike,swarm,-15.67,11.20,0.86
1204,2,recover,swarm,-15.36,12.17,0.66
1204,3,windup,bruiser,-14.05,10.43,2.50
1204,4,recover,pouncer,-15.08,7.69,4.40
1205,1,strike,swarm,-15.49,11.09,1.03
1205,2,recover,swarm,-15.36,12.17,0.66
1205,3,windup,bruiser,-14.05,10.43,2.50
1205,4,recover,pouncer,-15.08,7.69,4.40
1206,1,recover,swarm,-15.45,11.07,1.07
1206,2,recover,swarm,-15.36,12.17,0.66
1206,3,windup,bruiser,-14.05,10.43,2.50
1206,4,recover,pouncer,-15.08,7.69,4.40
1207,1,recover,swarm,-15.45,11.07,1.07
1207,2,recover,swarm,-15.36,12.17,0.66
1207,3,windup,bruiser,-14.05,10.43,2.50
1207,4,recover,pouncer,-15.08,7.69,4.40
1208,1,recover,swarm,-15.45,11.07,1.07
1208,2,recover,swarm,-15.36,12.17,0.66
1208,3,strike,bruiser,-14.05,10.43,2.50
1208,4,recover,pouncer,-15.08,7.69,4.40
1209,1,recover,swarm,-15.45,11.07,1.07
1209,2,recover,swarm,-15.36,12.17,0.66
1209,3,strike,bruiser,-14.18,10.54,2.33
1209,4,recover,pouncer,-15.08,7.69,4.40
1210,1,recover,swarm,-15.45,11.07,1.07
1210,2,recover,swarm,-15.36,12.17,0.66
1210,3,strike,bruiser,-14.21,10.56,2.29
1210,4,recover,pouncer,-15.08,7.69,4.40
1211,1,recover,swarm,-15.45,11.07,1.07
1211,2,recover,swarm,-15.36,12.17,0.66
1211,3,strike,bruiser,-14.32,10.66,2.14
1211,4,recover,pouncer,-15.08,7.69,4.40
1212,1,recover,swarm,-15.45,11.07,1.07
1212,2,chase,swarm,-15.36,12.17,0.66
1212,3,strike,bruiser,-14.35,10.68,2.11
1212,4,recover,pouncer,-15.08,7.69,4.40
1213,1,recover,swarm,-15.45,11.07,1.07
1213,2,windup,swarm,-15.36,12.17,0.66
1213,3,strike,bruiser,-14.44,10.77,1.99
1213,4,recover,pouncer,-15.08,7.69,4.40
1214,1,recover,swarm,-15.45,11.07,1.07
1214,2,windup,swarm,-15.36,12.17,0.66
1214,3,strike,bruiser,-14.45,10.79,1.96
1214,4,recover,pouncer,-15.08,7.69,4.40
1215,1,recover,swarm,-15.45,11.07,1.07
1215,2,windup,swarm,-15.36,12.17,0.66
1215,3,strike,bruiser,-14.52,10.92,1.82
1215,4,recover,pouncer,-15.08,7.69,4.40
1216,1,recover,swarm,-15.45,11.07,1.07
1216,2,windup,swarm,-15.36,12.17,0.66
1216,3,strike,bruiser,-14.53,10.95,1.80
1216,4,recover,pouncer,-15.08,7.69,4.40
1217,1,recover,swarm,-15.45,11.07,1.07
1217,2,windup,swarm,-15.36,12.17,0.66
1217,3,strike,bruiser,-14.56,11.24,1.62
1217,4,recover,pouncer,-15.08,7.69,4.40
1218,1,recover,swarm,-15.45,11.07,1.07
1218,2,windup,swarm,-15.36,12.17,0.66
1218,3,strike,bruiser,-14.55,11.28,1.61
1218,4,recover,pouncer,-15.08,7.69,4.40
1219,1,recover,swarm,-15.45,11.07,1.07
1219,2,windup,swarm,-15.36,12.17,0.66
1219,3,strike,bruiser,-14.53,11.42,1.57
1219,4,recover,pouncer,-15.08,7.69,4.40
1220,1,recover,swarm,-15.45,11.07,1.07
1220,2,windup,swarm,-15.36,12.17,0.66
1220,3,strike,bruiser,-14.53,11.45,1.56
1220,4,recover,pouncer,-15.08,7.69,4.40
1221,1,recover,swarm,-15.45,11.07,1.07
1221,2,windup,swarm,-15.36,12.17,0.66
1221,3,strike,bruiser,-14.49,11.71,1.53
1221,4,recover,pouncer,-15.08,7.69,4.40
1222,1,recover,swarm,-15.45,11.07,1.07
1222,2,windup,swarm,-15.36,12.17,0.66
1222,3,recover,bruiser,-14.49,11.75,1.53
1222,4,recover,pouncer,-15.08,7.69,4.40
1223,1,recover,swarm,-15.45,11.07,1.07
1223,2,windup,swarm,-15.36,12.17,0.66
1223,3,recover,bruiser,-14.49,11.75,1.53
1223,4,recover,pouncer,-15.08,7.69,4.40
1224,1,recover,swarm,-15.45,11.07,1.07
1224,2,strike,swarm,-15.36,12.17,0.66
1224,3,recover,bruiser,-14.49,11.75,1.53
1224,4,recover,pouncer,-15.08,7.69,4.40
1225,1,recover,swarm,-15.45,11.07,1.07
1225,2,strike,swarm,-15.63,12.24,0.44
1225,3,recover,bruiser,-14.49,11.75,1.53
1225,4,recover,pouncer,-15.08,7.69,4.40
1226,1,recover,swarm,-15.45,11.07,1.07
1226,2,strike,swarm,-15.67,12.24,0.41
1226,3,recover,bruiser,-14.49,11.75,1.53
1226,4,recover,pouncer,-15.08,7.69,4.40
1227,1,recover,swarm,-15.45,11.07,1.07
1227,2,strike,swarm,-15.89,12.24,0.26
1227,3,recover,bruiser,-14.49,11.75,1.53
1227,4,recover,pouncer,-15.08,7.69,4.40
1228,1,recover,swarm,-15.45,11.07,1.07
1228,2,strike,swarm,-15.93,12.23,0.25
1228,3,recover,bruiser,-14.49,11.75,1.53
1228,4,recover,pouncer,-15.08,7.69,4.40
1229,1,recover,swarm,-15.45,11.07,1.07
1229,2,strike,swarm,-16.08,12.21,0.23
1229,3,recover,bruiser,-14.49,11.75,1.53
1229,4,recover,pouncer,-15.08,7.69,4.40
1230,1,recover,swarm,-15.45,11.07,1.07
1230,2,strike,swarm,-16.11,12.20,0.23
1230,3,recover,bruiser,-14.49,11.75,1.53
1230,4,recover,pouncer,-15.08,7.69,4.40
1231,1,recover,swarm,-15.45,11.07,1.07
1231,2,strike,swarm,-16.27,12.15,0.32
1231,3,recover,bruiser,-14.49,11.75,1.53
1231,4,recover,pouncer,-15.08,7.69,4.40
1232,1,recover,swarm,-15.45,11.07,1.07
1232,2,strike,swarm,-16.31,12.15,0.34
1232,3,recover,bruiser,-14.49,11.75,1.53
1232,4,recover,pouncer,-15.08,7.69,4.40
1233,1,recover,swarm,-15.45,11.07,1.07
1233,2,strike,swarm,-17.75,11.76,1.78
1233,3,recover,bruiser,-14.49,11.75,1.53
1233,4,recover,pouncer,-15.08,7.69,4.40
1234,1,chase,swarm,-15.45,11.07,1.07
1234,2,recover,swarm,-17.79,11.75,1.81
1234,3,recover,bruiser,-14.49,11.75,1.53
1234,4,recover,pouncer,-15.08,7.69,4.40
1235,1,windup,swarm,-15.45,11.07,1.07
1235,2,recover,swarm,-17.79,11.75,1.81
1235,3,recover,bruiser,-14.49,11.75,1.53
1235,4,recover,pouncer,-15.08,7.69,4.40
1236,1,windup,swarm,-15.45,11.07,1.07
1236,2,recover,swarm,-17.79,11.75,1.81
1236,3,recover,bruiser,-14.49,11.75,1.53
1236,4,recover,pouncer,-15.08,7.69,4.40
1237,1,windup,swarm,-15.45,11.07,1.07
1237,2,recover,swarm,-17.79,11.75,1.81
1237,3,recover,bruiser,-14.49,11.75,1.53
1237,4,recover,pouncer,-15.08,7.69,4.40
1238,1,windup,swarm,-15.45,11.07,1.07
1238,2,recover,swarm,-17.79,11.75,1.81
1238,3,recover,bruiser,-14.49,11.75,1.53
1238,4,recover,pouncer,-15.08,7.69,4.40
1239,1,windup,swarm,-15.45,11.07,1.07
1239,2,recover,swarm,-17.79,11.75,1.81
1239,3,recover,bruiser,-14.49,11.75,1.53
1239,4,recover,pouncer,-15.08,7.69,4.40
1240,1,windup,swarm,-15.45,11.07,1.07
1240,2,recover,swarm,-17.79,11.75,1.81
1240,3,recover,bruiser,-14.49,11.75,1.53
1240,4,recover,pouncer,-15.08,7.69,4.40
1241,1,windup,swarm,-15.45,11.07,1.07
1241,2,recover,swarm,-17.79,11.75,1.81
1241,3,recover,bruiser,-14.49,11.75,1.53
1241,4,recover,pouncer,-15.08,7.69,4.40
1242,1,windup,swarm,-15.45,11.07,1.07
1242,2,recover,swarm,-17.79,11.75,1.81
1242,3,recover,bruiser,-14.49,11.75,1.53
1242,4,recover,pouncer,-15.08,7.69,4.40
1243,1,windup,swarm,-15.45,11.07,1.07
1243,2,recover,swarm,-17.79,11.75,1.81
1243,3,recover,bruiser,-14.49,11.75,1.53
1243,4,recover,pouncer,-15.08,7.69,4.40
1244,1,windup,swarm,-15.45,11.07,1.07
1244,2,recover,swarm,-17.79,11.75,1.81
1244,3,recover,bruiser,-14.49,11.75,1.53
1244,4,recover,pouncer,-15.08,7.69,4.40
1245,1,windup,swarm,-15.45,11.07,1.07
1245,2,recover,swarm,-17.79,11.75,1.81
1245,3,recover,bruiser,-14.49,11.75,1.53
1245,4,recover,pouncer,-15.08,7.69,4.40
1246,1,windup,swarm,-15.45,11.07,1.07
1246,2,recover,swarm,-17.79,11.75,1.81
1246,3,recover,bruiser,-14.49,11.75,1.53
1246,4,recover,pouncer,-15.08,7.69,4.40
1247,1,windup,swarm,-15.45,11.07,1.07
1247,2,recover,swarm,-17.79,11.75,1.81
1247,3,recover,bruiser,-14.49,11.75,1.53
1247,4,recover,pouncer,-15.08,7.69,4.40
1248,1,windup,swarm,-15.45,11.07,1.07
1248,2,recover,swarm,-17.79,11.75,1.81
1248,3,recover,bruiser,-14.49,11.75,1.53
1248,4,recover,pouncer,-15.08,7.69,4.40
1249,1,windup,swarm,-15.45,11.07,1.07
1249,2,recover,swarm,-17.79,11.75,1.81
1249,3,recover,bruiser,-14.49,11.75,1.53
1249,4,recover,pouncer,-15.08,7.69,4.40
1250,1,windup,swarm,-15.45,11.07,1.07
1250,2,recover,swarm,-17.79,11.75,1.81
1250,3,recover,bruiser,-14.49,11.75,1.53
1250,4,recover,pouncer,-15.08,7.69,4.40
1251,1,strike,swarm,-15.45,11.07,1.07
1251,2,recover,swarm,-17.79,11.75,1.81
1251,3,recover,bruiser,-14.49,11.75,1.53
1251,4,recover,pouncer,-15.08,7.69,4.40
1252,1,strike,swarm,-15.48,11.10,1.03
1252,2,recover,swarm,-17.79,11.75,1.81
1252,3,recover,bruiser,-14.49,11.75,1.53
1252,4,recover,pouncer,-15.08,7.69,4.40
1253,1,strike,swarm,-15.57,11.20,0.91
1253,2,recover,swarm,-17.79,11.75,1.81
1253,3,recover,bruiser,-14.49,11.75,1.53
1253,4,recover,pouncer,-15.08,7.69,4.40
1254,1,strike,swarm,-15.59,11.22,0.87
1254,2,recover,swarm,-17.79,11.75,1.81
1254,3,recover,bruiser,-14.49,11.75,1.53
1254,4,recover,pouncer,-15.08,7.69,4.40
1255,1,strike,swarm,-15.70,11.35,0.71
1255,2,recover,swarm,-17.79,11.75,1.81
1255,3,recover,bruiser,-14.49,11.75,1.53
1255,4,recover,pouncer,-15.08,7.69,4.40
1256,1,strike,swarm,-15.72,11.38,0.67
1256,2,recover,swarm,-17.79,11.75,1.81
1256,3,recover,bruiser,-14.49,11.75,1.53
1256,4,stalk,pouncer,-15.08,7.69,4.40
1257,1,strike,swarm,-15.79,11.50,0.53
1257,2,recover,swarm,-17.79,11.75,1.81
1257,3,recover,bruiser,-14.49,11.75,1.53
1257,4,crouch,pouncer,-15.01,7.69,4.42
1258,1,strike,swarm,-15.81,11.54,0.49
1258,2,recover,swarm,-17.79,11.75,1.81
1258,3,recover,bruiser,-14.49,11.75,1.53
1258,4,crouch,pouncer,-15.01,7.69,4.42
1259,1,strike,swarm,-15.88,11.65,0.37
1259,2,recover,swarm,-17.79,11.75,1.81
1259,3,recover,bruiser,-14.49,11.75,1.53
1259,4,crouch,pouncer,-15.01,7.69,4.42
1260,1,strike,swarm,-15.90,11.69,0.32
1260,2,recover,swarm,-17.79,11.75,1.81
1260,3,recover,bruiser,-14.49,11.75,1.53
1260,4,crouch,pouncer,-15.01,7.69,4.42
1261,1,strike,swarm,-15.99,11.83,0.17
1261,2,recover,swarm,-17.79,11.75,1.81
1261,3,recover,bruiser,-14.49,11.75,1.53
1261,4,crouch,pouncer,-15.01,7.69,4.42
1262,1,strike,swarm,-16.01,11.87,0.13
1262,2,recover,swarm,-17.79,11.75,1.81
1262,3,recover,bruiser,-14.49,11.75,1.53
1262,4,crouch,pouncer,-15.01,7.69,4.42
1263,1,strike,swarm,-16.07,11.97,0.08
1263,2,recover,swarm,-17.79,11.75,1.81
1263,3,recover,bruiser,-14.49,11.75,1.53
1263,4,crouch,pouncer,-15.01,7.69,4.42
1264,1,recover,swarm,-16.09,12.01,0.09
1264,2,recover,swarm,-17.79,11.75,1.81
1264,3,recover,bruiser,-14.49,11.75,1.53
1264,4,crouch,pouncer,-15.01,7.69,4.42
1265,1,recover,swarm,-16.09,12.01,0.09
1265,2,recover,swarm,-17.79,11.75,1.81
1265,3,recover,bruiser,-14.49,11.75,1.53
1265,4,crouch,pouncer,-15.01,7.69,4.42
1266,1,recover,swarm,-16.09,12.01,0.09
1266,2,recover,swarm,-17.79,11.75,1.81
1266,3,recover,bruiser,-14.49,11.75,1.53
1266,4,crouch,pouncer,-15.01,7.69,4.42
1267,1,recover,swarm,-16.09,12.01,0.09
1267,2,recover,swarm,-17.79,11.75,1.81
1267,3,recover,bruiser,-14.49,11.75,1.53
1267,4,crouch,pouncer,-15.01,7.69,4.42
1268,1,recover,swarm,-16.09,12.01,0.09
1268,2,recover,swarm,-17.79,11.75,1.81
1268,3,recover,bruiser,-14.49,11.75,1.53
1268,4,crouch,pouncer,-15.01,7.69,4.42
1269,1,recover,swarm,-16.09,12.01,0.09
1269,2,recover,swarm,-17.79,11.75,1.81
1269,3,recover,bruiser,-14.49,11.75,1.53
1269,4,crouch,pouncer,-15.01,7.69,4.42
1270,1,recover,swarm,-16.09,12.01,0.09
1270,2,recover,swarm,-17.79,11.75,1.81
1270,3,recover,bruiser,-14.49,11.75,1.53
1270,4,crouch,pouncer,-15.01,7.69,4.42
1271,1,recover,swarm,-16.09,12.01,0.09
1271,2,recover,swarm,-17.79,11.75,1.81
1271,3,recover,bruiser,-14.49,11.75,1.53
1271,4,crouch,pouncer,-15.01,7.69,4.42
1272,1,recover,swarm,-16.09,12.01,0.09
1272,2,recover,swarm,-17.79,11.75,1.81
1272,3,recover,bruiser,-14.49,11.75,1.53
1272,4,crouch,pouncer,-15.01,7.69,4.42
1273,1,recover,swarm,-16.09,12.01,0.09
1273,2,recover,swarm,-17.79,11.75,1.81
1273,3,recover,bruiser,-14.49,11.75,1.53
1273,4,crouch,pouncer,-15.01,7.69,4.42
1274,1,recover,swarm,-16.09,12.01,0.09
1274,2,recover,swarm,-17.79,11.75,1.81
1274,3,advance,bruiser,-14.49,11.75,1.53
1274,4,crouch,pouncer,-15.01,7.69,4.42
1275,1,recover,swarm,-16.09,12.01,0.09
1275,2,recover,swarm,-17.79,11.75,1.81
1275,3,windup,bruiser,-14.49,11.75,1.53
1275,4,crouch,pouncer,-15.01,7.69,4.42
1276,1,recover,swarm,-16.09,12.01,0.09
1276,2,recover,swarm,-17.79,11.75,1.81
1276,3,windup,bruiser,-14.49,11.75,1.53
1276,4,crouch,pouncer,-15.01,7.69,4.42
1277,1,recover,swarm,-16.09,12.01,0.09
1277,2,recover,swarm,-17.79,11.75,1.81
1277,3,windup,bruiser,-14.49,11.75,1.53
1277,4,crouch,pouncer,-15.01,7.69,4.42
1278,1,recover,swarm,-16.09,12.01,0.09
1278,2,chase,swarm,-17.79,11.75,1.81
1278,3,windup,bruiser,-14.49,11.75,1.53
1278,4,crouch,pouncer,-15.01,7.69,4.42
1279,1,recover,swarm,-16.09,12.01,0.09
1279,2,chase,swarm,-17.70,11.84,1.71
1279,3,windup,bruiser,-14.49,11.75,1.53
1279,4,crouch,pouncer,-15.01,7.69,4.42
1280,1,recover,swarm,-16.09,12.01,0.09
1280,2,chase,swarm,-17.68,11.86,1.69
1280,3,windup,bruiser,-14.49,11.75,1.53
1280,4,crouch,pouncer,-15.01,7.69,4.42
1281,1,recover,swarm,-16.09,12.01,0.09
1281,2,chase,swarm,-17.54,11.95,1.54
1281,3,windup,bruiser,-14.49,11.75,1.53
1281,4,crouch,pouncer,-15.01,7.69,4.42
1282,1,recover,swarm,-16.09,12.01,0.09
1282,2,chase,swarm,-17.52,11.97,1.52
1282,3,windup,bruiser,-14.49,11.75,1.53
1282,4,crouch,pouncer,-15.01,7.69,4.42
1283,1,recover,swarm,-16.09,12.01,0.09
1283,2,chase,swarm,-17.41,12.02,1.41
1283,3,windup,bruiser,-14.49,11.75,1.53
1283,4,crouch,pouncer,-15.01,7.69,4.42
1284,1,recover,swarm,-16.09,12.01,0.09
1284,2,windup,swarm,-17.41,12.02,1.41
1284,3,windup,bruiser,-14.49,11.75,1.53
1284,4,pounce,pouncer,-15.01,7.69,4.42
1285,1,recover,swarm,-16.09,12.01,0.09
1285,2,windup,swarm,-17.41,12.02,1.41
1285,3,windup,bruiser,-14.49,11.75,1.53
1285,4,pounce,pouncer,-15.10,8.06,4.04
1286,1,recover,swarm,-16.09,12.01,0.09
1286,2,windup,swarm,-17.41,12.02,1.41
1286,3,windup,bruiser,-14.49,11.75,1.53
1286,4,pounce,pouncer,-15.11,8.11,3.98
1287,1,recover,swarm,-16.09,12.01,0.09
1287,2,windup,swarm,-17.41,12.02,1.41
1287,3,windup,bruiser,-14.49,11.75,1.53
1287,4,pounce,pouncer,-15.16,8.36,3.73
1288,1,recover,swarm,-16.09,12.01,0.09
1288,2,windup,swarm,-17.41,12.02,1.41
1288,3,windup,bruiser,-14.49,11.75,1.53
1288,4,pounce,pouncer,-15.18,8.41,3.68
1289,1,recover,swarm,-16.09,12.01,0.09
1289,2,windup,swarm,-17.41,12.02,1.41
1289,3,windup,bruiser,-14.49,11.75,1.53
1289,4,pounce,pouncer,-15.24,8.70,3.38
1290,1,recover,swarm,-16.09,12.01,0.09
1290,2,windup,swarm,-17.41,12.02,1.41
1290,3,windup,bruiser,-14.49,11.75,1.53
1290,4,pounce,pouncer,-15.25,8.75,3.33
1291,1,recover,swarm,-16.09,12.01,0.09
1291,2,windup,swarm,-17.41,12.02,1.41
1291,3,windup,bruiser,-14.49,11.75,1.53
1291,4,pounce,pouncer,-15.29,8.89,3.19
1292,1,recover,swarm,-16.09,12.01,0.09
1292,2,windup,swarm,-17.41,12.02,1.41
1292,3,windup,bruiser,-14.49,11.75,1.53
1292,4,pounce,pouncer,-15.30,8.94,3.14
1293,1,recover,swarm,-16.09,12.01,0.09
1293,2,windup,swarm,-17.41,12.02,1.41
1293,3,windup,bruiser,-14.49,11.75,1.53
1293,4,pounce,pouncer,-15.35,9.15,2.92
1294,1,recover,swarm,-16.09,12.01,0.09
1294,2,windup,swarm,-17.41,12.02,1.41
1294,3,windup,bruiser,-14.49,11.75,1.53
1294,4,pounce,pouncer,-15.36,9.20,2.87
1295,1,recover,swarm,-16.09,12.01,0.09
1295,2,windup,swarm,-17.41,12.02,1.41
1295,3,windup,bruiser,-14.49,11.75,1.53
1295,4,pounce,pouncer,-15.41,9.44,2.62
1296,1,recover,swarm,-16.09,12.01,0.09
1296,2,windup,swarm,-17.41,12.02,1.41
1296,3,windup,bruiser,-14.49,11.75,1.53
1296,4,pounce,pouncer,-15.43,9.50,2.56
1297,1,recover,swarm,-16.09,12.01,0.09
1297,2,windup,swarm,-17.41,12.02,1.41
1297,3,windup,bruiser,-14.49,11.75,1.53
1297,4,pounce,pouncer,-15.48,9.72,2.34
1298,1,recover,swarm,-16.09,12.01,0.09
1298,2,windup,swarm,-17.41,12.02,1.41
1298,3,windup,bruiser,-14.49,11.75,1.53
1298,4,pounce,pouncer,-15.49,9.77,2.28
1299,1,recover,swarm,-16.09,12.01,0.09
1299,2,windup,swarm,-17.41,12.02,1.41
1299,3,windup,bruiser,-14.49,11.75,1.53
1299,4,pounce,pouncer,-15.52,9.92,2.13
1300,1,recover,swarm,-16.09,12.01,0.09
1300,2,strike,swarm,-17.41,12.02,1.41
1300,3,windup,bruiser,-14.49,11.75,1.53
1300,4,pounce,pouncer,-15.53,9.97,2.08
1301,1,recover,swarm,-16.09,12.01,0.09
1301,2,strike,swarm,-17.28,12.02,1.28
1301,3,windup,bruiser,-14.49,11.75,1.53
1301,4,pounce,pouncer,-15.58,10.16,1.88
1302,1,recover,swarm,-16.09,12.01,0.09
1302,2,strike,swarm,-17.24,12.02,1.25
1302,3,windup,bruiser,-14.49,11.75,1.53
1302,4,pounce,pouncer,-15.59,10.21,1.83
1303,1,recover,swarm,-16.09,12.01,0.09
1303,2,strike,swarm,-17.07,12.01,1.08
1303,3,windup,bruiser,-14.49,11.75,1.53
1303,4,pounce,pouncer,-15.65,10.46,1.57
1304,1,recover,swarm,-16.09,12.01,0.09
1304,2,strike,swarm,-17.04,12.01,1.05
1304,3,windup,bruiser,-14.49,11.75,1.53
1304,4,pounce,pouncer,-15.66,10.51,1.53
1305,1,recover,swarm,-16.09,12.01,0.09
1305,2,strike,swarm,-16.91,12.01,0.91
1305,3,windup,bruiser,-14.49,11.75,1.53
1305,4,pounce,pouncer,-15.70,10.70,1.33
1306,1,chase,swarm,-16.09,12.01,0.09
1306,2,strike,swarm,-16.88,11.99,0.88
1306,3,windup,bruiser,-14.49,11.75,1.53
1306,4,recover,pouncer,-15.71,10.75,1.27
1307,1,windup,swarm,-16.09,12.01,0.09
1307,2,strike,swarm,-16.98,11.85,0.99
1307,3,windup,bruiser,-14.49,11.75,1.53
1307,4,recover,pouncer,-15.71,10.75,1.27
1308,1,windup,swarm,-16.09,12.01,0.09
1308,2,strike,swarm,-16.95,11.83,0.96
1308,3,windup,bruiser,-14.49,11.75,1.53
1308,4,recover,pouncer,-15.71,10.75,1.27
1309,1,windup,swarm,-16.09,12.01,0.09
1309,2,strike,swarm,-16.84,11.71,0.89
1309,3,windup,bruiser,-14.49,11.75,1.53
1309,4,recover,pouncer,-15.71,10.75,1.27
1310,1,windup,swarm,-16.09,12.01,0.09
1310,2,strike,swarm,-16.83,11.67,0.90
1310,3,windup,bruiser,-14.49,11.75,1.53
1310,4,recover,pouncer,-15.71,10.75,1.27
1311,1,windup,swarm,-16.09,12.01,0.09
1311,2,strike,swarm,-16.80,11.56,0.92
1311,3,windup,bruiser,-14.49,11.75,1.53
1311,4,recover,pouncer,-15.71,10.75,1.27
1312,1,windup,swarm,-16.09,12.01,0.09
1312,2,strike,swarm,-16.79,11.53,0.92
1312,3,windup,bruiser,-14.49,11.75,1.53
1312,4,recover,pouncer,-15.71,10.75,1.27
1313,1,windup,swarm,-16.09,12.01,0.09
1313,2,strike,swarm,-16.72,11.38,0.95
1313,3,windup,bruiser,-14.49,11.75,1.53
1313,4,recover,pouncer,-15.71,10.75,1.27
1314,1,windup,swarm,-16.09,12.01,0.09
1314,2,strike,swarm,-16.70,11.34,0.96
1314,3,windup,bruiser,-14.49,11.75,1.53
1314,4,recover,pouncer,-15.71,10.75,1.27
1315,1,windup,swarm,-16.09,12.01,0.09
1315,2,recover,swarm,-16.64,11.21,1.02
1315,3,strike,bruiser,-14.49,11.75,1.53
1315,4,recover,pouncer,-15.71,10.75,1.27
1316,1,windup,swarm,-16.09,12.01,0.09
1316,2,recover,swarm,-16.64,11.21,1.02
1316,3,strike,bruiser,-14.52,11.76,1.50
1316,4,recover,pouncer,-15.71,10.75,1.27
1317,1,windup,swarm,-16.09,12.01,0.09
1317,2,recover,swarm,-16.64,11.21,1.02
1317,3,strike,bruiser,-14.67,11.78,1.35
1317,4,recover,pouncer,-15.71,10.75,1.27
1318,1,windup,swarm,-16.09,12.01,0.09
1318,2,recover,swarm,-16.64,11.21,1.02
1318,3,strike,bruiser,-14.70,11.79,1.31
1318,4,recover,pouncer,-15.71,10.75,1.27
1319,1,windup,swarm,-16.09,12.01,0.09
1319,2,recover,swarm,-16.64,11.21,1.02
1319,3,strike,bruiser,-14.83,11.81,1.18
1319,4,recover,pouncer,-15.71,10.75,1.27
1320,1,windup,swarm,-16.09,12.01,0.09
1320,2,recover,swarm,-16.64,11.21,1.02
1320,3,strike,bruiser,-14.86,11.81,1.15
1320,4,recover,pouncer,-15.71,10.75,1.27
1321,1,windup,swarm,-16.09,12.01,0.09
1321,2,recover,swarm,-16.64,11.21,1.02
1321,3,strike,bruiser,-14.95,11.83,1.06
1321,4,recover,pouncer,-15.71,10.75,1.27
1322,1,windup,swarm,-16.09,12.01,0.09
1322,2,recover,swarm,-16.64,11.21,1.02
1322,3,strike,bruiser,-14.98,11.83,1.03
1322,4,recover,pouncer,-15.71,10.75,1.27
1323,1,strike,swarm,-16.09,12.01,0.09
1323,2,recover,swarm,-16.64,11.21,1.02
1323,3,strike,bruiser,-15.05,11.84,0.96
1323,4,recover,pouncer,-15.71,10.75,1.27
1324,1,strike,swarm,-16.01,12.05,0.06
1324,2,recover,swarm,-16.64,11.21,1.02
1324,3,strike,bruiser,-15.12,11.86,0.89
1324,4,recover,pouncer,-15.71,10.75,1.27
1325,1,strike,swarm,-15.93,12.12,0.13
1325,2,recover,swarm,-16.64,11.21,1.02
1325,3,strike,bruiser,-15.19,11.89,0.81
1325,4,recover,pouncer,-15.71,10.75,1.27
1326,1,strike,swarm,-15.90,12.21,0.24
1326,2,recover,swarm,-16.64,11.21,1.02
1326,3,strike,bruiser,-15.13,11.83,0.88
1326,4,recover,pouncer,-15.71,10.75,1.27
1327,1,strike,swarm,-15.84,12.29,0.33
1327,2,recover,swarm,-16.64,11.21,1.02
1327,3,strike,bruiser,-15.19,11.78,0.84
1327,4,recover,pouncer,-15.71,10.75,1.27
1328,1,strike,swarm,-15.79,12.38,0.44
1328,2,recover,swarm,-16.64,11.21,1.02
1328,3,strike,bruiser,-15.23,11.71,0.81
1328,4,recover,pouncer,-15.71,10.75,1.27
1329,1,strike,swarm,-15.73,12.46,0.53
1329,2,recover,swarm,-16.64,11.21,1.02
1329,3,strike,bruiser,-15.31,11.68,0.75
1329,4,recover,pouncer,-15.71,10.75,1.27
1330,1,strike,swarm,-15.66,12.53,0.63
1330,2,recover,swarm,-16.64,11.21,1.02
1330,3,strike,bruiser,-15.40,11.67,0.68
1330,4,recover,pouncer,-15.71,10.75,1.27
1331,1,strike,swarm,-15.58,12.60,0.73
1331,2,recover,swarm,-16.64,11.21,1.02
1331,3,strike,bruiser,-15.48,11.67,0.61
1331,4,recover,pouncer,-15.71,10.75,1.27
1332,1,strike,swarm,-15.50,12.65,0.82
1332,2,recover,swarm,-16.64,11.21,1.02
1332,3,strike,bruiser,-15.56,11.69,0.53
1332,4,recover,pouncer,-15.71,10.75,1.27
1333,1,strike,swarm,-15.41,12.70,0.92
1333,2,recover,swarm,-16.64,11.21,1.02
1333,3,recover,bruiser,-15.64,11.72,0.45
1333,4,recover,pouncer,-15.71,10.75,1.27
1334,1,strike,swarm,-15.32,12.74,1.00
1334,2,recover,swarm,-16.64,11.21,1.02
1334,3,recover,bruiser,-15.64,11.72,0.45
1334,4,recover,pouncer,-15.71,10.75,1.27
1335,1,strike,swarm,-15.22,12.77,1.09
1335,2,recover,swarm,-16.64,11.21,1.02
1335,3,recover,bruiser,-15.64,11.72,0.45
1335,4,recover,pouncer,-15.71,10.75,1.27
1336,1,strike,swarm,-15.12,12.79,1.18
1336,2,recover,swarm,-16.64,11.21,1.02
1336,3,recover,bruiser,-15.64,11.72,0.45
1336,4,recover,pouncer,-15.71,10.75,1.27
1337,1,recover,swarm,-15.03,12.79,1.25
1337,2,recover,swarm,-16.64,11.21,1.02
1337,3,recover,bruiser,-15.64,11.72,0.45
1337,4,recover,pouncer,-15.71,10.75,1.27
1338,1,recover,swarm,-15.03,12.79,1.25
1338,2,recover,swarm,-16.64,11.21,1.02
1338,3,recover,bruiser,-15.64,11.72,0.45
1338,4,recover,pouncer,-15.71,10.75,1.27
1339,1,recover,swarm,-15.03,12.79,1.25
1339,2,recover,swarm,-16.64,11.21,1.02
1339,3,recover,bruiser,-15.64,11.72,0.45
1339,4,recover,pouncer,-15.71,10.75,1.27
1340,1,recover,swarm,-15.03,12.79,1.25
1340,2,recover,swarm,-16.64,11.21,1.02
1340,3,recover,bruiser,-15.64,11.72,0.45
1340,4,recover,pouncer,-15.71,10.75,1.27
1341,1,recover,swarm,-15.03,12.79,1.25
1341,2,recover,swarm,-16.64,11.21,1.02
1341,3,recover,bruiser,-15.64,11.72,0.45
1341,4,recover,pouncer,-15.71,10.75,1.27
1342,1,recover,swarm,-15.03,12.79,1.25
1342,2,recover,swarm,-16.64,11.21,1.02
1342,3,recover,bruiser,-15.64,11.72,0.45
1342,4,recover,pouncer,-15.71,10.75,1.27
1343,1,recover,swarm,-15.03,12.79,1.25
1343,2,recover,swarm,-16.64,11.21,1.02
1343,3,recover,bruiser,-15.64,11.72,0.45
1343,4,recover,pouncer,-15.71,10.75,1.27
1344,1,recover,swarm,-15.03,12.79,1.25
1344,2,recover,swarm,-16.64,11.21,1.02
1344,3,recover,bruiser,-15.64,11.72,0.45
1344,4,recover,pouncer,-15.71,10.75,1.27
1345,1,recover,swarm,-15.03,12.79,1.25
1345,2,recover,swarm,-16.64,11.21,1.02
1345,3,recover,bruiser,-15.64,11.72,0.45
1345,4,recover,pouncer,-15.71,10.75,1.27
1346,1,recover,swarm,-15.03,12.79,1.25
1346,2,recover,swarm,-16.64,11.21,1.02
1346,3,recover,bruiser,-15.64,11.72,0.45
1346,4,recover,pouncer,-15.71,10.75,1.27
1347,1,recover,swarm,-15.03,12.79,1.25
1347,2,recover,swarm,-16.64,11.21,1.02
1347,3,recover,bruiser,-15.64,11.72,0.45
1347,4,recover,pouncer,-15.71,10.75,1.27
1348,1,recover,swarm,-15.03,12.79,1.25
1348,2,recover,swarm,-16.64,11.21,1.02
1348,3,recover,bruiser,-15.64,11.72,0.45
1348,4,recover,pouncer,-15.71,10.75,1.27
1349,1,recover,swarm,-15.03,12.79,1.25
1349,2,recover,swarm,-16.64,11.21,1.02
1349,3,recover,bruiser,-15.64,11.72,0.45
1349,4,recover,pouncer,-15.71,10.75,1.27
1350,1,recover,swarm,-15.03,12.79,1.25
1350,2,recover,swarm,-16.64,11.21,1.02
1350,3,recover,bruiser,-15.64,11.72,0.45
1350,4,recover,pouncer,-15.71,10.75,1.27
1351,1,recover,swarm,-15.03,12.79,1.25
1351,2,recover,swarm,-16.64,11.21,1.02
1351,3,recover,bruiser,-15.64,11.72,0.45
1351,4,recover,pouncer,-15.71,10.75,1.27
1352,1,recover,swarm,-15.03,12.79,1.25
1352,2,recover,swarm,-16.64,11.21,1.02
1352,3,recover,bruiser,-15.64,11.72,0.45
1352,4,recover,pouncer,-15.71,10.75,1.27
1353,1,recover,swarm,-15.03,12.79,1.25
1353,2,recover,swarm,-16.64,11.21,1.02
1353,3,recover,bruiser,-15.64,11.72,0.45
1353,4,recover,pouncer,-15.71,10.75,1.27
1354,1,recover,swarm,-15.03,12.79,1.25
1354,2,recover,swarm,-16.64,11.21,1.02
1354,3,recover,bruiser,-15.64,11.72,0.45
1354,4,recover,pouncer,-15.71,10.75,1.27
1355,1,recover,swarm,-15.03,12.79,1.25
1355,2,recover,swarm,-16.64,11.21,1.02
1355,3,recover,bruiser,-15.64,11.72,0.45
1355,4,recover,pouncer,-15.71,10.75,1.27
1356,1,recover,swarm,-15.03,12.79,1.25
1356,2,recover,swarm,-16.64,11.21,1.02
1356,3,recover,bruiser,-15.64,11.72,0.45
1356,4,recover,pouncer,-15.71,10.75,1.27
1357,1,recover,swarm,-15.03,12.79,1.25
1357,2,recover,swarm,-16.64,11.21,1.02
1357,3,recover,bruiser,-15.64,11.72,0.45
1357,4,recover,pouncer,-15.71,10.75,1.27
1358,1,recover,swarm,-15.03,12.79,1.25
1358,2,chase,swarm,-16.64,11.21,1.02
1358,3,recover,bruiser,-15.64,11.72,0.45
1358,4,recover,pouncer,-15.71,10.75,1.27
1359,1,recover,swarm,-15.03,12.79,1.25
1359,2,windup,swarm,-16.64,11.21,1.02
1359,3,recover,bruiser,-15.64,11.72,0.45
1359,4,recover,pouncer,-15.71,10.75,1.27
1360,1,recover,swarm,-15.03,12.79,1.25
1360,2,windup,swarm,-16.64,11.21,1.02
1360,3,recover,bruiser,-15.64,11.72,0.45
1360,4,recover,pouncer,-15.71,10.75,1.27
1361,1,recover,swarm,-15.03,12.79,1.25
1361,2,windup,swarm,-16.64,11.21,1.02
1361,3,recover,bruiser,-15.64,11.72,0.45
1361,4,recover,pouncer,-15.71,10.75,1.27
1362,1,recover,swarm,-15.03,12.79,1.25
1362,2,windup,swarm,-16.64,11.21,1.02
1362,3,recover,bruiser,-15.64,11.72,0.45
1362,4,recover,pouncer,-15.71,10.75,1.27
1363,1,recover,swarm,-15.03,12.79,1.25
1363,2,windup,swarm,-16.64,11.21,1.02
1363,3,recover,bruiser,-15.64,11.72,0.45
1363,4,recover,pouncer,-15.71,10.75,1.27
1364,1,recover,swarm,-15.03,12.79,1.25
1364,2,windup,swarm,-16.64,11.21,1.02
1364,3,recover,bruiser,-15.64,11.72,0.45
1364,4,recover,pouncer,-15.71,10.75,1.27
1365,1,recover,swarm,-15.03,12.79,1.25
1365,2,windup,swarm,-16.64,11.21,1.02
1365,3,recover,bruiser,-15.64,11.72,0.45
1365,4,recover,pouncer,-15.71,10.75,1.27
1366,1,recover,swarm,-15.03,12.79,1.25
1366,2,windup,swarm,-16.64,11.21,1.02
1366,3,recover,bruiser,-15.64,11.72,0.45
1366,4,recover,pouncer,-15.71,10.75,1.27
1367,1,recover,swarm,-15.03,12.79,1.25
1367,2,windup,swarm,-16.64,11.21,1.02
1367,3,recover,bruiser,-15.64,11.72,0.45
1367,4,recover,pouncer,-15.71,10.75,1.27
1368,1,recover,swarm,-15.03,12.79,1.25
1368,2,windup,swarm,-16.64,11.21,1.02
1368,3,recover,bruiser,-15.64,11.72,0.45
1368,4,recover,pouncer,-15.71,10.75,1.27
1369,1,recover,swarm,-15.03,12.79,1.25
1369,2,windup,swarm,-16.64,11.21,1.02
1369,3,recover,bruiser,-15.64,11.72,0.45
1369,4,recover,pouncer,-15.71,10.75,1.27
1370,1,recover,swarm,-15.03,12.79,1.25
1370,2,windup,swarm,-16.64,11.21,1.02
1370,3,recover,bruiser,-15.64,11.72,0.45
1370,4,recover,pouncer,-15.71,10.75,1.27
1371,1,recover,swarm,-15.03,12.79,1.25
1371,2,windup,swarm,-16.64,11.21,1.02
1371,3,recover,bruiser,-15.64,11.72,0.45
1371,4,recover,pouncer,-15.71,10.75,1.27
1372,1,recover,swarm,-15.03,12.79,1.25
1372,2,windup,swarm,-16.64,11.21,1.02
1372,3,recover,bruiser,-15.64,11.72,0.45
1372,4,recover,pouncer,-15.71,10.75,1.27
1373,1,recover,swarm,-15.03,12.79,1.25
1373,2,windup,swarm,-16.64,11.21,1.02
1373,3,recover,bruiser,-15.64,11.72,0.45
1373,4,recover,pouncer,-15.71,10.75,1.27
1374,1,recover,swarm,-15.03,12.79,1.25
1374,2,windup,swarm,-16.64,11.21,1.02
1374,3,recover,bruiser,-15.64,11.72,0.45
1374,4,recover,pouncer,-15.71,10.75,1.27
1375,1,recover,swarm,-15.03,12.79,1.25
1375,2,strike,swarm,-16.64,11.21,1.02
1375,3,recover,bruiser,-15.64,11.72,0.45
1375,4,recover,pouncer,-15.71,10.75,1.27
1376,1,recover,swarm,-15.03,12.79,1.25
1376,2,strike,swarm,-16.66,11.31,0.95
1376,3,recover,bruiser,-15.64,11.72,0.45
1376,4,recover,pouncer,-15.71,10.75,1.27
1377,1,recover,swarm,-15.03,12.79,1.25
1377,2,strike,swarm,-16.67,11.40,0.90
1377,3,recover,bruiser,-15.64,11.72,0.45
1377,4,recover,pouncer,-15.71,10.75,1.27
1378,1,recover,swarm,-15.03,12.79,1.25
1378,2,strike,swarm,-16.67,11.53,0.82
1378,3,recover,bruiser,-15.64,11.72,0.45
1378,4,recover,pouncer,-15.71,10.75,1.27
1379,1,chase,swarm,-15.03,12.79,1.25
1379,2,strike,swarm,-16.67,11.61,0.78
1379,3,recover,bruiser,-15.64,11.72,0.45
1379,4,recover,pouncer,-15.71,10.75,1.27
1380,1,windup,swarm,-15.03,12.79,1.25
1380,2,strike,swarm,-16.65,11.77,0.69
1380,3,recover,bruiser,-15.64,11.72,0.45
1380,4,stalk,pouncer,-15.71,10.75,1.27
1381,1,windup,swarm,-15.03,12.79,1.25
1381,2,strike,swarm,-16.65,11.81,0.68
1381,3,recover,bruiser,-15.64,11.72,0.45
1381,4,crouch,pouncer,-15.70,10.74,1.29
1382,1,windup,swarm,-15.03,12.79,1.25
1382,2,strike,swarm,-16.64,11.94,0.65
1382,3,recover,bruiser,-15.64,11.72,0.45
1382,4,crouch,pouncer,-15.70,10.74,1.29
1383,1,windup,swarm,-15.03,12.79,1.25
1383,2,strike,swarm,-16.63,12.00,0.64
1383,3,recover,bruiser,-15.64,11.72,0.45
1383,4,crouch,pouncer,-15.70,10.74,1.29
1384,1,windup,swarm,-15.03,12.79,1.25
1384,2,strike,swarm,-16.61,12.16,0.64
1384,3,recover,bruiser,-15.64,11.72,0.45
1384,4,crouch,pouncer,-15.70,10.74,1.29
1385,1,windup,swarm,-15.03,12.79,1.25
1385,2,strike,swarm,-16.60,12.21,0.64
1385,3,recover,bruiser,-15.64,11.72,0.45
1385,4,crouch,pouncer,-15.70,10.74,1.29
1386,1,windup,swarm,-15.03,12.79,1.25
1386,2,strike,swarm,-16.57,12.33,0.67
1386,3,recover,bruiser,-15.64,11.72,0.45
1386,4,crouch,pouncer,-15.70,10.74,1.29
1387,1,windup,swarm,-15.03,12.79,1.25
1387,2,strike,swarm,-16.55,12.40,0.68
1387,3,recover,bruiser,-15.64,11.72,0.45
1387,4,crouch,pouncer,-15.70,10.74,1.29
1388,1,windup,swarm,-15.03,12.79,1.25
1388,2,strike,swarm,-16.51,12.51,0.73
1388,3,recover,bruiser,-15.64,11.72,0.45
1388,4,crouch,pouncer,-15.70,10.74,1.29
1389,1,windup,swarm,-15.03,12.79,1.25
1389,2,recover,swarm,-16.48,12.58,0.76
1389,3,recover,bruiser,-15.64,11.72,0.45
1389,4,crouch,pouncer,-15.70,10.74,1.29
1390,1,windup,swarm,-15.03,12.79,1.25
1390,2,recover,swarm,-16.48,12.58,0.76
1390,3,recover,bruiser,-15.64,11.72,0.45
1390,4,crouch,pouncer,-15.70,10.74,1.29
1391,1,windup,swarm,-15.03,12.79,1.25
1391,2,recover,swarm,-16.48,12.58,0.76
1391,3,recover,bruiser,-15.64,11.72,0.45
1391,4,crouch,pouncer,-15.70,10.74,1.29
1392,1,windup,swarm,-15.03,12.79,1.25
1392,2,recover,swarm,-16.48,12.58,0.76
1392,3,recover,bruiser,-15.64,11.72,0.45
1392,4,crouch,pouncer,-15.70,10.74,1.29
1393,1,windup,swarm,-15.03,12.79,1.25
1393,2,recover,swarm,-16.48,12.58,0.76
1393,3,recover,bruiser,-15.64,11.72,0.45
1393,4,crouch,pouncer,-15.70,10.74,1.29
1394,1,windup,swarm,-15.03,12.79,1.25
1394,2,recover,swarm,-16.48,12.58,0.76
1394,3,recover,bruiser,-15.64,11.72,0.45
1394,4,crouch,pouncer,-15.70,10.74,1.29
1395,1,strike,swarm,-15.03,12.79,1.25
1395,2,recover,swarm,-16.48,12.58,0.76
1395,3,recover,bruiser,-15.64,11.72,0.45
1395,4,crouch,pouncer,-15.70,10.74,1.29
1396,1,strike,swarm,-15.30,12.59,0.92
1396,2,recover,swarm,-16.48,12.58,0.76
1396,3,recover,bruiser,-15.64,11.72,0.45
1396,4,crouch,pouncer,-15.70,10.74,1.29
1397,1,strike,swarm,-15.57,12.64,0.77
1397,2,recover,swarm,-16.48,12.58,0.76
1397,3,advance,bruiser,-15.64,11.72,0.45
1397,4,crouch,pouncer,-15.70,10.74,1.29
1398,1,strike,swarm,-15.56,12.68,0.81
1398,2,recover,swarm,-16.48,12.58,0.76
1398,3,windup,bruiser,-15.64,11.72,0.45
1398,4,crouch,pouncer,-15.70,10.74,1.29
1399,1,strike,swarm,-15.44,13.10,1.24
1399,2,recover,swarm,-16.48,12.58,0.76
1399,3,windup,bruiser,-15.64,11.72,0.45
1399,4,crouch,pouncer,-15.70,10.74,1.29
1400,1,strike,swarm,-15.46,13.08,1.21
1400,2,recover,swarm,-16.48,12.58,0.76
1400,3,windup,bruiser,-15.64,11.72,0.45
1400,4,crouch,pouncer,-15.70,10.74,1.29
1401,1,strike,swarm,-15.66,12.87,0.94
1401,2,recover,swarm,-16.48,12.58,0.76
1401,3,windup,bruiser,-15.64,11.72,0.45
1401,4,crouch,pouncer,-15.70,10.74,1.29
1402,1,recover,swarm,-15.64,12.85,0.92
1402,2,recover,swarm,-16.48,12.58,0.76
1402,3,windup,bruiser,-15.64,11.72,0.45
1402,4,pounce,pouncer,-15.70,10.74,1.29
1403,1,recover,swarm,-15.64,12.85,0.92
1403,2,recover,swarm,-16.48,12.58,0.76
1403,3,windup,bruiser,-15.64,11.72,0.45
1403,4,pounce,pouncer,-15.86,10.94,1.06
1404,1,recover,swarm,-15.64,12.85,0.92
1404,2,recover,swarm,-16.48,12.58,0.76
1404,3,windup,bruiser,-15.64,11.72,0.45
1404,4,pounce,pouncer,-15.91,10.94,1.06
1405,1,recover,swarm,-15.64,12.85,0.92
1405,2,recover,swarm,-16.48,12.58,0.76
1405,3,windup,bruiser,-15.64,11.72,0.45
1405,4,pounce,pouncer,-16.42,11.01,1.07
1406,1,recover,swarm,-15.64,12.85,0.92
1406,2,recover,swarm,-16.48,12.58,0.76
1406,3,windup,bruiser,-15.64,11.72,0.45
1406,4,pounce,pouncer,-16.45,11.04,1.05
1407,1,recover,swarm,-15.64,12.85,0.92
1407,2,recover,swarm,-16.48,12.58,0.76
1407,3,windup,bruiser,-15.64,11.72,0.45
1407,4,pounce,pouncer,-16.63,11.24,0.98
1408,1,recover,swarm,-15.64,12.85,0.92
1408,2,recover,swarm,-16.48,12.58,0.76
1408,3,windup,bruiser,-15.64,11.72,0.45
1408,4,pounce,pouncer,-16.66,11.29,0.97
1409,1,recover,swarm,-15.64,12.85,0.92
1409,2,recover,swarm,-16.48,12.58,0.76
1409,3,windup,bruiser,-15.64,11.72,0.45
1409,4,pounce,pouncer,-16.77,11.44,0.95
1410,1,recover,swarm,-15.64,12.85,0.92
1410,2,recover,swarm,-16.48,12.58,0.76
1410,3,windup,bruiser,-15.64,11.72,0.45
1410,4,pounce,pouncer,-16.80,11.48,0.96
1411,1,recover,swarm,-15.64,12.85,0.92
1411,2,recover,swarm,-16.48,12.58,0.76
1411,3,windup,bruiser,-15.64,11.72,0.45
1411,4,pounce,pouncer,-16.94,11.64,1.01
1412,1,recover,swarm,-15.64,12.85,0.92
1412,2,recover,swarm,-16.48,12.58,0.76
1412,3,windup,bruiser,-15.64,11.72,0.45
1412,4,pounce,pouncer,-16.99,11.70,1.04
1413,1,recover,swarm,-15.64,12.85,0.92
1413,2,recover,swarm,-16.48,12.58,0.76
1413,3,windup,bruiser,-15.64,11.72,0.45
1413,4,pounce,pouncer,-17.12,11.82,1.14
1414,1,recover,swarm,-15.64,12.85,0.92
1414,2,recover,swarm,-16.48,12.58,0.76
1414,3,windup,bruiser,-15.64,11.72,0.45
1414,4,pounce,pouncer,-17.16,11.86,1.18
1415,1,recover,swarm,-15.64,12.85,0.92
1415,2,recover,swarm,-16.48,12.58,0.76
1415,3,windup,bruiser,-15.64,11.72,0.45
1415,4,pounce,pouncer,-17.49,12.13,1.50
1416,1,recover,swarm,-15.64,12.85,0.92
1416,2,recover,swarm,-16.48,12.58,0.76
1416,3,windup,bruiser,-15.64,11.72,0.45
1416,4,pounce,pouncer,-17.53,12.18,1.55
1417,1,recover,swarm,-15.64,12.85,0.92
1417,2,recover,swarm,-16.48,12.58,0.76
1417,3,windup,bruiser,-15.64,11.72,0.45
1417,4,pounce,pouncer,-17.64,12.34,1.68
1418,1,recover,swarm,-15.64,12.85,0.92
1418,2,recover,swarm,-16.48,12.58,0.76
1418,3,windup,bruiser,-15.64,11.72,0.45
1418,4,pounce,pouncer,-17.65,12.38,1.70
1419,1,recover,swarm,-15.64,12.85,0.92
1419,2,recover,swarm,-16.48,12.58,0.76
1419,3,windup,bruiser,-15.64,11.72,0.45
1419,4,pounce,pouncer,-17.83,12.75,1.98
1420,1,recover,swarm,-15.64,12.85,0.92
1420,2,chase,swarm,-16.48,12.58,0.76
1420,3,windup,bruiser,-15.64,11.72,0.45
1420,4,pounce,pouncer,-17.84,12.80,2.01
1421,1,recover,swarm,-15.64,12.85,0.92
1421,2,windup,swarm,-16.48,12.58,0.76
1421,3,windup,bruiser,-15.64,11.72,0.45
1421,4,recover,pouncer,-17.89,13.05,2.17
1422,1,recover,swarm,-15.64,12.85,0.92
1422,2,windup,swarm,-16.48,12.58,0.76
1422,3,windup,bruiser,-15.64,11.72,0.45
1422,4,recover,pouncer,-17.89,13.05,2.17
1423,1,recover,swarm,-15.64,12.85,0.92
1423,2,windup,swarm,-16.48,12.58,0.76
1423,3,windup,bruiser,-15.64,11.72,0.45
1423,4,recover,pouncer,-17.89,13.05,2.17
1424,1,recover,swarm,-15.64,12.85,0.92
1424,2,windup,swarm,-16.48,12.58,0.76
1424,3,windup,bruiser,-15.64,11.72,0.45
1424,4,recover,pouncer,-17.89,13.05,2.17
1425,1,recover,swarm,-15.64,12.85,0.92
1425,2,windup,swarm,-16.48,12.58,0.76
1425,3,windup,bruiser,-15.64,11.72,0.45
1425,4,recover,pouncer,-17.89,13.05,2.17
1426,1,recover,swarm,-15.64,12.85,0.92
1426,2,windup,swarm,-16.48,12.58,0.76
1426,3,windup,bruiser,-15.64,11.72,0.45
1426,4,recover,pouncer,-17.89,13.05,2.17
1427,1,recover,swarm,-15.64,12.85,0.92
1427,2,windup,swarm,-16.48,12.58,0.76
1427,3,windup,bruiser,-15.64,11.72,0.45
1427,4,recover,pouncer,-17.89,13.05,2.17
1428,1,recover,swarm,-15.64,12.85,0.92
1428,2,windup,swarm,-16.48,12.58,0.76
1428,3,strike,bruiser,-15.64,11.72,0.45
1428,4,recover,pouncer,-17.89,13.05,2.17
1429,1,recover,swarm,-15.64,12.85,0.92
1429,2,windup,swarm,-16.48,12.58,0.76
1429,3,strike,bruiser,-15.97,11.78,0.22
1429,4,recover,pouncer,-17.89,13.05,2.17
1430,1,recover,swarm,-15.64,12.85,0.92
1430,2,windup,swarm,-16.48,12.58,0.76
1430,3,strike,bruiser,-15.99,11.76,0.23
1430,4,recover,pouncer,-17.89,13.05,2.17
1431,1,recover,swarm,-15.64,12.85,0.92
1431,2,windup,swarm,-16.48,12.58,0.76
1431,3,strike,bruiser,-16.20,11.65,0.40
1431,4,recover,pouncer,-17.89,13.05,2.17
1432,1,recover,swarm,-15.64,12.85,0.92
1432,2,strike,swarm,-16.48,12.58,0.76
1432,3,strike,bruiser,-16.24,11.65,0.42
1432,4,recover,pouncer,-17.89,13.05,2.17
1433,1,recover,swarm,-15.64,12.85,0.92
1433,2,strike,swarm,-16.63,12.40,0.76
1433,3,strike,bruiser,-16.43,11.63,0.57
1433,4,recover,pouncer,-17.89,13.05,2.17
1434,1,recover,swarm,-15.64,12.85,0.92
1434,2,strike,swarm,-16.65,12.46,0.80
1434,3,strike,bruiser,-16.47,11.61,0.61
1434,4,recover,pouncer,-17.89,13.05,2.17
1435,1,chase,swarm,-15.64,12.85,0.92
1435,2,strike,swarm,-16.55,12.29,0.63
1435,3,strike,bruiser,-16.62,11.55,0.77
1435,4,recover,pouncer,-17.89,13.05,2.17
1436,1,windup,swarm,-15.64,12.85,0.92
1436,2,strike,swarm,-16.49,12.30,0.58
1436,3,strike,bruiser,-16.66,11.53,0.81
1436,4,recover,pouncer,-17.89,13.05,2.17
1437,1,windup,swarm,-15.64,12.85,0.92
1437,2,strike,swarm,-16.19,12.23,0.30
1437,3,strike,bruiser,-16.90,11.43,1.07
1437,4,recover,pouncer,-17.89,13.05,2.17
1438,1,windup,swarm,-15.64,12.85,0.92
1438,2,strike,swarm,-16.18,12.19,0.27
1438,3,strike,bruiser,-16.93,11.44,1.09
1438,4,recover,pouncer,-17.89,13.05,2.17
1439,1,windup,swarm,-15.64,12.85,0.92
1439,2,strike,swarm,-16.11,12.00,0.12
1439,3,recover,bruiser,-17.09,11.48,1.21
1439,4,recover,pouncer,-17.89,13.05,2.17
1440,1,windup,swarm,-15.64,12.85,0.92
1440,2,strike,swarm,-16.09,11.96,0.10
1440,3,recover,bruiser,-17.09,11.48,1.21
1440,4,recover,pouncer,-17.89,13.05,2.17
1441,1,windup,swarm,-15.64,12.85,0.92
1441,2,strike,swarm,-15.95,11.74,0.26
1441,3,recover,bruiser,-17.09,11.48,1.21
1441,4,recover,pouncer,-17.89,13.05,2.17
1442,1,windup,swarm,-15.64,12.85,0.92
1442,2,recover,swarm,-15.93,11.70,0.30
1442,3,recover,bruiser,-17.09,11.48,1.21
1442,4,recover,pouncer,-17.89,13.05,2.17
1443,1,windup,swarm,-15.64,12.85,0.92
1443,2,recover,swarm,-15.93,11.70,0.30
1443,3,recover,bruiser,-17.09,11.48,1.21
1443,4,recover,pouncer,-17.89,13.05,2.17
1444,1,windup,swarm,-15.64,12.85,0.92
1444,2,recover,swarm,-15.93,11.70,0.30
1444,3,recover,bruiser,-17.09,11.48,1.21
1444,4,recover,pouncer,-17.89,13.05,2.17
1445,1,windup,swarm,-15.64,12.85,0.92
1445,2,recover,swarm,-15.93,11.70,0.30
1445,3,recover,bruiser,-17.09,11.48,1.21
1445,4,recover,pouncer,-17.89,13.05,2.17
1446,1,strike,swarm,-15.64,12.85,0.92
1446,2,recover,swarm,-15.93,11.70,0.30
1446,3,recover,bruiser,-17.09,11.48,1.21
1446,4,recover,pouncer,-17.89,13.05,2.17
1447,1,strike,swarm,-15.73,12.66,0.72
1447,2,recover,swarm,-15.93,11.70,0.30
1447,3,recover,bruiser,-17.09,11.48,1.21
1447,4,recover,pouncer,-17.89,13.05,2.17
1448,1,strike,swarm,-15.76,12.63,0.67
1448,2,recover,swarm,-15.93,11.70,0.30
1448,3,recover,bruiser,-17.09,11.48,1.21
1448,4,recover,pouncer,-17.89,13.05,2.17
1449,1,strike,swarm,-15.88,12.53,0.54
1449,2,recover,swarm,-15.93,11.70,0.30
1449,3,recover,bruiser,-17.09,11.48,1.21
1449,4,recover,pouncer,-17.89,13.05,2.17
1450,1,strike,swarm,-15.93,12.53,0.54
1450,2,recover,swarm,-15.93,11.70,0.30
1450,3,recover,bruiser,-17.09,11.48,1.21
1450,4,recover,pouncer,-17.89,13.05,2.17
1451,1,strike,swarm,-16.26,12.55,0.61
1451,2,recover,swarm,-15.93,11.70,0.30
1451,3,recover,bruiser,-17.09,11.48,1.21
1451,4,recover,pouncer,-17.89,13.05,2.17
1452,1,strike,swarm,-16.30,12.54,0.62
1452,2,recover,swarm,-15.93,11.70,0.30
1452,3,recover,bruiser,-17.09,11.48,1.21
1452,4,recover,pouncer,-17.89,13.05,2.17
1453,1,strike,swarm,-16.63,12.44,0.77
1453,2,recover,swarm,-15.93,11.70,0.30
1453,3,recover,bruiser,-17.09,11.48,1.21
1453,4,recover,pouncer,-17.89,13.05,2.17
1454,1,strike,swarm,-16.66,12.43,0.80
1454,2,recover,swarm,-15.93,11.70,0.30
1454,3,recover,bruiser,-17.09,11.48,1.21
1454,4,recover,pouncer,-17.89,13.05,2.17
1455,1,strike,swarm,-17.11,12.36,1.17
1455,2,recover,swarm,-15.93,11.70,0.30
1455,3,recover,bruiser,-17.09,11.48,1.21
1455,4,recover,pouncer,-17.89,13.05,2.17
1456,1,recover,swarm,-17.11,12.33,1.16
1456,2,recover,swarm,-15.93,11.70,0.30
1456,3,recover,bruiser,-17.09,11.48,1.21
1456,4,recover,pouncer,-17.89,13.05,2.17
1457,1,recover,swarm,-17.11,12.33,1.16
1457,2,recover,swarm,-15.93,11.70,0.30
1457,3,recover,bruiser,-17.09,11.48,1.21
1457,4,recover,pouncer,-17.89,13.05,2.17
1458,1,recover,swarm,-17.11,12.33,1.16
1458,2,recover,swarm,-15.93,11.70,0.30
1458,3,recover,bruiser,-17.09,11.48,1.21
1458,4,recover,pouncer,-17.89,13.05,2.17
1459,1,recover,swarm,-17.11,12.33,1.16
1459,2,recover,swarm,-15.93,11.70,0.30
1459,3,recover,bruiser,-17.09,11.48,1.21
1459,4,recover,pouncer,-17.89,13.05,2.17
1460,1,recover,swarm,-17.11,12.33,1.16
1460,2,recover,swarm,-15.93,11.70,0.30
1460,3,recover,bruiser,-17.09,11.48,1.21
1460,4,recover,pouncer,-17.89,13.05,2.17
1461,1,recover,swarm,-17.11,12.33,1.16
1461,2,recover,swarm,-15.93,11.70,0.30
1461,3,recover,bruiser,-17.09,11.48,1.21
1461,4,recover,pouncer,-17.89,13.05,2.17
1462,1,recover,swarm,-17.11,12.33,1.16
1462,2,recover,swarm,-15.93,11.70,0.30
1462,3,recover,bruiser,-17.09,11.48,1.21
1462,4,recover,pouncer,-17.89,13.05,2.17
1463,1,recover,swarm,-17.11,12.33,1.16
1463,2,recover,swarm,-15.93,11.70,0.30
1463,3,recover,bruiser,-17.09,11.48,1.21
1463,4,recover,pouncer,-17.89,13.05,2.17
1464,1,recover,swarm,-17.11,12.33,1.16
1464,2,recover,swarm,-15.93,11.70,0.30
1464,3,recover,bruiser,-17.09,11.48,1.21
1464,4,recover,pouncer,-17.89,13.05,2.17
1465,1,recover,swarm,-17.11,12.33,1.16
1465,2,recover,swarm,-15.93,11.70,0.30
1465,3,recover,bruiser,-17.09,11.48,1.21
1465,4,recover,pouncer,-17.89,13.05,2.17
1466,1,recover,swarm,-17.11,12.33,1.16
1466,2,recover,swarm,-15.93,11.70,0.30
1466,3,recover,bruiser,-17.09,11.48,1.21
1466,4,recover,pouncer,-17.89,13.05,2.17
1467,1,recover,swarm,-17.11,12.33,1.16
1467,2,recover,swarm,-15.93,11.70,0.30
1467,3,recover,bruiser,-17.09,11.48,1.21
1467,4,recover,pouncer,-17.89,13.05,2.17
1468,1,recover,swarm,-17.11,12.33,1.16
1468,2,recover,swarm,-15.93,11.70,0.30
1468,3,recover,bruiser,-17.09,11.48,1.21
1468,4,recover,pouncer,-17.89,13.05,2.17
1469,1,recover,swarm,-17.11,12.33,1.16
1469,2,recover,swarm,-15.93,11.70,0.30
1469,3,recover,bruiser,-17.09,11.48,1.21
1469,4,recover,pouncer,-17.89,13.05,2.17
1470,1,recover,swarm,-17.11,12.33,1.16
1470,2,recover,swarm,-15.93,11.70,0.30
1470,3,recover,bruiser,-17.09,11.48,1.21
1470,4,recover,pouncer,-17.89,13.05,2.17
1471,1,recover,swarm,-17.11,12.33,1.16
1471,2,recover,swarm,-15.93,11.70,0.30
1471,3,recover,bruiser,-17.09,11.48,1.21
1471,4,recover,pouncer,-17.89,13.05,2.17
1472,1,recover,swarm,-17.11,12.33,1.16
1472,2,recover,swarm,-15.93,11.70,0.30
1472,3,recover,bruiser,-17.09,11.48,1.21
1472,4,stalk,pouncer,-17.89,13.05,2.17
1473,1,recover,swarm,-17.11,12.33,1.16
1473,2,recover,swarm,-15.93,11.70,0.30
1473,3,recover,bruiser,-17.09,11.48,1.21
1473,4,crouch,pouncer,-17.91,13.10,2.21
1474,1,recover,swarm,-17.11,12.33,1.16
1474,2,chase,swarm,-15.93,11.70,0.30
1474,3,recover,bruiser,-17.09,11.48,1.21
1474,4,crouch,pouncer,-17.91,13.10,2.21
1475,1,recover,swarm,-17.11,12.33,1.16
1475,2,windup,swarm,-15.93,11.70,0.30
1475,3,recover,bruiser,-17.09,11.48,1.21
1475,4,crouch,pouncer,-17.91,13.10,2.21
1476,1,recover,swarm,-17.11,12.33,1.16
1476,2,windup,swarm,-15.93,11.70,0.30
1476,3,recover,bruiser,-17.09,11.48,1.21
1476,4,crouch,pouncer,-17.91,13.10,2.21
1477,1,recover,swarm,-17.11,12.33,1.16
1477,2,windup,swarm,-15.93,11.70,0.30
1477,3,recover,bruiser,-17.09,11.48,1.21
1477,4,crouch,pouncer,-17.91,13.10,2.21
1478,1,recover,swarm,-17.11,12.33,1.16
1478,2,windup,swarm,-15.93,11.70,0.30
1478,3,recover,bruiser,-17.09,11.48,1.21
1478,4,crouch,pouncer,-17.91,13.10,2.21
1479,1,recover,swarm,-17.11,12.33,1.16
1479,2,windup,swarm,-15.93,11.70,0.30
1479,3,recover,bruiser,-17.09,11.48,1.21
1479,4,crouch,pouncer,-17.91,13.10,2.21
1480,1,recover,swarm,-17.11,12.33,1.16
1480,2,windup,swarm,-15.93,11.70,0.30
1480,3,recover,bruiser,-17.09,11.48,1.21
1480,4,crouch,pouncer,-17.91,13.10,2.21
1481,1,recover,swarm,-17.11,12.33,1.16
1481,2,windup,swarm,-15.93,11.70,0.30
1481,3,recover,bruiser,-17.09,11.48,1.21
1481,4,crouch,pouncer,-17.91,13.10,2.21
1482,1,recover,swarm,-17.11,12.33,1.16
1482,2,windup,swarm,-15.93,11.70,0.30
1482,3,recover,bruiser,-17.09,11.48,1.21
1482,4,crouch,pouncer,-17.91,13.10,2.21
1483,1,recover,swarm,-17.11,12.33,1.16
1483,2,windup,swarm,-15.93,11.70,0.30
1483,3,recover,bruiser,-17.09,11.48,1.21
1483,4,crouch,pouncer,-17.91,13.10,2.21
1484,1,recover,swarm,-17.11,12.33,1.16
1484,2,windup,swarm,-15.93,11.70,0.30
1484,3,recover,bruiser,-17.09,11.48,1.21
1484,4,crouch,pouncer,-17.91,13.10,2.21
1485,1,recover,swarm,-17.11,12.33,1.16
1485,2,windup,swarm,-15.93,11.70,0.30
1485,3,recover,bruiser,-17.09,11.48,1.21
1485,4,crouch,pouncer,-17.91,13.10,2.21
1486,1,recover,swarm,-17.11,12.33,1.16
1486,2,strike,swarm,-15.93,11.70,0.30
1486,3,recover,bruiser,-17.09,11.48,1.21
1486,4,crouch,pouncer,-17.91,13.10,2.21
1487,1,recover,swarm,-17.11,12.33,1.16
1487,2,strike,swarm,-15.93,11.86,0.15
1487,3,recover,bruiser,-17.09,11.48,1.21
1487,4,crouch,pouncer,-17.91,13.10,2.21
1488,1,recover,swarm,-17.11,12.33,1.16
1488,2,strike,swarm,-15.93,11.89,0.12
1488,3,advance,bruiser,-17.09,11.48,1.21
1488,4,crouch,pouncer,-17.91,13.10,2.21
1489,1,recover,swarm,-17.11,12.33,1.16
1489,2,strike,swarm,-15.93,12.04,0.08
1489,3,windup,bruiser,-17.09,11.48,1.21
1489,4,crouch,pouncer,-17.91,13.10,2.21
1490,1,recover,swarm,-17.11,12.33,1.16
1490,2,strike,swarm,-15.93,12.08,0.10
1490,3,windup,bruiser,-17.09,11.48,1.21
1490,4,crouch,pouncer,-17.91,13.10,2.21
1491,1,recover,swarm,-17.11,12.33,1.16
1491,2,strike,swarm,-15.94,12.30,0.31
1491,3,windup,bruiser,-17.09,11.48,1.21
1491,4,crouch,pouncer,-17.91,13.10,2.21
1492,1,chase,swarm,-17.11,12.33,1.16
1492,2,strike,swarm,-15.94,12.33,0.34
1492,3,windup,bruiser,-17.09,11.48,1.21
1492,4,crouch,pouncer,-17.91,13.10,2.21
1493,1,windup,swarm,-17.11,12.33,1.16
1493,2,strike,swarm,-15.93,12.58,0.58
1493,3,windup,bruiser,-17.09,11.48,1.21
1493,4,crouch,pouncer,-17.91,13.10,2.21
1494,1,windup,swarm,-17.11,12.33,1.16
1494,2,strike,swarm,-15.93,12.61,0.61
1494,3,windup,bruiser,-17.09,11.48,1.21
1494,4,pounce,pouncer,-17.91,13.10,2.21
1495,1,windup,swarm,-17.11,12.33,1.16
1495,2,strike,swarm,-15.94,12.76,0.76
1495,3,windup,bruiser,-17.09,11.48,1.21
1495,4,pounce,pouncer,-17.71,13.02,1.99
1496,1,windup,swarm,-17.11,12.33,1.16
1496,2,strike,swarm,-15.94,12.78,0.79
1496,3,windup,bruiser,-17.09,11.48,1.21
1496,4,pounce,pouncer,-17.66,13.03,1.96
1497,1,windup,swarm,-17.11,12.33,1.16
1497,2,strike,swarm,-15.97,12.97,0.97
1497,3,windup,bruiser,-17.09,11.48,1.21
1497,4,pounce,pouncer,-17.40,13.13,1.81
1498,1,windup,swarm,-17.11,12.33,1.16
1498,2,strike,swarm,-15.98,13.00,1.00
1498,3,windup,bruiser,-17.09,11.48,1.21
1498,4,pounce,pouncer,-17.36,13.15,1.79
1499,1,windup,swarm,-17.11,12.33,1.16
1499,2,recover,swarm,-16.04,13.29,1.30
1499,3,windup,bruiser,-17.09,11.48,1.21
1499,4,pounce,pouncer,-16.97,13.37,1.68
1500,1,windup,swarm,-17.11,12.33,1.16
1500,2,recover,swarm,-16.04,13.29,1.30
1500,3,windup,bruiser,-17.09,11.48,1.21
1500,4,pounce,pouncer,-16.93,13.38,1.67
1501,1,windup,swarm,-17.11,12.33,1.16
1501,2,recover,swarm,-16.04,13.29,1.30
1501,3,windup,bruiser,-17.09,11.48,1.21
1501,4,pounce,pouncer,-16.67,13.45,1.61
1502,1,windup,swarm,-17.11,12.33,1.16
1502,2,recover,swarm,-16.04,13.29,1.30
1502,3,windup,bruiser,-17.09,11.48,1.21
1502,4,pounce,pouncer,-16.73,13.45,1.63
1503,1,windup,swarm,-17.11,12.33,1.16
1503,2,recover,swarm,-16.04,13.29,1.30
1503,3,windup,bruiser,-17.09,11.48,1.21
1503,4,pounce,pouncer,-16.95,13.44,1.73
1504,1,windup,swarm,-17.11,12.33,1.16
1504,2,recover,swarm,-16.04,13.29,1.30
1504,3,windup,bruiser,-17.09,11.48,1.21
1504,4,pounce,pouncer,-16.90,13.43,1.70
1505,1,windup,swarm,-17.11,12.33,1.16
1505,2,recover,swarm,-16.04,13.29,1.30
1505,3,windup,bruiser,-17.09,11.48,1.21
1505,4,pounce,pouncer,-16.65,13.39,1.54
1506,1,strike,swarm,-17.11,12.33,1.16
1506,2,recover,swarm,-16.04,13.29,1.30
1506,3,windup,bruiser,-17.09,11.48,1.21
1506,4,pounce,pouncer,-16.71,13.38,1.56
1507,1,strike,swarm,-16.86,12.42,0.96
1507,2,recover,swarm,-16.04,13.29,1.30
1507,3,windup,bruiser,-17.09,11.48,1.21
1507,4,pounce,pouncer,-17.11,13.37,1.77
1508,1,strike,swarm,-16.83,12.41,0.93
1508,2,recover,swarm,-16.04,13.29,1.30
1508,3,windup,bruiser,-17.09,11.48,1.21
1508,4,pounce,pouncer,-17.06,13.40,1.76
1509,1,strike,swarm,-16.66,12.35,0.75
1509,2,recover,swarm,-16.04,13.29,1.30
1509,3,windup,bruiser,-17.09,11.48,1.21
1509,4,pounce,pouncer,-16.83,13.53,1.75
1510,1,strike,swarm,-16.62,12.34,0.71
1510,2,recover,swarm,-16.04,13.29,1.30
1510,3,windup,bruiser,-17.09,11.48,1.21
1510,4,pounce,pouncer,-16.89,13.53,1.77
1511,1,strike,swarm,-16.40,12.30,0.51
1511,2,recover,swarm,-16.04,13.29,1.30
1511,3,windup,bruiser,-17.09,11.48,1.21
1511,4,pounce,pouncer,-16.83,13.21,1.47
1512,1,strike,swarm,-16.38,12.28,0.48
1512,2,recover,swarm,-16.04,13.29,1.30
1512,3,windup,bruiser,-17.09,11.48,1.21
1512,4,recover,pouncer,-16.88,13.20,1.49
1513,1,strike,swarm,-15.93,12.00,0.07
1513,2,recover,swarm,-16.04,13.29,1.30
1513,3,windup,bruiser,-17.09,11.48,1.21
1513,4,recover,pouncer,-16.88,13.20,1.49
1514,1,recover,swarm,-15.89,11.99,0.10
1514,2,recover,swarm,-16.04,13.29,1.30
1514,3,windup,bruiser,-17.09,11.48,1.21
1514,4,recover,pouncer,-16.88,13.20,1.49
1515,1,recover,swarm,-15.89,11.99,0.10
1515,2,recover,swarm,-16.04,13.29,1.30
1515,3,windup,bruiser,-17.09,11.48,1.21
1515,4,recover,pouncer,-16.88,13.20,1.49
1516,1,recover,swarm,-15.89,11.99,0.10
1516,2,recover,swarm,-16.04,13.29,1.30
1516,3,strike,bruiser,-17.09,11.48,1.21
1516,4,recover,pouncer,-16.88,13.20,1.49
1517,1,recover,swarm,-15.89,11.99,0.10
1517,2,recover,swarm,-16.04,13.29,1.30
1517,3,strike,bruiser,-16.89,11.58,0.98
1517,4,recover,pouncer,-16.88,13.20,1.49
1518,1,recover,swarm,-15.89,11.99,0.10
1518,2,recover,swarm,-16.04,13.29,1.30
1518,3,strike,bruiser,-16.86,11.59,0.95
1518,4,recover,pouncer,-16.88,13.20,1.49
1519,1,recover,swarm,-15.89,11.99,0.10
1519,2,recover,swarm,-16.04,13.29,1.30
1519,3,strike,bruiser,-16.76,11.65,0.84
1519,4,recover,pouncer,-16.88,13.20,1.49
1520,1,recover,swarm,-15.89,11.99,0.10
1520,2,chase,swarm,-16.04,13.29,1.30
1520,3,strike,bruiser,-16.73,11.66,0.81
1520,4,recover,pouncer,-16.88,13.20,1.49
1521,1,recover,swarm,-15.89,11.99,0.10
1521,2,windup,swarm,-16.04,13.29,1.30
1521,3,strike,bruiser,-16.65,11.73,0.71
1521,4,recover,pouncer,-16.88,13.20,1.49
1522,1,recover,swarm,-15.89,11.99,0.10
1522,2,windup,swarm,-16.04,13.29,1.30
1522,3,strike,bruiser,-16.66,11.76,0.71
1522,4,recover,pouncer,-16.88,13.20,1.49
1523,1,recover,swarm,-15.89,11.99,0.10
1523,2,windup,swarm,-16.04,13.29,1.30
1523,3,strike,bruiser,-16.70,11.86,0.71
1523,4,recover,pouncer,-16.88,13.20,1.49
1524,1,recover,swarm,-15.89,11.99,0.10
1524,2,windup,swarm,-16.04,13.29,1.30
1524,3,strike,bruiser,-16.70,11.89,0.72
1524,4,recover,pouncer,-16.88,13.20,1.49
1525,1,recover,swarm,-15.89,11.99,0.10
1525,2,windup,swarm,-16.04,13.29,1.30
1525,3,strike,bruiser,-16.72,11.98,0.72
1525,4,recover,pouncer,-16.88,13.20,1.49
1526,1,recover,swarm,-15.89,11.99,0.10
1526,2,windup,swarm,-16.04,13.29,1.30
1526,3,strike,bruiser,-16.72,12.01,0.73
1526,4,recover,pouncer,-16.88,13.20,1.49
1527,1,recover,swarm,-15.89,11.99,0.10
1527,2,windup,swarm,-16.04,13.29,1.30
1527,3,strike,bruiser,-16.73,12.15,0.75
1527,4,recover,pouncer,-16.88,13.20,1.49
1528,1,recover,swarm,-15.89,11.99,0.10
1528,2,windup,swarm,-16.04,13.29,1.30
1528,3,strike,bruiser,-16.72,12.17,0.74
1528,4,recover,pouncer,-16.88,13.20,1.49
1529,1,recover,swarm,-15.89,11.99,0.10
1529,2,windup,swarm,-16.04,13.29,1.30
1529,3,strike,bruiser,-16.66,12.25,0.71
1529,4,recover,pouncer,-16.88,13.20,1.49
1530,1,recover,swarm,-15.89,11.99,0.10
1530,2,windup,swarm,-16.04,13.29,1.30
1530,3,strike,bruiser,-16.64,12.22,0.69
1530,4,recover,pouncer,-16.88,13.20,1.49
1531,1,recover,swarm,-15.89,11.99,0.10
1531,2,windup,swarm,-16.04,13.29,1.30
1531,3,strike,bruiser,-16.72,12.34,0.80
1531,4,recover,pouncer,-16.88,13.20,1.49
1532,1,recover,swarm,-15.89,11.99,0.10
1532,2,windup,swarm,-16.04,13.29,1.30
1532,3,strike,bruiser,-16.70,12.32,0.78
1532,4,recover,pouncer,-16.88,13.20,1.49
1533,1,recover,swarm,-15.89,11.99,0.10
1533,2,windup,swarm,-16.04,13.29,1.30
1533,3,strike,bruiser,-16.62,12.16,0.65
1533,4,recover,pouncer,-16.88,13.20,1.49
1534,1,recover,swarm,-15.89,11.99,0.10
1534,2,windup,swarm,-16.04,13.29,1.30
1534,3,recover,bruiser,-16.63,12.18,0.67
1534,4,recover,pouncer,-16.88,13.20,1.49
1535,1,recover,swarm,-15.89,11.99,0.10
1535,2,windup,swarm,-16.04,13.29,1.30
1535,3,recover,bruiser,-16.63,12.18,0.67
1535,4,recover,pouncer,-16.88,13.20,1.49
1536,1,recover,swarm,-15.89,11.99,0.10
1536,2,windup,swarm,-16.04,13.29,1.30
1536,3,recover,bruiser,-16.63,12.18,0.67
1536,4,recover,pouncer,-16.88,13.20,1.49
1537,1,recover,swarm,-15.89,11.99,0.10
1537,2,windup,swarm,-16.04,13.29,1.30
1537,3,recover,bruiser,-16.63,12.18,0.67
1537,4,recover,pouncer,-16.88,13.20,1.49
1538,1,recover,swarm,-15.89,11.99,0.10
1538,2,strike,swarm,-16.04,13.29,1.30
1538,3,recover,bruiser,-16.63,12.18,0.67
1538,4,recover,pouncer,-16.88,13.20,1.49
1539,1,recover,swarm,-15.89,11.99,0.10
1539,2,strike,swarm,-15.92,13.19,1.20
1539,3,recover,bruiser,-16.63,12.18,0.67
1539,4,recover,pouncer,-16.88,13.20,1.49
1540,1,recover,swarm,-15.89,11.99,0.10
1540,2,strike,swarm,-15.89,13.16,1.17
1540,3,recover,bruiser,-16.63,12.18,0.67
1540,4,recover,pouncer,-16.88,13.20,1.49
1541,1,recover,swarm,-15.89,11.99,0.10
1541,2,strike,swarm,-15.73,13.02,1.06
1541,3,recover,bruiser,-16.63,12.18,0.67
1541,4,recover,pouncer,-16.88,13.20,1.49
1542,1,recover,swarm,-15.89,11.99,0.10
1542,2,strike,swarm,-15.71,13.00,1.05
1542,3,recover,bruiser,-16.63,12.18,0.67
1542,4,recover,pouncer,-16.88,13.20,1.49
1543,1,recover,swarm,-15.89,11.99,0.10
1543,2,strike,swarm,-15.58,12.88,0.98
1543,3,recover,bruiser,-16.63,12.18,0.67
1543,4,recover,pouncer,-16.88,13.20,1.49
1544,1,chase,swarm,-15.89,11.99,0.10
1544,2,strike,swarm,-15.55,12.86,0.97
1544,3,recover,bruiser,-16.63,12.18,0.67
1544,4,recover,pouncer,-16.88,13.20,1.49
1545,1,windup,swarm,-15.89,11.99,0.10
1545,2,strike,swarm,-15.37,12.71,0.95
1545,3,recover,bruiser,-16.63,12.18,0.67
1545,4,recover,pouncer,-16.88,13.20,1.49
1546,1,windup,swarm,-15.89,11.99,0.10
1546,2,strike,swarm,-15.34,12.69,0.95
1546,3,recover,bruiser,-16.63,12.18,0.67
1546,4,recover,pouncer,-16.88,13.20,1.49
1547,1,windup,swarm,-15.89,11.99,0.10
1547,2,strike,swarm,-15.21,12.60,0.99
1547,3,recover,bruiser,-16.63,12.18,0.67
1547,4,recover,pouncer,-16.88,13.20,1.49
1548,1,windup,swarm,-15.89,11.99,0.10
1548,2,strike,swarm,-15.18,12.57,1.00
1548,3,recover,bruiser,-16.63,12.18,0.67
1548,4,recover,pouncer,-16.88,13.20,1.49
1549,1,windup,swarm,-15.89,11.99,0.10
1549,2,strike,swarm,-15.08,12.49,1.04
1549,3,recover,bruiser,-16.63,12.18,0.67
1549,4,recover,pouncer,-16.88,13.20,1.49
1550,1,windup,swarm,-15.89,11.99,0.10
1550,2,strike,swarm,-15.05,12.47,1.05
1550,3,recover,bruiser,-16.63,12.18,0.67
1550,4,recover,pouncer,-16.88,13.20,1.49
1551,1,windup,swarm,-15.89,11.99,0.10
1551,2,recover,swarm,-14.94,12.35,1.11
1551,3,recover,bruiser,-16.63,12.18,0.67
1551,4,recover,pouncer,-16.88,13.20,1.49
1552,1,windup,swarm,-15.89,11.99,0.10
1552,2,recover,swarm,-14.94,12.35,1.11
1552,3,recover,bruiser,-16.63,12.18,0.67
1552,4,recover,pouncer,-16.88,13.20,1.49
1553,1,windup,swarm,-15.89,11.99,0.10
1553,2,recover,swarm,-14.94,12.35,1.11
1553,3,recover,bruiser,-16.63,12.18,0.67
1553,4,recover,pouncer,-16.88,13.20,1.49
1554,1,windup,swarm,-15.89,11.99,0.10
1554,2,recover,swarm,-14.94,12.35,1.11
1554,3,recover,bruiser,-16.63,12.18,0.67
1554,4,recover,pouncer,-16.88,13.20,1.49
1555,1,windup,swarm,-15.89,11.99,0.10
1555,2,recover,swarm,-14.94,12.35,1.11
1555,3,recover,bruiser,-16.63,12.18,0.67
1555,4,recover,pouncer,-16.88,13.20,1.49
1556,1,windup,swarm,-15.89,11.99,0.10
1556,2,recover,swarm,-14.94,12.35,1.11
1556,3,recover,bruiser,-16.63,12.18,0.67
1556,4,recover,pouncer,-16.88,13.20,1.49
1557,1,windup,swarm,-15.89,11.99,0.10
1557,2,recover,swarm,-14.94,12.35,1.11
1557,3,recover,bruiser,-16.63,12.18,0.67
1557,4,recover,pouncer,-16.88,13.20,1.49
1558,1,windup,swarm,-15.89,11.99,0.10
1558,2,recover,swarm,-14.94,12.35,1.11
1558,3,recover,bruiser,-16.63,12.18,0.67
1558,4,recover,pouncer,-16.88,13.20,1.49
1559,1,windup,swarm,-15.89,11.99,0.10
1559,2,recover,swarm,-14.94,12.35,1.11
1559,3,recover,bruiser,-16.63,12.18,0.67
1559,4,recover,pouncer,-16.88,13.20,1.49
1560,1,strike,swarm,-15.89,11.99,0.10
1560,2,recover,swarm,-14.94,12.35,1.11
1560,3,recover,bruiser,-16.63,12.18,0.67
1560,4,recover,pouncer,-16.88,13.20,1.49
1561,1,strike,swarm,-16.07,11.84,0.17
1561,2,recover,swarm,-14.94,12.35,1.11
1561,3,recover,bruiser,-16.63,12.18,0.67
1561,4,recover,pouncer,-16.88,13.20,1.49
1562,1,strike,swarm,-16.07,11.80,0.21
1562,2,recover,swarm,-14.94,12.35,1.11
1562,3,recover,bruiser,-16.63,12.18,0.67
1562,4,recover,pouncer,-16.88,13.20,1.49
1563,1,strike,swarm,-16.08,11.65,0.36
1563,2,recover,swarm,-14.94,12.35,1.11
1563,3,recover,bruiser,-16.63,12.18,0.67
1563,4,recover,pouncer,-16.88,13.20,1.49
1564,1,strike,swarm,-16.10,11.61,0.40
1564,2,recover,swarm,-14.94,12.35,1.11
1564,3,recover,bruiser,-16.63,12.18,0.67
1564,4,recover,pouncer,-16.88,13.20,1.49
1565,1,strike,swarm,-16.17,11.43,0.59
1565,2,recover,swarm,-14.94,12.35,1.11
1565,3,recover,bruiser,-16.63,12.18,0.67
1565,4,recover,pouncer,-16.88,13.20,1.49
1566,1,strike,swarm,-16.20,11.40,0.63
1566,2,recover,swarm,-14.94,12.35,1.11
1566,3,recover,bruiser,-16.63,12.18,0.67
1566,4,stalk,pouncer,-16.88,13.20,1.49
1567,1,strike,swarm,-16.30,11.30,0.76
1567,2,recover,swarm,-14.94,12.35,1.11
1567,3,recover,bruiser,-16.63,12.18,0.67
1567,4,crouch,pouncer,-16.87,13.27,1.54
1568,1,strike,swarm,-16.32,11.27,0.79
1568,2,recover,swarm,-14.94,12.35,1.11
1568,3,recover,bruiser,-16.63,12.18,0.67
1568,4,crouch,pouncer,-16.87,13.27,1.54
1569,1,strike,swarm,-16.48,11.16,0.97
1569,2,recover,swarm,-14.94,12.35,1.11
1569,3,recover,bruiser,-16.63,12.18,0.67
1569,4,crouch,pouncer,-16.87,13.27,1.54
1570,1,strike,swarm,-16.51,11.14,1.00
1570,2,recover,swarm,-14.94,12.35,1.11
1570,3,recover,bruiser,-16.63,12.18,0.67
1570,4,crouch,pouncer,-16.87,13.27,1.54
1571,1,strike,swarm,-16.67,11.06,1.15
1571,2,recover,swarm,-14.94,12.35,1.11
1571,3,recover,bruiser,-16.63,12.18,0.67
1571,4,crouch,pouncer,-16.87,13.27,1.54
1572,1,recover,swarm,-16.70,11.05,1.18
1572,2,recover,swarm,-14.94,12.35,1.11
1572,3,recover,bruiser,-16.63,12.18,0.67
1572,4,crouch,pouncer,-16.87,13.27,1.54
1573,1,recover,swarm,-16.70,11.05,1.18
1573,2,recover,swarm,-14.94,12.35,1.11
1573,3,recover,bruiser,-16.63,12.18,0.67
1573,4,crouch,pouncer,-16.87,13.27,1.54
1574,1,recover,swarm,-16.70,11.05,1.18
1574,2,recover,swarm,-14.94,12.35,1.11
1574,3,recover,bruiser,-16.63,12.18,0.67
1574,4,crouch,pouncer,-16.87,13.27,1.54
1575,1,recover,swarm,-16.70,11.05,1.18
1575,2,recover,swarm,-14.94,12.35,1.11
1575,3,recover,bruiser,-16.63,12.18,0.67
1575,4,crouch,pouncer,-16.87,13.27,1.54
1576,1,recover,swarm,-16.70,11.05,1.18
1576,2,recover,swarm,-14.94,12.35,1.11
1576,3,recover,bruiser,-16.63,12.18,0.67
1576,4,crouch,pouncer,-16.87,13.27,1.54
1577,1,recover,swarm,-16.70,11.05,1.18
1577,2,recover,swarm,-14.94,12.35,1.11
1577,3,recover,bruiser,-16.63,12.18,0.67
1577,4,crouch,pouncer,-16.87,13.27,1.54
1578,1,recover,swarm,-16.70,11.05,1.18
1578,2,recover,swarm,-14.94,12.35,1.11
1578,3,recover,bruiser,-16.63,12.18,0.67
1578,4,crouch,pouncer,-16.87,13.27,1.54
1579,1,recover,swarm,-16.70,11.05,1.18
1579,2,recover,swarm,-14.94,12.35,1.11
1579,3,recover,bruiser,-16.63,12.18,0.67
1579,4,crouch,pouncer,-16.87,13.27,1.54
1580,1,recover,swarm,-16.70,11.05,1.18
1580,2,recover,swarm,-14.94,12.35,1.11
1580,3,recover,bruiser,-16.63,12.18,0.67
1580,4,crouch,pouncer,-16.87,13.27,1.54
1581,1,recover,swarm,-16.70,11.05,1.18
1581,2,recover,swarm,-14.94,12.35,1.11
1581,3,recover,bruiser,-16.63,12.18,0.67
1581,4,crouch,pouncer,-16.87,13.27,1.54
1582,1,recover,swarm,-16.70,11.05,1.18
1582,2,recover,swarm,-14.94,12.35,1.11
1582,3,recover,bruiser,-16.63,12.18,0.67
1582,4,crouch,pouncer,-16.87,13.27,1.54
1583,1,recover,swarm,-16.70,11.05,1.18
1583,2,recover,swarm,-14.94,12.35,1.11
1583,3,recover,bruiser,-16.63,12.18,0.67
1583,4,crouch,pouncer,-16.87,13.27,1.54
1584,1,recover,swarm,-16.70,11.05,1.18
1584,2,recover,swarm,-14.94,12.35,1.11
1584,3,recover,bruiser,-16.63,12.18,0.67
1584,4,crouch,pouncer,-16.87,13.27,1.54
1585,1,recover,swarm,-16.70,11.05,1.18
1585,2,recover,swarm,-14.94,12.35,1.11
1585,3,recover,bruiser,-16.63,12.18,0.67
1585,4,crouch,pouncer,-16.87,13.27,1.54
1586,1,recover,swarm,-16.70,11.05,1.18
1586,2,recover,swarm,-14.94,12.35,1.11
1586,3,recover,bruiser,-16.63,12.18,0.67
1586,4,crouch,pouncer,-16.87,13.27,1.54
1587,1,recover,swarm,-16.70,11.05,1.18
1587,2,recover,swarm,-14.94,12.35,1.11
1587,3,recover,bruiser,-16.63,12.18,0.67
1587,4,crouch,pouncer,-16.87,13.27,1.54
1588,1,recover,swarm,-16.70,11.05,1.18
1588,2,recover,swarm,-14.94,12.35,1.11
1588,3,recover,bruiser,-16.63,12.18,0.67
1588,4,crouch,pouncer,-16.87,13.27,1.54
1589,1,recover,swarm,-16.70,11.05,1.18
1589,2,recover,swarm,-14.94,12.35,1.11
1589,3,recover,bruiser,-16.63,12.18,0.67
1589,4,crouch,pouncer,-16.87,13.27,1.54
1590,1,recover,swarm,-16.70,11.05,1.18
1590,2,recover,swarm,-14.94,12.35,1.11
1590,3,recover,bruiser,-16.63,12.18,0.67
1590,4,crouch,pouncer,-16.87,13.27,1.54
1591,1,recover,swarm,-16.70,11.05,1.18
1591,2,recover,swarm,-14.94,12.35,1.11
1591,3,recover,bruiser,-16.63,12.18,0.67
1591,4,crouch,pouncer,-16.87,13.27,1.54
1592,1,recover,swarm,-16.70,11.05,1.18
1592,2,chase,swarm,-14.94,12.35,1.11
1592,3,recover,bruiser,-16.63,12.18,0.67
1592,4,crouch,pouncer,-16.87,13.27,1.54
1593,1,recover,swarm,-16.70,11.05,1.18
1593,2,windup,swarm,-14.94,12.35,1.11
1593,3,recover,bruiser,-16.63,12.18,0.67
1593,4,crouch,pouncer,-16.87,13.27,1.54
1594,1,recover,swarm,-16.70,11.05,1.18
1594,2,windup,swarm,-14.94,12.35,1.11
1594,3,recover,bruiser,-16.63,12.18,0.67
1594,4,pounce,pouncer,-16.87,13.27,1.54
1595,1,recover,swarm,-16.70,11.05,1.18
1595,2,windup,swarm,-14.94,12.35,1.11
1595,3,recover,bruiser,-16.63,12.18,0.67
1595,4,pounce,pouncer,-16.73,13.14,1.36
1596,1,recover,swarm,-16.70,11.05,1.18
1596,2,windup,swarm,-14.94,12.35,1.11
1596,3,recover,bruiser,-16.63,12.18,0.67
1596,4,pounce,pouncer,-16.69,13.13,1.32
1597,1,recover,swarm,-16.70,11.05,1.18
1597,2,windup,swarm,-14.94,12.35,1.11
1597,3,recover,bruiser,-16.63,12.18,0.67
1597,4,pounce,pouncer,-16.47,13.08,1.18
1598,1,recover,swarm,-16.70,11.05,1.18
1598,2,windup,swarm,-14.94,12.35,1.11
1598,3,recover,bruiser,-16.63,12.18,0.67
1598,4,pounce,pouncer,-16.42,13.08,1.16
1599,1,recover,swarm,-16.70,11.05,1.18
1599,2,windup,swarm,-14.94,12.35,1.11
1599,3,recover,bruiser,-16.63,12.18,0.67
1599,4,pounce,pouncer,-16.23,13.05,1.08
1600,1,recover,swarm,-16.70,11.05,1.18
1600,2,windup,swarm,-14.94,12.35,1.11
1600,3,advance,bruiser,-16.63,12.18,0.67
1600,4,pounce,pouncer,-16.18,13.04,1.06
1601,1,recover,swarm,-16.70,11.05,1.18
1601,2,windup,swarm,-14.94,12.35,1.11
1601,3,windup,bruiser,-16.63,12.18,0.67
1601,4,pounce,pouncer,-15.96,12.98,0.99
1602,1,recover,swarm,-16.70,11.05,1.18
1602,2,windup,swarm,-14.94,12.35,1.11
1602,3,windup,bruiser,-16.63,12.18,0.67
1602,4,pounce,pouncer,-15.91,12.96,0.97
1603,1,recover,swarm,-16.70,11.05,1.18
1603,2,windup,swarm,-14.94,12.35,1.11
1603,3,windup,bruiser,-16.63,12.18,0.67
1603,4,pounce,pouncer,-15.65,12.83,0.90
1604,1,recover,swarm,-16.70,11.05,1.18
1604,2,windup,swarm,-14.94,12.35,1.11
1604,3,windup,bruiser,-16.63,12.18,0.67
1604,4,pounce,pouncer,-15.64,12.79,0.87
1605,1,recover,swarm,-16.70,11.05,1.18
1605,2,windup,swarm,-14.94,12.35,1.11
1605,3,windup,bruiser,-16.63,12.18,0.67
1605,4,pounce,pouncer,-15.64,12.61,0.71
1606,1,recover,swarm,-16.70,11.05,1.18
1606,2,windup,swarm,-14.94,12.35,1.11
1606,3,windup,bruiser,-16.63,12.18,0.67
1606,4,pounce,pouncer,-15.65,12.57,0.67
1607,1,recover,swarm,-16.70,11.05,1.18
1607,2,windup,swarm,-14.94,12.35,1.11
1607,3,windup,bruiser,-16.63,12.18,0.67
1607,4,pounce,pouncer,-15.69,12.31,0.44
1608,1,recover,swarm,-16.70,11.05,1.18
1608,2,windup,swarm,-14.94,12.35,1.11
1608,3,windup,bruiser,-16.63,12.18,0.67
1608,4,pounce,pouncer,-15.68,12.27,0.42
1609,1,recover,swarm,-16.70,11.05,1.18
1609,2,windup,swarm,-14.94,12.35,1.11
1609,3,windup,bruiser,-16.63,12.18,0.67
1609,4,pounce,pouncer,-15.64,12.03,0.35
1610,1,recover,swarm,-16.70,11.05,1.18
1610,2,strike,swarm,-14.94,12.35,1.11
1610,3,windup,bruiser,-16.63,12.18,0.67
1610,4,pounce,pouncer,-15.64,11.99,0.36
1611,1,recover,swarm,-16.70,11.05,1.18
1611,2,strike,swarm,-14.98,12.61,1.18
1611,3,windup,bruiser,-16.63,12.18,0.67
1611,4,pounce,pouncer,-15.58,11.60,0.57
1612,1,recover,swarm,-16.70,11.05,1.18
1612,2,strike,swarm,-15.01,12.60,1.15
1612,3,windup,bruiser,-16.63,12.18,0.67
1612,4,pounce,pouncer,-15.56,11.56,0.62
1613,1,recover,swarm,-16.70,11.05,1.18
1613,2,strike,swarm,-15.16,12.59,1.02
1613,3,windup,bruiser,-16.63,12.18,0.67
1613,4,pounce,pouncer,-15.44,11.37,0.84
1614,1,recover,swarm,-16.70,11.05,1.18
1614,2,strike,swarm,-15.20,12.58,0.98
1614,3,windup,bruiser,-16.63,12.18,0.67
1614,4,pounce,pouncer,-15.41,11.32,0.89
1615,1,recover,swarm,-16.70,11.05,1.18
1615,2,strike,swarm,-15.33,12.54,0.86
1615,3,windup,bruiser,-16.63,12.18,0.67
1615,4,pounce,pouncer,-15.31,11.15,1.09
1616,1,chase,swarm,-16.70,11.05,1.18
1616,2,strike,swarm,-15.36,12.53,0.83
1616,3,windup,bruiser,-16.63,12.18,0.67
1616,4,pounce,pouncer,-15.28,11.11,1.14
1617,1,windup,swarm,-16.70,11.05,1.18
1617,2,strike,swarm,-15.60,12.45,0.60
1617,3,windup,bruiser,-16.63,12.18,0.67
1617,4,recover,pouncer,-15.06,10.80,1.52
1618,1,windup,swarm,-16.70,11.05,1.18
1618,2,strike,swarm,-15.64,12.43,0.57
1618,3,windup,bruiser,-16.63,12.18,0.67
1618,4,recover,pouncer,-15.06,10.80,1.52
1619,1,windup,swarm,-16.70,11.05,1.18
1619,2,strike,swarm,-15.80,12.36,0.42
1619,3,windup,bruiser,-16.63,12.18,0.67
1619,4,recover,pouncer,-15.06,10.80,1.52
1620,1,windup,swarm,-16.70,11.05,1.18
1620,2,strike,swarm,-15.82,12.33,0.38
1620,3,windup,bruiser,-16.63,12.18,0.67
1620,4,recover,pouncer,-15.06,10.80,1.52
1621,1,windup,swarm,-16.70,11.05,1.18
1621,2,strike,swarm,-15.84,12.16,0.22
1621,3,windup,bruiser,-16.63,12.18,0.67
1621,4,recover,pouncer,-15.06,10.80,1.52
1622,1,windup,swarm,-16.70,11.05,1.18
1622,2,recover,swarm,-15.84,12.13,0.21
1622,3,windup,bruiser,-16.63,12.18,0.67
1622,4,recover,pouncer,-15.06,10.80,1.52
1623,1,windup,swarm,-16.70,11.05,1.18
1623,2,recover,swarm,-15.84,12.13,0.21
1623,3,windup,bruiser,-16.63,12.18,0.67
1623,4,recover,pouncer,-15.06,10.80,1.52
1624,1,windup,swarm,-16.70,11.05,1.18
1624,2,recover,swarm,-15.84,12.13,0.21
1624,3,windup,bruiser,-16.63,12.18,0.67
1624,4,recover,pouncer,-15.06,10.80,1.52
1625,1,windup,swarm,-16.70,11.05,1.18
1625,2,recover,swarm,-15.84,12.13,0.21
1625,3,windup,bruiser,-16.63,12.18,0.67
1625,4,recover,pouncer,-15.06,10.80,1.52
1626,1,windup,swarm,-16.70,11.05,1.18
1626,2,recover,swarm,-15.84,12.13,0.21
1626,3,windup,bruiser,-16.63,12.18,0.67
1626,4,recover,pouncer,-15.06,10.80,1.52
1627,1,windup,swarm,-16.70,11.05,1.18
1627,2,recover,swarm,-15.84,12.13,0.21
1627,3,windup,bruiser,-16.63,12.18,0.67
1627,4,recover,pouncer,-15.06,10.80,1.52
1628,1,windup,swarm,-16.70,11.05,1.18
1628,2,recover,swarm,-15.84,12.13,0.21
1628,3,windup,bruiser,-16.63,12.18,0.67
1628,4,recover,pouncer,-15.06,10.80,1.52
1629,1,windup,swarm,-16.70,11.05,1.18
1629,2,recover,swarm,-15.84,12.13,0.21
1629,3,windup,bruiser,-16.63,12.18,0.67
1629,4,recover,pouncer,-15.06,10.80,1.52
1630,1,windup,swarm,-16.70,11.05,1.18
1630,2,recover,swarm,-15.84,12.13,0.21
1630,3,windup,bruiser,-16.63,12.18,0.67
1630,4,recover,pouncer,-15.06,10.80,1.52
1631,1,windup,swarm,-16.70,11.05,1.18
1631,2,recover,swarm,-15.84,12.13,0.21
1631,3,windup,bruiser,-16.63,12.18,0.67
1631,4,recover,pouncer,-15.06,10.80,1.52
1632,1,strike,swarm,-16.70,11.05,1.18
1632,2,recover,swarm,-15.84,12.13,0.21
1632,3,windup,bruiser,-16.63,12.18,0.67
1632,4,recover,pouncer,-15.06,10.80,1.52
1633,1,strike,swarm,-16.65,11.10,1.11
1633,2,recover,swarm,-15.84,12.13,0.21
1633,3,windup,bruiser,-16.63,12.18,0.67
1633,4,recover,pouncer,-15.06,10.80,1.52
1634,1,strike,swarm,-16.55,11.16,1.00
1634,2,recover,swarm,-15.84,12.13,0.21
1634,3,windup,bruiser,-16.63,12.18,0.67
1634,4,recover,pouncer,-15.06,10.80,1.52
1635,1,strike,swarm,-16.47,11.17,0.95
1635,2,recover,swarm,-15.84,12.13,0.21
1635,3,windup,bruiser,-16.63,12.18,0.67
1635,4,recover,pouncer,-15.06,10.80,1.52
1636,1,strike,swarm,-16.37,11.17,0.90
1636,2,recover,swarm,-15.84,12.13,0.21
1636,3,windup,bruiser,-16.63,12.18,0.67
1636,4,recover,pouncer,-15.06,10.80,1.52
1637,1,strike,swarm,-16.27,11.16,0.88
1637,2,recover,swarm,-15.84,12.13,0.21
1637,3,windup,bruiser,-16.63,12.18,0.67
1637,4,recover,pouncer,-15.06,10.80,1.52
1638,1,strike,swarm,-16.17,11.16,0.86
1638,2,recover,swarm,-15.84,12.13,0.21
1638,3,windup,bruiser,-16.63,12.18,0.67
1638,4,recover,pouncer,-15.06,10.80,1.52
1639,1,strike,swarm,-16.07,11.17,0.83
1639,2,recover,swarm,-15.84,12.13,0.21
1639,3,windup,bruiser,-16.63,12.18,0.67
1639,4,recover,pouncer,-15.06,10.80,1.52
1640,1,strike,swarm,-15.98,11.22,0.78
1640,2,recover,swarm,-15.84,12.13,0.21
1640,3,windup,bruiser,-16.63,12.18,0.67
1640,4,recover,pouncer,-15.06,10.80,1.52
1641,1,strike,swarm,-15.90,11.27,0.74
1641,2,recover,swarm,-15.84,12.13,0.21
1641,3,strike,bruiser,-16.63,12.18,0.67
1641,4,recover,pouncer,-15.06,10.80,1.52
1642,1,strike,swarm,-15.81,11.32,0.70
1642,2,recover,swarm,-15.84,12.13,0.21
1642,3,strike,bruiser,-16.72,12.18,0.75
1642,4,recover,pouncer,-15.06,10.80,1.52
1643,1,strike,swarm,-15.77,11.41,0.62
1643,2,recover,swarm,-15.84,12.13,0.21
1643,3,strike,bruiser,-16.70,12.10,0.71
1643,4,recover,pouncer,-15.06,10.80,1.52
1644,1,strike,swarm,-15.67,11.40,0.68
1644,2,recover,swarm,-15.84,12.13,0.21
1644,3,strike,bruiser,-16.76,12.05,0.77
1644,4,recover,pouncer,-15.06,10.80,1.52
1645,1,strike,swarm,-15.61,11.47,0.65
1645,2,recover,swarm,-15.84,12.13,0.21
1645,3,strike,bruiser,-16.72,11.97,0.73
1645,4,recover,pouncer,-15.06,10.80,1.52
1646,1,strike,swarm,-15.50,11.52,0.69
1646,2,recover,swarm,-15.84,12.13,0.21
1646,3,strike,bruiser,-16.72,11.88,0.73
1646,4,recover,pouncer,-15.06,10.80,1.52
1647,1,recover,swarm,-15.43,11.56,0.71
1647,2,recover,swarm,-15.84,12.13,0.21
1647,3,strike,bruiser,-16.69,11.81,0.72
1647,4,recover,pouncer,-15.06,10.80,1.52
1648,1,recover,swarm,-15.43,11.56,0.71
1648,2,recover,swarm,-15.84,12.13,0.21
1648,3,strike,bruiser,-16.63,11.63,0.73
1648,4,recover,pouncer,-15.06,10.80,1.52
1649,1,recover,swarm,-15.43,11.56,0.71
1649,2,recover,swarm,-15.84,12.13,0.21
1649,3,strike,bruiser,-16.62,11.61,0.74
1649,4,recover,pouncer,-15.06,10.80,1.52
1650,1,recover,swarm,-15.43,11.56,0.71
1650,2,recover,swarm,-15.84,12.13,0.21
1650,3,strike,bruiser,-16.59,11.46,0.80
1650,4,recover,pouncer,-15.06,10.80,1.52
1651,1,recover,swarm,-15.43,11.56,0.71
1651,2,recover,swarm,-15.84,12.13,0.21
1651,3,strike,bruiser,-16.55,11.34,0.86
1651,4,recover,pouncer,-15.06,10.80,1.52
1652,1,recover,swarm,-15.43,11.56,0.71
1652,2,recover,swarm,-15.84,12.13,0.21
1652,3,strike,bruiser,-16.40,11.02,1.06
1652,4,recover,pouncer,-15.06,10.80,1.52
1653,1,recover,swarm,-15.43,11.56,0.71
1653,2,recover,swarm,-15.84,12.13,0.21
1653,3,recover,bruiser,-16.20,10.82,1.19
1653,4,recover,pouncer,-15.06,10.80,1.52
1654,1,recover,swarm,-15.43,11.56,0.71
1654,2,recover,swarm,-15.84,12.13,0.21
1654,3,recover,bruiser,-16.20,10.82,1.19
1654,4,recover,pouncer,-15.06,10.80,1.52
1655,1,recover,swarm,-15.43,11.56,0.71
1655,2,recover,swarm,-15.84,12.13,0.21
1655,3,recover,bruiser,-16.20,10.82,1.19
1655,4,recover,pouncer,-15.06,10.80,1.52
1656,1,recover,swarm,-15.43,11.56,0.71
1656,2,recover,swarm,-15.84,12.13,0.21
1656,3,recover,bruiser,-16.20,10.82,1.19
1656,4,recover,pouncer,-15.06,10.80,1.52
1657,1,recover,swarm,-15.43,11.56,0.71
1657,2,recover,swarm,-15.84,12.13,0.21
1657,3,recover,bruiser,-16.20,10.82,1.19
1657,4,recover,pouncer,-15.06,10.80,1.52
1658,1,recover,swarm,-15.43,11.56,0.71
1658,2,recover,swarm,-15.84,12.13,0.21
1658,3,recover,bruiser,-16.20,10.82,1.19
1658,4,recover,pouncer,-15.06,10.80,1.52
1659,1,recover,swarm,-15.43,11.56,0.71
1659,2,recover,swarm,-15.84,12.13,0.21
1659,3,recover,bruiser,-16.20,10.82,1.19
1659,4,recover,pouncer,-15.06,10.80,1.52
1660,1,recover,swarm,-15.43,11.56,0.71
1660,2,chase,swarm,-15.84,12.13,0.21
1660,3,recover,bruiser,-16.20,10.82,1.19
1660,4,recover,pouncer,-15.06,10.80,1.52
1661,1,recover,swarm,-15.43,11.56,0.71
1661,2,windup,swarm,-15.84,12.13,0.21
1661,3,recover,bruiser,-16.20,10.82,1.19
1661,4,recover,pouncer,-15.06,10.80,1.52
1662,1,recover,swarm,-15.43,11.56,0.71
1662,2,windup,swarm,-15.84,12.13,0.21
1662,3,recover,bruiser,-16.20,10.82,1.19
1662,4,recover,pouncer,-15.06,10.80,1.52
1663,1,recover,swarm,-15.43,11.56,0.71
1663,2,windup,swarm,-15.84,12.13,0.21
1663,3,recover,bruiser,-16.20,10.82,1.19
1663,4,recover,pouncer,-15.06,10.80,1.52
1664,1,recover,swarm,-15.43,11.56,0.71
1664,2,windup,swarm,-15.84,12.13,0.21
1664,3,recover,bruiser,-16.20,10.82,1.19
1664,4,recover,pouncer,-15.06,10.80,1.52
1665,1,recover,swarm,-15.43,11.56,0.71
1665,2,windup,swarm,-15.84,12.13,0.21
1665,3,recover,bruiser,-16.20,10.82,1.19
1665,4,recover,pouncer,-15.06,10.80,1.52
1666,1,recover,swarm,-15.43,11.56,0.71
1666,2,windup,swarm,-15.84,12.13,0.21
1666,3,recover,bruiser,-16.20,10.82,1.19
1666,4,recover,pouncer,-15.06,10.80,1.52
1667,1,recover,swarm,-15.43,11.56,0.71
1667,2,windup,swarm,-15.84,12.13,0.21
1667,3,recover,bruiser,-16.20,10.82,1.19
1667,4,recover,pouncer,-15.06,10.80,1.52
1668,1,recover,swarm,-15.43,11.56,0.71
1668,2,windup,swarm,-15.84,12.13,0.21
1668,3,recover,bruiser,-16.20,10.82,1.19
1668,4,recover,pouncer,-15.06,10.80,1.52
1669,1,recover,swarm,-15.43,11.56,0.71
1669,2,windup,swarm,-15.84,12.13,0.21
1669,3,recover,bruiser,-16.20,10.82,1.19
1669,4,recover,pouncer,-15.06,10.80,1.52
1670,1,recover,swarm,-15.43,11.56,0.71
1670,2,windup,swarm,-15.84,12.13,0.21
1670,3,recover,bruiser,-16.20,10.82,1.19
1670,4,recover,pouncer,-15.06,10.80,1.52
1671,1,recover,swarm,-15.43,11.56,0.71
1671,2,windup,swarm,-15.84,12.13,0.21
1671,3,recover,bruiser,-16.20,10.82,1.19
1671,4,recover,pouncer,-15.06,10.80,1.52
1672,1,recover,swarm,-15.43,11.56,0.71
1672,2,windup,swarm,-15.84,12.13,0.21
1672,3,recover,bruiser,-16.20,10.82,1.19
1672,4,recover,pouncer,-15.06,10.80,1.52
1673,1,recover,swarm,-15.43,11.56,0.71
1673,2,windup,swarm,-15.84,12.13,0.21
1673,3,recover,bruiser,-16.20,10.82,1.19
1673,4,recover,pouncer,-15.06,10.80,1.52
1674,1,recover,swarm,-15.43,11.56,0.71
1674,2,windup,swarm,-15.84,12.13,0.21
1674,3,recover,bruiser,-16.20,10.82,1.19
1674,4,recover,pouncer,-15.06,10.80,1.52
1675,1,recover,swarm,-15.43,11.56,0.71
1675,2,windup,swarm,-15.84,12.13,0.21
1675,3,recover,bruiser,-16.20,10.82,1.19
1675,4,recover,pouncer,-15.06,10.80,1.52
1676,1,recover,swarm,-15.43,11.56,0.71
1676,2,strike,swarm,-15.84,12.13,0.21
1676,3,recover,bruiser,-16.20,10.82,1.19
1676,4,recover,pouncer,-15.06,10.80,1.52
1677,1,recover,swarm,-15.43,11.56,0.71
1677,2,strike,swarm,-16.05,12.18,0.19
1677,3,recover,bruiser,-16.20,10.82,1.19
1677,4,recover,pouncer,-15.06,10.80,1.52
1678,1,recover,swarm,-15.43,11.56,0.71
1678,2,strike,swarm,-16.10,12.18,0.21
1678,3,recover,bruiser,-16.20,10.82,1.19
1678,4,recover,pouncer,-15.06,10.80,1.52
1679,1,recover,swarm,-15.43,11.56,0.71
1679,2,strike,swarm,-16.29,12.16,0.34
1679,3,recover,bruiser,-16.20,10.82,1.19
1679,4,recover,pouncer,-15.06,10.80,1.52
1680,1,recover,swarm,-15.43,11.56,0.71
1680,2,strike,swarm,-16.34,12.15,0.37
1680,3,recover,bruiser,-16.20,10.82,1.19
1680,4,recover,pouncer,-15.06,10.80,1.52
1681,1,recover,swarm,-15.43,11.56,0.71
1681,2,strike,swarm,-16.47,12.10,0.48
1681,3,recover,bruiser,-16.20,10.82,1.19
1681,4,recover,pouncer,-15.06,10.80,1.52
1682,1,chase,swarm,-15.43,11.56,0.71
1682,2,strike,swarm,-16.50,12.09,0.51
1682,3,recover,bruiser,-16.20,10.82,1.19
1682,4,recover,pouncer,-15.06,10.80,1.52
1683,1,windup,swarm,-15.43,11.56,0.71
1683,2,strike,swarm,-16.63,12.02,0.63
1683,3,recover,bruiser,-16.20,10.82,1.19
1683,4,stalk,pouncer,-15.06,10.80,1.52
1684,1,windup,swarm,-15.43,11.56,0.71
1684,2,strike,swarm,-16.67,11.99,0.67
1684,3,recover,bruiser,-16.20,10.82,1.19
1684,4,crouch,pouncer,-15.04,10.79,1.54
1685,1,windup,swarm,-15.43,11.56,0.71
1685,2,strike,swarm,-16.78,11.91,0.79
1685,3,recover,bruiser,-16.20,10.82,1.19
1685,4,crouch,pouncer,-15.04,10.79,1.54
1686,1,windup,swarm,-15.43,11.56,0.71
1686,2,strike,swarm,-16.82,11.89,0.83
1686,3,recover,bruiser,-16.20,10.82,1.19
1686,4,crouch,pouncer,-15.04,10.79,1.54
1687,1,windup,swarm,-15.43,11.56,0.71
1687,2,strike,swarm,-16.92,11.82,0.95
1687,3,recover,bruiser,-16.20,10.82,1.19
1687,4,crouch,pouncer,-15.04,10.79,1.54
1688,1,windup,swarm,-15.43,11.56,0.71
1688,2,strike,swarm,-16.96,11.80,0.98
1688,3,recover,bruiser,-16.20,10.82,1.19
1688,4,crouch,pouncer,-15.04,10.79,1.54
1689,1,windup,swarm,-15.43,11.56,0.71
1689,2,strike,swarm,-17.11,11.71,1.15
1689,3,recover,bruiser,-16.20,10.82,1.19
1689,4,crouch,pouncer,-15.04,10.79,1.54
1690,1,windup,swarm,-15.43,11.56,0.71
1690,2,recover,swarm,-17.14,11.68,1.18
1690,3,recover,bruiser,-16.20,10.82,1.19
1690,4,crouch,pouncer,-15.04,10.79,1.54
1691,1,windup,swarm,-15.43,11.56,0.71
1691,2,recover,swarm,-17.14,11.68,1.18
1691,3,recover,bruiser,-16.20,10.82,1.19
1691,4,crouch,pouncer,-15.04,10.79,1.54
1692,1,windup,swarm,-15.43,11.56,0.71
1692,2,recover,swarm,-17.14,11.68,1.18
1692,3,recover,bruiser,-16.20,10.82,1.19
1692,4,crouch,pouncer,-15.04,10.79,1.54
1693,1,windup,swarm,-15.43,11.56,0.71
1693,2,recover,swarm,-17.14,11.68,1.18
1693,3,recover,bruiser,-16.20,10.82,1.19
1693,4,crouch,pouncer,-15.04,10.79,1.54
1694,1,windup,swarm,-15.43,11.56,0.71
1694,2,recover,swarm,-17.14,11.68,1.18
1694,3,recover,bruiser,-16.20,10.82,1.19
1694,4,crouch,pouncer,-15.04,10.79,1.54
1695,1,windup,swarm,-15.43,11.56,0.71
1695,2,recover,swarm,-17.14,11.68,1.18
1695,3,recover,bruiser,-16.20,10.82,1.19
1695,4,crouch,pouncer,-15.04,10.79,1.54
1696,1,windup,swarm,-15.43,11.56,0.71
1696,2,recover,swarm,-17.14,11.68,1.18
1696,3,recover,bruiser,-16.20,10.82,1.19
1696,4,crouch,pouncer,-15.04,10.79,1.54
1697,1,windup,swarm,-15.43,11.56,0.71
1697,2,recover,swarm,-17.14,11.68,1.18
1697,3,recover,bruiser,-16.20,10.82,1.19
1697,4,crouch,pouncer,-15.04,10.79,1.54
1698,1,strike,swarm,-15.43,11.56,0.71
1698,2,recover,swarm,-17.14,11.68,1.18
1698,3,recover,bruiser,-16.20,10.82,1.19
1698,4,crouch,pouncer,-15.04,10.79,1.54
1699,1,strike,swarm,-15.51,11.73,0.55
1699,2,recover,swarm,-17.14,11.68,1.18
1699,3,recover,bruiser,-16.20,10.82,1.19
1699,4,crouch,pouncer,-15.04,10.79,1.54
1700,1,strike,swarm,-15.54,11.76,0.52
1700,2,recover,swarm,-17.14,11.68,1.18
1700,3,recover,bruiser,-16.20,10.82,1.19
1700,4,crouch,pouncer,-15.04,10.79,1.54
1701,1,strike,swarm,-15.64,11.92,0.36
1701,2,recover,swarm,-17.14,11.68,1.18
1701,3,recover,bruiser,-16.20,10.82,1.19
1701,4,crouch,pouncer,-15.04,10.79,1.54
1702,1,strike,swarm,-15.66,11.95,0.33
1702,2,recover,swarm,-17.14,11.68,1.18
1702,3,recover,bruiser,-16.20,10.82,1.19
1702,4,crouch,pouncer,-15.04,10.79,1.54
1703,1,strike,swarm,-15.77,12.05,0.23
1703,2,recover,swarm,-17.14,11.68,1.18
1703,3,recover,bruiser,-16.20,10.82,1.19
1703,4,crouch,pouncer,-15.04,10.79,1.54
1704,1,strike,swarm,-15.80,12.07,0.21
1704,2,recover,swarm,-17.14,11.68,1.18
1704,3,recover,bruiser,-16.20,10.82,1.19
1704,4,crouch,pouncer,-15.04,10.79,1.54
1705,1,strike,swarm,-15.92,12.16,0.18
1705,2,recover,swarm,-17.14,11.68,1.18
1705,3,recover,bruiser,-16.20,10.82,1.19
1705,4,crouch,pouncer,-15.04,10.79,1.54
1706,1,strike,swarm,-15.95,12.18,0.19
1706,2,recover,swarm,-17.14,11.68,1.18
1706,3,recover,bruiser,-16.20,10.82,1.19
1706,4,crouch,pouncer,-15.04,10.79,1.54
1707,1,strike,swarm,-16.15,12.34,0.38
1707,2,recover,swarm,-17.14,11.68,1.18
1707,3,recover,bruiser,-16.20,10.82,1.19
1707,4,crouch,pouncer,-15.04,10.79,1.54
1708,1,strike,swarm,-16.17,12.37,0.41
1708,2,recover,swarm,-17.14,11.68,1.18
1708,3,recover,bruiser,-16.20,10.82,1.19
1708,4,crouch,pouncer,-15.04,10.79,1.54
1709,1,strike,swarm,-16.26,12.48,0.55
1709,2,recover,swarm,-17.14,11.68,1.18
1709,3,recover,bruiser,-16.20,10.82,1.19
1709,4,crouch,pouncer,-15.04,10.79,1.54
1710,1,strike,swarm,-16.28,12.51,0.59
1710,2,recover,swarm,-17.14,11.68,1.18
1710,3,recover,bruiser,-16.20,10.82,1.19
1710,4,pounce,pouncer,-15.04,10.79,1.54
1711,1,recover,swarm,-16.39,12.64,0.76
1711,2,recover,swarm,-17.14,11.68,1.18
1711,3,recover,bruiser,-16.20,10.82,1.19
1711,4,pounce,pouncer,-15.15,11.02,1.29
1712,1,recover,swarm,-16.39,12.64,0.76
1712,2,recover,swarm,-17.14,11.68,1.18
1712,3,recover,bruiser,-16.20,10.82,1.19
1712,4,pounce,pouncer,-15.16,11.09,1.24
1713,1,recover,swarm,-16.39,12.64,0.76
1713,2,recover,swarm,-17.14,11.68,1.18
1713,3,recover,bruiser,-16.20,10.82,1.19
1713,4,pounce,pouncer,-15.22,11.38,0.99
1714,1,recover,swarm,-16.39,12.64,0.76
1714,2,recover,swarm,-17.14,11.68,1.18
1714,3,recover,bruiser,-16.20,10.82,1.19
1714,4,pounce,pouncer,-15.24,11.44,0.94
1715,1,recover,swarm,-16.39,12.64,0.76
1715,2,recover,swarm,-17.14,11.68,1.18
1715,3,advance,bruiser,-16.20,10.82,1.19
1715,4,pounce,pouncer,-15.30,11.61,0.79
1716,1,recover,swarm,-16.39,12.64,0.76
1716,2,recover,swarm,-17.14,11.68,1.18
1716,3,windup,bruiser,-16.20,10.82,1.19
1716,4,pounce,pouncer,-15.33,11.67,0.74
1717,1,recover,swarm,-16.39,12.64,0.76
1717,2,recover,swarm,-17.14,11.68,1.18
1717,3,windup,bruiser,-16.20,10.82,1.19
1717,4,pounce,pouncer,-15.42,11.84,0.60
1718,1,recover,swarm,-16.39,12.64,0.76
1718,2,recover,swarm,-17.14,11.68,1.18
1718,3,windup,bruiser,-16.20,10.82,1.19
1718,4,pounce,pouncer,-15.45,11.88,0.56
1719,1,recover,swarm,-16.39,12.64,0.76
1719,2,recover,swarm,-17.14,11.68,1.18
1719,3,windup,bruiser,-16.20,10.82,1.19
1719,4,pounce,pouncer,-15.60,12.09,0.41
1720,1,recover,swarm,-16.39,12.64,0.76
1720,2,recover,swarm,-17.14,11.68,1.18
1720,3,windup,bruiser,-16.20,10.82,1.19
1720,4,pounce,pouncer,-15.61,12.14,0.41
1721,1,recover,swarm,-16.39,12.64,0.76
1721,2,recover,swarm,-17.14,11.68,1.18
1721,3,windup,bruiser,-16.20,10.82,1.19
1721,4,pounce,pouncer,-15.61,12.39,0.55
1722,1,recover,swarm,-16.39,12.64,0.76
1722,2,recover,swarm,-17.14,11.68,1.18
1722,3,windup,bruiser,-16.20,10.82,1.19
1722,4,pounce,pouncer,-15.58,12.43,0.60
1723,1,recover,swarm,-16.39,12.64,0.76
1723,2,recover,swarm,-17.14,11.68,1.18
1723,3,windup,bruiser,-16.20,10.82,1.19
1723,4,pounce,pouncer,-15.37,12.87,1.08
1724,1,recover,swarm,-16.39,12.64,0.76
1724,2,recover,swarm,-17.14,11.68,1.18
1724,3,windup,bruiser,-16.20,10.82,1.19
1724,4,pounce,pouncer,-15.37,12.92,1.11
1725,1,recover,swarm,-16.39,12.64,0.76
1725,2,recover,swarm,-17.14,11.68,1.18
1725,3,windup,bruiser,-16.20,10.82,1.19
1725,4,pounce,pouncer,-15.44,13.33,1.45
1726,1,recover,swarm,-16.39,12.64,0.76
1726,2,recover,swarm,-17.14,11.68,1.18
1726,3,windup,bruiser,-16.20,10.82,1.19
1726,4,pounce,pouncer,-15.46,13.38,1.48
1727,1,recover,swarm,-16.39,12.64,0.76
1727,2,recover,swarm,-17.14,11.68,1.18
1727,3,windup,bruiser,-16.20,10.82,1.19
1727,4,pounce,pouncer,-15.56,13.58,1.64
1728,1,recover,swarm,-16.39,12.64,0.76
1728,2,chase,swarm,-17.14,11.68,1.18
1728,3,windup,bruiser,-16.20,10.82,1.19
1728,4,pounce,pouncer,-15.59,13.63,1.68
1729,1,recover,swarm,-16.39,12.64,0.76
1729,2,windup,swarm,-17.14,11.68,1.18
1729,3,windup,bruiser,-16.20,10.82,1.19
1729,4,pounce,pouncer,-15.73,13.83,1.86
1730,1,recover,swarm,-16.39,12.64,0.76
1730,2,windup,swarm,-17.14,11.68,1.18
1730,3,windup,bruiser,-16.20,10.82,1.19
1730,4,recover,pouncer,-15.77,13.88,1.89
1731,1,recover,swarm,-16.39,12.64,0.76
1731,2,windup,swarm,-17.14,11.68,1.18
1731,3,windup,bruiser,-16.20,10.82,1.19
1731,4,recover,pouncer,-15.77,13.88,1.89
1732,1,recover,swarm,-16.39,12.64,0.76
1732,2,windup,swarm,-17.14,11.68,1.18
1732,3,windup,bruiser,-16.20,10.82,1.19
1732,4,recover,pouncer,-15.77,13.88,1.89
1733,1,recover,swarm,-16.39,12.64,0.76
1733,2,windup,swarm,-17.14,11.68,1.18
1733,3,windup,bruiser,-16.20,10.82,1.19
1733,4,recover,pouncer,-15.77,13.88,1.89
1734,1,recover,swarm,-16.39,12.64,0.76
1734,2,windup,swarm,-17.14,11.68,1.18
1734,3,windup,bruiser,-16.20,10.82,1.19
1734,4,recover,pouncer,-15.77,13.88,1.89
1735,1,recover,swarm,-16.39,12.64,0.76
1735,2,windup,swarm,-17.14,11.68,1.18
1735,3,windup,bruiser,-16.20,10.82,1.19
1735,4,recover,pouncer,-15.77,13.88,1.89
1736,1,recover,swarm,-16.39,12.64,0.76
1736,2,windup,swarm,-17.14,11.68,1.18
1736,3,windup,bruiser,-16.20,10.82,1.19
1736,4,recover,pouncer,-15.77,13.88,1.89
1737,1,recover,swarm,-16.39,12.64,0.76
1737,2,windup,swarm,-17.14,11.68,1.18
1737,3,windup,bruiser,-16.20,10.82,1.19
1737,4,recover,pouncer,-15.77,13.88,1.89
1738,1,recover,swarm,-16.39,12.64,0.76
1738,2,windup,swarm,-17.14,11.68,1.18
1738,3,windup,bruiser,-16.20,10.82,1.19
1738,4,recover,pouncer,-15.77,13.88,1.89
1739,1,recover,swarm,-16.39,12.64,0.76
1739,2,windup,swarm,-17.14,11.68,1.18
1739,3,windup,bruiser,-16.20,10.82,1.19
1739,4,recover,pouncer,-15.77,13.88,1.89
1740,1,recover,swarm,-16.39,12.64,0.76
1740,2,windup,swarm,-17.14,11.68,1.18
1740,3,windup,bruiser,-16.20,10.82,1.19
1740,4,recover,pouncer,-15.77,13.88,1.89
1741,1,recover,swarm,-16.39,12.64,0.76
1741,2,windup,swarm,-17.14,11.68,1.18
1741,3,windup,bruiser,-16.20,10.82,1.19
1741,4,recover,pouncer,-15.77,13.88,1.89
1742,1,recover,swarm,-16.39,12.64,0.76
1742,2,windup,swarm,-17.14,11.68,1.18
1742,3,windup,bruiser,-16.20,10.82,1.19
1742,4,recover,pouncer,-15.77,13.88,1.89
1743,1,recover,swarm,-16.39,12.64,0.76
1743,2,windup,swarm,-17.14,11.68,1.18
1743,3,windup,bruiser,-16.20,10.82,1.19
1743,4,recover,pouncer,-15.77,13.88,1.89
1744,1,recover,swarm,-16.39,12.64,0.76
1744,2,strike,swarm,-17.14,11.68,1.18
1744,3,windup,bruiser,-16.20,10.82,1.19
1744,4,recover,pouncer,-15.77,13.88,1.89
1745,1,recover,swarm,-16.39,12.64,0.76
1745,2,strike,swarm,-17.02,11.71,1.07
1745,3,windup,bruiser,-16.20,10.82,1.19
1745,4,recover,pouncer,-15.77,13.88,1.89
1746,1,recover,swarm,-16.39,12.64,0.76
1746,2,strike,swarm,-16.98,11.72,1.02
1746,3,windup,bruiser,-16.20,10.82,1.19
1746,4,recover,pouncer,-15.77,13.88,1.89
1747,1,recover,swarm,-16.39,12.64,0.76
1747,2,strike,swarm,-16.81,11.74,0.85
1747,3,windup,bruiser,-16.20,10.82,1.19
1747,4,recover,pouncer,-15.77,13.88,1.89
1748,1,recover,swarm,-16.39,12.64,0.76
1748,2,strike,swarm,-16.76,11.75,0.81
1748,3,windup,bruiser,-16.20,10.82,1.19
1748,4,recover,pouncer,-15.77,13.88,1.89
1749,1,recover,swarm,-16.39,12.64,0.76
1749,2,strike,swarm,-16.59,11.76,0.64
1749,3,windup,bruiser,-16.20,10.82,1.19
1749,4,recover,pouncer,-15.77,13.88,1.89
1750,1,chase,swarm,-16.39,12.64,0.76
1750,2,strike,swarm,-16.55,11.76,0.61
1750,3,windup,bruiser,-16.20,10.82,1.19
1750,4,recover,pouncer,-15.77,13.88,1.89
1751,1,windup,swarm,-16.39,12.64,0.76
1751,2,strike,swarm,-16.33,11.77,0.40
1751,3,windup,bruiser,-16.20,10.82,1.19
1751,4,recover,pouncer,-15.77,13.88,1.89
1752,1,windup,swarm,-16.39,12.64,0.76
1752,2,strike,swarm,-16.30,11.78,0.37
1752,3,strike,bruiser,-16.20,10.82,1.19
1752,4,recover,pouncer,-15.77,13.88,1.89
1753,1,windup,swarm,-16.39,12.64,0.76
1753,2,strike,swarm,-16.15,11.79,0.26
1753,3,strike,bruiser,-16.13,10.92,1.09
1753,4,recover,pouncer,-15.77,13.88,1.89
1754,1,windup,swarm,-16.39,12.64,0.76
1754,2,strike,swarm,-16.12,11.80,0.24
1754,3,strike,bruiser,-16.11,10.93,1.07
1754,4,recover,pouncer,-15.77,13.88,1.89
1755,1,windup,swarm,-16.39,12.64,0.76
1755,2,strike,swarm,-15.99,11.84,0.16
1755,3,strike,bruiser,-16.01,10.99,1.00
1755,4,recover,pouncer,-15.77,13.88,1.89
1756,1,windup,swarm,-16.39,12.64,0.76
1756,2,strike,swarm,-15.96,11.85,0.15
1756,3,strike,bruiser,-15.98,11.00,0.99
1756,4,recover,pouncer,-15.77,13.88,1.89
1757,1,windup,swarm,-16.39,12.64,0.76
1757,2,strike,swarm,-15.79,11.91,0.23
1757,3,strike,bruiser,-15.85,11.07,0.94
1757,4,recover,pouncer,-15.77,13.88,1.89
1758,1,windup,swarm,-16.39,12.64,0.76
1758,2,recover,swarm,-15.76,11.92,0.25
1758,3,strike,bruiser,-15.82,11.08,0.93
1758,4,recover,pouncer,-15.77,13.88,1.89
1759,1,windup,swarm,-16.39,12.64,0.76
1759,2,recover,swarm,-15.76,11.92,0.25
1759,3,strike,bruiser,-15.50,11.29,0.86
1759,4,recover,pouncer,-15.77,13.88,1.89
1760,1,windup,swarm,-16.39,12.64,0.76
1760,2,recover,swarm,-15.76,11.92,0.25
1760,3,strike,bruiser,-15.47,11.29,0.88
1760,4,recover,pouncer,-15.77,13.88,1.89
1761,1,windup,swarm,-16.39,12.64,0.76
1761,2,recover,swarm,-15.76,11.92,0.25
1761,3,strike,bruiser,-15.35,11.27,0.98
1761,4,recover,pouncer,-15.77,13.88,1.89
1762,1,windup,swarm,-16.39,12.64,0.76
1762,2,recover,swarm,-15.76,11.92,0.25
1762,3,strike,bruiser,-15.32,11.27,0.99
1762,4,recover,pouncer,-15.77,13.88,1.89
1763,1,windup,swarm,-16.39,12.64,0.76
1763,2,recover,swarm,-15.76,11.92,0.25
1763,3,strike,bruiser,-15.20,11.29,1.06
1763,4,recover,pouncer,-15.77,13.88,1.89
1764,1,strike,swarm,-16.39,12.64,0.76
1764,2,recover,swarm,-15.76,11.92,0.25
1764,3,strike,bruiser,-15.17,11.30,1.08
1764,4,recover,pouncer,-15.77,13.88,1.89
1765,1,strike,swarm,-16.35,12.45,0.58
1765,2,recover,swarm,-15.76,11.92,0.25
1765,3,strike,bruiser,-15.02,11.37,1.16
1765,4,recover,pouncer,-15.77,13.88,1.89
1766,1,strike,swarm,-16.37,12.43,0.58
1766,2,recover,swarm,-15.76,11.92,0.25
1766,3,strike,bruiser,-15.00,11.38,1.17
1766,4,recover,pouncer,-15.77,13.88,1.89
1767,1,strike,swarm,-16.50,12.33,0.60
1767,2,recover,swarm,-15.76,11.92,0.25
1767,3,recover,bruiser,-14.89,11.46,1.23
1767,4,recover,pouncer,-15.77,13.88,1.89
1768,1,strike,swarm,-16.51,12.30,0.60
1768,2,recover,swarm,-15.76,11.92,0.25
1768,3,recover,bruiser,-14.89,11.46,1.23
1768,4,recover,pouncer,-15.77,13.88,1.89
1769,1,strike,swarm,-16.61,12.16,0.63
1769,2,recover,swarm,-15.76,11.92,0.25
1769,3,recover,bruiser,-14.89,11.46,1.23
1769,4,recover,pouncer,-15.77,13.88,1.89
1770,1,strike,swarm,-16.62,12.13,0.64
1770,2,recover,swarm,-15.76,11.92,0.25
1770,3,recover,bruiser,-14.89,11.46,1.23
1770,4,recover,pouncer,-15.77,13.88,1.89
1771,1,strike,swarm,-16.70,11.94,0.71
1771,2,recover,swarm,-15.76,11.92,0.25
1771,3,recover,bruiser,-14.89,11.46,1.23
1771,4,recover,pouncer,-15.77,13.88,1.89
1772,1,strike,swarm,-16.71,11.90,0.72
1772,2,recover,swarm,-15.76,11.92,0.25
1772,3,recover,bruiser,-14.89,11.46,1.23
1772,4,recover,pouncer,-15.77,13.88,1.89
1773,1,strike,swarm,-16.74,11.76,0.78
1773,2,recover,swarm,-15.76,11.92,0.25
1773,3,recover,bruiser,-14.89,11.46,1.23
1773,4,recover,pouncer,-15.77,13.88,1.89
1774,1,strike,swarm,-16.74,11.73,0.79
1774,2,recover,swarm,-15.76,11.92,0.25
1774,3,recover,bruiser,-14.89,11.46,1.23
1774,4,recover,pouncer,-15.77,13.88,1.89
1775,1,strike,swarm,-16.76,11.52,0.90
1775,2,recover,swarm,-15.76,11.92,0.25
1775,3,recover,bruiser,-14.89,11.46,1.23
1775,4,recover,pouncer,-15.77,13.88,1.89
1776,1,strike,swarm,-16.75,11.48,0.91
1776,2,recover,swarm,-15.76,11.92,0.25
1776,3,recover,bruiser,-14.89,11.46,1.23
1776,4,recover,pouncer,-15.77,13.88,1.89
1777,1,recover,swarm,-16.73,11.33,1.00
1777,2,recover,swarm,-15.76,11.92,0.25
1777,3,recover,bruiser,-14.89,11.46,1.23
1777,4,recover,pouncer,-15.77,13.88,1.89
1778,1,recover,swarm,-16.73,11.33,1.00
1778,2,recover,swarm,-15.76,11.92,0.25
1778,3,recover,bruiser,-14.89,11.46,1.23
1778,4,recover,pouncer,-15.77,13.88,1.89
1779,1,recover,swarm,-16.73,11.33,1.00
1779,2,recover,swarm,-15.76,11.92,0.25
1779,3,recover,bruiser,-14.89,11.46,1.23
1779,4,recover,pouncer,-15.77,13.88,1.89
1780,1,recover,swarm,-16.73,11.33,1.00
1780,2,recover,swarm,-15.76,11.92,0.25
1780,3,recover,bruiser,-14.89,11.46,1.23
1780,4,recover,pouncer,-15.77,13.88,1.89
1781,1,recover,swarm,-16.73,11.33,1.00
1781,2,recover,swarm,-15.76,11.92,0.25
1781,3,recover,bruiser,-14.89,11.46,1.23
1781,4,recover,pouncer,-15.77,13.88,1.89
1782,1,recover,swarm,-16.73,11.33,1.00
1782,2,recover,swarm,-15.76,11.92,0.25
1782,3,recover,bruiser,-14.89,11.46,1.23
1782,4,recover,pouncer,-15.77,13.88,1.89
1783,1,recover,swarm,-16.73,11.33,1.00
1783,2,recover,swarm,-15.76,11.92,0.25
1783,3,recover,bruiser,-14.89,11.46,1.23
1783,4,recover,pouncer,-15.77,13.88,1.89
1784,1,recover,swarm,-16.73,11.33,1.00
1784,2,recover,swarm,-15.76,11.92,0.25
1784,3,recover,bruiser,-14.89,11.46,1.23
1784,4,recover,pouncer,-15.77,13.88,1.89
1785,1,recover,swarm,-16.73,11.33,1.00
1785,2,recover,swarm,-15.76,11.92,0.25
1785,3,recover,bruiser,-14.89,11.46,1.23
1785,4,recover,pouncer,-15.77,13.88,1.89
1786,1,recover,swarm,-16.73,11.33,1.00
1786,2,recover,swarm,-15.76,11.92,0.25
1786,3,recover,bruiser,-14.89,11.46,1.23
1786,4,recover,pouncer,-15.77,13.88,1.89
1787,1,recover,swarm,-16.73,11.33,1.00
1787,2,recover,swarm,-15.76,11.92,0.25
1787,3,recover,bruiser,-14.89,11.46,1.23
1787,4,recover,pouncer,-15.77,13.88,1.89
1788,1,recover,swarm,-16.73,11.33,1.00
1788,2,recover,swarm,-15.76,11.92,0.25
1788,3,recover,bruiser,-14.89,11.46,1.23
1788,4,recover,pouncer,-15.77,13.88,1.89
1789,1,recover,swarm,-16.73,11.33,1.00
1789,2,recover,swarm,-15.76,11.92,0.25
1789,3,recover,bruiser,-14.89,11.46,1.23
1789,4,recover,pouncer,-15.77,13.88,1.89
1790,1,recover,swarm,-16.73,11.33,1.00
1790,2,recover,swarm,-15.76,11.92,0.25
1790,3,recover,bruiser,-14.89,11.46,1.23
1790,4,recover,pouncer,-15.77,13.88,1.89
1791,1,recover,swarm,-16.73,11.33,1.00
1791,2,recover,swarm,-15.76,11.92,0.25
1791,3,recover,bruiser,-14.89,11.46,1.23
1791,4,recover,pouncer,-15.77,13.88,1.89
1792,1,recover,swarm,-16.73,11.33,1.00
1792,2,recover,swarm,-15.76,11.92,0.25
1792,3,recover,bruiser,-14.89,11.46,1.23
1792,4,recover,pouncer,-15.77,13.88,1.89
1793,1,recover,swarm,-16.73,11.33,1.00
1793,2,recover,swarm,-15.76,11.92,0.25
1793,3,recover,bruiser,-14.89,11.46,1.23
1793,4,recover,pouncer,-15.77,13.88,1.89
1794,1,recover,swarm,-16.73,11.33,1.00
1794,2,recover,swarm,-15.76,11.92,0.25
1794,3,recover,bruiser,-14.89,11.46,1.23
1794,4,recover,pouncer,-15.77,13.88,1.89
1795,1,recover,swarm,-16.73,11.33,1.00
1795,2,recover,swarm,-15.76,11.92,0.25
1795,3,recover,bruiser,-14.89,11.46,1.23
1795,4,recover,pouncer,-15.77,13.88,1.89
1796,1,recover,swarm,-16.73,11.33,1.00
1796,2,recover,swarm,-15.76,11.92,0.25
1796,3,recover,bruiser,-14.89,11.46,1.23
1796,4,recover,pouncer,-15.77,13.88,1.89
1797,1,recover,swarm,-16.73,11.33,1.00
1797,2,recover,swarm,-15.76,11.92,0.25
1797,3,recover,bruiser,-14.89,11.46,1.23
1797,4,recover,pouncer,-15.77,13.88,1.89
1798,1,recover,swarm,-16.73,11.33,1.00
1798,2,chase,swarm,-15.76,11.92,0.25
1798,3,recover,bruiser,-14.89,11.46,1.23
1798,4,stalk,pouncer,-15.77,13.88,1.89
1799,1,recover,swarm,-16.73,11.33,1.00
1799,2,windup,swarm,-15.76,11.92,0.25
1799,3,recover,bruiser,-14.89,11.46,1.23
1799,4,crouch,pouncer,-15.82,13.93,1.94
1800,1,recover,swarm,-16.73,11.33,1.00
1800,2,windup,swarm,-15.76,11.92,0.25
1800,3,recover,bruiser,-14.89,11.46,1.23
1800,4,crouch,pouncer,-15.82,13.93,1.94
1801,1,recover,swarm,-16.73,11.33,1.00
1801,2,windup,swarm,-15.76,11.92,0.25
1801,3,recover,bruiser,-14.89,11.46,1.23
1801,4,crouch,pouncer,-15.82,13.93,1.94
1802,1,recover,swarm,-16.73,11.33,1.00
1802,2,windup,swarm,-15.76,11.92,0.25
1802,3,recover,bruiser,-14.89,11.46,1.23
1802,4,crouch,pouncer,-15.82,13.93,1.94
1803,1,recover,swarm,-16.73,11.33,1.00
1803,2,windup,swarm,-15.76,11.92,0.25
1803,3,recover,bruiser,-14.89,11.46,1.23
1803,4,crouch,pouncer,-15.82,13.93,1.94
1804,1,recover,swarm,-16.73,11.33,1.00
1804,2,windup,swarm,-15.76,11.92,0.25
1804,3,recover,bruiser,-14.89,11.46,1.23
1804,4,crouch,pouncer,-15.82,13.93,1.94
1805,1,recover,swarm,-16.73,11.33,1.00
1805,2,windup,swarm,-15.76,11.92,0.25
1805,3,recover,bruiser,-14.89,11.46,1.23
1805,4,crouch,pouncer,-15.82,13.93,1.94
1806,1,recover,swarm,-16.73,11.33,1.00
1806,2,windup,swarm,-15.76,11.92,0.25
1806,3,recover,bruiser,-14.89,11.46,1.23
1806,4,crouch,pouncer,-15.82,13.93,1.94
1807,1,recover,swarm,-16.73,11.33,1.00
1807,2,windup,swarm,-15.76,11.92,0.25
1807,3,recover,bruiser,-14.89,11.46,1.23
1807,4,crouch,pouncer,-15.82,13.93,1.94
1808,1,recover,swarm,-16.73,11.33,1.00
1808,2,windup,swarm,-15.76,11.92,0.25
1808,3,recover,bruiser,-14.89,11.46,1.23
1808,4,crouch,pouncer,-15.82,13.93,1.94
1809,1,recover,swarm,-16.73,11.33,1.00
1809,2,windup,swarm,-15.76,11.92,0.25
1809,3,recover,bruiser,-14.89,11.46,1.23
1809,4,crouch,pouncer,-15.82,13.93,1.94
1810,1,chase,swarm,-16.73,11.33,1.00
1810,2,strike,swarm,-15.76,11.92,0.25
1810,3,recover,bruiser,-14.89,11.46,1.23
1810,4,pounce,pouncer,-15.82,13.93,1.94
1811,1,windup,swarm,-16.73,11.33,1.00
1811,2,strike,swarm,-15.92,12.02,0.08
1811,3,recover,bruiser,-14.89,11.46,1.23
1811,4,pounce,pouncer,-15.85,13.65,1.66
1812,1,windup,swarm,-16.73,11.33,1.00
1812,2,strike,swarm,-15.95,12.05,0.07
1812,3,recover,bruiser,-14.89,11.46,1.23
1812,4,pounce,pouncer,-15.85,13.59,1.60
1813,1,windup,swarm,-16.73,11.33,1.00
1813,2,strike,swarm,-16.15,12.24,0.29
1813,3,recover,bruiser,-14.89,11.46,1.23
1813,4,pounce,pouncer,-15.89,13.18,1.18
1814,1,windup,swarm,-16.73,11.33,1.00
1814,2,strike,swarm,-16.19,12.24,0.31
1814,3,recover,bruiser,-14.89,11.46,1.23
1814,4,pounce,pouncer,-15.88,13.12,1.13
1815,1,windup,swarm,-16.73,11.33,1.00
1815,2,strike,swarm,-16.42,12.24,0.49
1815,3,recover,bruiser,-14.89,11.46,1.23
1815,4,pounce,pouncer,-15.73,12.81,0.86
1816,1,windup,swarm,-16.73,11.33,1.00
1816,2,strike,swarm,-16.45,12.25,0.52
1816,3,advance,bruiser,-14.89,11.46,1.23
1816,4,pounce,pouncer,-15.69,12.78,0.84
1817,1,windup,swarm,-16.73,11.33,1.00
1817,2,strike,swarm,-16.70,12.35,0.79
1817,3,windup,bruiser,-14.89,11.46,1.23
1817,4,pounce,pouncer,-15.41,12.48,0.76
1818,1,windup,swarm,-16.73,11.33,1.00
1818,2,strike,swarm,-16.73,12.37,0.82
1818,3,windup,bruiser,-14.89,11.46,1.23
1818,4,pounce,pouncer,-15.43,12.44,0.72
1819,1,windup,swarm,-16.73,11.33,1.00
1819,2,strike,swarm,-16.85,12.47,0.98
1819,3,windup,bruiser,-14.89,11.46,1.23
1819,4,pounce,pouncer,-15.52,12.21,0.53
1820,1,windup,swarm,-16.73,11.33,1.00
1820,2,strike,swarm,-16.88,12.49,1.01
1820,3,windup,bruiser,-14.89,11.46,1.23
1820,4,pounce,pouncer,-15.55,12.18,0.48
1821,1,windup,swarm,-16.73,11.33,1.00
1821,2,recover,swarm,-17.06,12.59,1.21
1821,3,windup,bruiser,-14.89,11.46,1.23
1821,4,pounce,pouncer,-15.77,11.96,0.23
1822,1,strike,swarm,-16.73,11.33,1.00
1822,2,recover,swarm,-17.06,12.59,1.21
1822,3,windup,bruiser,-14.89,11.46,1.23
1822,4,pounce,pouncer,-15.80,11.92,0.21
1823,1,strike,swarm,-16.55,11.53,0.73
1823,2,recover,swarm,-17.06,12.59,1.21
1823,3,windup,bruiser,-14.89,11.46,1.23
1823,4,pounce,pouncer,-15.98,11.56,0.44
1824,1,strike,swarm,-16.59,11.55,0.74
1824,2,recover,swarm,-17.06,12.59,1.21
1824,3,windup,bruiser,-14.89,11.46,1.23
1824,4,pounce,pouncer,-15.94,11.52,0.48
1825,1,strike,swarm,-16.81,11.77,0.84
1825,2,recover,swarm,-17.06,12.59,1.21
1825,3,windup,bruiser,-14.89,11.46,1.23
1825,4,pounce,pouncer,-15.67,11.13,0.93
1826,1,strike,swarm,-16.77,11.77,0.81
1826,2,recover,swarm,-17.06,12.59,1.21
1826,3,windup,bruiser,-14.89,11.46,1.23
1826,4,recover,pouncer,-15.70,11.08,0.96
1827,1,strike,swarm,-16.48,11.74,0.55
1827,2,recover,swarm,-17.06,12.59,1.21
1827,3,windup,bruiser,-14.89,11.46,1.23
1827,4,recover,pouncer,-15.70,11.08,0.96
1828,1,strike,swarm,-16.45,11.76,0.51
1828,2,recover,swarm,-17.06,12.59,1.21
1828,3,windup,bruiser,-14.89,11.46,1.23
1828,4,recover,pouncer,-15.70,11.08,0.96
1829,1,strike,swarm,-16.32,11.89,0.34
1829,2,recover,swarm,-17.06,12.59,1.21
1829,3,windup,bruiser,-14.89,11.46,1.23
1829,4,recover,pouncer,-15.70,11.08,0.96
1830,1,strike,swarm,-16.29,11.91,0.31
1830,2,recover,swarm,-17.06,12.59,1.21
1830,3,windup,bruiser,-14.89,11.46,1.23
1830,4,recover,pouncer,-15.70,11.08,0.96
1831,1,strike,swarm,-16.19,12.00,0.20
1831,2,recover,swarm,-17.06,12.59,1.21
1831,3,windup,bruiser,-14.89,11.46,1.23
1831,4,recover,pouncer,-15.70,11.08,0.96
1832,1,recover,swarm,-16.16,12.03,0.17
1832,2,recover,swarm,-17.06,12.59,1.21
1832,3,windup,bruiser,-14.89,11.46,1.23
1832,4,recover,pouncer,-15.70,11.08,0.96
1833,1,recover,swarm,-16.16,12.03,0.17
1833,2,recover,swarm,-17.06,12.59,1.21
1833,3,windup,bruiser,-14.89,11.46,1.23
1833,4,recover,pouncer,-15.70,11.08,0.96
1834,1,recover,swarm,-16.16,12.03,0.17
1834,2,recover,swarm,-17.06,12.59,1.21
1834,3,windup,bruiser,-14.89,11.46,1.23
1834,4,recover,pouncer,-15.70,11.08,0.96
1835,1,recover,swarm,-16.16,12.03,0.17
1835,2,recover,swarm,-17.06,12.59,1.21
1835,3,windup,bruiser,-14.89,11.46,1.23
1835,4,recover,pouncer,-15.70,11.08,0.96
1836,1,recover,swarm,-16.16,12.03,0.17
1836,2,recover,swarm,-17.06,12.59,1.21
1836,3,windup,bruiser,-14.89,11.46,1.23
1836,4,recover,pouncer,-15.70,11.08,0.96
1837,1,recover,swarm,-16.16,12.03,0.17
1837,2,recover,swarm,-17.06,12.59,1.21
1837,3,windup,bruiser,-14.89,11.46,1.23
1837,4,recover,pouncer,-15.70,11.08,0.96
1838,1,recover,swarm,-16.16,12.03,0.17
1838,2,recover,swarm,-17.06,12.59,1.21
1838,3,windup,bruiser,-14.89,11.46,1.23
1838,4,recover,pouncer,-15.70,11.08,0.96
1839,1,recover,swarm,-16.16,12.03,0.17
1839,2,recover,swarm,-17.06,12.59,1.21
1839,3,windup,bruiser,-14.89,11.46,1.23
1839,4,recover,pouncer,-15.70,11.08,0.96
1840,1,recover,swarm,-16.16,12.03,0.17
1840,2,recover,swarm,-17.06,12.59,1.21
1840,3,windup,bruiser,-14.89,11.46,1.23
1840,4,recover,pouncer,-15.70,11.08,0.96
1841,1,recover,swarm,-16.16,12.03,0.17
1841,2,recover,swarm,-17.06,12.59,1.21
1841,3,windup,bruiser,-14.89,11.46,1.23
1841,4,recover,pouncer,-15.70,11.08,0.96
1842,1,recover,swarm,-16.16,12.03,0.17
1842,2,recover,swarm,-17.06,12.59,1.21
1842,3,windup,bruiser,-14.89,11.46,1.23
1842,4,recover,pouncer,-15.70,11.08,0.96
1843,1,recover,swarm,-16.16,12.03,0.17
1843,2,recover,swarm,-17.06,12.59,1.21
1843,3,windup,bruiser,-14.89,11.46,1.23
1843,4,recover,pouncer,-15.70,11.08,0.96
1844,1,recover,swarm,-16.16,12.03,0.17
1844,2,recover,swarm,-17.06,12.59,1.21
1844,3,windup,bruiser,-14.89,11.46,1.23
1844,4,recover,pouncer,-15.70,11.08,0.96
1845,1,recover,swarm,-16.16,12.03,0.17
1845,2,recover,swarm,-17.06,12.59,1.21
1845,3,windup,bruiser,-14.89,11.46,1.23
1845,4,recover,pouncer,-15.70,11.08,0.96
1846,1,recover,swarm,-16.16,12.03,0.17
1846,2,recover,swarm,-17.06,12.59,1.21
1846,3,windup,bruiser,-14.89,11.46,1.23
1846,4,recover,pouncer,-15.70,11.08,0.96
1847,1,recover,swarm,-16.16,12.03,0.17
1847,2,recover,swarm,-17.06,12.59,1.21
1847,3,windup,bruiser,-14.89,11.46,1.23
1847,4,recover,pouncer,-15.70,11.08,0.96
1848,1,recover,swarm,-16.16,12.03,0.17
1848,2,recover,swarm,-17.06,12.59,1.21
1848,3,windup,bruiser,-14.89,11.46,1.23
1848,4,recover,pouncer,-15.70,11.08,0.96
1849,1,recover,swarm,-16.16,12.03,0.17
1849,2,recover,swarm,-17.06,12.59,1.21
1849,3,windup,bruiser,-14.89,11.46,1.23
1849,4,recover,pouncer,-15.70,11.08,0.96
1850,1,recover,swarm,-16.16,12.03,0.17
1850,2,recover,swarm,-17.06,12.59,1.21
1850,3,windup,bruiser,-14.89,11.46,1.23
1850,4,recover,pouncer,-15.70,11.08,0.96
1851,1,recover,swarm,-16.16,12.03,0.17
1851,2,recover,swarm,-17.06,12.59,1.21
1851,3,strike,bruiser,-14.89,11.46,1.23
1851,4,recover,pouncer,-15.70,11.08,0.96
1852,1,recover,swarm,-16.16,12.03,0.17
1852,2,chase,swarm,-17.06,12.59,1.21
1852,3,strike,bruiser,-14.90,11.50,1.21
1852,4,recover,pouncer,-15.70,11.08,0.96
1853,1,recover,swarm,-16.16,12.03,0.17
1853,2,windup,swarm,-17.06,12.59,1.21
1853,3,strike,bruiser,-14.92,11.60,1.14
1853,4,recover,pouncer,-15.70,11.08,0.96
1854,1,recover,swarm,-16.16,12.03,0.17
1854,2,windup,swarm,-17.06,12.59,1.21
1854,3,strike,bruiser,-14.93,11.63,1.12
1854,4,recover,pouncer,-15.70,11.08,0.96
1855,1,recover,swarm,-16.16,12.03,0.17
1855,2,windup,swarm,-17.06,12.59,1.21
1855,3,recover,bruiser,-15.00,11.83,1.00
1855,4,recover,pouncer,-15.70,11.08,0.96
1856,1,recover,swarm,-16.16,12.03,0.17
1856,2,windup,swarm,-17.06,12.59,1.21
1856,3,recover,bruiser,-15.00,11.83,1.00
1856,4,recover,pouncer,-15.70,11.08,0.96
1857,1,recover,swarm,-16.16,12.03,0.17
1857,2,windup,swarm,-17.06,12.59,1.21
1857,3,recover,bruiser,-15.00,11.83,1.00
1857,4,recover,pouncer,-15.70,11.08,0.96
1858,1,chase,swarm,-16.16,12.03,0.17
1858,2,windup,swarm,-17.06,12.59,1.21
1858,3,recover,bruiser,-15.00,11.83,1.00
1858,4,recover,pouncer,-15.70,11.08,0.96
1859,1,windup,swarm,-16.16,12.03,0.17
1859,2,windup,swarm,-17.06,12.59,1.21
1859,3,recover,bruiser,-15.00,11.83,1.00
1859,4,recover,pouncer,-15.70,11.08,0.96
1860,1,windup,swarm,-16.16,12.03,0.17
1860,2,windup,swarm,-17.06,12.59,1.21
1860,3,recover,bruiser,-15.00,11.83,1.00
1860,4,recover,pouncer,-15.70,11.08,0.96
1861,1,windup,swarm,-16.16,12.03,0.17
1861,2,windup,swarm,-17.06,12.59,1.21
1861,3,recover,bruiser,-15.00,11.83,1.00
1861,4,recover,pouncer,-15.70,11.08,0.96
1862,1,windup,swarm,-16.16,12.03,0.17
1862,2,windup,swarm,-17.06,12.59,1.21
1862,3,recover,bruiser,-15.00,11.83,1.00
1862,4,recover,pouncer,-15.70,11.08,0.96
1863,1,windup,swarm,-16.16,12.03,0.17
1863,2,windup,swarm,-17.06,12.59,1.21
1863,3,recover,bruiser,-15.00,11.83,1.00
1863,4,recover,pouncer,-15.70,11.08,0.96
1864,1,windup,swarm,-16.16,12.03,0.17
1864,2,windup,swarm,-17.06,12.59,1.21
1864,3,recover,bruiser,-15.00,11.83,1.00
1864,4,recover,pouncer,-15.70,11.08,0.96
1865,1,windup,swarm,-16.16,12.03,0.17
1865,2,windup,swarm,-17.06,12.59,1.21
1865,3,recover,bruiser,-15.00,11.83,1.00
1865,4,recover,pouncer,-15.70,11.08,0.96
1866,1,windup,swarm,-16.16,12.03,0.17
1866,2,strike,swarm,-17.06,12.59,1.21
1866,3,recover,bruiser,-15.00,11.83,1.00
1866,4,recover,pouncer,-15.70,11.08,0.96
1867,1,windup,swarm,-16.16,12.03,0.17
1867,2,strike,swarm,-16.88,12.50,1.02
1867,3,recover,bruiser,-15.00,11.83,1.00
1867,4,recover,pouncer,-15.70,11.08,0.96
1868,1,windup,swarm,-16.16,12.03,0.17
1868,2,strike,swarm,-16.85,12.50,0.99
1868,3,recover,bruiser,-15.00,11.83,1.00
1868,4,recover,pouncer,-15.70,11.08,0.96
1869,1,windup,swarm,-16.16,12.03,0.17
1869,2,strike,swarm,-16.65,12.58,0.88
1869,3,recover,bruiser,-15.00,11.83,1.00
1869,4,recover,pouncer,-15.70,11.08,0.96
1870,1,windup,swarm,-16.16,12.03,0.17
1870,2,strike,swarm,-16.64,12.62,0.89
1870,3,recover,bruiser,-15.00,11.83,1.00
1870,4,recover,pouncer,-15.70,11.08,0.96
1871,1,windup,swarm,-16.16,12.03,0.17
1871,2,strike,swarm,-16.57,12.74,0.94
1871,3,recover,bruiser,-15.00,11.83,1.00
1871,4,recover,pouncer,-15.70,11.08,0.96
1872,1,strike,swarm,-16.16,12.03,0.17
1872,2,strike,swarm,-16.54,12.77,0.95
1872,3,recover,bruiser,-15.00,11.83,1.00
1872,4,recover,pouncer,-15.70,11.08,0.96
1873,1,strike,swarm,-16.02,11.95,0.05
1873,2,strike,swarm,-16.42,12.87,0.97
1873,3,recover,bruiser,-15.00,11.83,1.00
1873,4,recover,pouncer,-15.70,11.08,0.96
1874,1,strike,swarm,-15.98,11.95,0.05
1874,2,strike,swarm,-16.37,12.87,0.95
1874,3,recover,bruiser,-15.00,11.83,1.00
1874,4,recover,pouncer,-15.70,11.08,0.96
1875,1,strike,swarm,-15.84,11.97,0.15
1875,2,strike,swarm,-16.24,12.88,0.92
1875,3,recover,bruiser,-15.00,11.83,1.00
1875,4,recover,pouncer,-15.70,11.08,0.96
1876,1,strike,swarm,-15.81,12.00,0.18
1876,2,strike,swarm,-16.20,12.89,0.92
1876,3,recover,bruiser,-15.00,11.83,1.00
1876,4,recover,pouncer,-15.70,11.08,0.96
1877,1,strike,swarm,-14.53,12.78,1.66
1877,2,strike,swarm,-14.72,13.17,1.73
1877,3,recover,bruiser,-15.00,11.83,1.00
1877,4,recover,pouncer,-15.70,11.08,0.96
1878,1,recover,swarm,-14.51,12.76,1.67
1878,2,recover,swarm,-14.72,13.20,1.75
1878,3,recover,bruiser,-15.00,11.83,1.00
1878,4,stalk,pouncer,-15.70,11.08,0.96
1879,1,recover,swarm,-14.51,12.76,1.67
1879,2,recover,swarm,-14.72,13.20,1.75
1879,3,recover,bruiser,-15.00,11.83,1.00
1879,4,crouch,pouncer,-15.74,11.02,1.00
1880,1,recover,swarm,-14.51,12.76,1.67
1880,2,recover,swarm,-14.72,13.20,1.75
1880,3,recover,bruiser,-15.00,11.83,1.00
1880,4,crouch,pouncer,-15.74,11.02,1.00
1881,1,recover,swarm,-14.51,12.76,1.67
1881,2,recover,swarm,-14.72,13.20,1.75
1881,3,recover,bruiser,-15.00,11.83,1.00
1881,4,crouch,pouncer,-15.74,11.02,1.00
1882,1,recover,swarm,-14.51,12.76,1.67
1882,2,recover,swarm,-14.72,13.20,1.75
1882,3,recover,bruiser,-15.00,11.83,1.00
1882,4,crouch,pouncer,-15.74,11.02,1.00
1883,1,recover,swarm,-14.51,12.76,1.67
1883,2,recover,swarm,-14.72,13.20,1.75
1883,3,recover,bruiser,-15.00,11.83,1.00
1883,4,crouch,pouncer,-15.74,11.02,1.00
1884,1,recover,swarm,-14.51,12.76,1.67
1884,2,recover,swarm,-14.72,13.20,1.75
1884,3,recover,bruiser,-15.00,11.83,1.00
1884,4,crouch,pouncer,-15.74,11.02,1.00
1885,1,recover,swarm,-14.51,12.76,1.67
1885,2,recover,swarm,-14.72,13.20,1.75
1885,3,recover,bruiser,-15.00,11.83,1.00
1885,4,crouch,pouncer,-15.74,11.02,1.00
1886,1,recover,swarm,-14.51,12.76,1.67
1886,2,recover,swarm,-14.72,13.20,1.75
1886,3,recover,bruiser,-15.00,11.83,1.00
1886,4,crouch,pouncer,-15.74,11.02,1.00
1887,1,recover,swarm,-14.51,12.76,1.67
1887,2,recover,swarm,-14.72,13.20,1.75
1887,3,recover,bruiser,-15.00,11.83,1.00
1887,4,crouch,pouncer,-15.74,11.02,1.00
1888,1,recover,swarm,-14.51,12.76,1.67
1888,2,recover,swarm,-14.72,13.20,1.75
1888,3,recover,bruiser,-15.00,11.83,1.00
1888,4,crouch,pouncer,-15.74,11.02,1.00
1889,1,recover,swarm,-14.51,12.76,1.67
1889,2,recover,swarm,-14.72,13.20,1.75
1889,3,recover,bruiser,-15.00,11.83,1.00
1889,4,crouch,pouncer,-15.74,11.02,1.00
1890,1,recover,swarm,-14.51,12.76,1.67
1890,2,recover,swarm,-14.72,13.20,1.75
1890,3,recover,bruiser,-15.00,11.83,1.00
1890,4,crouch,pouncer,-15.74,11.02,1.00
1891,1,recover,swarm,-14.51,12.76,1.67
1891,2,recover,swarm,-14.72,13.20,1.75
1891,3,recover,bruiser,-15.00,11.83,1.00
1891,4,crouch,pouncer,-15.74,11.02,1.00
1892,1,recover,swarm,-14.51,12.76,1.67
1892,2,recover,swarm,-14.72,13.20,1.75
1892,3,recover,bruiser,-15.00,11.83,1.00
1892,4,crouch,pouncer,-15.74,11.02,1.00
1893,1,recover,swarm,-14.51,12.76,1.67
1893,2,recover,swarm,-14.72,13.20,1.75
1893,3,recover,bruiser,-15.00,11.83,1.00
1893,4,crouch,pouncer,-15.74,11.02,1.00
1894,1,recover,swarm,-14.51,12.76,1.67
1894,2,recover,swarm,-14.72,13.20,1.75
1894,3,recover,bruiser,-15.00,11.83,1.00
1894,4,crouch,pouncer,-15.74,11.02,1.00
1895,1,recover,swarm,-14.51,12.76,1.67
1895,2,recover,swarm,-14.72,13.20,1.75
1895,3,recover,bruiser,-15.00,11.83,1.00
1895,4,crouch,pouncer,-15.74,11.02,1.00
1896,1,recover,swarm,-14.51,12.76,1.67
1896,2,recover,swarm,-14.72,13.20,1.75
1896,3,recover,bruiser,-15.00,11.83,1.00
1896,4,crouch,pouncer,-15.74,11.02,1.00
1897,1,recover,swarm,-14.51,12.76,1.67
1897,2,recover,swarm,-14.72,13.20,1.75
1897,3,recover,bruiser,-15.00,11.83,1.00
1897,4,crouch,pouncer,-15.74,11.02,1.00
1898,1,recover,swarm,-14.51,12.76,1.67
1898,2,recover,swarm,-14.72,13.20,1.75
1898,3,recover,bruiser,-15.00,11.83,1.00
1898,4,crouch,pouncer,-15.74,11.02,1.00
1899,1,recover,swarm,-14.51,12.76,1.67
1899,2,recover,swarm,-14.72,13.20,1.75
1899,3,recover,bruiser,-15.00,11.83,1.00
1899,4,crouch,pouncer,-15.74,11.02,1.00
1900,1,recover,swarm,-14.51,12.76,1.67
1900,2,recover,swarm,-14.72,13.20,1.75
1900,3,advance,bruiser,-15.00,11.83,1.00
1900,4,crouch,pouncer,-15.74,11.02,1.00
1901,1,recover,swarm,-14.51,12.76,1.67
1901,2,recover,swarm,-14.72,13.20,1.75
1901,3,windup,bruiser,-15.00,11.83,1.00
1901,4,crouch,pouncer,-15.74,11.02,1.00
1902,1,recover,swarm,-14.51,12.76,1.67
1902,2,recover,swarm,-14.72,13.20,1.75
1902,3,windup,bruiser,-15.00,11.83,1.00
1902,4,pounce,pouncer,-15.74,11.02,1.00
1903,1,recover,swarm,-14.51,12.76,1.67
1903,2,recover,swarm,-14.72,13.20,1.75
1903,3,windup,bruiser,-15.00,11.83,1.00
1903,4,pounce,pouncer,-15.90,11.23,0.78
1904,1,recover,swarm,-14.51,12.76,1.67
1904,2,recover,swarm,-14.72,13.20,1.75
1904,3,windup,bruiser,-15.00,11.83,1.00
1904,4,pounce,pouncer,-15.96,11.29,0.70
1905,1,recover,swarm,-14.51,12.76,1.67
1905,2,recover,swarm,-14.72,13.20,1.75
1905,3,windup,bruiser,-15.00,11.83,1.00
1905,4,pounce,pouncer,-16.14,11.52,0.50
1906,1,recover,swarm,-14.51,12.76,1.67
1906,2,recover,swarm,-14.72,13.20,1.75
1906,3,windup,bruiser,-15.00,11.83,1.00
1906,4,pounce,pouncer,-16.19,11.61,0.43
1907,1,recover,swarm,-14.51,12.76,1.67
1907,2,recover,swarm,-14.72,13.20,1.75
1907,3,windup,bruiser,-15.00,11.83,1.00
1907,4,pounce,pouncer,-16.35,11.95,0.36
1908,1,recover,swarm,-14.51,12.76,1.67
1908,2,recover,swarm,-14.72,13.20,1.75
1908,3,windup,bruiser,-15.00,11.83,1.00
1908,4,pounce,pouncer,-16.37,12.02,0.38
1909,1,recover,swarm,-14.51,12.76,1.67
1909,2,recover,swarm,-14.72,13.20,1.75
1909,3,windup,bruiser,-15.00,11.83,1.00
1909,4,pounce,pouncer,-16.44,12.30,0.54
1910,1,recover,swarm,-14.51,12.76,1.67
1910,2,recover,swarm,-14.72,13.20,1.75
1910,3,windup,bruiser,-15.00,11.83,1.00
1910,4,pounce,pouncer,-16.46,12.37,0.60
1911,1,recover,swarm,-14.51,12.76,1.67
1911,2,recover,swarm,-14.72,13.20,1.75
1911,3,windup,bruiser,-15.00,11.83,1.00
1911,4,pounce,pouncer,-16.54,12.66,0.86
1912,1,recover,swarm,-14.51,12.76,1.67
1912,2,recover,swarm,-14.72,13.20,1.75
1912,3,windup,bruiser,-15.00,11.83,1.00
1912,4,pounce,pouncer,-16.56,12.74,0.93
1913,1,recover,swarm,-14.51,12.76,1.67
1913,2,recover,swarm,-14.72,13.20,1.75
1913,3,windup,bruiser,-15.00,11.83,1.00
1913,4,pounce,pouncer,-16.64,13.07,1.26
1914,1,chase,swarm,-14.51,12.76,1.67
1914,2,chase,swarm,-14.72,13.20,1.75
1914,3,windup,bruiser,-15.00,11.83,1.00
1914,4,pounce,pouncer,-16.67,13.15,1.33
1915,1,chase,swarm,-14.46,12.62,1.66
1915,2,chase,swarm,-14.82,13.29,1.75
1915,3,windup,bruiser,-15.00,11.83,1.00
1915,4,pounce,pouncer,-16.74,13.43,1.61
1916,1,chase,swarm,-14.45,12.59,1.65
1916,2,chase,swarm,-14.85,13.31,1.74
1916,3,windup,bruiser,-15.00,11.83,1.00
1916,4,pounce,pouncer,-16.76,13.50,1.68
1917,1,chase,swarm,-14.40,12.45,1.66
1917,2,chase,swarm,-14.99,13.38,1.72
1917,3,windup,bruiser,-15.00,11.83,1.00
1917,4,pounce,pouncer,-16.84,13.80,1.99
1918,1,chase,swarm,-14.38,12.41,1.66
1918,2,chase,swarm,-15.03,13.39,1.70
1918,3,windup,bruiser,-15.00,11.83,1.00
1918,4,pounce,pouncer,-16.86,13.89,2.08
1919,1,chase,swarm,-14.33,12.27,1.69
1919,2,chase,swarm,-15.17,13.40,1.63
1919,3,windup,bruiser,-15.00,11.83,1.00
1919,4,recover,pouncer,-16.93,14.17,2.37
1920,1,chase,swarm,-14.30,12.24,1.71
1920,2,chase,swarm,-15.21,13.40,1.60
1920,3,windup,bruiser,-15.00,11.83,1.00
1920,4,recover,pouncer,-16.93,14.17,2.37
1921,1,chase,swarm,-14.25,12.14,1.75
1921,2,chase,swarm,-15.33,13.37,1.53
1921,3,windup,bruiser,-15.00,11.83,1.00
1921,4,recover,pouncer,-16.93,14.17,2.37
1922,1,chase,swarm,-14.24,12.11,1.76
1922,2,chase,swarm,-15.36,13.36,1.51
1922,3,windup,bruiser,-15.00,11.83,1.00
1922,4,recover,pouncer,-16.93,14.17,2.37
1923,1,chase,swarm,-14.21,12.00,1.79
1923,2,chase,swarm,-15.46,13.33,1.44
1923,3,windup,bruiser,-15.00,11.83,1.00
1923,4,recover,pouncer,-16.93,14.17,2.37
1924,1,chase,swarm,-14.20,11.97,1.80
1924,2,windup,swarm,-15.46,13.33,1.44
1924,3,windup,bruiser,-15.00,11.83,1.00
1924,4,recover,pouncer,-16.93,14.17,2.37
1925,1,chase,swarm,-14.19,11.89,1.81
1925,2,windup,swarm,-15.46,13.33,1.44
1925,3,windup,bruiser,-15.00,11.83,1.00
1925,4,recover,pouncer,-16.93,14.17,2.37
1926,1,chase,swarm,-14.19,11.85,1.81
1926,2,windup,swarm,-15.46,13.33,1.44
1926,3,windup,bruiser,-15.00,11.83,1.00
1926,4,recover,pouncer,-16.93,14.17,2.37
1927,1,chase,swarm,-14.19,11.75,1.82
1927,2,windup,swarm,-15.46,13.33,1.44
1927,3,windup,bruiser,-15.00,11.83,1.00
1927,4,recover,pouncer,-16.93,14.17,2.37
1928,1,chase,swarm,-14.20,11.71,1.82
1928,2,windup,swarm,-15.46,13.33,1.44
1928,3,windup,bruiser,-15.00,11.83,1.00
1928,4,recover,pouncer,-16.93,14.17,2.37
1929,1,chase,swarm,-14.23,11.57,1.81
1929,2,windup,swarm,-15.46,13.33,1.44
1929,3,windup,bruiser,-15.00,11.83,1.00
1929,4,recover,pouncer,-16.93,14.17,2.37
1930,1,chase,swarm,-14.25,11.54,1.81
1930,2,windup,swarm,-15.46,13.33,1.44
1930,3,windup,bruiser,-15.00,11.83,1.00
1930,4,recover,pouncer,-16.93,14.17,2.37
1931,1,chase,swarm,-14.34,11.38,1.77
1931,2,windup,swarm,-15.46,13.33,1.44
1931,3,windup,bruiser,-15.00,11.83,1.00
1931,4,recover,pouncer,-16.93,14.17,2.37
1932,1,chase,swarm,-14.36,11.35,1.76
1932,2,windup,swarm,-15.46,13.33,1.44
1932,3,windup,bruiser,-15.00,11.83,1.00
1932,4,recover,pouncer,-16.93,14.17,2.37
1933,1,chase,swarm,-14.45,11.23,1.72
1933,2,windup,swarm,-15.46,13.33,1.44
1933,3,strike,bruiser,-15.00,11.83,1.00
1933,4,recover,pouncer,-16.93,14.17,2.37
1934,1,chase,swarm,-14.49,11.20,1.70
1934,2,windup,swarm,-15.46,13.33,1.44
1934,3,strike,bruiser,-15.05,11.85,0.96
1934,4,recover,pouncer,-16.93,14.17,2.37
1935,1,chase,swarm,-14.62,11.23,1.57
1935,2,windup,swarm,-15.46,13.33,1.44
1935,3,strike,bruiser,-15.19,11.93,0.81
1935,4,recover,pouncer,-16.93,14.17,2.37
1936,1,chase,swarm,-14.65,11.25,1.53
1936,2,windup,swarm,-15.46,13.33,1.44
1936,3,strike,bruiser,-15.22,11.95,0.77
1936,4,recover,pouncer,-16.93,14.17,2.37
1937,1,chase,swarm,-14.72,11.42,1.39
1937,2,windup,swarm,-15.46,13.33,1.44
1937,3,strike,bruiser,-15.41,12.05,0.59
1937,4,recover,pouncer,-16.93,14.17,2.37
1938,1,windup,swarm,-14.72,11.42,1.39
1938,2,strike,swarm,-15.46,13.33,1.44
1938,3,strike,bruiser,-15.45,12.06,0.55
1938,4,recover,pouncer,-16.93,14.17,2.37
1939,1,windup,swarm,-14.72,11.42,1.39
1939,2,strike,swarm,-15.60,13.01,1.09
1939,3,strike,bruiser,-15.72,12.16,0.32
1939,4,recover,pouncer,-16.93,14.17,2.37
1940,1,windup,swarm,-14.72,11.42,1.39
1940,2,strike,swarm,-15.65,13.00,1.06
1940,3,strike,bruiser,-15.76,12.14,0.28
1940,4,recover,pouncer,-16.93,14.17,2.37
1941,1,windup,swarm,-14.72,11.42,1.39
1941,2,strike,swarm,-15.82,12.95,0.97
1941,3,strike,bruiser,-15.89,12.07,0.12
1941,4,recover,pouncer,-16.93,14.17,2.37
1942,1,windup,swarm,-14.72,11.42,1.39
1942,2,strike,swarm,-15.87,12.94,0.95
1942,3,strike,bruiser,-15.93,12.04,0.08
1942,4,recover,pouncer,-16.93,14.17,2.37
1943,1,windup,swarm,-14.72,11.42,1.39
1943,2,strike,swarm,-16.04,12.87,0.88
1943,3,strike,bruiser,-16.06,11.97,0.07
1943,4,recover,pouncer,-16.93,14.17,2.37
1944,1,windup,swarm,-14.72,11.42,1.39
1944,2,strike,swarm,-16.09,12.85,0.86
1944,3,strike,bruiser,-16.09,11.94,0.11
1944,4,recover,pouncer,-16.93,14.17,2.37
1945,1,windup,swarm,-14.72,11.42,1.39
1945,2,strike,swarm,-16.31,12.76,0.83
1945,3,recover,bruiser,-16.27,11.84,0.31
1945,4,recover,pouncer,-16.93,14.17,2.37
1946,1,windup,swarm,-14.72,11.42,1.39
1946,2,strike,swarm,-16.37,12.74,0.83
1946,3,recover,bruiser,-16.27,11.84,0.31
1946,4,recover,pouncer,-16.93,14.17,2.37
1947,1,windup,swarm,-14.72,11.42,1.39
1947,2,strike,swarm,-16.59,12.67,0.90
1947,3,recover,bruiser,-16.27,11.84,0.31
1947,4,recover,pouncer,-16.93,14.17,2.37
1948,1,windup,swarm,-14.72,11.42,1.39
1948,2,recover,swarm,-16.66,12.65,0.93
1948,3,recover,bruiser,-16.27,11.84,0.31
1948,4,recover,pouncer,-16.93,14.17,2.37
1949,1,strike,swarm,-14.72,11.42,1.39
1949,2,recover,swarm,-16.66,12.65,0.93
1949,3,recover,bruiser,-16.27,11.84,0.31
1949,4,recover,pouncer,-16.93,14.17,2.37
1950,1,strike,swarm,-14.77,11.44,1.34
1950,2,recover,swarm,-16.66,12.65,0.93
1950,3,recover,bruiser,-16.27,11.84,0.31
1950,4,recover,pouncer,-16.93,14.17,2.37
1951,1,strike,swarm,-14.94,11.52,1.16
1951,2,recover,swarm,-16.66,12.65,0.93
1951,3,recover,bruiser,-16.27,11.84,0.31
1951,4,recover,pouncer,-16.93,14.17,2.37
1952,1,strike,swarm,-14.98,11.54,1.11
1952,2,recover,swarm,-16.66,12.65,0.93
1952,3,recover,bruiser,-16.27,11.84,0.31
1952,4,recover,pouncer,-16.93,14.17,2.37
1953,1,strike,swarm,-15.15,11.62,0.92
1953,2,recover,swarm,-16.66,12.65,0.93
1953,3,recover,bruiser,-16.27,11.84,0.31
1953,4,recover,pouncer,-16.93,14.17,2.37
1954,1,strike,swarm,-15.20,11.64,0.87
1954,2,recover,swarm,-16.66,12.65,0.93
1954,3,recover,bruiser,-16.27,11.84,0.31
1954,4,recover,pouncer,-16.93,14.17,2.37
1955,1,strike,swarm,-15.35,11.75,0.69
1955,2,recover,swarm,-16.66,12.65,0.93
1955,3,recover,bruiser,-16.27,11.84,0.31
1955,4,recover,pouncer,-16.93,14.17,2.37
1956,1,strike,swarm,-15.37,11.79,0.66
1956,2,recover,swarm,-16.66,12.65,0.93
1956,3,recover,bruiser,-16.27,11.84,0.31
1956,4,recover,pouncer,-16.93,14.17,2.37
1957,1,strike,swarm,-15.41,11.92,0.59
1957,2,recover,swarm,-16.66,12.65,0.93
1957,3,recover,bruiser,-16.27,11.84,0.31
1957,4,recover,pouncer,-16.93,14.17,2.37
1958,1,strike,swarm,-15.41,11.97,0.58
1958,2,recover,swarm,-16.66,12.65,0.93
1958,3,recover,bruiser,-16.27,11.84,0.31
1958,4,recover,pouncer,-16.93,14.17,2.37
1959,1,strike,swarm,-15.42,12.09,0.58
1959,2,recover,swarm,-16.66,12.65,0.93
1959,3,recover,bruiser,-16.27,11.84,0.31
1959,4,recover,pouncer,-16.93,14.17,2.37
1960,1,strike,swarm,-15.43,12.14,0.58
1960,2,recover,swarm,-16.66,12.65,0.93
1960,3,recover,bruiser,-16.27,11.84,0.31
1960,4,recover,pouncer,-16.93,14.17,2.37
1961,1,strike,swarm,-15.45,12.26,0.60
1961,2,recover,swarm,-16.66,12.65,0.93
1961,3,recover,bruiser,-16.27,11.84,0.31
1961,4,recover,pouncer,-16.93,14.17,2.37
1962,1,recover,swarm,-15.46,12.30,0.61
1962,2,recover,swarm,-16.66,12.65,0.93
1962,3,recover,bruiser,-16.27,11.84,0.31
1962,4,recover,pouncer,-16.93,14.17,2.37
1963,1,recover,swarm,-15.46,12.30,0.61
1963,2,recover,swarm,-16.66,12.65,0.93
1963,3,recover,bruiser,-16.27,11.84,0.31
1963,4,recover,pouncer,-16.93,14.17,2.37
1964,1,recover,swarm,-15.46,12.30,0.61
1964,2,recover,swarm,-16.66,12.65,0.93
1964,3,recover,bruiser,-16.27,11.84,0.31
1964,4,recover,pouncer,-16.93,14.17,2.37
1965,1,recover,swarm,-15.46,12.30,0.61
1965,2,recover,swarm,-16.66,12.65,0.93
1965,3,recover,bruiser,-16.27,11.84,0.31
1965,4,recover,pouncer,-16.93,14.17,2.37
1966,1,recover,swarm,-15.46,12.30,0.61
1966,2,recover,swarm,-16.66,12.65,0.93
1966,3,recover,bruiser,-16.27,11.84,0.31
1966,4,recover,pouncer,-16.93,14.17,2.37
1967,1,recover,swarm,-15.46,12.30,0.61
1967,2,recover,swarm,-16.66,12.65,0.93
1967,3,recover,bruiser,-16.27,11.84,0.31
1967,4,recover,pouncer,-16.93,14.17,2.37
1968,1,recover,swarm,-15.46,12.30,0.61
1968,2,recover,swarm,-16.66,12.65,0.93
1968,3,recover,bruiser,-16.27,11.84,0.31
1968,4,recover,pouncer,-16.93,14.17,2.37
1969,1,recover,swarm,-15.46,12.30,0.61
1969,2,recover,swarm,-16.66,12.65,0.93
1969,3,recover,bruiser,-16.27,11.84,0.31
1969,4,recover,pouncer,-16.93,14.17,2.37
1970,1,recover,swarm,-15.46,12.30,0.61
1970,2,recover,swarm,-16.66,12.65,0.93
1970,3,recover,bruiser,-16.27,11.84,0.31
1970,4,recover,pouncer,-16.93,14.17,2.37
1971,1,recover,swarm,-15.46,12.30,0.61
1971,2,recover,swarm,-16.66,12.65,0.93
1971,3,recover,bruiser,-16.27,11.84,0.31
1971,4,recover,pouncer,-16.93,14.17,2.37
1972,1,recover,swarm,-15.46,12.30,0.61
1972,2,recover,swarm,-16.66,12.65,0.93
1972,3,recover,bruiser,-16.27,11.84,0.31
1972,4,recover,pouncer,-16.93,14.17,2.37
1973,1,recover,swarm,-15.46,12.30,0.61
1973,2,recover,swarm,-16.66,12.65,0.93
1973,3,recover,bruiser,-16.27,11.84,0.31
1973,4,recover,pouncer,-16.93,14.17,2.37
1974,1,recover,swarm,-15.46,12.30,0.61
1974,2,recover,swarm,-16.66,12.65,0.93
1974,3,recover,bruiser,-16.27,11.84,0.31
1974,4,recover,pouncer,-16.93,14.17,2.37
1975,1,recover,swarm,-15.46,12.30,0.61
1975,2,recover,swarm,-16.66,12.65,0.93
1975,3,recover,bruiser,-16.27,11.84,0.31
1975,4,recover,pouncer,-16.93,14.17,2.37
1976,1,recover,swarm,-15.46,12.30,0.61
1976,2,recover,swarm,-16.66,12.65,0.93
1976,3,recover,bruiser,-16.27,11.84,0.31
1976,4,recover,pouncer,-16.93,14.17,2.37
1977,1,recover,swarm,-15.46,12.30,0.61
1977,2,recover,swarm,-16.66,12.65,0.93
1977,3,recover,bruiser,-16.27,11.84,0.31
1977,4,recover,pouncer,-16.93,14.17,2.37
1978,1,recover,swarm,-15.46,12.30,0.61
1978,2,recover,swarm,-16.66,12.65,0.93
1978,3,recover,bruiser,-16.27,11.84,0.31
1978,4,recover,pouncer,-16.93,14.17,2.37
1979,1,recover,swarm,-15.46,12.30,0.61
1979,2,recover,swarm,-16.66,12.65,0.93
1979,3,recover,bruiser,-16.27,11.84,0.31
1979,4,recover,pouncer,-16.93,14.17,2.37
1980,1,recover,swarm,-15.46,12.30,0.61
1980,2,recover,swarm,-16.66,12.65,0.93
1980,3,recover,bruiser,-16.27,11.84,0.31
1980,4,recover,pouncer,-16.93,14.17,2.37
1981,1,recover,swarm,-15.46,12.30,0.61
1981,2,recover,swarm,-16.66,12.65,0.93
1981,3,recover,bruiser,-16.27,11.84,0.31
1981,4,recover,pouncer,-16.93,14.17,2.37
1982,1,recover,swarm,-15.46,12.30,0.61
1982,2,recover,swarm,-16.66,12.65,0.93
1982,3,recover,bruiser,-16.27,11.84,0.31
1982,4,recover,pouncer,-16.93,14.17,2.37
1983,1,recover,swarm,-15.46,12.30,0.61
1983,2,recover,swarm,-16.66,12.65,0.93
1983,3,recover,bruiser,-16.27,11.84,0.31
1983,4,recover,pouncer,-16.93,14.17,2.37
1984,1,recover,swarm,-15.46,12.30,0.61
1984,2,recover,swarm,-16.66,12.65,0.93
1984,3,recover,bruiser,-16.27,11.84,0.31
1984,4,recover,pouncer,-16.93,14.17,2.37
1985,1,recover,swarm,-15.46,12.30,0.61
1985,2,recover,swarm,-16.66,12.65,0.93
1985,3,recover,bruiser,-16.27,11.84,0.31
1985,4,stalk,pouncer,-16.93,14.17,2.37
1986,1,recover,swarm,-15.46,12.30,0.61
1986,2,recover,swarm,-16.66,12.65,0.93
1986,3,recover,bruiser,-16.27,11.84,0.31
1986,4,crouch,pouncer,-16.91,14.21,2.39
1987,1,recover,swarm,-15.46,12.30,0.61
1987,2,recover,swarm,-16.66,12.65,0.93
1987,3,recover,bruiser,-16.27,11.84,0.31
1987,4,crouch,pouncer,-16.91,14.21,2.39
1988,1,recover,swarm,-15.46,12.30,0.61
1988,2,recover,swarm,-16.66,12.65,0.93
1988,3,recover,bruiser,-16.27,11.84,0.31
1988,4,crouch,pouncer,-16.91,14.21,2.39
1989,1,recover,swarm,-15.46,12.30,0.61
1989,2,recover,swarm,-16.66,12.65,0.93
1989,3,recover,bruiser,-16.27,11.84,0.31
1989,4,crouch,pouncer,-16.91,14.21,2.39
1990,1,recover,swarm,-15.46,12.30,0.61
1990,2,recover,swarm,-16.66,12.65,0.93
1990,3,recover,bruiser,-16.27,11.84,0.31
1990,4,crouch,pouncer,-16.91,14.21,2.39
1991,1,recover,swarm,-15.46,12.30,0.61
1991,2,recover,swarm,-16.66,12.65,0.93
1991,3,recover,bruiser,-16.27,11.84,0.31
1991,4,crouch,pouncer,-16.91,14.21,2.39
1992,1,recover,swarm,-15.46,12.30,0.61
1992,2,recover,swarm,-16.66,12.65,0.93
1992,3,recover,bruiser,-16.27,11.84,0.31
1992,4,crouch,pouncer,-16.91,14.21,2.39
1993,1,recover,swarm,-15.46,12.30,0.61
1993,2,chase,swarm,-16.66,12.65,0.93
1993,3,recover,bruiser,-16.27,11.84,0.31
1993,4,crouch,pouncer,-16.91,14.21,2.39
1994,1,recover,swarm,-15.46,12.30,0.61
1994,2,windup,swarm,-16.66,12.65,0.93
1994,3,recover,bruiser,-16.27,11.84,0.31
1994,4,crouch,pouncer,-16.91,14.21,2.39
1995,1,recover,swarm,-15.46,12.30,0.61
1995,2,windup,swarm,-16.66,12.65,0.93
1995,3,recover,bruiser,-16.27,11.84,0.31
1995,4,crouch,pouncer,-16.91,14.21,2.39
1996,1,recover,swarm,-15.46,12.30,0.61
1996,2,windup,swarm,-16.66,12.65,0.93
1996,3,recover,bruiser,-16.27,11.84,0.31
1996,4,crouch,pouncer,-16.91,14.21,2.39
1997,1,recover,swarm,-15.46,12.30,0.61
1997,2,windup,swarm,-16.66,12.65,0.93
1997,3,recover,bruiser,-16.27,11.84,0.31
1997,4,crouch,pouncer,-16.91,14.21,2.39
1998,1,recover,swarm,-15.46,12.30,0.61
1998,2,windup,swarm,-16.66,12.65,0.93
1998,3,recover,bruiser,-16.27,11.84,0.31
1998,4,crouch,pouncer,-16.91,14.21,2.39
1999,1,recover,swarm,-15.46,12.30,0.61
1999,2,windup,swarm,-16.66,12.65,0.93
1999,3,recover,bruiser,-16.27,11.84,0.31
1999,4,crouch,pouncer,-16.91,14.21,2.39
2000,1,recover,swarm,-15.46,12.30,0.61
2000,2,windup,swarm,-16.66,12.65,0.93
2000,3,recover,bruiser,-16.27,11.84,0.31
2000,4,crouch,pouncer,-16.91,14.21,2.39
2001,1,recover,swarm,-15.46,12.30,0.61
2001,2,windup,swarm,-16.66,12.65,0.93
2001,3,recover,bruiser,-16.27,11.84,0.31
2001,4,crouch,pouncer,-16.91,14.21,2.39
2002,1,recover,swarm,-15.46,12.30,0.61
2002,2,windup,swarm,-16.66,12.65,0.93
2002,3,recover,bruiser,-16.27,11.84,0.31
2002,4,crouch,pouncer,-16.91,14.21,2.39
2003,1,recover,swarm,-15.46,12.30,0.61
2003,2,windup,swarm,-16.66,12.65,0.93
2003,3,recover,bruiser,-16.27,11.84,0.31
2003,4,crouch,pouncer,-16.91,14.21,2.39
2004,1,recover,swarm,-15.46,12.30,0.61
2004,2,windup,swarm,-16.66,12.65,0.93
2004,3,recover,bruiser,-16.27,11.84,0.31
2004,4,crouch,pouncer,-16.91,14.21,2.39
2005,1,recover,swarm,-15.46,12.30,0.61
2005,2,windup,swarm,-16.66,12.65,0.93
2005,3,recover,bruiser,-16.27,11.84,0.31
2005,4,crouch,pouncer,-16.91,14.21,2.39
2006,1,recover,swarm,-15.46,12.30,0.61
2006,2,windup,swarm,-16.66,12.65,0.93
2006,3,recover,bruiser,-16.27,11.84,0.31
2006,4,crouch,pouncer,-16.91,14.21,2.39
2007,1,recover,swarm,-15.46,12.30,0.61
2007,2,windup,swarm,-16.66,12.65,0.93
2007,3,recover,bruiser,-16.27,11.84,0.31
2007,4,crouch,pouncer,-16.91,14.21,2.39
2008,1,chase,swarm,-15.46,12.30,0.61
2008,2,windup,swarm,-16.66,12.65,0.93
2008,3,recover,bruiser,-16.27,11.84,0.31
2008,4,crouch,pouncer,-16.91,14.21,2.39
2009,1,windup,swarm,-15.46,12.30,0.61
2009,2,windup,swarm,-16.66,12.65,0.93
2009,3,recover,bruiser,-16.27,11.84,0.31
2009,4,crouch,pouncer,-16.91,14.21,2.39
2010,1,windup,swarm,-15.46,12.30,0.61
2010,2,strike,swarm,-16.66,12.65,0.93
2010,3,recover,bruiser,-16.27,11.84,0.31
2010,4,crouch,pouncer,-16.91,14.21,2.39
2011,1,windup,swarm,-15.46,12.30,0.61
2011,2,strike,swarm,-16.56,12.67,0.88
2011,3,advance,bruiser,-16.27,11.84,0.31
2011,4,crouch,pouncer,-16.91,14.21,2.39
2012,1,windup,swarm,-15.46,12.30,0.61
2012,2,strike,swarm,-16.50,12.74,0.90
2012,3,windup,bruiser,-16.27,11.84,0.31
2012,4,crouch,pouncer,-16.91,14.21,2.39
2013,1,windup,swarm,-15.46,12.30,0.61
2013,2,strike,swarm,-16.42,12.80,0.91
2013,3,windup,bruiser,-16.27,11.84,0.31
2013,4,crouch,pouncer,-16.91,14.21,2.39
2014,1,windup,swarm,-15.46,12.30,0.61
2014,2,strike,swarm,-16.33,12.86,0.93
2014,3,windup,bruiser,-16.27,11.84,0.31
2014,4,pounce,pouncer,-16.91,14.21,2.39
2015,1,windup,swarm,-15.46,12.30,0.61
2015,2,strike,swarm,-16.25,12.91,0.95
2015,3,windup,bruiser,-16.27,11.84,0.31
2015,4,pounce,pouncer,-16.85,14.07,2.25
2016,1,windup,swarm,-15.46,12.30,0.61
2016,2,strike,swarm,-16.16,12.96,0.98
2016,3,windup,bruiser,-16.27,11.84,0.31
2016,4,pounce,pouncer,-16.79,13.92,2.09
2017,1,windup,swarm,-15.46,12.30,0.61
2017,2,strike,swarm,-16.07,12.93,0.94
2017,3,windup,bruiser,-16.27,11.84,0.31
2017,4,pounce,pouncer,-16.75,13.80,1.95
2018,1,windup,swarm,-15.46,12.30,0.61
2018,2,strike,swarm,-15.97,12.92,0.93
2018,3,windup,bruiser,-16.27,11.84,0.31
2018,4,pounce,pouncer,-16.72,13.65,1.80
2019,1,windup,swarm,-15.46,12.30,0.61
2019,2,strike,swarm,-15.86,12.93,0.95
2019,3,windup,bruiser,-16.27,11.84,0.31
2019,4,pounce,pouncer,-16.72,13.48,1.65
2020,1,windup,swarm,-15.46,12.30,0.61
2020,2,strike,swarm,-15.77,12.96,0.99
2020,3,windup,bruiser,-16.27,11.84,0.31
2020,4,pounce,pouncer,-16.74,13.34,1.54
2021,1,windup,swarm,-15.46,12.30,0.61
2021,2,strike,swarm,-15.68,12.99,1.04
2021,3,windup,bruiser,-16.27,11.84,0.31
2021,4,pounce,pouncer,-16.76,13.20,1.42
2022,1,windup,swarm,-15.46,12.30,0.61
2022,2,strike,swarm,-15.59,13.03,1.11
2022,3,windup,bruiser,-16.27,11.84,0.31
2022,4,pounce,pouncer,-16.76,13.05,1.30
2023,1,windup,swarm,-15.46,12.30,0.61
2023,2,strike,swarm,-15.50,13.08,1.19
2023,3,windup,bruiser,-16.27,11.84,0.31
2023,4,pounce,pouncer,-16.74,12.90,1.17
2024,1,windup,swarm,-15.46,12.30,0.61
2024,2,recover,swarm,-15.40,13.12,1.28
2024,3,windup,bruiser,-16.27,11.84,0.31
2024,4,pounce,pouncer,-16.70,12.74,1.02
2025,1,strike,swarm,-15.46,12.30,0.61
2025,2,recover,swarm,-15.40,13.12,1.28
2025,3,windup,bruiser,-16.27,11.84,0.31
2025,4,pounce,pouncer,-16.66,12.61,0.90
2026,1,strike,swarm,-15.48,12.20,0.56
2026,2,recover,swarm,-15.40,13.12,1.28
2026,3,windup,bruiser,-16.27,11.84,0.31
2026,4,pounce,pouncer,-16.77,12.52,0.93
2027,1,strike,swarm,-15.50,12.10,0.51
2027,2,recover,swarm,-15.40,13.12,1.28
2027,3,windup,bruiser,-16.27,11.84,0.31
2027,4,pounce,pouncer,-16.87,12.40,0.96
2028,1,strike,swarm,-15.50,12.00,0.50
2028,2,recover,swarm,-15.40,13.12,1.28
2028,3,windup,bruiser,-16.27,11.84,0.31
2028,4,pounce,pouncer,-16.98,12.30,1.03
2029,1,strike,swarm,-15.48,11.91,0.52
2029,2,recover,swarm,-15.40,13.12,1.28
2029,3,windup,bruiser,-16.27,11.84,0.31
2029,4,pounce,pouncer,-17.08,12.19,1.10
2030,1,strike,swarm,-15.46,11.81,0.57
2030,2,recover,swarm,-15.40,13.12,1.28
2030,3,windup,bruiser,-16.27,11.84,0.31
2030,4,pounce,pouncer,-17.16,12.06,1.16
2031,1,strike,swarm,-15.44,11.71,0.63
2031,2,recover,swarm,-15.40,13.12,1.28
2031,3,windup,bruiser,-16.27,11.84,0.31
2031,4,pounce,pouncer,-17.22,11.93,1.23
2032,1,strike,swarm,-15.43,11.61,0.69
2032,2,recover,swarm,-15.40,13.12,1.28
2032,3,windup,bruiser,-16.27,11.84,0.31
2032,4,pounce,pouncer,-17.28,11.77,1.30
2033,1,strike,swarm,-15.43,11.51,0.74
2033,2,recover,swarm,-15.40,13.12,1.28
2033,3,windup,bruiser,-16.27,11.84,0.31
2033,4,pounce,pouncer,-17.30,11.64,1.36
2034,1,strike,swarm,-15.45,11.41,0.80
2034,2,recover,swarm,-15.40,13.12,1.28
2034,3,windup,bruiser,-16.27,11.84,0.31
2034,4,pounce,pouncer,-17.32,11.48,1.42
2035,1,strike,swarm,-15.47,11.31,0.86
2035,2,recover,swarm,-15.40,13.12,1.28
2035,3,windup,bruiser,-16.27,11.84,0.31
2035,4,recover,pouncer,-17.31,11.33,1.48
2036,1,strike,swarm,-15.50,11.21,0.93
2036,2,recover,swarm,-15.40,13.12,1.28
2036,3,windup,bruiser,-16.27,11.84,0.31
2036,4,recover,pouncer,-17.31,11.33,1.48
2037,1,strike,swarm,-15.54,11.13,0.98
2037,2,recover,swarm,-15.40,13.12,1.28
2037,3,windup,bruiser,-16.27,11.84,0.31
2037,4,recover,pouncer,-17.31,11.33,1.48
2038,1,strike,swarm,-15.58,11.04,1.04
2038,2,recover,swarm,-15.40,13.12,1.28
2038,3,windup,bruiser,-16.27,11.84,0.31
2038,4,recover,pouncer,-17.31,11.33,1.48
2039,1,recover,swarm,-15.64,10.95,1.10
2039,2,recover,swarm,-15.40,13.12,1.28
2039,3,windup,bruiser,-16.27,11.84,0.31
2039,4,recover,pouncer,-17.31,11.33,1.48
2040,1,recover,swarm,-15.64,10.95,1.10
2040,2,recover,swarm,-15.40,13.12,1.28
2040,3,windup,bruiser,-16.27,11.84,0.31
2040,4,recover,pouncer,-17.31,11.33,1.48
2041,1,recover,swarm,-15.64,10.95,1.10
2041,2,recover,swarm,-15.40,13.12,1.28
2041,3,windup,bruiser,-16.27,11.84,0.31
2041,4,recover,pouncer,-17.31,11.33,1.48
2042,1,recover,swarm,-15.64,10.95,1.10
2042,2,recover,swarm,-15.40,13.12,1.28
2042,3,windup,bruiser,-16.27,11.84,0.31
2042,4,recover,pouncer,-17.31,11.33,1.48
2043,1,recover,swarm,-15.64,10.95,1.10
2043,2,recover,swarm,-15.40,13.12,1.28
2043,3,windup,bruiser,-16.27,11.84,0.31
2043,4,recover,pouncer,-17.31,11.33,1.48
2044,1,recover,swarm,-15.64,10.95,1.10
2044,2,recover,swarm,-15.40,13.12,1.28
2044,3,windup,bruiser,-16.27,11.84,0.31
2044,4,recover,pouncer,-17.31,11.33,1.48
2045,1,recover,swarm,-15.64,10.95,1.10
2045,2,recover,swarm,-15.40,13.12,1.28
2045,3,windup,bruiser,-16.27,11.84,0.31
2045,4,recover,pouncer,-17.31,11.33,1.48
2046,1,recover,swarm,-15.64,10.95,1.10
2046,2,recover,swarm,-15.40,13.12,1.28
2046,3,windup,bruiser,-16.27,11.84,0.31
2046,4,recover,pouncer,-17.31,11.33,1.48
2047,1,recover,swarm,-15.64,10.95,1.10
2047,2,recover,swarm,-15.40,13.12,1.28
2047,3,windup,bruiser,-16.27,11.84,0.31
2047,4,recover,pouncer,-17.31,11.33,1.48
2048,1,recover,swarm,-15.64,10.95,1.10
2048,2,recover,swarm,-15.40,13.12,1.28
2048,3,windup,bruiser,-16.27,11.84,0.31
2048,4,recover,pouncer,-17.31,11.33,1.48
2049,1,recover,swarm,-15.64,10.95,1.10
2049,2,recover,swarm,-15.40,13.12,1.28
2049,3,windup,bruiser,-16.27,11.84,0.31
2049,4,recover,pouncer,-17.31,11.33,1.48
2050,1,recover,swarm,-15.64,10.95,1.10
2050,2,recover,swarm,-15.40,13.12,1.28
2050,3,windup,bruiser,-16.27,11.84,0.31
2050,4,recover,pouncer,-17.31,11.33,1.48
2051,1,recover,swarm,-15.64,10.95,1.10
2051,2,recover,swarm,-15.40,13.12,1.28
2051,3,strike,bruiser,-16.27,11.84,0.31
2051,4,recover,pouncer,-17.31,11.33,1.48
2052,1,recover,swarm,-15.64,10.95,1.10
2052,2,recover,swarm,-15.40,13.12,1.28
2052,3,strike,bruiser,-16.19,11.93,0.20
2052,4,recover,pouncer,-17.31,11.33,1.48
2053,1,recover,swarm,-15.64,10.95,1.10
2053,2,recover,swarm,-15.40,13.12,1.28
2053,3,strike,bruiser,-16.16,11.96,0.16
2053,4,recover,pouncer,-17.31,11.33,1.48
2054,1,recover,swarm,-15.64,10.95,1.10
2054,2,recover,swarm,-15.40,13.12,1.28
2054,3,strike,bruiser,-16.06,12.07,0.10
2054,4,recover,pouncer,-17.31,11.33,1.48
2055,1,recover,swarm,-15.64,10.95,1.10
2055,2,recover,swarm,-15.40,13.12,1.28
2055,3,strike,bruiser,-16.04,12.09,0.10
2055,4,recover,pouncer,-17.31,11.33,1.48
2056,1,recover,swarm,-15.64,10.95,1.10
2056,2,recover,swarm,-15.40,13.12,1.28
2056,3,strike,bruiser,-15.96,12.15,0.16
2056,4,recover,pouncer,-17.31,11.33,1.48
2057,1,recover,swarm,-15.64,10.95,1.10
2057,2,recover,swarm,-15.40,13.12,1.28
2057,3,strike,bruiser,-15.91,12.18,0.20
2057,4,recover,pouncer,-17.31,11.33,1.48
2058,1,recover,swarm,-15.64,10.95,1.10
2058,2,recover,swarm,-15.40,13.12,1.28
2058,3,strike,bruiser,-15.82,12.20,0.27
2058,4,recover,pouncer,-17.31,11.33,1.48
2059,1,recover,swarm,-15.64,10.95,1.10
2059,2,recover,swarm,-15.40,13.12,1.28
2059,3,strike,bruiser,-15.74,12.21,0.33
2059,4,recover,pouncer,-17.31,11.33,1.48
2060,1,recover,swarm,-15.64,10.95,1.10
2060,2,recover,swarm,-15.40,13.12,1.28
2060,3,strike,bruiser,-15.66,12.21,0.40
2060,4,recover,pouncer,-17.31,11.33,1.48
2061,1,recover,swarm,-15.64,10.95,1.10
2061,2,recover,swarm,-15.40,13.12,1.28
2061,3,strike,bruiser,-15.58,12.20,0.47
2061,4,recover,pouncer,-17.31,11.33,1.48
2062,1,recover,swarm,-15.64,10.95,1.10
2062,2,recover,swarm,-15.40,13.12,1.28
2062,3,strike,bruiser,-15.49,12.19,0.54
2062,4,recover,pouncer,-17.31,11.33,1.48
2063,1,recover,swarm,-15.64,10.95,1.10
2063,2,recover,swarm,-15.40,13.12,1.28
2063,3,strike,bruiser,-15.41,12.18,0.62
2063,4,recover,pouncer,-17.31,11.33,1.48
2064,1,recover,swarm,-15.64,10.95,1.10
2064,2,recover,swarm,-15.40,13.12,1.28
2064,3,strike,bruiser,-15.32,12.17,0.70
2064,4,recover,pouncer,-17.31,11.33,1.48
2065,1,recover,swarm,-15.64,10.95,1.10
2065,2,recover,swarm,-15.40,13.12,1.28
2065,3,strike,bruiser,-15.24,12.16,0.77
2065,4,recover,pouncer,-17.31,11.33,1.48
2066,1,recover,swarm,-15.64,10.95,1.10
2066,2,chase,swarm,-15.40,13.12,1.28
2066,3,strike,bruiser,-15.14,12.15,0.87
2066,4,recover,pouncer,-17.31,11.33,1.48
2067,1,recover,swarm,-15.64,10.95,1.10
2067,2,windup,swarm,-15.40,13.12,1.28
2067,3,strike,bruiser,-15.08,12.15,0.93
2067,4,recover,pouncer,-17.31,11.33,1.48
2068,1,recover,swarm,-15.64,10.95,1.10
2068,2,windup,swarm,-15.40,13.12,1.28
2068,3,strike,bruiser,-14.95,12.15,1.06
2068,4,recover,pouncer,-17.31,11.33,1.48
2069,1,recover,swarm,-15.64,10.95,1.10
2069,2,windup,swarm,-15.40,13.12,1.28
2069,3,recover,bruiser,-14.91,12.15,1.10
2069,4,recover,pouncer,-17.31,11.33,1.48
2070,1,recover,swarm,-15.64,10.95,1.10
2070,2,windup,swarm,-15.40,13.12,1.28
2070,3,recover,bruiser,-14.91,12.15,1.10
2070,4,recover,pouncer,-17.31,11.33,1.48
2071,1,recover,swarm,-15.64,10.95,1.10
2071,2,windup,swarm,-15.40,13.12,1.28
2071,3,recover,bruiser,-14.91,12.15,1.10
2071,4,recover,pouncer,-17.31,11.33,1.48
2072,1,recover,swarm,-15.64,10.95,1.10
2072,2,windup,swarm,-15.40,13.12,1.28
2072,3,recover,bruiser,-14.91,12.15,1.10
2072,4,recover,pouncer,-17.31,11.33,1.48
2073,1,recover,swarm,-15.64,10.95,1.10
2073,2,windup,swarm,-15.40,13.12,1.28
2073,3,recover,bruiser,-14.91,12.15,1.10
2073,4,recover,pouncer,-17.31,11.33,1.48
2074,1,recover,swarm,-15.64,10.95,1.10
2074,2,windup,swarm,-15.40,13.12,1.28
2074,3,recover,bruiser,-14.91,12.15,1.10
2074,4,recover,pouncer,-17.31,11.33,1.48
2075,1,recover,swarm,-15.64,10.95,1.10
2075,2,windup,swarm,-15.40,13.12,1.28
2075,3,recover,bruiser,-14.91,12.15,1.10
2075,4,recover,pouncer,-17.31,11.33,1.48
2076,1,recover,swarm,-15.64,10.95,1.10
2076,2,windup,swarm,-15.40,13.12,1.28
2076,3,recover,bruiser,-14.91,12.15,1.10
2076,4,recover,pouncer,-17.31,11.33,1.48
2077,1,recover,swarm,-15.64,10.95,1.10
2077,2,windup,swarm,-15.40,13.12,1.28
2077,3,recover,bruiser,-14.91,12.15,1.10
2077,4,recover,pouncer,-17.31,11.33,1.48
2078,1,recover,swarm,-15.64,10.95,1.10
2078,2,windup,swarm,-15.40,13.12,1.28
2078,3,recover,bruiser,-14.91,12.15,1.10
2078,4,recover,pouncer,-17.31,11.33,1.48
2079,1,recover,swarm,-15.64,10.95,1.10
2079,2,windup,swarm,-15.40,13.12,1.28
2079,3,recover,bruiser,-14.91,12.15,1.10
2079,4,recover,pouncer,-17.31,11.33,1.48
2080,1,recover,swarm,-15.64,10.95,1.10
2080,2,windup,swarm,-15.40,13.12,1.28
2080,3,recover,bruiser,-14.91,12.15,1.10
2080,4,recover,pouncer,-17.31,11.33,1.48
2081,1,chase,swarm,-15.64,10.95,1.10
2081,2,windup,swarm,-15.40,13.12,1.28
2081,3,recover,bruiser,-14.91,12.15,1.10
2081,4,recover,pouncer,-17.31,11.33,1.48
2082,1,windup,swarm,-15.64,10.95,1.10
2082,2,strike,swarm,-15.40,13.12,1.28
2082,3,recover,bruiser,-14.91,12.15,1.10
2082,4,recover,pouncer,-17.31,11.33,1.48
2083,1,windup,swarm,-15.64,10.95,1.10
2083,2,strike,swarm,-15.43,13.10,1.24
2083,3,recover,bruiser,-14.91,12.15,1.10
2083,4,recover,pouncer,-17.31,11.33,1.48
2084,1,windup,swarm,-15.64,10.95,1.10
2084,2,strike,swarm,-15.56,13.00,1.10
2084,3,recover,bruiser,-14.91,12.15,1.10
2084,4,recover,pouncer,-17.31,11.33,1.48
2085,1,windup,swarm,-15.64,10.95,1.10
2085,2,strike,swarm,-15.59,12.99,1.07
2085,3,recover,bruiser,-14.91,12.15,1.10
2085,4,recover,pouncer,-17.31,11.33,1.48
2086,1,windup,swarm,-15.64,10.95,1.10
2086,2,strike,swarm,-15.69,12.91,0.97
2086,3,recover,bruiser,-14.91,12.15,1.10
2086,4,recover,pouncer,-17.31,11.33,1.48
2087,1,windup,swarm,-15.64,10.95,1.10
2087,2,strike,swarm,-15.74,12.87,0.92
2087,3,recover,bruiser,-14.91,12.15,1.10
2087,4,recover,pouncer,-17.31,11.33,1.48
2088,1,windup,swarm,-15.64,10.95,1.10
2088,2,strike,swarm,-15.83,12.80,0.82
2088,3,recover,bruiser,-14.91,12.15,1.10
2088,4,recover,pouncer,-17.31,11.33,1.48
2089,1,windup,swarm,-15.64,10.95,1.10
2089,2,strike,swarm,-15.89,12.74,0.75
2089,3,recover,bruiser,-14.91,12.15,1.10
2089,4,recover,pouncer,-17.31,11.33,1.48
2090,1,windup,swarm,-15.64,10.95,1.10
2090,2,strike,swarm,-15.98,12.66,0.66
2090,3,recover,bruiser,-14.91,12.15,1.10
2090,4,recover,pouncer,-17.31,11.33,1.48
2091,1,windup,swarm,-15.64,10.95,1.10
2091,2,strike,swarm,-16.03,12.60,0.60
2091,3,recover,bruiser,-14.91,12.15,1.10
2091,4,recover,pouncer,-17.31,11.33,1.48
2092,1,windup,swarm,-15.64,10.95,1.10
2092,2,strike,swarm,-16.09,12.52,0.53
2092,3,recover,bruiser,-14.91,12.15,1.10
2092,4,recover,pouncer,-17.31,11.33,1.48
2093,1,windup,swarm,-15.64,10.95,1.10
2093,2,strike,swarm,-16.15,12.44,0.47
2093,3,recover,bruiser,-14.91,12.15,1.10
2093,4,recover,pouncer,-17.31,11.33,1.48
2094,1,windup,swarm,-15.64,10.95,1.10
2094,2,strike,swarm,-16.20,12.35,0.41
2094,3,recover,bruiser,-14.91,12.15,1.10
2094,4,recover,pouncer,-17.31,11.33,1.48
2095,1,windup,swarm,-15.64,10.95,1.10
2095,2,strike,swarm,-16.24,12.27,0.37
2095,3,recover,bruiser,-14.91,12.15,1.10
2095,4,recover,pouncer,-17.31,11.33,1.48
2096,1,windup,swarm,-15.64,10.95,1.10
2096,2,recover,swarm,-16.29,12.17,0.35
2096,3,recover,bruiser,-14.91,12.15,1.10
2096,4,recover,pouncer,-17.31,11.33,1.48
2097,1,windup,swarm,-15.64,10.95,1.10
2097,2,recover,swarm,-16.29,12.17,0.35
2097,3,recover,bruiser,-14.91,12.15,1.10
2097,4,recover,pouncer,-17.31,11.33,1.48
2098,1,strike,swarm,-15.64,10.95,1.10
2098,2,recover,swarm,-16.29,12.17,0.35
2098,3,recover,bruiser,-14.91,12.15,1.10
2098,4,recover,pouncer,-17.31,11.33,1.48
2099,1,strike,swarm,-15.67,11.05,1.00
2099,2,recover,swarm,-16.29,12.17,0.35
2099,3,recover,bruiser,-14.91,12.15,1.10
2099,4,recover,pouncer,-17.31,11.33,1.48
2100,1,strike,swarm,-15.70,11.14,0.90
2100,2,recover,swarm,-16.29,12.17,0.35
2100,3,recover,bruiser,-14.91,12.15,1.10
2100,4,recover,pouncer,-17.31,11.33,1.48
2101,1,strike,swarm,-15.73,11.24,0.80
2101,2,recover,swarm,-16.29,12.17,0.35
2101,3,recover,bruiser,-14.91,12.15,1.10
2101,4,recover,pouncer,-17.31,11.33,1.48
2102,1,strike,swarm,-15.79,11.38,0.65
2102,2,recover,swarm,-16.29,12.17,0.35
2102,3,recover,bruiser,-14.91,12.15,1.10
2102,4,recover,pouncer,-17.31,11.33,1.48
2103,1,strike,swarm,-15.82,11.42,0.60
2103,2,recover,swarm,-16.29,12.17,0.35
2103,3,recover,bruiser,-14.91,12.15,1.10
2103,4,recover,pouncer,-17.31,11.33,1.48
2104,1,strike,swarm,-15.95,11.55,0.45
2104,2,recover,swarm,-16.29,12.17,0.35
2104,3,recover,bruiser,-14.91,12.15,1.10
2104,4,recover,pouncer,-17.31,11.33,1.48
2105,1,strike,swarm,-15.93,11.51,0.49
2105,2,recover,swarm,-16.29,12.17,0.35
2105,3,recover,bruiser,-14.91,12.15,1.10
2105,4,recover,pouncer,-17.31,11.33,1.48
2106,1,strike,swarm,-15.36,10.12,1.98
2106,2,recover,swarm,-16.29,12.17,0.35
2106,3,recover,bruiser,-14.91,12.15,1.10
2106,4,recover,pouncer,-17.31,11.33,1.48
2107,1,recover,swarm,-15.38,10.16,1.94
2107,2,recover,swarm,-16.29,12.17,0.35
2107,3,recover,bruiser,-14.91,12.15,1.10
2107,4,stalk,pouncer,-17.31,11.33,1.48
2108,1,recover,swarm,-15.38,10.16,1.94
2108,2,recover,swarm,-16.29,12.17,0.35
2108,3,recover,bruiser,-14.91,12.15,1.10
2108,4,crouch,pouncer,-17.33,11.28,1.51
2109,1,recover,swarm,-15.38,10.16,1.94
2109,2,recover,swarm,-16.29,12.17,0.35
2109,3,recover,bruiser,-14.91,12.15,1.10
2109,4,crouch,pouncer,-17.33,11.28,1.51
2110,1,recover,swarm,-15.38,10.16,1.94
2110,2,recover,swarm,-16.29,12.17,0.35
2110,3,recover,bruiser,-14.91,12.15,1.10
2110,4,crouch,pouncer,-17.33,11.28,1.51
2111,1,recover,swarm,-15.38,10.16,1.94
2111,2,recover,swarm,-16.29,12.17,0.35
2111,3,recover,bruiser,-14.91,12.15,1.10
2111,4,crouch,pouncer,-17.33,11.28,1.51
2112,1,recover,swarm,-15.38,10.16,1.94
2112,2,recover,swarm,-16.29,12.17,0.35
2112,3,recover,bruiser,-14.91,12.15,1.10
2112,4,crouch,pouncer,-17.33,11.28,1.51
2113,1,recover,swarm,-15.38,10.16,1.94
2113,2,recover,swarm,-16.29,12.17,0.35
2113,3,recover,bruiser,-14.91,12.15,1.10
2113,4,crouch,pouncer,-17.33,11.28,1.51
2114,1,recover,swarm,-15.38,10.16,1.94
2114,2,recover,swarm,-16.29,12.17,0.35
2114,3,recover,bruiser,-14.91,12.15,1.10
2114,4,crouch,pouncer,-17.33,11.28,1.51
2115,1,recover,swarm,-15.38,10.16,1.94
2115,2,recover,swarm,-16.29,12.17,0.35
2115,3,recover,bruiser,-14.91,12.15,1.10
2115,4,crouch,pouncer,-17.33,11.28,1.51
2116,1,recover,swarm,-15.38,10.16,1.94
2116,2,recover,swarm,-16.29,12.17,0.35
2116,3,recover,bruiser,-14.91,12.15,1.10
2116,4,crouch,pouncer,-17.33,11.28,1.51
2117,1,recover,swarm,-15.38,10.16,1.94
2117,2,recover,swarm,-16.29,12.17,0.35
2117,3,recover,bruiser,-14.91,12.15,1.10
2117,4,crouch,pouncer,-17.33,11.28,1.51
2118,1,recover,swarm,-15.38,10.16,1.94
2118,2,recover,swarm,-16.29,12.17,0.35
2118,3,advance,bruiser,-14.91,12.15,1.10
2118,4,crouch,pouncer,-17.33,11.28,1.51
2119,1,recover,swarm,-15.38,10.16,1.94
2119,2,recover,swarm,-16.29,12.17,0.35
2119,3,windup,bruiser,-14.91,12.15,1.10
2119,4,crouch,pouncer,-17.33,11.28,1.51
2120,1,recover,swarm,-15.38,10.16,1.94
2120,2,chase,swarm,-16.29,12.17,0.35
2120,3,windup,bruiser,-14.91,12.15,1.10
2120,4,crouch,pouncer,-17.33,11.28,1.51
2121,1,recover,swarm,-15.38,10.16,1.94
2121,2,windup,swarm,-16.29,12.17,0.35
2121,3,windup,bruiser,-14.91,12.15,1.10
2121,4,crouch,pouncer,-17.33,11.28,1.51
2122,1,recover,swarm,-15.38,10.16,1.94
2122,2,windup,swarm,-16.29,12.17,0.35
2122,3,windup,bruiser,-14.91,12.15,1.10
2122,4,crouch,pouncer,-17.33,11.28,1.51
2123,1,recover,swarm,-15.38,10.16,1.94
2123,2,windup,swarm,-16.29,12.17,0.35
2123,3,windup,bruiser,-14.91,12.15,1.10
2123,4,crouch,pouncer,-17.33,11.28,1.51
2124,1,recover,swarm,-15.38,10.16,1.94
2124,2,windup,swarm,-16.29,12.17,0.35
2124,3,windup,bruiser,-14.91,12.15,1.10
2124,4,crouch,pouncer,-17.33,11.28,1.51
2125,1,recover,swarm,-15.38,10.16,1.94
2125,2,windup,swarm,-16.29,12.17,0.35
2125,3,windup,bruiser,-14.91,12.15,1.10
2125,4,crouch,pouncer,-17.33,11.28,1.51
2126,1,recover,swarm,-15.38,10.16,1.94
2126,2,windup,swarm,-16.29,12.17,0.35
2126,3,windup,bruiser,-14.91,12.15,1.10
2126,4,crouch,pouncer,-17.33,11.28,1.51
2127,1,recover,swarm,-15.38,10.16,1.94
2127,2,windup,swarm,-16.29,12.17,0.35
2127,3,windup,bruiser,-14.91,12.15,1.10
2127,4,crouch,pouncer,-17.33,11.28,1.51
2128,1,recover,swarm,-15.38,10.16,1.94
2128,2,windup,swarm,-16.29,12.17,0.35
2128,3,windup,bruiser,-14.91,12.15,1.10
2128,4,crouch,pouncer,-17.33,11.28,1.51
2129,1,recover,swarm,-15.38,10.16,1.94
2129,2,windup,swarm,-16.29,12.17,0.35
2129,3,windup,bruiser,-14.91,12.15,1.10
2129,4,crouch,pouncer,-17.33,11.28,1.51
2130,1,recover,swarm,-15.38,10.16,1.94
2130,2,windup,swarm,-16.29,12.17,0.35
2130,3,windup,bruiser,-14.91,12.15,1.10
2130,4,crouch,pouncer,-17.33,11.28,1.51
2131,1,recover,swarm,-15.38,10.16,1.94
2131,2,windup,swarm,-16.29,12.17,0.35
2131,3,windup,bruiser,-14.91,12.15,1.10
2131,4,crouch,pouncer,-17.33,11.28,1.51
2132,1,recover,swarm,-15.38,10.16,1.94
2132,2,windup,swarm,-16.29,12.17,0.35
2132,3,windup,bruiser,-14.91,12.15,1.10
2132,4,pounce,pouncer,-17.33,11.28,1.51
2133,1,recover,swarm,-15.38,10.16,1.94
2133,2,windup,swarm,-16.29,12.17,0.35
2133,3,windup,bruiser,-14.91,12.15,1.10
2133,4,pounce,pouncer,-17.15,11.37,1.32
2134,1,recover,swarm,-15.38,10.16,1.94
2134,2,windup,swarm,-16.29,12.17,0.35
2134,3,windup,bruiser,-14.91,12.15,1.10
2134,4,pounce,pouncer,-17.11,11.39,1.27
2135,1,recover,swarm,-15.38,10.16,1.94
2135,2,windup,swarm,-16.29,12.17,0.35
2135,3,windup,bruiser,-14.91,12.15,1.10
2135,4,pounce,pouncer,-16.87,11.48,1.01
2136,1,recover,swarm,-15.38,10.16,1.94
2136,2,strike,swarm,-16.29,12.17,0.35
2136,3,windup,bruiser,-14.91,12.15,1.10
2136,4,pounce,pouncer,-16.82,11.46,0.98
2137,1,recover,swarm,-15.38,10.16,1.94
2137,2,strike,swarm,-16.15,12.19,0.25
2137,3,windup,bruiser,-14.91,12.15,1.10
2137,4,pounce,pouncer,-16.63,11.37,0.89
2138,1,recover,swarm,-15.38,10.16,1.94
2138,2,strike,swarm,-16.12,12.19,0.23
2138,3,windup,bruiser,-14.91,12.15,1.10
2138,4,pounce,pouncer,-16.58,11.36,0.87
2139,1,recover,swarm,-15.38,10.16,1.94
2139,2,strike,swarm,-15.95,12.21,0.22
2139,3,windup,bruiser,-14.91,12.15,1.10
2139,4,pounce,pouncer,-16.33,11.30,0.78
2140,1,recover,swarm,-15.38,10.16,1.94
2140,2,strike,swarm,-15.91,12.21,0.23
2140,3,windup,bruiser,-14.91,12.15,1.10
2140,4,pounce,pouncer,-16.28,11.29,0.76
2141,1,recover,swarm,-15.38,10.16,1.94
2141,2,strike,swarm,-15.72,12.25,0.38
2141,3,windup,bruiser,-14.91,12.15,1.10
2141,4,pounce,pouncer,-15.99,11.25,0.75
2142,1,recover,swarm,-15.38,10.16,1.94
2142,2,strike,swarm,-15.71,12.28,0.40
2142,3,windup,bruiser,-14.91,12.15,1.10
2142,4,pounce,pouncer,-15.94,11.25,0.75
2143,1,recover,swarm,-15.38,10.16,1.94
2143,2,strike,swarm,-15.70,12.46,0.55
2143,3,windup,bruiser,-14.91,12.15,1.10
2143,4,pounce,pouncer,-15.67,11.30,0.77
2144,1,recover,swarm,-15.38,10.16,1.94
2144,2,strike,swarm,-15.69,12.49,0.58
2144,3,windup,bruiser,-14.91,12.15,1.10
2144,4,pounce,pouncer,-15.62,11.32,0.77
2145,1,recover,swarm,-15.38,10.16,1.94
2145,2,strike,swarm,-15.62,12.67,0.78
2145,3,windup,bruiser,-14.91,12.15,1.10
2145,4,pounce,pouncer,-15.34,11.40,0.88
2146,1,chase,swarm,-15.38,10.16,1.94
2146,2,strike,swarm,-15.58,12.67,0.79
2146,3,windup,bruiser,-14.91,12.15,1.10
2146,4,pounce,pouncer,-15.29,11.38,0.93
2147,1,chase,swarm,-15.49,10.31,1.76
2147,2,strike,swarm,-15.34,12.73,0.99
2147,3,windup,bruiser,-14.91,12.15,1.10
2147,4,pounce,pouncer,-14.93,11.27,1.29
2148,1,chase,swarm,-15.50,10.33,1.74
2148,2,recover,swarm,-15.33,12.76,1.02
2148,3,windup,bruiser,-14.91,12.15,1.10
2148,4,pounce,pouncer,-14.89,11.27,1.33
2149,1,chase,swarm,-15.59,10.42,1.63
2149,2,recover,swarm,-15.33,12.76,1.02
2149,3,windup,bruiser,-14.91,12.15,1.10
2149,4,pounce,pouncer,-14.64,11.25,1.55
2150,1,chase,swarm,-15.60,10.45,1.60
2150,2,recover,swarm,-15.33,12.76,1.02
2150,3,windup,bruiser,-14.91,12.15,1.10
2150,4,pounce,pouncer,-14.57,11.24,1.61
2151,1,chase,swarm,-15.62,10.55,1.49
2151,2,recover,swarm,-15.33,12.76,1.02
2151,3,windup,bruiser,-14.91,12.15,1.10
2151,4,pounce,pouncer,-14.35,11.22,1.82
2152,1,windup,swarm,-15.62,10.55,1.49
2152,2,recover,swarm,-15.33,12.76,1.02
2152,3,windup,bruiser,-14.91,12.15,1.10
2152,4,pounce,pouncer,-14.30,11.22,1.86
2153,1,windup,swarm,-15.62,10.55,1.49
2153,2,recover,swarm,-15.33,12.76,1.02
2153,3,windup,bruiser,-14.91,12.15,1.10
2153,4,recover,pouncer,-14.06,11.26,2.07
2154,1,windup,swarm,-15.62,10.55,1.49
2154,2,recover,swarm,-15.33,12.76,1.02
2154,3,windup,bruiser,-14.91,12.15,1.10
2154,4,recover,pouncer,-14.06,11.26,2.07
2155,1,windup,swarm,-15.62,10.55,1.49
2155,2,recover,swarm,-15.33,12.76,1.02
2155,3,windup,bruiser,-14.91,12.15,1.10
2155,4,recover,pouncer,-14.06,11.26,2.07
2156,1,windup,swarm,-15.62,10.55,1.49
2156,2,recover,swarm,-15.33,12.76,1.02
2156,3,strike,bruiser,-14.91,12.15,1.10
2156,4,recover,pouncer,-14.06,11.26,2.07
2157,1,windup,swarm,-15.62,10.55,1.49
2157,2,recover,swarm,-15.33,12.76,1.02
2157,3,strike,bruiser,-14.98,11.99,1.01
2157,4,recover,pouncer,-14.06,11.26,2.07
2158,1,windup,swarm,-15.62,10.55,1.49
2158,2,recover,swarm,-15.33,12.76,1.02
2158,3,strike,bruiser,-15.01,11.97,0.99
2158,4,recover,pouncer,-14.06,11.26,2.07
2159,1,windup,swarm,-15.62,10.55,1.49
2159,2,recover,swarm,-15.33,12.76,1.02
2159,3,strike,bruiser,-15.09,11.88,0.91
2159,4,recover,pouncer,-14.06,11.26,2.07
2160,1,windup,swarm,-15.62,10.55,1.49
2160,2,recover,swarm,-15.33,12.76,1.02
2160,3,strike,bruiser,-15.11,11.86,0.89
2160,4,recover,pouncer,-14.06,11.26,2.07
2161,1,windup,swarm,-15.62,10.55,1.49
2161,2,recover,swarm,-15.33,12.76,1.02
2161,3,strike,bruiser,-15.25,11.75,0.79
2161,4,recover,pouncer,-14.06,11.26,2.07
2162,1,windup,swarm,-15.62,10.55,1.49
2162,2,recover,swarm,-15.33,12.76,1.02
2162,3,strike,bruiser,-15.28,11.73,0.76
2162,4,recover,pouncer,-14.06,11.26,2.07
2163,1,windup,swarm,-15.62,10.55,1.49
2163,2,recover,swarm,-15.33,12.76,1.02
2163,3,strike,bruiser,-15.43,11.65,0.67
2163,4,recover,pouncer,-14.06,11.26,2.07
2164,1,windup,swarm,-15.62,10.55,1.49
2164,2,recover,swarm,-15.33,12.76,1.02
2164,3,strike,bruiser,-15.46,11.64,0.64
2164,4,recover,pouncer,-14.06,11.26,2.07
2165,1,windup,swarm,-15.62,10.55,1.49
2165,2,recover,swarm,-15.33,12.76,1.02
2165,3,strike,bruiser,-15.63,11.63,0.52
2165,4,recover,pouncer,-14.06,11.26,2.07
2166,1,strike,swarm,-15.62,10.55,1.49
2166,2,recover,swarm,-15.33,12.76,1.02
2166,3,strike,bruiser,-15.68,11.63,0.48
2166,4,recover,pouncer,-14.06,11.26,2.07
2167,1,strike,swarm,-15.70,10.74,1.29
2167,2,recover,swarm,-15.33,12.76,1.02
2167,3,strike,bruiser,-15.85,11.64,0.38
2167,4,recover,pouncer,-14.06,11.26,2.07
2168,1,strike,swarm,-15.73,10.79,1.23
2168,2,recover,swarm,-15.33,12.76,1.02
2168,3,strike,bruiser,-15.89,11.66,0.35
2168,4,recover,pouncer,-14.06,11.26,2.07
2169,1,strike,swarm,-15.86,10.98,1.03
2169,2,recover,swarm,-15.33,12.76,1.02
2169,3,strike,bruiser,-16.07,11.74,0.26
2169,4,recover,pouncer,-14.06,11.26,2.07
2170,1,strike,swarm,-15.83,10.95,1.06
2170,2,recover,swarm,-15.33,12.76,1.02
2170,3,recover,bruiser,-16.10,11.76,0.26
2170,4,recover,pouncer,-14.06,11.26,2.07
2171,1,strike,swarm,-15.79,11.09,0.93
2171,2,recover,swarm,-15.33,12.76,1.02
2171,3,recover,bruiser,-16.10,11.76,0.26
2171,4,recover,pouncer,-14.06,11.26,2.07
2172,1,strike,swarm,-15.74,11.08,0.95
2172,2,recover,swarm,-15.33,12.76,1.02
2172,3,recover,bruiser,-16.10,11.76,0.26
2172,4,recover,pouncer,-14.06,11.26,2.07
2173,1,strike,swarm,-15.55,11.10,1.00
2173,2,recover,swarm,-15.33,12.76,1.02
2173,3,recover,bruiser,-16.10,11.76,0.26
2173,4,recover,pouncer,-14.06,11.26,2.07
2174,1,strike,swarm,-15.52,11.13,0.99
2174,2,recover,swarm,-15.33,12.76,1.02
2174,3,recover,bruiser,-16.10,11.76,0.26
2174,4,recover,pouncer,-14.06,11.26,2.07
2175,1,strike,swarm,-15.33,11.30,0.96
2175,2,recover,swarm,-15.33,12.76,1.02
2175,3,recover,bruiser,-16.10,11.76,0.26
2175,4,recover,pouncer,-14.06,11.26,2.07
2176,1,strike,swarm,-15.31,11.33,0.95
2176,2,recover,swarm,-15.33,12.76,1.02
2176,3,recover,bruiser,-16.10,11.76,0.26
2176,4,recover,pouncer,-14.06,11.26,2.07
2177,1,strike,swarm,-15.21,11.50,0.93
2177,2,recover,swarm,-15.33,12.76,1.02
2177,3,recover,bruiser,-16.10,11.76,0.26
2177,4,recover,pouncer,-14.06,11.26,2.07
2178,1,recover,swarm,-15.20,11.55,0.92
2178,2,recover,swarm,-15.33,12.76,1.02
2178,3,recover,bruiser,-16.10,11.76,0.26
2178,4,recover,pouncer,-14.06,11.26,2.07
2179,1,recover,swarm,-15.20,11.55,0.92
2179,2,recover,swarm,-15.33,12.76,1.02
2179,3,recover,bruiser,-16.10,11.76,0.26
2179,4,recover,pouncer,-14.06,11.26,2.07
2180,1,recover,swarm,-15.20,11.55,0.92
2180,2,recover,swarm,-15.33,12.76,1.02
2180,3,recover,bruiser,-16.10,11.76,0.26
2180,4,recover,pouncer,-14.06,11.26,2.07
2181,1,recover,swarm,-15.20,11.55,0.92
2181,2,recover,swarm,-15.33,12.76,1.02
2181,3,recover,bruiser,-16.10,11.76,0.26
2181,4,recover,pouncer,-14.06,11.26,2.07
2182,1,recover,swarm,-15.20,11.55,0.92
2182,2,recover,swarm,-15.33,12.76,1.02
2182,3,recover,bruiser,-16.10,11.76,0.26
2182,4,recover,pouncer,-14.06,11.26,2.07
2183,1,recover,swarm,-15.20,11.55,0.92
2183,2,recover,swarm,-15.33,12.76,1.02
2183,3,recover,bruiser,-16.10,11.76,0.26
2183,4,recover,pouncer,-14.06,11.26,2.07
2184,1,recover,swarm,-15.20,11.55,0.92
2184,2,recover,swarm,-15.33,12.76,1.02
2184,3,recover,bruiser,-16.10,11.76,0.26
2184,4,recover,pouncer,-14.06,11.26,2.07
2185,1,recover,swarm,-15.20,11.55,0.92
2185,2,recover,swarm,-15.33,12.76,1.02
2185,3,recover,bruiser,-16.10,11.76,0.26
2185,4,recover,pouncer,-14.06,11.26,2.07
2186,1,recover,swarm,-15.20,11.55,0.92
2186,2,chase,swarm,-15.33,12.76,1.02
2186,3,recover,bruiser,-16.10,11.76,0.26
2186,4,recover,pouncer,-14.06,11.26,2.07
2187,1,recover,swarm,-15.20,11.55,0.92
2187,2,windup,swarm,-15.33,12.76,1.02
2187,3,recover,bruiser,-16.10,11.76,0.26
2187,4,recover,pouncer,-14.06,11.26,2.07
2188,1,recover,swarm,-15.20,11.55,0.92
2188,2,windup,swarm,-15.33,12.76,1.02
2188,3,recover,bruiser,-16.10,11.76,0.26
2188,4,recover,pouncer,-14.06,11.26,2.07
2189,1,recover,swarm,-15.20,11.55,0.92
2189,2,windup,swarm,-15.33,12.76,1.02
2189,3,recover,bruiser,-16.10,11.76,0.26
2189,4,recover,pouncer,-14.06,11.26,2.07
2190,1,recover,swarm,-15.20,11.55,0.92
2190,2,windup,swarm,-15.33,12.76,1.02
2190,3,recover,bruiser,-16.10,11.76,0.26
2190,4,recover,pouncer,-14.06,11.26,2.07
2191,1,recover,swarm,-15.20,11.55,0.92
2191,2,windup,swarm,-15.33,12.76,1.02
2191,3,recover,bruiser,-16.10,11.76,0.26
2191,4,recover,pouncer,-14.06,11.26,2.07
2192,1,recover,swarm,-15.20,11.55,0.92
2192,2,windup,swarm,-15.33,12.76,1.02
2192,3,recover,bruiser,-16.10,11.76,0.26
2192,4,recover,pouncer,-14.06,11.26,2.07
2193,1,recover,swarm,-15.20,11.55,0.92
2193,2,windup,swarm,-15.33,12.76,1.02
2193,3,recover,bruiser,-16.10,11.76,0.26
2193,4,recover,pouncer,-14.06,11.26,2.07
2194,1,recover,swarm,-15.20,11.55,0.92
2194,2,windup,swarm,-15.33,12.76,1.02
2194,3,recover,bruiser,-16.10,11.76,0.26
2194,4,recover,pouncer,-14.06,11.26,2.07
2195,1,recover,swarm,-15.20,11.55,0.92
2195,2,windup,swarm,-15.33,12.76,1.02
2195,3,recover,bruiser,-16.10,11.76,0.26
2195,4,recover,pouncer,-14.06,11.26,2.07
2196,1,recover,swarm,-15.20,11.55,0.92
2196,2,windup,swarm,-15.33,12.76,1.02
2196,3,recover,bruiser,-16.10,11.76,0.26
2196,4,recover,pouncer,-14.06,11.26,2.07
2197,1,recover,swarm,-15.20,11.55,0.92
2197,2,windup,swarm,-15.33,12.76,1.02
2197,3,recover,bruiser,-16.10,11.76,0.26
2197,4,recover,pouncer,-14.06,11.26,2.07
2198,1,recover,swarm,-15.20,11.55,0.92
2198,2,windup,swarm,-15.33,12.76,1.02
2198,3,recover,bruiser,-16.10,11.76,0.26
2198,4,recover,pouncer,-14.06,11.26,2.07
2199,1,recover,swarm,-15.20,11.55,0.92
2199,2,windup,swarm,-15.33,12.76,1.02
2199,3,recover,bruiser,-16.10,11.76,0.26
2199,4,recover,pouncer,-14.06,11.26,2.07
2200,1,recover,swarm,-15.20,11.55,0.92
2200,2,windup,swarm,-15.33,12.76,1.02
2200,3,recover,bruiser,-16.10,11.76,0.26
2200,4,recover,pouncer,-14.06,11.26,2.07
2201,1,recover,swarm,-15.20,11.55,0.92
2201,2,windup,swarm,-15.33,12.76,1.02
2201,3,recover,bruiser,-16.10,11.76,0.26
2201,4,recover,pouncer,-14.06,11.26,2.07
2202,1,recover,swarm,-15.20,11.55,0.92
2202,2,windup,swarm,-15.33,12.76,1.02
2202,3,recover,bruiser,-16.10,11.76,0.26
2202,4,recover,pouncer,-14.06,11.26,2.07
2203,1,recover,swarm,-15.20,11.55,0.92
2203,2,strike,swarm,-15.33,12.76,1.02
2203,3,recover,bruiser,-16.10,11.76,0.26
2203,4,recover,pouncer,-14.06,11.26,2.07
2204,1,recover,swarm,-15.20,11.55,0.92
2204,2,strike,swarm,-15.35,12.74,0.98
2204,3,recover,bruiser,-16.10,11.76,0.26
2204,4,recover,pouncer,-14.06,11.26,2.07
2205,1,recover,swarm,-15.20,11.55,0.92
2205,2,strike,swarm,-15.44,12.67,0.88
2205,3,recover,bruiser,-16.10,11.76,0.26
2205,4,recover,pouncer,-14.06,11.26,2.07
2206,1,recover,swarm,-15.20,11.55,0.92
2206,2,strike,swarm,-15.48,12.66,0.84
2206,3,recover,bruiser,-16.10,11.76,0.26
2206,4,recover,pouncer,-14.06,11.26,2.07
2207,1,recover,swarm,-15.20,11.55,0.92
2207,2,strike,swarm,-15.64,12.62,0.72
2207,3,recover,bruiser,-16.10,11.76,0.26
2207,4,recover,pouncer,-14.06,11.26,2.07
2208,1,recover,swarm,-15.20,11.55,0.92
2208,2,strike,swarm,-15.68,12.63,0.71
2208,3,recover,bruiser,-16.10,11.76,0.26
2208,4,recover,pouncer,-14.06,11.26,2.07
2209,1,recover,swarm,-15.20,11.55,0.92
2209,2,strike,swarm,-15.84,12.65,0.67
2209,3,recover,bruiser,-16.10,11.76,0.26
2209,4,recover,pouncer,-14.06,11.26,2.07
2210,1,recover,swarm,-15.20,11.55,0.92
2210,2,strike,swarm,-15.88,12.65,0.66
2210,3,recover,bruiser,-16.10,11.76,0.26
2210,4,recover,pouncer,-14.06,11.26,2.07
2211,1,recover,swarm,-15.20,11.55,0.92
2211,2,strike,swarm,-16.02,12.65,0.65
2211,3,recover,bruiser,-16.10,11.76,0.26
2211,4,recover,pouncer,-14.06,11.26,2.07
2212,1,recover,swarm,-15.20,11.55,0.92
2212,2,strike,swarm,-16.06,12.65,0.66
2212,3,recover,bruiser,-16.10,11.76,0.26
2212,4,recover,pouncer,-14.06,11.26,2.07
2213,1,recover,swarm,-15.20,11.55,0.92
2213,2,strike,swarm,-16.18,12.67,0.69
2213,3,recover,bruiser,-16.10,11.76,0.26
2213,4,recover,pouncer,-14.06,11.26,2.07
2214,1,recover,swarm,-15.20,11.55,0.92
2214,2,strike,swarm,-16.22,12.67,0.71
2214,3,recover,bruiser,-16.10,11.76,0.26
2214,4,recover,pouncer,-14.06,11.26,2.07
2215,1,recover,swarm,-15.20,11.55,0.92
2215,2,strike,swarm,-16.36,12.67,0.77
2215,3,recover,bruiser,-16.10,11.76,0.26
2215,4,recover,pouncer,-14.06,11.26,2.07
2216,1,recover,swarm,-15.20,11.55,0.92
2216,2,strike,swarm,-16.40,12.67,0.78
2216,3,recover,bruiser,-16.10,11.76,0.26
2216,4,recover,pouncer,-14.06,11.26,2.07
2217,1,recover,swarm,-15.20,11.55,0.92
2217,2,strike,swarm,-16.54,12.65,0.85
2217,3,recover,bruiser,-16.10,11.76,0.26
2217,4,recover,pouncer,-14.06,11.26,2.07
2218,1,recover,swarm,-15.20,11.55,0.92
2218,2,recover,swarm,-16.58,12.64,0.87
2218,3,recover,bruiser,-16.10,11.76,0.26
2218,4,recover,pouncer,-14.06,11.26,2.07
2219,1,recover,swarm,-15.20,11.55,0.92
2219,2,recover,swarm,-16.58,12.64,0.87
2219,3,recover,bruiser,-16.10,11.76,0.26
2219,4,recover,pouncer,-14.06,11.26,2.07
2220,1,recover,swarm,-15.20,11.55,0.92
2220,2,recover,swarm,-16.58,12.64,0.87
2220,3,recover,bruiser,-16.10,11.76,0.26
2220,4,recover,pouncer,-14.06,11.26,2.07
2221,1,recover,swarm,-15.20,11.55,0.92
2221,2,recover,swarm,-16.58,12.64,0.87
2221,3,recover,bruiser,-16.10,11.76,0.26
2221,4,recover,pouncer,-14.06,11.26,2.07
2222,1,chase,swarm,-15.20,11.55,0.92
2222,2,recover,swarm,-16.58,12.64,0.87
2222,3,recover,bruiser,-16.10,11.76,0.26
2222,4,stalk,pouncer,-14.06,11.26,2.07
2223,1,windup,swarm,-15.20,11.55,0.92
2223,2,recover,swarm,-16.58,12.64,0.87
2223,3,recover,bruiser,-16.10,11.76,0.26
2223,4,crouch,pouncer,-14.00,11.29,2.12
2224,1,windup,swarm,-15.20,11.55,0.92
2224,2,recover,swarm,-16.58,12.64,0.87
2224,3,recover,bruiser,-16.10,11.76,0.26
2224,4,crouch,pouncer,-14.00,11.29,2.12
2225,1,windup,swarm,-15.20,11.55,0.92
2225,2,recover,swarm,-16.58,12.64,0.87
2225,3,recover,bruiser,-16.10,11.76,0.26
2225,4,crouch,pouncer,-14.00,11.29,2.12
2226,1,windup,swarm,-15.20,11.55,0.92
2226,2,recover,swarm,-16.58,12.64,0.87
2226,3,recover,bruiser,-16.10,11.76,0.26
2226,4,crouch,pouncer,-14.00,11.29,2.12
2227,1,windup,swarm,-15.20,11.55,0.92
2227,2,recover,swarm,-16.58,12.64,0.87
2227,3,recover,bruiser,-16.10,11.76,0.26
2227,4,crouch,pouncer,-14.00,11.29,2.12
2228,1,windup,swarm,-15.20,11.55,0.92
2228,2,recover,swarm,-16.58,12.64,0.87
2228,3,recover,bruiser,-16.10,11.76,0.26
2228,4,crouch,pouncer,-14.00,11.29,2.12
2229,1,windup,swarm,-15.20,11.55,0.92
2229,2,recover,swarm,-16.58,12.64,0.87
2229,3,recover,bruiser,-16.10,11.76,0.26
2229,4,crouch,pouncer,-14.00,11.29,2.12
2230,1,windup,swarm,-15.20,11.55,0.92
2230,2,recover,swarm,-16.58,12.64,0.87
2230,3,recover,bruiser,-16.10,11.76,0.26
2230,4,crouch,pouncer,-14.00,11.29,2.12
2231,1,windup,swarm,-15.20,11.55,0.92
2231,2,recover,swarm,-16.58,12.64,0.87
2231,3,recover,bruiser,-16.10,11.76,0.26
2231,4,crouch,pouncer,-14.00,11.29,2.12
2232,1,windup,swarm,-15.20,11.55,0.92
2232,2,recover,swarm,-16.58,12.64,0.87
2232,3,recover,bruiser,-16.10,11.76,0.26
2232,4,crouch,pouncer,-14.00,11.29,2.12
2233,1,windup,swarm,-15.20,11.55,0.92
2233,2,recover,swarm,-16.58,12.64,0.87
2233,3,recover,bruiser,-16.10,11.76,0.26
2233,4,crouch,pouncer,-14.00,11.29,2.12
2234,1,windup,swarm,-15.20,11.55,0.92
2234,2,recover,swarm,-16.58,12.64,0.87
2234,3,recover,bruiser,-16.10,11.76,0.26
2234,4,crouch,pouncer,-14.00,11.29,2.12
2235,1,windup,swarm,-15.20,11.55,0.92
2235,2,recover,swarm,-16.58,12.64,0.87
2235,3,recover,bruiser,-16.10,11.76,0.26
2235,4,crouch,pouncer,-14.00,11.29,2.12
2236,1,windup,swarm,-15.20,11.55,0.92
2236,2,recover,swarm,-16.58,12.64,0.87
2236,3,recover,bruiser,-16.10,11.76,0.26
2236,4,crouch,pouncer,-14.00,11.29,2.12
2237,1,windup,swarm,-15.20,11.55,0.92
2237,2,recover,swarm,-16.58,12.64,0.87
2237,3,recover,bruiser,-16.10,11.76,0.26
2237,4,crouch,pouncer,-14.00,11.29,2.12
2238,1,windup,swarm,-15.20,11.55,0.92
2238,2,recover,swarm,-16.58,12.64,0.87
2238,3,advance,bruiser,-16.10,11.76,0.26
2238,4,crouch,pouncer,-14.00,11.29,2.12
2239,1,windup,swarm,-15.20,11.55,0.92
2239,2,recover,swarm,-16.58,12.64,0.87
2239,3,windup,bruiser,-16.10,11.76,0.26
2239,4,crouch,pouncer,-14.00,11.29,2.12
2240,1,strike,swarm,-15.20,11.55,0.92
2240,2,recover,swarm,-16.58,12.64,0.87
2240,3,windup,bruiser,-16.10,11.76,0.26
2240,4,crouch,pouncer,-14.00,11.29,2.12
2241,1,strike,swarm,-15.22,11.57,0.88
2241,2,recover,swarm,-16.58,12.64,0.87
2241,3,windup,bruiser,-16.10,11.76,0.26
2241,4,crouch,pouncer,-14.00,11.29,2.12
2242,1,strike,swarm,-15.27,11.68,0.79
2242,2,recover,swarm,-16.58,12.64,0.87
2242,3,windup,bruiser,-16.10,11.76,0.26
2242,4,crouch,pouncer,-14.00,11.29,2.12
2243,1,strike,swarm,-15.26,11.76,0.77
2243,2,recover,swarm,-16.58,12.64,0.87
2243,3,windup,bruiser,-16.10,11.76,0.26
2243,4,crouch,pouncer,-14.00,11.29,2.12
2244,1,strike,swarm,-15.25,11.86,0.76
2244,2,recover,swarm,-16.58,12.64,0.87
2244,3,windup,bruiser,-16.10,11.76,0.26
2244,4,crouch,pouncer,-14.00,11.29,2.12
2245,1,strike,swarm,-15.25,11.96,0.75
2245,2,recover,swarm,-16.58,12.64,0.87
2245,3,windup,bruiser,-16.10,11.76,0.26
2245,4,crouch,pouncer,-14.00,11.29,2.12
2246,1,strike,swarm,-15.25,12.07,0.75
2246,2,recover,swarm,-16.58,12.64,0.87
2246,3,windup,bruiser,-16.10,11.76,0.26
2246,4,crouch,pouncer,-14.00,11.29,2.12
2247,1,strike,swarm,-15.27,12.16,0.75
2247,2,recover,swarm,-16.58,12.64,0.87
2247,3,windup,bruiser,-16.10,11.76,0.26
2247,4,crouch,pouncer,-14.00,11.29,2.12
2248,1,strike,swarm,-15.29,12.26,0.75
2248,2,recover,swarm,-16.58,12.64,0.87
2248,3,windup,bruiser,-16.10,11.76,0.26
2248,4,crouch,pouncer,-14.00,11.29,2.12
2249,1,strike,swarm,-15.32,12.35,0.76
2249,2,recover,swarm,-16.58,12.64,0.87
2249,3,windup,bruiser,-16.10,11.76,0.26
2249,4,crouch,pouncer,-14.00,11.29,2.12
2250,1,strike,swarm,-15.36,12.45,0.78
2250,2,recover,swarm,-16.58,12.64,0.87
2250,3,windup,bruiser,-16.10,11.76,0.26
2250,4,crouch,pouncer,-14.00,11.29,2.12
2251,1,strike,swarm,-15.39,12.54,0.81
2251,2,recover,swarm,-16.58,12.64,0.87
2251,3,windup,bruiser,-16.10,11.76,0.26
2251,4,crouch,pouncer,-14.00,11.29,2.12
2252,1,strike,swarm,-15.43,12.63,0.85
2252,2,recover,swarm,-16.58,12.64,0.87
2252,3,windup,bruiser,-16.10,11.76,0.26
2252,4,pounce,pouncer,-14.00,11.29,2.12
2253,1,strike,swarm,-15.46,12.72,0.90
2253,2,recover,swarm,-16.58,12.64,0.87
2253,3,windup,bruiser,-16.10,11.76,0.26
2253,4,pounce,pouncer,-14.13,11.34,1.97
2254,1,recover,swarm,-15.51,12.82,0.96
2254,2,recover,swarm,-16.58,12.64,0.87
2254,3,windup,bruiser,-16.10,11.76,0.26
2254,4,pounce,pouncer,-14.29,11.39,1.81
2255,1,recover,swarm,-15.51,12.82,0.96
2255,2,recover,swarm,-16.58,12.64,0.87
2255,3,windup,bruiser,-16.10,11.76,0.26
2255,4,pounce,pouncer,-14.49,11.46,1.60
2256,1,recover,swarm,-15.51,12.82,0.96
2256,2,recover,swarm,-16.58,12.64,0.87
2256,3,windup,bruiser,-16.10,11.76,0.26
2256,4,pounce,pouncer,-14.70,11.54,1.37
2257,1,recover,swarm,-15.51,12.82,0.96
2257,2,recover,swarm,-16.58,12.64,0.87
2257,3,windup,bruiser,-16.10,11.76,0.26
2257,4,pounce,pouncer,-14.74,11.55,1.33
2258,1,recover,swarm,-15.51,12.82,0.96
2258,2,recover,swarm,-16.58,12.64,0.87
2258,3,windup,bruiser,-16.10,11.76,0.26
2258,4,pounce,pouncer,-15.02,11.65,1.04
2259,1,recover,swarm,-15.51,12.82,0.96
2259,2,recover,swarm,-16.58,12.64,0.87
2259,3,windup,bruiser,-16.10,11.76,0.26
2259,4,pounce,pouncer,-15.06,11.67,0.99
2260,1,recover,swarm,-15.51,12.82,0.96
2260,2,recover,swarm,-16.58,12.64,0.87
2260,3,windup,bruiser,-16.10,11.76,0.26
2260,4,pounce,pouncer,-15.29,11.77,0.74
2261,1,recover,swarm,-15.51,12.82,0.96
2261,2,chase,swarm,-16.58,12.64,0.87
2261,3,windup,bruiser,-16.10,11.76,0.26
2261,4,pounce,pouncer,-15.25,11.74,0.79
2262,1,recover,swarm,-15.51,12.82,0.96
2262,2,windup,swarm,-16.58,12.64,0.87
2262,3,windup,bruiser,-16.10,11.76,0.26
2262,4,pounce,pouncer,-15.08,11.54,1.02
2263,1,recover,swarm,-15.51,12.82,0.96
2263,2,windup,swarm,-16.58,12.64,0.87
2263,3,windup,bruiser,-16.10,11.76,0.26
2263,4,pounce,pouncer,-15.12,11.56,0.98
2264,1,recover,swarm,-15.51,12.82,0.96
2264,2,windup,swarm,-16.58,12.64,0.87
2264,3,windup,bruiser,-16.10,11.76,0.26
2264,4,pounce,pouncer,-15.34,11.69,0.72
2265,1,recover,swarm,-15.51,12.82,0.96
2265,2,windup,swarm,-16.58,12.64,0.87
2265,3,windup,bruiser,-16.10,11.76,0.26
2265,4,pounce,pouncer,-15.29,11.68,0.77
2266,1,recover,swarm,-15.51,12.82,0.96
2266,2,windup,swarm,-16.58,12.64,0.87
2266,3,windup,bruiser,-16.10,11.76,0.26
2266,4,pounce,pouncer,-15.00,11.56,1.08
2267,1,recover,swarm,-15.51,12.82,0.96
2267,2,windup,swarm,-16.58,12.64,0.87
2267,3,windup,bruiser,-16.10,11.76,0.26
2267,4,pounce,pouncer,-15.08,11.59,1.00
2268,1,recover,swarm,-15.51,12.82,0.96
2268,2,windup,swarm,-16.58,12.64,0.87
2268,3,windup,bruiser,-16.10,11.76,0.26
2268,4,pounce,pouncer,-15.41,11.78,0.63
2269,1,recover,swarm,-15.51,12.82,0.96
2269,2,windup,swarm,-16.58,12.64,0.87
2269,3,windup,bruiser,-16.10,11.76,0.26
2269,4,pounce,pouncer,-15.10,11.65,0.96
2270,1,recover,swarm,-15.51,12.82,0.96
2270,2,windup,swarm,-16.58,12.64,0.87
2270,3,windup,bruiser,-16.10,11.76,0.26
2270,4,recover,pouncer,-15.15,11.67,0.91
2271,1,recover,swarm,-15.51,12.82,0.96
2271,2,windup,swarm,-16.58,12.64,0.87
2271,3,windup,bruiser,-16.10,11.76,0.26
2271,4,recover,pouncer,-15.15,11.67,0.91
2272,1,recover,swarm,-15.51,12.82,0.96
2272,2,windup,swarm,-16.58,12.64,0.87
2272,3,windup,bruiser,-16.10,11.76,0.26
2272,4,recover,pouncer,-15.15,11.67,0.91
2273,1,recover,swarm,-15.51,12.82,0.96
2273,2,windup,swarm,-16.58,12.64,0.87
2273,3,windup,bruiser,-16.10,11.76,0.26
2273,4,recover,pouncer,-15.15,11.67,0.91
2274,1,recover,swarm,-15.51,12.82,0.96
2274,2,strike,swarm,-16.58,12.64,0.87
2274,3,strike,bruiser,-16.10,11.76,0.26
2274,4,recover,pouncer,-15.15,11.67,0.91
2275,1,recover,swarm,-15.51,12.82,0.96
2275,2,strike,swarm,-16.59,12.54,0.81
2275,3,strike,bruiser,-16.12,11.85,0.20
2275,4,recover,pouncer,-15.15,11.67,0.91
2276,1,recover,swarm,-15.51,12.82,0.96
2276,2,strike,swarm,-16.63,12.53,0.83
2276,3,strike,bruiser,-16.09,11.85,0.18
2276,4,recover,pouncer,-15.15,11.67,0.91
2277,1,recover,swarm,-15.51,12.82,0.96
2277,2,strike,swarm,-16.86,12.31,0.92
2277,3,strike,bruiser,-15.88,12.00,0.12
2277,4,recover,pouncer,-15.15,11.67,0.91
2278,1,recover,swarm,-15.51,12.82,0.96
2278,2,strike,swarm,-16.85,12.27,0.89
2278,3,strike,bruiser,-15.90,12.03,0.10
2278,4,recover,pouncer,-15.15,11.67,0.91
2279,1,recover,swarm,-15.51,12.82,0.96
2279,2,strike,swarm,-16.83,12.10,0.85
2279,3,strike,bruiser,-15.95,12.16,0.16
2279,4,recover,pouncer,-15.15,11.67,0.91
2280,1,recover,swarm,-15.51,12.82,0.96
2280,2,strike,swarm,-16.84,12.06,0.85
2280,3,strike,bruiser,-15.95,12.20,0.21
2280,4,recover,pouncer,-15.15,11.67,0.91
2281,1,recover,swarm,-15.51,12.82,0.96
2281,2,strike,swarm,-16.86,11.93,0.87
2281,3,strike,bruiser,-15.95,12.31,0.31
2281,4,recover,pouncer,-15.15,11.67,0.91
2282,1,recover,swarm,-15.51,12.82,0.96
2282,2,strike,swarm,-16.86,11.88,0.87
2282,3,strike,bruiser,-15.97,12.34,0.34
2282,4,recover,pouncer,-15.15,11.67,0.91
2283,1,recover,swarm,-15.51,12.82,0.96
2283,2,strike,swarm,-16.83,11.71,0.89
2283,3,strike,bruiser,-16.04,12.47,0.47
2283,4,recover,pouncer,-15.15,11.67,0.91
2284,1,recover,swarm,-15.51,12.82,0.96
2284,2,strike,swarm,-16.82,11.67,0.89
2284,3,strike,bruiser,-16.06,12.49,0.50
2284,4,recover,pouncer,-15.15,11.67,0.91
2285,1,recover,swarm,-15.51,12.82,0.96
2285,2,strike,swarm,-16.72,11.43,0.92
2285,3,strike,bruiser,-16.21,12.65,0.69
2285,4,recover,pouncer,-15.15,11.67,0.91
2286,1,recover,swarm,-15.51,12.82,0.96
2286,2,recover,swarm,-16.69,11.40,0.92
2286,3,strike,bruiser,-16.24,12.67,0.72
2286,4,recover,pouncer,-15.15,11.67,0.91
2287,1,recover,swarm,-15.51,12.82,0.96
2287,2,recover,swarm,-16.69,11.40,0.92
2287,3,strike,bruiser,-16.35,12.78,0.86
2287,4,recover,pouncer,-15.15,11.67,0.91
2288,1,recover,swarm,-15.51,12.82,0.96
2288,2,recover,swarm,-16.69,11.40,0.92
2288,3,strike,bruiser,-16.37,12.81,0.90
2288,4,recover,pouncer,-15.15,11.67,0.91
2289,1,recover,swarm,-15.51,12.82,0.96
2289,2,recover,swarm,-16.69,11.40,0.92
2289,3,strike,bruiser,-16.43,12.94,1.04
2289,4,recover,pouncer,-15.15,11.67,0.91
2290,1,chase,swarm,-15.51,12.82,0.96
2290,2,recover,swarm,-16.69,11.40,0.92
2290,3,recover,bruiser,-16.44,12.97,1.07
2290,4,recover,pouncer,-15.15,11.67,0.91
2291,1,windup,swarm,-15.51,12.82,0.96
2291,2,recover,swarm,-16.69,11.40,0.92
2291,3,recover,bruiser,-16.44,12.97,1.07
2291,4,recover,pouncer,-15.15,11.67,0.91
2292,1,windup,swarm,-15.51,12.82,0.96
2292,2,recover,swarm,-16.69,11.40,0.92
2292,3,recover,bruiser,-16.44,12.97,1.07
2292,4,recover,pouncer,-15.15,11.67,0.91
2293,1,windup,swarm,-15.51,12.82,0.96
2293,2,recover,swarm,-16.69,11.40,0.92
2293,3,recover,bruiser,-16.44,12.97,1.07
2293,4,recover,pouncer,-15.15,11.67,0.91
2294,1,windup,swarm,-15.51,12.82,0.96
2294,2,recover,swarm,-16.69,11.40,0.92
2294,3,recover,bruiser,-16.44,12.97,1.07
2294,4,recover,pouncer,-15.15,11.67,0.91
2295,1,windup,swarm,-15.51,12.82,0.96
2295,2,recover,swarm,-16.69,11.40,0.92
2295,3,recover,bruiser,-16.44,12.97,1.07
2295,4,recover,pouncer,-15.15,11.67,0.91
2296,1,windup,swarm,-15.51,12.82,0.96
2296,2,recover,swarm,-16.69,11.40,0.92
2296,3,recover,bruiser,-16.44,12.97,1.07
2296,4,recover,pouncer,-15.15,11.67,0.91
2297,1,windup,swarm,-15.51,12.82,0.96
2297,2,recover,swarm,-16.69,11.40,0.92
2297,3,recover,bruiser,-16.44,12.97,1.07
2297,4,recover,pouncer,-15.15,11.67,0.91
2298,1,windup,swarm,-15.51,12.82,0.96
2298,2,recover,swarm,-16.69,11.40,0.92
2298,3,recover,bruiser,-16.44,12.97,1.07
2298,4,recover,pouncer,-15.15,11.67,0.91
2299,1,windup,swarm,-15.51,12.82,0.96
2299,2,recover,swarm,-16.69,11.40,0.92
2299,3,recover,bruiser,-16.44,12.97,1.07
2299,4,recover,pouncer,-15.15,11.67,0.91
2300,1,windup,swarm,-15.51,12.82,0.96
2300,2,recover,swarm,-16.69,11.40,0.92
2300,3,recover,bruiser,-16.44,12.97,1.07
2300,4,recover,pouncer,-15.15,11.67,0.91
2301,1,windup,swarm,-15.51,12.82,0.96
2301,2,recover,swarm,-16.69,11.40,0.92
2301,3,recover,bruiser,-16.44,12.97,1.07
2301,4,recover,pouncer,-15.15,11.67,0.91
2302,1,windup,swarm,-15.51,12.82,0.96
2302,2,recover,swarm,-16.69,11.40,0.92
2302,3,recover,bruiser,-16.44,12.97,1.07
2302,4,recover,pouncer,-15.15,11.67,0.91
2303,1,windup,swarm,-15.51,12.82,0.96
2303,2,recover,swarm,-16.69,11.40,0.92
2303,3,recover,bruiser,-16.44,12.97,1.07
2303,4,recover,pouncer,-15.15,11.67,0.91
2304,1,windup,swarm,-15.51,12.82,0.96
2304,2,recover,swarm,-16.69,11.40,0.92
2304,3,recover,bruiser,-16.44,12.97,1.07
2304,4,recover,pouncer,-15.15,11.67,0.91
2305,1,windup,swarm,-15.51,12.82,0.96
2305,2,recover,swarm,-16.69,11.40,0.92
2305,3,recover,bruiser,-16.44,12.97,1.07
2305,4,recover,pouncer,-15.15,11.67,0.91
2306,1,strike,swarm,-15.51,12.82,0.96
2306,2,recover,swarm,-16.69,11.40,0.92
2306,3,recover,bruiser,-16.44,12.97,1.07
2306,4,recover,pouncer,-15.15,11.67,0.91
2307,1,strike,swarm,-15.48,12.63,0.82
2307,2,recover,swarm,-16.69,11.40,0.92
2307,3,recover,bruiser,-16.44,12.97,1.07
2307,4,recover,pouncer,-15.15,11.67,0.91
2308,1,strike,swarm,-15.49,12.60,0.79
2308,2,recover,swarm,-16.69,11.40,0.92
2308,3,recover,bruiser,-16.44,12.97,1.07
2308,4,recover,pouncer,-15.15,11.67,0.91
2309,1,strike,swarm,-15.56,12.45,0.63
2309,2,recover,swarm,-16.69,11.40,0.92
2309,3,recover,bruiser,-16.44,12.97,1.07
2309,4,recover,pouncer,-15.15,11.67,0.91
2310,1,strike,swarm,-15.58,12.42,0.59
2310,2,recover,swarm,-16.69,11.40,0.92
2310,3,recover,bruiser,-16.44,12.97,1.07
2310,4,recover,pouncer,-15.15,11.67,0.91
2311,1,strike,swarm,-15.71,12.31,0.42
2311,2,recover,swarm,-16.69,11.40,0.92
2311,3,recover,bruiser,-16.44,12.97,1.07
2311,4,recover,pouncer,-15.15,11.67,0.91
2312,1,strike,swarm,-15.74,12.29,0.39
2312,2,recover,swarm,-16.69,11.40,0.92
2312,3,recover,bruiser,-16.44,12.97,1.07
2312,4,recover,pouncer,-15.15,11.67,0.91
2313,1,strike,swarm,-15.85,12.18,0.23
2313,2,recover,swarm,-16.69,11.40,0.92
2313,3,recover,bruiser,-16.44,12.97,1.07
2313,4,recover,pouncer,-15.15,11.67,0.91
2314,1,strike,swarm,-15.87,12.15,0.20
2314,2,recover,swarm,-16.69,11.40,0.92
2314,3,recover,bruiser,-16.44,12.97,1.07
2314,4,recover,pouncer,-15.15,11.67,0.91
2315,1,strike,swarm,-15.98,12.04,0.04
2315,2,recover,swarm,-16.69,11.40,0.92
2315,3,recover,bruiser,-16.44,12.97,1.07
2315,4,recover,pouncer,-15.15,11.67,0.91
2316,1,strike,swarm,-16.00,12.01,0.02
2316,2,recover,swarm,-16.69,11.40,0.92
2316,3,recover,bruiser,-16.44,12.97,1.07
2316,4,recover,pouncer,-15.15,11.67,0.91
2317,1,strike,swarm,-16.10,11.91,0.14
2317,2,recover,swarm,-16.69,11.40,0.92
2317,3,recover,bruiser,-16.44,12.97,1.07
2317,4,recover,pouncer,-15.15,11.67,0.91
2318,1,strike,swarm,-16.11,11.88,0.17
2318,2,recover,swarm,-16.69,11.40,0.92
2318,3,recover,bruiser,-16.44,12.97,1.07
2318,4,recover,pouncer,-15.15,11.67,0.91
2319,1,strike,swarm,-16.17,11.78,0.28
2319,2,recover,swarm,-16.69,11.40,0.92
2319,3,recover,bruiser,-16.44,12.97,1.07
2319,4,recover,pouncer,-15.15,11.67,0.91
2320,1,recover,swarm,-16.16,11.75,0.30
2320,2,recover,swarm,-16.69,11.40,0.92
2320,3,recover,bruiser,-16.44,12.97,1.07
2320,4,recover,pouncer,-15.15,11.67,0.91
2321,1,recover,swarm,-16.16,11.75,0.30
2321,2,recover,swarm,-16.69,11.40,0.92
2321,3,recover,bruiser,-16.44,12.97,1.07
2321,4,recover,pouncer,-15.15,11.67,0.91
2322,1,recover,swarm,-16.16,11.75,0.30
2322,2,recover,swarm,-16.69,11.40,0.92
2322,3,recover,bruiser,-16.44,12.97,1.07
2322,4,recover,pouncer,-15.15,11.67,0.91
2323,1,recover,swarm,-16.16,11.75,0.30
2323,2,recover,swarm,-16.69,11.40,0.92
2323,3,recover,bruiser,-16.44,12.97,1.07
2323,4,recover,pouncer,-15.15,11.67,0.91
2324,1,recover,swarm,-16.16,11.75,0.30
2324,2,recover,swarm,-16.69,11.40,0.92
2324,3,recover,bruiser,-16.44,12.97,1.07
2324,4,recover,pouncer,-15.15,11.67,0.91
2325,1,recover,swarm,-16.16,11.75,0.30
2325,2,recover,swarm,-16.69,11.40,0.92
2325,3,recover,bruiser,-16.44,12.97,1.07
2325,4,recover,pouncer,-15.15,11.67,0.91
2326,1,recover,swarm,-16.16,11.75,0.30
2326,2,recover,swarm,-16.69,11.40,0.92
2326,3,recover,bruiser,-16.44,12.97,1.07
2326,4,recover,pouncer,-15.15,11.67,0.91
2327,1,recover,swarm,-16.16,11.75,0.30
2327,2,recover,swarm,-16.69,11.40,0.92
2327,3,recover,bruiser,-16.44,12.97,1.07
2327,4,recover,pouncer,-15.15,11.67,0.91
2328,1,recover,swarm,-16.16,11.75,0.30
2328,2,chase,swarm,-16.69,11.40,0.92
2328,3,recover,bruiser,-16.44,12.97,1.07
2328,4,recover,pouncer,-15.15,11.67,0.91
2329,1,recover,swarm,-16.16,11.75,0.30
2329,2,windup,swarm,-16.69,11.40,0.92
2329,3,recover,bruiser,-16.44,12.97,1.07
2329,4,recover,pouncer,-15.15,11.67,0.91
2330,1,recover,swarm,-16.16,11.75,0.30
2330,2,windup,swarm,-16.69,11.40,0.92
2330,3,recover,bruiser,-16.44,12.97,1.07
2330,4,recover,pouncer,-15.15,11.67,0.91
2331,1,recover,swarm,-16.16,11.75,0.30
2331,2,windup,swarm,-16.69,11.40,0.92
2331,3,recover,bruiser,-16.44,12.97,1.07
2331,4,recover,pouncer,-15.15,11.67,0.91
2332,1,recover,swarm,-16.16,11.75,0.30
2332,2,windup,swarm,-16.69,11.40,0.92
2332,3,recover,bruiser,-16.44,12.97,1.07
2332,4,recover,pouncer,-15.15,11.67,0.91
2333,1,recover,swarm,-16.16,11.75,0.30
2333,2,windup,swarm,-16.69,11.40,0.92
2333,3,recover,bruiser,-16.44,12.97,1.07
2333,4,recover,pouncer,-15.15,11.67,0.91
2334,1,recover,swarm,-16.16,11.75,0.30
2334,2,windup,swarm,-16.69,11.40,0.92
2334,3,recover,bruiser,-16.44,12.97,1.07
2334,4,recover,pouncer,-15.15,11.67,0.91
2335,1,recover,swarm,-16.16,11.75,0.30
2335,2,windup,swarm,-16.69,11.40,0.92
2335,3,recover,bruiser,-16.44,12.97,1.07
2335,4,recover,pouncer,-15.15,11.67,0.91
2336,1,recover,swarm,-16.16,11.75,0.30
2336,2,windup,swarm,-16.69,11.40,0.92
2336,3,recover,bruiser,-16.44,12.97,1.07
2336,4,recover,pouncer,-15.15,11.67,0.91
2337,1,recover,swarm,-16.16,11.75,0.30
2337,2,windup,swarm,-16.69,11.40,0.92
2337,3,recover,bruiser,-16.44,12.97,1.07
2337,4,recover,pouncer,-15.15,11.67,0.91
2338,1,recover,swarm,-16.16,11.75,0.30
2338,2,windup,swarm,-16.69,11.40,0.92
2338,3,recover,bruiser,-16.44,12.97,1.07
2338,4,recover,pouncer,-15.15,11.67,0.91
2339,1,recover,swarm,-16.16,11.75,0.30
2339,2,windup,swarm,-16.69,11.40,0.92
2339,3,recover,bruiser,-16.44,12.97,1.07
2339,4,recover,pouncer,-15.15,11.67,0.91
2340,1,recover,swarm,-16.16,11.75,0.30
2340,2,windup,swarm,-16.69,11.40,0.92
2340,3,recover,bruiser,-16.44,12.97,1.07
2340,4,recover,pouncer,-15.15,11.67,0.91
2341,1,recover,swarm,-16.16,11.75,0.30
2341,2,windup,swarm,-16.69,11.40,0.92
2341,3,recover,bruiser,-16.44,12.97,1.07
2341,4,recover,pouncer,-15.15,11.67,0.91
2342,1,recover,swarm,-16.16,11.75,0.30
2342,2,windup,swarm,-16.69,11.40,0.92
2342,3,recover,bruiser,-16.44,12.97,1.07
2342,4,stalk,pouncer,-15.15,11.67,0.91
2343,1,recover,swarm,-16.16,11.75,0.30
2343,2,windup,swarm,-16.69,11.40,0.92
2343,3,recover,bruiser,-16.44,12.97,1.07
2343,4,crouch,pouncer,-15.12,11.64,0.95
2344,1,recover,swarm,-16.16,11.75,0.30
2344,2,windup,swarm,-16.69,11.40,0.92
2344,3,recover,bruiser,-16.44,12.97,1.07
2344,4,crouch,pouncer,-15.12,11.64,0.95
2345,1,recover,swarm,-16.16,11.75,0.30
2345,2,windup,swarm,-16.69,11.40,0.92
2345,3,recover,bruiser,-16.44,12.97,1.07
2345,4,crouch,pouncer,-15.12,11.64,0.95
2346,1,recover,swarm,-16.16,11.75,0.30
2346,2,windup,swarm,-16.69,11.40,0.92
2346,3,recover,bruiser,-16.44,12.97,1.07
2346,4,crouch,pouncer,-15.12,11.64,0.95
2347,1,recover,swarm,-16.16,11.75,0.30
2347,2,strike,swarm,-16.69,11.40,0.92
2347,3,recover,bruiser,-16.44,12.97,1.07
2347,4,crouch,pouncer,-15.12,11.64,0.95
2348,1,recover,swarm,-16.16,11.75,0.30
2348,2,strike,swarm,-16.72,11.39,0.95
2348,3,recover,bruiser,-16.44,12.97,1.07
2348,4,crouch,pouncer,-15.12,11.64,0.95
2349,1,recover,swarm,-16.16,11.75,0.30
2349,2,strike,swarm,-17.06,11.36,1.24
2349,3,recover,bruiser,-16.44,12.97,1.07
2349,4,crouch,pouncer,-15.12,11.64,0.95
2350,1,recover,swarm,-16.16,11.75,0.30
2350,2,strike,swarm,-17.04,11.39,1.21
2350,3,recover,bruiser,-16.44,12.97,1.07
2350,4,crouch,pouncer,-15.12,11.64,0.95
2351,1,recover,swarm,-16.16,11.75,0.30
2351,2,strike,swarm,-17.01,11.50,1.13
2351,3,recover,bruiser,-16.44,12.97,1.07
2351,4,crouch,pouncer,-15.12,11.64,0.95
2352,1,recover,swarm,-16.16,11.75,0.30
2352,2,strike,swarm,-17.01,11.54,1.12
2352,3,recover,bruiser,-16.44,12.97,1.07
2352,4,crouch,pouncer,-15.12,11.64,0.95
2353,1,recover,swarm,-16.16,11.75,0.30
2353,2,strike,swarm,-17.04,11.74,1.08
2353,3,recover,bruiser,-16.44,12.97,1.07
2353,4,crouch,pouncer,-15.12,11.64,0.95
2354,1,recover,swarm,-16.16,11.75,0.30
2354,2,strike,swarm,-17.05,11.77,1.08
2354,3,recover,bruiser,-16.44,12.97,1.07
2354,4,crouch,pouncer,-15.12,11.64,0.95
2355,1,recover,swarm,-16.16,11.75,0.30
2355,2,strike,swarm,-17.06,11.88,1.07
2355,3,recover,bruiser,-16.44,12.97,1.07
2355,4,crouch,pouncer,-15.12,11.64,0.95
2356,1,recover,swarm,-16.16,11.75,0.30
2356,2,strike,swarm,-17.06,11.91,1.07
2356,3,recover,bruiser,-16.44,12.97,1.07
2356,4,crouch,pouncer,-15.12,11.64,0.95
2357,1,recover,swarm,-16.16,11.75,0.30
2357,2,strike,swarm,-17.08,12.03,1.08
2357,3,recover,bruiser,-16.44,12.97,1.07
2357,4,crouch,pouncer,-15.12,11.64,0.95
2358,1,recover,swarm,-16.16,11.75,0.30
2358,2,recover,swarm,-17.08,12.07,1.09
2358,3,advance,bruiser,-16.44,12.97,1.07
2358,4,crouch,pouncer,-15.12,11.64,0.95
2359,1,recover,swarm,-16.16,11.75,0.30
2359,2,recover,swarm,-17.08,12.07,1.09
2359,3,windup,bruiser,-16.44,12.97,1.07
2359,4,crouch,pouncer,-15.12,11.64,0.95
2360,1,recover,swarm,-16.16,11.75,0.30
2360,2,recover,swarm,-17.08,12.07,1.09
2360,3,windup,bruiser,-16.44,12.97,1.07
2360,4,crouch,pouncer,-15.12,11.64,0.95
2361,1,recover,swarm,-16.16,11.75,0.30
2361,2,recover,swarm,-17.08,12.07,1.09
2361,3,windup,bruiser,-16.44,12.97,1.07
2361,4,crouch,pouncer,-15.12,11.64,0.95
2362,1,recover,swarm,-16.16,11.75,0.30
2362,2,recover,swarm,-17.08,12.07,1.09
2362,3,windup,bruiser,-16.44,12.97,1.07
2362,4,crouch,pouncer,-15.12,11.64,0.95
2363,1,recover,swarm,-16.16,11.75,0.30
2363,2,recover,swarm,-17.08,12.07,1.09
2363,3,windup,bruiser,-16.44,12.97,1.07
2363,4,crouch,pouncer,-15.12,11.64,0.95
2364,1,chase,swarm,-16.16,11.75,0.30
2364,2,recover,swarm,-17.08,12.07,1.09
2364,3,windup,bruiser,-16.44,12.97,1.07
2364,4,crouch,pouncer,-15.12,11.64,0.95
2365,1,windup,swarm,-16.16,11.75,0.30
2365,2,recover,swarm,-17.08,12.07,1.09
2365,3,windup,bruiser,-16.44,12.97,1.07
2365,4,crouch,pouncer,-15.12,11.64,0.95
2366,1,windup,swarm,-16.16,11.75,0.30
2366,2,recover,swarm,-17.08,12.07,1.09
2366,3,windup,bruiser,-16.44,12.97,1.07
2366,4,crouch,pouncer,-15.12,11.64,0.95
2367,1,windup,swarm,-16.16,11.75,0.30
2367,2,recover,swarm,-17.08,12.07,1.09
2367,3,windup,bruiser,-16.44,12.97,1.07
2367,4,crouch,pouncer,-15.12,11.64,0.95
2368,1,windup,swarm,-16.16,11.75,0.30
2368,2,recover,swarm,-17.08,12.07,1.09
2368,3,windup,bruiser,-16.44,12.97,1.07
2368,4,crouch,pouncer,-15.12,11.64,0.95
2369,1,windup,swarm,-16.16,11.75,0.30
2369,2,recover,swarm,-17.08,12.07,1.09
2369,3,windup,bruiser,-16.44,12.97,1.07
2369,4,pounce,pouncer,-15.12,11.64,0.95
2370,1,windup,swarm,-16.16,11.75,0.30
2370,2,recover,swarm,-17.08,12.07,1.09
2370,3,windup,bruiser,-16.44,12.97,1.07
2370,4,pounce,pouncer,-15.16,11.68,0.89
2371,1,windup,swarm,-16.16,11.75,0.30
2371,2,recover,swarm,-17.08,12.07,1.09
2371,3,windup,bruiser,-16.44,12.97,1.07
2371,4,pounce,pouncer,-15.42,11.93,0.58
2372,1,windup,swarm,-16.16,11.75,0.30
2372,2,recover,swarm,-17.08,12.07,1.09
2372,3,windup,bruiser,-16.44,12.97,1.07
2372,4,pounce,pouncer,-15.41,11.98,0.59
2373,1,windup,swarm,-16.16,11.75,0.30
2373,2,recover,swarm,-17.08,12.07,1.09
2373,3,windup,bruiser,-16.44,12.97,1.07
2373,4,pounce,pouncer,-15.26,14.23,2.35
2374,1,strike,swarm,-16.16,11.75,0.30
2374,2,recover,swarm,-17.08,12.07,1.09
2374,3,windup,bruiser,-16.44,12.97,1.07
2374,4,pounce,pouncer,-15.30,14.25,2.35
2375,1,strike,swarm,-16.01,11.82,0.18
2375,2,recover,swarm,-17.08,12.07,1.09
2375,3,windup,bruiser,-16.44,12.97,1.07
2375,4,pounce,pouncer,-15.54,14.34,2.39
2376,1,strike,swarm,-15.98,11.83,0.16
2376,2,recover,swarm,-17.08,12.07,1.09
2376,3,windup,bruiser,-16.44,12.97,1.07
2376,4,recover,pouncer,-15.58,14.36,2.40
2377,1,strike,swarm,-15.86,11.91,0.16
2377,2,recover,swarm,-17.08,12.07,1.09
2377,3,windup,bruiser,-16.44,12.97,1.07
2377,4,recover,pouncer,-15.58,14.36,2.40
2378,1,strike,swarm,-15.83,11.93,0.17
2378,2,recover,swarm,-17.08,12.07,1.09
2378,3,windup,bruiser,-16.44,12.97,1.07
2378,4,recover,pouncer,-15.58,14.36,2.40
2379,1,strike,swarm,-15.74,12.01,0.25
2379,2,recover,swarm,-17.08,12.07,1.09
2379,3,windup,bruiser,-16.44,12.97,1.07
2379,4,recover,pouncer,-15.58,14.36,2.40
2380,1,strike,swarm,-15.72,12.04,0.28
2380,2,recover,swarm,-17.08,12.07,1.09
2380,3,windup,bruiser,-16.44,12.97,1.07
2380,4,recover,pouncer,-15.58,14.36,2.40
2381,1,strike,swarm,-15.62,12.12,0.39
2381,2,recover,swarm,-17.08,12.07,1.09
2381,3,windup,bruiser,-16.44,12.97,1.07
2381,4,recover,pouncer,-15.58,14.36,2.40
2382,1,strike,swarm,-15.60,12.15,0.43
2382,2,recover,swarm,-17.08,12.07,1.09
2382,3,windup,bruiser,-16.44,12.97,1.07
2382,4,recover,pouncer,-15.58,14.36,2.40
2383,1,strike,swarm,-15.47,12.26,0.59
2383,2,recover,swarm,-17.08,12.07,1.09
2383,3,windup,bruiser,-16.44,12.97,1.07
2383,4,recover,pouncer,-15.58,14.36,2.40
2384,1,strike,swarm,-15.45,12.29,0.62
2384,2,recover,swarm,-17.08,12.07,1.09
2384,3,windup,bruiser,-16.44,12.97,1.07
2384,4,recover,pouncer,-15.58,14.36,2.40
2385,1,strike,swarm,-15.35,12.39,0.76
2385,2,recover,swarm,-17.08,12.07,1.09
2385,3,strike,bruiser,-16.44,12.97,1.07
2385,4,recover,pouncer,-15.58,14.36,2.40
2386,1,strike,swarm,-15.32,12.42,0.79
2386,2,recover,swarm,-17.08,12.07,1.09
2386,3,strike,bruiser,-16.42,12.95,1.05
2386,4,recover,pouncer,-15.58,14.36,2.40
2387,1,strike,swarm,-15.20,12.55,0.97
2387,2,recover,swarm,-17.08,12.07,1.09
2387,3,strike,bruiser,-16.32,12.84,0.91
2387,4,recover,pouncer,-15.58,14.36,2.40
2388,1,strike,swarm,-15.17,12.57,1.01
2388,2,chase,swarm,-17.08,12.07,1.09
2388,3,strike,bruiser,-16.30,12.82,0.88
2388,4,recover,pouncer,-15.58,14.36,2.40
2389,1,recover,swarm,-15.05,12.69,1.18
2389,2,windup,swarm,-17.08,12.07,1.09
2389,3,strike,bruiser,-16.21,12.71,0.74
2389,4,recover,pouncer,-15.58,14.36,2.40
2390,1,recover,swarm,-15.05,12.69,1.18
2390,2,windup,swarm,-17.08,12.07,1.09
2390,3,strike,bruiser,-16.19,12.68,0.71
2390,4,recover,pouncer,-15.58,14.36,2.40
2391,1,recover,swarm,-15.05,12.69,1.18
2391,2,windup,swarm,-17.08,12.07,1.09
2391,3,strike,bruiser,-16.10,12.55,0.56
2391,4,recover,pouncer,-15.58,14.36,2.40
2392,1,recover,swarm,-15.05,12.69,1.18
2392,2,windup,swarm,-17.08,12.07,1.09
2392,3,strike,bruiser,-16.08,12.52,0.53
2392,4,recover,pouncer,-15.58,14.36,2.40
2393,1,recover,swarm,-15.05,12.69,1.18
2393,2,windup,swarm,-17.08,12.07,1.09
2393,3,strike,bruiser,-16.04,12.39,0.40
2393,4,recover,pouncer,-15.58,14.36,2.40
2394,1,recover,swarm,-15.05,12.69,1.18
2394,2,windup,swarm,-17.08,12.07,1.09
2394,3,strike,bruiser,-16.03,12.37,0.37
2394,4,recover,pouncer,-15.58,14.36,2.40
2395,1,recover,swarm,-15.05,12.69,1.18
2395,2,windup,swarm,-17.08,12.07,1.09
2395,3,strike,bruiser,-15.99,12.23,0.24
2395,4,recover,pouncer,-15.58,14.36,2.40
2396,1,recover,swarm,-15.05,12.69,1.18
2396,2,windup,swarm,-17.08,12.07,1.09
2396,3,strike,bruiser,-15.98,12.21,0.22
2396,4,recover,pouncer,-15.58,14.36,2.40
2397,1,recover,swarm,-15.05,12.69,1.18
2397,2,windup,swarm,-17.08,12.07,1.09
2397,3,strike,bruiser,-15.93,12.07,0.09
2397,4,recover,pouncer,-15.58,14.36,2.40
2398,1,recover,swarm,-15.05,12.69,1.18
2398,2,windup,swarm,-17.08,12.07,1.09
2398,3,strike,bruiser,-15.93,12.04,0.08
2398,4,recover,pouncer,-15.58,14.36,2.40
2399,1,recover,swarm,-15.05,12.69,1.18
2399,2,windup,swarm,-17.08,12.07,1.09
2399,3,strike,bruiser,-15.89,11.92,0.13
2399,4,recover,pouncer,-15.58,14.36,2.40
2400,1,recover,swarm,-15.05,12.69,1.18
2400,2,windup,swarm,-17.08,12.07,1.09
2400,3,strike,bruiser,-15.88,11.90,0.15
2400,4,recover,pouncer,-15.58,14.36,2.40
2401,1,recover,swarm,-15.05,12.69,1.18
2401,2,windup,swarm,-17.08,12.07,1.09
2401,3,strike,bruiser,-15.84,11.77,0.28
2401,4,recover,pouncer,-15.58,14.36,2.40
