frame,enemy,state,archetype,x,z,dist
1,1,patrol,swarm,-7.00,-6.00,17.46
1,2,patrol,swarm,-4.00,-9.00,19.42
1,3,patrol,bruiser,9.00,-8.00,20.12
1,4,patrol,pouncer,3.00,-14.00,24.19
2,1,patrol,swarm,-7.09,-5.98,17.48
2,2,patrol,swarm,-4.05,-8.92,19.35
2,3,patrol,bruiser,9.06,-8.01,20.16
2,4,patrol,pouncer,2.96,-13.90,24.08
3,1,patrol,swarm,-7.38,-5.91,17.54
3,2,patrol,swarm,-4.22,-8.68,19.15
3,3,patrol,bruiser,9.25,-8.06,20.29
3,4,patrol,pouncer,2.83,-13.58,23.75
4,1,patrol,swarm,-7.45,-5.90,17.56
4,2,patrol,swarm,-4.26,-8.61,19.09
4,3,patrol,bruiser,9.30,-8.08,20.33
4,4,patrol,pouncer,2.80,-13.50,23.66
5,1,patrol,swarm,-7.52,-5.88,17.57
5,2,patrol,swarm,-4.29,-8.56,19.05
5,3,patrol,bruiser,9.34,-8.09,20.36
5,4,patrol,pouncer,2.77,-13.42,23.59
6,1,patrol,swarm,-7.55,-5.88,17.58
6,2,patrol,swarm,-4.31,-8.53,19.02
6,3,patrol,bruiser,9.37,-8.09,20.37
6,4,patrol,pouncer,2.76,-13.38,23.55
7,1,patrol,swarm,-7.57,-5.87,17.59
7,2,patrol,swarm,-4.33,-8.51,19.01
7,3,patrol,bruiser,9.38,-8.10,20.38
7,4,patrol,pouncer,2.75,-13.36,23.52
8,1,patrol,swarm,-7.60,-5.87,17.59
8,2,patrol,swarm,-4.34,-8.49,18.99
8,3,patrol,bruiser,9.40,-8.10,20.39
8,4,patrol,pouncer,2.74,-13.34,23.50
9,1,patrol,swarm,-7.69,-5.84,17.61
9,2,patrol,swarm,-4.39,-8.41,18.93
9,3,patrol,bruiser,9.46,-8.11,20.44
9,4,patrol,pouncer,2.70,-13.23,23.39
10,1,patrol,swarm,-7.74,-5.83,17.63
10,2,patrol,swarm,-4.42,-8.37,18.89
10,3,patrol,bruiser,9.49,-8.12,20.46
10,4,patrol,pouncer,2.68,-13.17,23.33
11,1,patrol,swarm,-7.80,-5.82,17.64
11,2,patrol,swarm,-4.45,-8.32,18.85
11,3,patrol,bruiser,9.53,-8.13,20.48
11,4,patrol,pouncer,2.65,-13.11,23.26
12,1,patrol,swarm,-7.83,-5.81,17.65
12,2,patrol,swarm,-4.47,-8.29,18.83
12,3,patrol,bruiser,9.55,-8.14,20.50
12,4,patrol,pouncer,2.64,-13.07,23.22
13,1,patrol,swarm,-7.87,-5.81,17.66
13,2,patrol,swarm,-4.49,-8.26,18.80
13,3,patrol,bruiser,9.58,-8.14,20.52
13,4,patrol,pouncer,2.62,-13.03,23.18
14,1,patrol,swarm,-7.89,-5.80,17.66
14,2,patrol,swarm,-4.51,-8.24,18.79
14,3,patrol,bruiser,9.59,-8.15,20.53
14,4,patrol,pouncer,2.61,-13.01,23.16
15,1,patrol,swarm,-7.95,-5.79,17.67
15,2,patrol,swarm,-4.54,-8.19,18.75
15,3,patrol,bruiser,9.63,-8.16,20.55
15,4,patrol,pouncer,2.59,-12.95,23.09
16,1,patrol,swarm,-8.02,-5.77,17.69
16,2,patrol,swarm,-4.58,-8.13,18.70
16,3,patrol,bruiser,9.68,-8.17,20.59
16,4,patrol,pouncer,2.56,-12.86,23.01
17,1,patrol,swarm,-8.09,-5.75,17.71
17,2,patrol,swarm,-4.62,-8.07,18.65
17,3,patrol,bruiser,9.73,-8.18,20.62
17,4,patrol,pouncer,2.52,-12.78,22.92
18,1,patrol,swarm,-8.15,-5.74,17.73
18,2,patrol,swarm,-4.65,-8.02,18.61
18,3,patrol,bruiser,9.76,-8.19,20.65
18,4,patrol,pouncer,2.50,-12.72,22.85
19,1,patrol,swarm,-8.19,-5.73,17.74
19,2,patrol,swarm,-4.68,-7.98,18.58
19,3,patrol,bruiser,9.79,-8.20,20.67
19,4,patrol,pouncer,2.48,-12.67,22.80
20,1,patrol,swarm,-8.25,-5.72,17.75
20,2,patrol,swarm,-4.71,-7.94,18.55
20,3,patrol,bruiser,9.83,-8.21,20.69
20,4,patrol,pouncer,2.46,-12.61,22.75
21,1,patrol,swarm,-8.31,-5.70,17.77
21,2,patrol,swarm,-4.75,-7.88,18.50
21,3,patrol,bruiser,9.87,-8.22,20.72
21,4,patrol,pouncer,2.43,-12.54,22.67
22,1,patrol,swarm,-8.41,-5.68,17.80
22,2,patrol,swarm,-4.80,-7.80,18.43
22,3,patrol,bruiser,9.94,-8.23,20.77
22,4,patrol,pouncer,2.39,-12.43,22.55
23,1,patrol,swarm,-8.47,-5.67,17.81
23,2,patrol,swarm,-4.83,-7.75,18.39
23,3,patrol,bruiser,9.97,-8.24,20.79
23,4,patrol,pouncer,2.36,-12.36,22.49
24,1,patrol,swarm,-8.56,-5.65,17.84
24,2,patrol,swarm,-4.89,-7.67,18.33
24,3,patrol,bruiser,10.03,-8.26,20.83
24,4,patrol,pouncer,2.32,-12.26,22.39
25,1,patrol,swarm,-8.60,-5.64,17.85
25,2,patrol,swarm,-4.91,-7.63,18.30
25,3,patrol,bruiser,10.06,-8.27,20.86
25,4,patrol,pouncer,2.30,-12.21,22.33
26,1,patrol,swarm,-8.67,-5.62,17.87
26,2,patrol,swarm,-4.95,-7.57,18.26
26,3,patrol,bruiser,10.11,-8.28,20.89
26,4,patrol,pouncer,2.27,-12.14,22.25
27,1,patrol,swarm,-8.76,-5.60,17.90
27,2,patrol,swarm,-5.00,-7.50,18.20
27,3,patrol,bruiser,10.17,-8.29,20.93
27,4,patrol,pouncer,2.24,-12.04,22.15
28,1,patrol,swarm,-8.79,-5.60,17.91
28,2,patrol,swarm,-5.02,-7.47,18.18
28,3,patrol,bruiser,10.19,-8.30,20.94
28,4,patrol,pouncer,2.22,-12.00,22.11
29,1,patrol,swarm,-8.85,-5.59,17.92
29,2,patrol,swarm,-5.05,-7.43,18.14
29,3,patrol,bruiser,10.22,-8.31,20.97
29,4,patrol,pouncer,2.20,-11.94,22.05
30,1,patrol,swarm,-8.90,-5.57,17.94
30,2,patrol,swarm,-5.08,-7.38,18.11
30,3,patrol,bruiser,10.26,-8.32,20.99
30,4,patrol,pouncer,2.17,-11.88,21.99
31,1,patrol,swarm,-8.95,-5.56,17.95
31,2,patrol,swarm,-5.11,-7.34,18.07
31,3,patrol,bruiser,10.29,-8.32,21.02
31,4,patrol,pouncer,2.15,-11.83,21.93
32,1,patrol,swarm,-9.01,-5.55,17.97
32,2,patrol,swarm,-5.14,-7.28,18.03
32,3,patrol,bruiser,10.34,-8.33,21.05
32,4,patrol,pouncer,2.12,-11.76,21.86
33,1,patrol,swarm,-9.06,-5.54,17.99
33,2,patrol,swarm,-5.17,-7.24,18.00
33,3,patrol,bruiser,10.37,-8.34,21.07
33,4,patrol,pouncer,2.10,-11.70,21.80
34,1,patrol,swarm,-9.12,-5.52,18.00
34,2,patrol,swarm,-5.20,-7.19,17.96
34,3,patrol,bruiser,10.40,-8.35,21.10
34,4,patrol,pouncer,2.08,-11.64,21.74
35,1,patrol,swarm,-9.16,-5.52,18.02
35,2,patrol,swarm,-5.16,-7.22,17.98
35,3,patrol,bruiser,10.43,-8.36,21.12
35,4,patrol,pouncer,2.06,-11.59,21.69
36,1,patrol,swarm,-9.21,-5.50,17.89
36,2,patrol,swarm,-5.12,-7.26,17.83
36,3,patrol,bruiser,10.46,-8.37,20.97
36,4,patrol,pouncer,2.04,-11.54,21.45
37,1,patrol,swarm,-9.25,-5.50,17.79
37,2,patrol,swarm,-5.08,-7.28,17.72
37,3,patrol,bruiser,10.46,-8.34,20.81
37,4,patrol,pouncer,2.02,-11.50,21.27
38,1,patrol,swarm,-9.26,-5.49,17.74
38,2,patrol,swarm,-5.06,-7.30,17.66
38,3,patrol,bruiser,10.45,-8.32,20.73
38,4,patrol,pouncer,2.02,-11.48,21.18
39,1,patrol,swarm,-9.31,-5.48,17.64
39,2,patrol,swarm,-5.02,-7.33,17.54
39,3,patrol,bruiser,10.44,-8.29,20.55
39,4,patrol,pouncer,2.00,-11.43,20.97
40,1,patrol,swarm,-9.33,-5.48,17.56
40,2,patrol,swarm,-5.00,-7.35,17.45
40,3,patrol,bruiser,10.44,-8.27,20.43
40,4,patrol,pouncer,1.99,-11.40,20.83
41,1,patrol,swarm,-9.37,-5.47,17.47
41,2,patrol,swarm,-4.96,-7.37,17.33
41,3,patrol,bruiser,10.43,-8.24,20.27
41,4,patrol,pouncer,1.97,-11.36,20.64
42,1,patrol,swarm,-9.39,-5.46,17.41
42,2,patrol,swarm,-4.94,-7.39,17.26
42,3,patrol,bruiser,10.43,-8.22,20.16
42,4,patrol,pouncer,1.96,-11.33,20.52
43,1,patrol,swarm,-9.43,-5.46,17.33
43,2,patrol,swarm,-4.90,-7.41,17.16
43,3,patrol,bruiser,10.42,-8.20,20.02
43,4,patrol,pouncer,1.95,-11.30,20.36
44,1,patrol,swarm,-9.44,-5.45,17.30
44,2,patrol,swarm,-4.89,-7.42,17.12
44,3,patrol,bruiser,10.42,-8.19,19.97
44,4,patrol,pouncer,1.94,-11.28,20.31
45,1,patrol,swarm,-9.45,-5.45,17.26
45,2,patrol,swarm,-4.88,-7.43,17.07
45,3,patrol,bruiser,10.41,-8.18,19.90
45,4,patrol,pouncer,1.93,-11.27,20.23
46,1,patrol,swarm,-9.48,-5.44,17.19
46,2,patrol,swarm,-4.85,-7.45,17.00
46,3,patrol,bruiser,10.41,-8.16,19.79
46,4,patrol,pouncer,1.92,-11.24,20.10
47,1,patrol,swarm,-9.52,-5.44,17.10
47,2,patrol,swarm,-4.82,-7.48,16.88
47,3,patrol,bruiser,10.40,-8.13,19.63
47,4,patrol,pouncer,1.91,-11.20,19.91
48,1,patrol,swarm,-9.55,-5.43,17.03
48,2,patrol,swarm,-4.79,-7.50,16.79
48,3,patrol,bruiser,10.39,-8.10,19.50
48,4,patrol,pouncer,1.89,-11.16,19.76
49,1,patrol,swarm,-9.59,-5.42,16.91
49,2,patrol,swarm,-4.74,-7.53,16.64
49,3,patrol,bruiser,10.38,-8.07,19.30
49,4,patrol,pouncer,1.87,-11.11,19.53
50,1,patrol,swarm,-9.62,-5.41,16.85
50,2,patrol,swarm,-4.71,-7.55,16.56
50,3,patrol,bruiser,10.38,-8.05,19.19
50,4,patrol,pouncer,1.86,-11.08,19.40
51,1,patrol,swarm,-9.66,-5.40,16.75
51,2,patrol,swarm,-4.67,-7.58,16.43
51,3,patrol,bruiser,10.37,-8.01,19.01
51,4,patrol,pouncer,1.85,-11.04,19.19
52,1,patrol,swarm,-9.68,-5.40,16.69
52,2,patrol,swarm,-4.65,-7.60,16.36
52,3,patrol,bruiser,10.37,-7.99,18.90
52,4,patrol,pouncer,1.83,-11.01,19.07
53,1,patrol,swarm,-9.72,-5.39,16.61
53,2,patrol,swarm,-4.62,-7.63,16.25
53,3,patrol,bruiser,10.36,-7.97,18.75
53,4,patrol,pouncer,1.82,-10.97,18.90
54,1,patrol,swarm,-9.74,-5.38,16.56
54,2,patrol,swarm,-4.59,-7.64,16.17
54,3,patrol,bruiser,10.35,-7.95,18.64
54,4,patrol,pouncer,1.81,-10.95,18.77
55,1,patrol,swarm,-9.77,-5.38,16.48
55,2,patrol,swarm,-4.56,-7.67,16.08
55,3,patrol,bruiser,10.35,-7.92,18.51
55,4,patrol,pouncer,1.80,-10.91,18.62
56,1,patrol,swarm,-9.82,-5.37,16.38
56,2,patrol,swarm,-4.51,-7.70,15.93
56,3,patrol,bruiser,10.34,-7.88,18.31
56,4,patrol,pouncer,1.78,-10.86,18.38
57,1,patrol,swarm,-9.84,-5.36,16.31
57,2,patrol,swarm,-4.48,-7.72,15.84
57,3,patrol,bruiser,10.33,-7.86,18.18
57,4,patrol,pouncer,1.76,-10.83,18.24
58,1,patrol,swarm,-9.87,-5.36,16.26
58,2,patrol,swarm,-4.46,-7.74,15.76
58,3,patrol,bruiser,10.33,-7.84,18.07
58,4,patrol,pouncer,1.75,-10.80,18.11
59,1,patrol,swarm,-9.90,-5.35,16.20
59,2,patrol,swarm,-4.43,-7.76,15.68
59,3,patrol,bruiser,10.32,-7.82,17.95
59,4,patrol,pouncer,1.74,-10.77,17.97
60,1,patrol,swarm,-9.95,-5.34,16.07
60,2,patrol,swarm,-4.37,-7.80,15.49
60,3,patrol,bruiser,10.31,-7.77,17.70
60,4,patrol,pouncer,1.72,-10.71,17.68
61,1,patrol,swarm,-9.98,-5.33,16.00
61,2,patrol,swarm,-4.34,-7.83,15.39
61,3,patrol,bruiser,10.30,-7.75,17.55
61,4,patrol,pouncer,1.70,-10.68,17.51
62,1,patrol,swarm,-10.01,-5.32,15.94
62,2,patrol,swarm,-4.31,-7.85,15.31
62,3,patrol,bruiser,10.30,-7.72,17.44
62,4,patrol,pouncer,1.69,-10.65,17.38
63,1,patrol,swarm,-10.04,-5.32,15.89
63,2,patrol,swarm,-4.29,-7.87,15.22
63,3,patrol,bruiser,10.29,-7.70,17.33
63,4,patrol,pouncer,1.68,-10.62,17.24
64,1,patrol,swarm,-10.10,-5.30,15.75
64,2,patrol,swarm,-4.22,-7.92,15.01
64,3,patrol,bruiser,10.28,-7.65,17.04
64,4,patrol,pouncer,1.65,-10.55,16.91
65,1,patrol,swarm,-10.13,-5.30,15.69
65,2,patrol,swarm,-4.19,-7.94,14.92
65,3,patrol,bruiser,10.27,-7.63,16.92
65,4,patrol,pouncer,1.64,-10.52,16.76
66,1,patrol,swarm,-10.14,-5.29,15.66
66,2,patrol,swarm,-4.18,-7.95,14.87
66,3,patrol,bruiser,10.27,-7.62,16.85
66,4,patrol,pouncer,1.64,-10.50,16.69
67,1,patrol,swarm,-10.17,-5.29,15.61
67,2,patrol,swarm,-4.15,-7.97,14.78
67,3,patrol,bruiser,10.26,-7.59,16.73
67,4,patrol,pouncer,1.62,-10.47,16.54
68,1,patrol,swarm,-10.24,-5.27,15.47
68,2,patrol,swarm,-4.07,-8.03,14.55
68,3,patrol,bruiser,10.24,-7.53,16.41
68,4,patrol,pouncer,1.59,-10.39,16.17
69,1,patrol,swarm,-10.28,-5.26,15.40
69,2,patrol,swarm,-4.04,-8.05,14.43
69,3,patrol,bruiser,10.24,-7.50,16.25
69,4,patrol,pouncer,1.63,-10.43,16.07
70,1,patrol,swarm,-10.32,-5.25,15.31
70,2,patrol,swarm,-3.99,-8.09,14.28
70,3,patrol,bruiser,10.23,-7.47,16.06
70,4,patrol,pouncer,1.67,-10.49,15.94
71,1,patrol,swarm,-10.37,-5.24,15.21
71,2,patrol,swarm,-3.93,-8.13,14.11
71,3,patrol,bruiser,10.22,-7.42,15.82
71,4,patrol,pouncer,1.72,-10.55,15.79
72,1,patrol,swarm,-10.41,-5.23,15.14
72,2,patrol,swarm,-3.89,-8.16,13.98
72,3,patrol,bruiser,10.21,-7.39,15.65
72,4,patrol,pouncer,1.76,-10.59,15.68
73,1,patrol,swarm,-10.46,-5.22,15.06
73,2,patrol,swarm,-3.84,-8.20,13.83
73,3,patrol,bruiser,10.20,-7.35,15.44
73,4,patrol,pouncer,1.80,-10.65,15.54
74,1,patrol,swarm,-10.52,-5.21,14.96
74,2,patrol,swarm,-3.78,-8.24,13.63
74,3,patrol,bruiser,10.18,-7.31,15.18
74,4,patrol,pouncer,1.86,-10.72,15.36
75,1,patrol,swarm,-10.56,-5.20,14.89
75,2,patrol,swarm,-3.73,-8.28,13.49
75,3,patrol,bruiser,10.18,-7.27,15.00
75,4,patrol,pouncer,1.90,-10.77,15.24
76,1,patrol,swarm,-10.61,-5.19,14.81
76,2,patrol,swarm,-3.68,-8.32,13.32
76,3,patrol,bruiser,10.16,-7.23,14.77
76,4,patrol,pouncer,1.95,-10.83,15.09
77,1,patrol,swarm,-10.66,-5.18,14.72
77,2,patrol,swarm,-3.62,-8.36,13.13
77,3,patrol,bruiser,10.15,-7.18,14.53
77,4,patrol,pouncer,2.01,-10.90,14.93
78,1,patrol,swarm,-10.70,-5.17,14.66
78,2,patrol,swarm,-3.57,-8.39,12.99
78,3,patrol,bruiser,10.14,-7.15,14.35
78,4,patrol,pouncer,2.05,-10.95,14.81
79,1,patrol,swarm,-10.76,-5.15,14.57
79,2,patrol,swarm,-3.50,-8.44,12.77
79,3,patrol,bruiser,10.13,-7.10,14.07
79,4,patrol,pouncer,2.11,-11.03,14.62
80,1,patrol,swarm,-10.82,-5.14,14.49
80,2,patrol,swarm,-3.45,-8.49,12.59
80,3,patrol,bruiser,10.12,-7.05,13.83
80,4,patrol,pouncer,2.17,-11.09,14.45
81,1,patrol,swarm,-10.88,-5.13,14.41
81,2,patrol,swarm,-3.37,-8.54,12.36
81,3,patrol,bruiser,10.10,-7.00,13.54
81,4,patrol,pouncer,2.24,-11.18,14.25
82,1,patrol,swarm,-10.91,-5.12,14.37
82,2,patrol,swarm,-3.34,-8.57,12.25
82,3,patrol,bruiser,10.10,-6.97,13.40
82,4,patrol,pouncer,2.27,-11.22,14.16
83,1,patrol,swarm,-10.97,-5.11,14.30
83,2,patrol,swarm,-3.28,-8.61,12.05
83,3,patrol,bruiser,10.08,-6.93,13.16
83,4,alert,pouncer,2.27,-11.22,13.91
84,1,patrol,swarm,-11.02,-5.10,14.25
84,2,alert,swarm,-3.28,-8.61,11.86
84,3,patrol,bruiser,10.07,-6.89,12.94
84,4,alert,pouncer,2.27,-11.22,13.69
85,1,patrol,swarm,-11.07,-5.09,14.20
85,2,alert,swarm,-3.28,-8.61,11.67
85,3,patrol,bruiser,10.06,-6.84,12.72
85,4,alert,pouncer,2.27,-11.22,13.46
86,1,patrol,swarm,-11.11,-5.08,14.16
86,2,alert,swarm,-3.28,-8.61,11.51
86,3,patrol,bruiser,10.05,-6.81,12.54
86,4,alert,pouncer,2.27,-11.22,13.28
87,1,patrol,swarm,-11.17,-5.07,14.11
87,2,alert,swarm,-3.28,-8.61,11.29
87,3,patrol,bruiser,10.04,-6.76,12.30
87,4,alert,pouncer,2.27,-11.22,13.03
88,1,patrol,swarm,-11.21,-5.06,14.08
88,2,alert,swarm,-3.28,-8.61,11.14
88,3,patrol,bruiser,10.03,-6.73,12.14
88,4,alert,pouncer,2.27,-11.22,12.85
89,1,patrol,swarm,-11.24,-5.05,14.05
89,2,alert,swarm,-3.28,-8.61,11.00
89,3,patrol,bruiser,10.03,-6.70,11.98
89,4,alert,pouncer,2.27,-11.22,12.69
90,1,patrol,swarm,-11.27,-5.04,14.03
90,2,alert,swarm,-3.28,-8.61,10.91
90,3,patrol,bruiser,10.02,-6.68,11.88
90,4,alert,pouncer,2.27,-11.22,12.57
91,1,patrol,swarm,-11.31,-5.04,14.01
91,2,alert,swarm,-3.28,-8.61,10.75
91,3,patrol,bruiser,10.01,-6.65,11.70
91,4,alert,pouncer,2.27,-11.22,12.39
92,1,patrol,swarm,-11.36,-5.02,13.98
92,2,chase,swarm,-3.28,-8.61,10.56
92,3,patrol,bruiser,10.00,-6.61,11.50
92,4,stalk,pouncer,2.27,-11.22,12.16
93,1,patrol,swarm,-11.40,-5.02,13.96
93,2,chase,swarm,-3.13,-8.45,10.19
93,3,patrol,bruiser,9.99,-6.57,11.33
93,4,stalk,pouncer,2.16,-11.14,11.89
94,1,patrol,swarm,-11.45,-5.00,13.94
94,2,chase,swarm,-3.00,-8.21,9.73
94,3,patrol,bruiser,9.98,-6.53,11.12
94,4,stalk,pouncer,2.28,-11.03,11.55
95,1,patrol,swarm,-11.48,-5.00,13.93
95,2,chase,swarm,-2.94,-8.07,9.47
95,3,patrol,bruiser,9.97,-6.51,11.00
95,4,stalk,pouncer,2.35,-10.96,11.36
96,1,patrol,swarm,-11.52,-4.99,13.91
96,2,chase,swarm,-2.88,-7.83,9.06
96,3,patrol,bruiser,9.96,-6.47,10.82
96,4,stalk,pouncer,2.46,-10.87,11.07
97,1,patrol,swarm,-11.58,-4.98,13.90
97,2,chase,swarm,-2.87,-7.54,8.59
97,3,patrol,bruiser,9.95,-6.42,10.60
97,4,stalk,pouncer,2.61,-10.75,10.71
98,1,patrol,swarm,-11.61,-4.97,13.90
98,2,chase,swarm,-2.87,-7.36,8.32
98,3,patrol,bruiser,9.95,-6.40,10.47
98,4,stalk,pouncer,2.69,-10.69,10.50
99,1,patrol,swarm,-11.64,-4.96,13.90
99,2,chase,swarm,-2.88,-7.21,8.11
99,3,patrol,bruiser,9.94,-6.38,10.37
99,4,stalk,pouncer,2.76,-10.63,10.33
100,1,patrol,swarm,-11.67,-4.96,13.90
100,2,chase,swarm,-2.90,-7.03,7.84
100,3,patrol,bruiser,9.93,-6.35,10.23
100,4,stalk,pouncer,2.85,-10.56,10.11
101,1,patrol,swarm,-11.71,-4.95,13.90
101,2,chase,swarm,-2.94,-6.79,7.52
101,3,patrol,bruiser,9.92,-6.31,10.07
101,4,stalk,pouncer,2.98,-10.48,9.84
102,1,patrol,swarm,-11.75,-4.94,13.90
102,2,chase,swarm,-2.96,-6.62,7.29
102,3,patrol,bruiser,9.92,-6.28,9.95
102,4,stalk,pouncer,3.06,-10.42,9.64
103,1,patrol,swarm,-11.78,-4.93,13.91
103,2,chase,swarm,-2.99,-6.40,7.02
103,3,patrol,bruiser,9.91,-6.25,9.80
103,4,stalk,pouncer,3.17,-10.34,9.40
104,1,patrol,swarm,-11.80,-4.93,13.91
104,2,chase,swarm,-3.00,-6.34,6.94
104,3,patrol,bruiser,9.90,-6.24,9.76
104,4,stalk,pouncer,3.21,-10.32,9.33
105,1,patrol,swarm,-11.84,-4.92,13.93
105,2,chase,swarm,-3.03,-6.08,6.63
105,3,patrol,bruiser,9.89,-6.20,9.59
105,4,stalk,pouncer,3.34,-10.24,9.05
106,1,patrol,swarm,-11.89,-4.91,13.95
106,2,chase,swarm,-3.04,-5.82,6.32
106,3,patrol,bruiser,9.88,-6.17,9.42
106,4,stalk,pouncer,3.48,-10.16,8.77
107,1,patrol,swarm,-11.94,-4.90,13.97
107,2,chase,swarm,-3.03,-5.51,5.98
107,3,patrol,bruiser,9.93,-6.19,9.32
107,4,stalk,pouncer,3.64,-10.06,8.45
108,1,patrol,swarm,-11.97,-4.89,13.99
108,2,chase,swarm,-3.01,-5.36,5.81
108,3,patrol,bruiser,9.96,-6.20,9.27
108,4,stalk,pouncer,3.73,-10.02,8.29
109,1,patrol,swarm,-12.01,-4.88,14.02
109,2,chase,swarm,-2.96,-5.13,5.55
109,3,patrol,bruiser,9.99,-6.22,9.19
109,4,stalk,pouncer,3.85,-9.95,8.06
110,1,patrol,swarm,-12.03,-4.88,14.03
110,2,chase,swarm,-2.93,-5.04,5.44
110,3,patrol,bruiser,10.01,-6.23,9.16
110,4,stalk,pouncer,3.91,-9.92,7.96
111,1,patrol,swarm,-12.06,-4.87,14.05
111,2,chase,swarm,-2.86,-4.86,5.23
111,3,patrol,bruiser,10.04,-6.24,9.11
111,4,stalk,pouncer,4.01,-9.87,7.77
112,1,patrol,swarm,-12.09,-4.87,14.08
112,2,chase,swarm,-2.78,-4.71,5.05
112,3,patrol,bruiser,10.07,-6.26,9.06
112,4,stalk,pouncer,4.10,-9.82,7.61
113,1,patrol,swarm,-12.15,-4.85,14.12
113,2,chase,swarm,-2.58,-4.48,4.72
113,3,alert,bruiser,10.07,-6.26,8.92
113,4,stalk,pouncer,4.27,-9.74,7.34
114,1,patrol,swarm,-12.19,-4.84,14.16
114,2,chase,swarm,-2.39,-4.34,4.45
114,3,alert,bruiser,10.07,-6.26,8.82
114,4,stalk,pouncer,4.40,-9.68,7.12
115,1,patrol,swarm,-12.38,-4.80,14.39
115,2,chase,swarm,-1.38,-4.78,3.47
115,3,alert,bruiser,10.07,-6.26,8.39
115,4,stalk,pouncer,5.04,-9.45,6.27
116,1,patrol,swarm,-12.38,-4.80,14.40
116,2,chase,swarm,-1.34,-4.79,3.43
116,3,alert,bruiser,10.07,-6.26,8.39
116,4,stalk,pouncer,5.06,-9.43,6.27
117,1,patrol,swarm,-12.54,-4.77,14.55
117,2,chase,swarm,-0.58,-5.28,2.89
117,3,alert,bruiser,10.07,-6.26,8.39
117,4,stalk,pouncer,5.55,-9.18,6.31
118,1,patrol,swarm,-12.56,-4.76,14.58
118,2,chase,swarm,-0.42,-5.34,2.77
118,3,advance,bruiser,10.07,-6.26,8.39
118,4,stalk,pouncer,5.64,-9.12,6.32
119,1,patrol,swarm,-12.59,-4.76,14.61
119,2,chase,swarm,-0.24,-5.40,2.66
119,3,advance,bruiser,10.00,-6.24,8.32
119,4,stalk,pouncer,5.74,-9.06,6.32
120,1,patrol,swarm,-12.63,-4.75,14.64
120,2,chase,swarm,-0.05,-5.46,2.53
120,3,advance,bruiser,9.92,-6.22,8.24
120,4,stalk,pouncer,5.84,-8.99,6.32
121,1,patrol,swarm,-12.81,-4.71,14.82
121,2,chase,swarm,1.05,-5.53,1.83
121,3,advance,bruiser,9.52,-6.10,7.82
121,4,stalk,pouncer,6.39,-8.59,6.38
122,1,patrol,swarm,-12.83,-4.68,14.85
122,2,chase,swarm,1.23,-5.45,1.67
122,3,advance,bruiser,9.44,-6.08,7.74
122,4,stalk,pouncer,6.48,-8.51,6.38
123,1,patrol,swarm,-12.90,-4.61,14.91
123,2,chase,swarm,1.63,-5.06,1.15
123,3,advance,bruiser,9.23,-6.02,7.52
123,4,stalk,pouncer,6.72,-8.28,6.40
124,1,patrol,swarm,-12.93,-4.58,14.94
124,2,windup,swarm,1.63,-5.06,1.15
124,3,advance,bruiser,9.13,-5.99,7.42
124,4,stalk,pouncer,6.84,-8.15,6.40
125,1,patrol,swarm,-12.97,-4.54,14.98
125,2,windup,swarm,1.63,-5.06,1.15
125,3,advance,bruiser,9.02,-5.96,7.30
125,4,stalk,pouncer,6.97,-8.01,6.41
126,1,patrol,swarm,-13.01,-4.50,15.02
126,2,windup,swarm,1.63,-5.06,1.15
126,3,advance,bruiser,8.89,-5.92,7.17
126,4,stalk,pouncer,7.10,-7.85,6.41
127,1,patrol,swarm,-13.04,-4.48,15.04
127,2,windup,swarm,1.63,-5.06,1.15
127,3,advance,bruiser,8.82,-5.90,7.09
127,4,stalk,pouncer,7.17,-7.76,6.42
128,1,patrol,swarm,-13.07,-4.44,15.07
128,2,strike,swarm,1.63,-5.06,1.15
128,3,advance,bruiser,8.72,-5.87,6.99
128,4,stalk,pouncer,7.27,-7.63,6.42
129,1,patrol,swarm,-13.10,-4.41,15.10
129,2,strike,swarm,1.74,-4.72,0.80
129,3,advance,bruiser,8.62,-5.85,6.89
129,4,stalk,pouncer,7.36,-7.50,6.42
130,1,patrol,swarm,-13.13,-4.38,15.13
130,2,strike,swarm,1.85,-4.39,0.45
130,3,advance,bruiser,8.53,-5.82,6.79
130,4,stalk,pouncer,7.45,-7.37,6.43
131,1,patrol,swarm,-13.17,-4.34,15.17
131,2,strike,swarm,2.02,-3.90,0.07
131,3,advance,bruiser,8.39,-5.78,6.64
131,4,stalk,pouncer,7.58,-7.17,6.44
132,1,patrol,swarm,-13.20,-4.30,15.20
132,2,recover,swarm,2.14,-3.55,0.44
132,3,advance,bruiser,8.29,-5.75,6.54
132,4,stalk,pouncer,7.66,-7.03,6.44
133,1,patrol,swarm,-13.24,-4.27,15.23
133,2,recover,swarm,2.14,-3.55,0.44
133,3,advance,bruiser,8.18,-5.72,6.43
133,4,stalk,pouncer,7.75,-6.87,6.44
134,1,patrol,swarm,-13.28,-4.23,15.27
134,2,recover,swarm,2.14,-3.55,0.44
134,3,advance,bruiser,8.05,-5.67,6.29
134,4,stalk,pouncer,7.85,-6.68,6.45
135,1,patrol,swarm,-13.31,-4.20,15.30
135,2,recover,swarm,2.14,-3.55,0.44
135,3,advance,bruiser,7.98,-5.60,6.21
135,4,stalk,pouncer,7.95,-6.56,6.49
136,1,patrol,swarm,-13.36,-4.14,15.36
136,2,recover,swarm,2.14,-3.55,0.44
136,3,advance,bruiser,7.85,-5.47,6.04
136,4,stalk,pouncer,8.20,-6.40,6.67
137,1,patrol,swarm,-13.41,-4.09,15.41
137,2,recover,swarm,2.14,-3.55,0.44
137,3,advance,bruiser,7.71,-5.37,5.88
137,4,stalk,pouncer,8.43,-6.25,6.82
138,1,patrol,swarm,-13.45,-4.05,15.45
138,2,recover,swarm,2.14,-3.55,0.44
138,3,advance,bruiser,7.58,-5.32,5.75
138,4,stalk,pouncer,8.55,-6.07,6.89
139,1,patrol,swarm,-13.50,-4.01,15.49
139,2,recover,swarm,2.14,-3.55,0.44
139,3,advance,bruiser,7.43,-5.27,5.59
139,4,stalk,pouncer,8.64,-5.84,6.91
140,1,patrol,swarm,-13.53,-3.97,15.53
140,2,recover,swarm,2.14,-3.55,0.44
140,3,advance,bruiser,7.31,-5.24,5.46
140,4,stalk,pouncer,8.69,-5.64,6.90
141,1,patrol,swarm,-13.57,-3.93,15.56
141,2,chase,swarm,2.14,-3.55,0.44
141,3,advance,bruiser,7.19,-5.21,5.34
141,4,stalk,pouncer,8.72,-5.46,6.89
142,1,patrol,swarm,-13.61,-3.89,15.35
142,2,windup,swarm,2.14,-3.55,0.44
142,3,advance,bruiser,7.04,-5.18,5.49
142,4,stalk,pouncer,8.64,-5.68,7.17
143,1,patrol,swarm,-13.64,-3.86,15.20
143,2,windup,swarm,2.14,-3.55,0.58
143,3,advance,bruiser,6.94,-5.14,5.61
143,4,stalk,pouncer,8.57,-5.85,7.37
144,1,patrol,swarm,-13.68,-3.82,15.02
144,2,windup,swarm,2.14,-3.55,0.81
144,3,advance,bruiser,6.81,-5.11,5.74
144,4,stalk,pouncer,8.47,-6.02,7.60
145,1,patrol,swarm,-13.70,-3.79,14.90
145,2,windup,swarm,2.14,-3.55,0.99
145,3,advance,bruiser,6.73,-5.08,5.83
145,4,stalk,pouncer,8.39,-6.14,7.76
146,1,patrol,swarm,-13.74,-3.75,14.69
146,2,strike,swarm,2.14,-3.55,1.32
146,3,advance,bruiser,6.58,-5.03,6.00
146,4,stalk,pouncer,8.25,-6.34,8.04
147,1,patrol,swarm,-13.77,-3.73,14.58
147,2,strike,swarm,1.85,-3.43,1.20
147,3,advance,bruiser,6.50,-5.00,6.09
147,4,stalk,pouncer,8.16,-6.45,8.19
148,1,patrol,swarm,-13.77,-3.80,14.41
148,2,strike,swarm,1.50,-3.27,1.05
148,3,advance,bruiser,6.40,-4.96,6.21
148,4,stalk,pouncer,8.04,-6.58,8.37
149,1,patrol,swarm,-13.79,-4.10,13.83
149,2,strike,swarm,0.15,-2.68,0.62
149,3,advance,bruiser,6.01,-4.79,6.68
149,4,stalk,pouncer,7.52,-6.99,9.05
150,1,patrol,swarm,-13.79,-4.18,13.69
150,2,recover,swarm,-0.22,-2.52,0.58
150,3,advance,bruiser,5.91,-4.74,6.80
150,4,stalk,pouncer,7.37,-7.09,9.22
151,1,patrol,swarm,-13.79,-4.23,13.59
151,2,recover,swarm,-0.22,-2.52,0.72
151,3,advance,bruiser,5.84,-4.71,6.89
151,4,stalk,pouncer,7.26,-7.15,9.35
152,1,patrol,swarm,-13.80,-4.29,13.48
152,2,recover,swarm,-0.22,-2.52,0.89
152,3,advance,bruiser,5.76,-4.67,6.99
152,4,crouch,pouncer,7.14,-7.22,9.48
153,1,patrol,swarm,-13.80,-4.39,13.32
153,2,recover,swarm,-0.22,-2.52,1.18
153,3,advance,bruiser,5.64,-4.61,7.15
153,4,crouch,pouncer,7.14,-7.22,9.80
154,1,patrol,swarm,-13.80,-4.46,13.21
154,2,recover,swarm,-0.22,-2.52,1.40
154,3,advance,bruiser,5.54,-4.56,7.27
154,4,crouch,pouncer,7.14,-7.22,10.03
155,1,patrol,swarm,-13.81,-4.52,13.12
155,2,recover,swarm,-0.22,-2.52,1.58
155,3,advance,bruiser,5.47,-4.53,7.37
155,4,crouch,pouncer,7.14,-7.22,10.21
156,1,patrol,swarm,-13.81,-4.56,13.05
156,2,recover,swarm,-0.22,-2.52,1.72
156,3,advance,bruiser,5.41,-4.50,7.44
156,4,crouch,pouncer,7.14,-7.22,10.36
157,1,patrol,swarm,-13.82,-4.70,12.85
157,2,recover,swarm,-0.22,-2.52,2.19
157,3,advance,bruiser,5.22,-4.40,7.69
157,4,crouch,pouncer,7.14,-7.22,10.82
158,1,patrol,swarm,-13.82,-4.74,12.80
158,2,recover,swarm,-0.22,-2.52,2.31
158,3,advance,bruiser,5.17,-4.37,7.76
158,4,crouch,pouncer,7.14,-7.22,10.95
159,1,patrol,swarm,-13.82,-4.83,12.69
159,2,recover,swarm,-0.22,-2.52,2.61
159,3,advance,bruiser,5.06,-4.31,7.91
159,4,crouch,pouncer,7.14,-7.22,11.25
160,1,patrol,swarm,-13.82,-4.90,12.61
160,2,recover,swarm,-0.22,-2.52,2.82
160,3,advance,bruiser,4.97,-4.26,8.03
160,4,pounce,pouncer,7.14,-7.22,11.46
161,1,patrol,swarm,-13.83,-4.96,12.54
161,2,recover,swarm,-0.22,-2.52,3.04
161,3,advance,bruiser,4.89,-4.21,8.15
161,4,pounce,pouncer,6.71,-6.90,11.15
162,1,patrol,swarm,-13.83,-5.01,12.49
162,2,chase,swarm,-0.22,-2.52,3.19
162,3,advance,bruiser,4.83,-4.18,8.22
162,4,pounce,pouncer,6.43,-6.69,10.95
163,1,patrol,swarm,-13.83,-5.08,12.42
163,2,chase,swarm,-0.49,-2.47,3.21
163,3,advance,bruiser,4.74,-4.13,8.35
163,4,pounce,pouncer,5.98,-6.36,10.62
164,1,patrol,swarm,-13.84,-5.13,12.37
164,2,chase,swarm,-0.69,-2.40,3.21
164,3,advance,bruiser,4.66,-4.09,8.45
164,4,pounce,pouncer,5.63,-6.10,10.37
165,1,patrol,swarm,-13.84,-5.15,12.36
165,2,chase,swarm,-0.77,-2.37,3.21
165,3,advance,bruiser,4.64,-4.07,8.49
165,4,pounce,pouncer,5.50,-6.00,10.27
166,1,patrol,swarm,-13.84,-5.23,12.30
166,2,chase,swarm,-1.01,-2.21,3.19
166,3,advance,bruiser,4.54,-4.01,8.62
166,4,pounce,pouncer,5.01,-5.64,9.92
167,1,patrol,swarm,-13.84,-5.26,12.27
167,2,chase,swarm,-1.11,-2.13,3.17
167,3,advance,bruiser,4.50,-3.99,8.68
167,4,recover,pouncer,4.81,-5.49,9.78
168,1,patrol,swarm,-13.85,-5.33,12.22
168,2,chase,swarm,-1.30,-1.88,3.12
168,3,advance,bruiser,4.39,-3.93,8.82
168,4,recover,pouncer,4.81,-5.49,10.05
169,1,patrol,swarm,-13.85,-5.37,12.20
169,2,chase,swarm,-1.38,-1.75,3.10
169,3,advance,bruiser,4.34,-3.89,8.90
169,4,recover,pouncer,4.81,-5.49,10.18
170,1,patrol,swarm,-13.85,-5.46,12.16
170,2,chase,swarm,-1.48,-1.43,3.07
170,3,advance,bruiser,4.23,-3.83,9.05
170,4,recover,pouncer,4.81,-5.49,10.47
171,1,patrol,swarm,-13.85,-5.49,12.14
171,2,chase,swarm,-1.51,-1.29,3.07
171,3,advance,bruiser,4.19,-3.80,9.12
171,4,recover,pouncer,4.81,-5.49,10.59
172,1,patrol,swarm,-13.86,-5.53,12.13
172,2,chase,swarm,-1.55,-1.15,3.07
172,3,advance,bruiser,4.14,-3.77,9.19
172,4,recover,pouncer,4.81,-5.49,10.72
173,1,alert,swarm,-13.86,-5.53,11.99
173,2,chase,swarm,-1.55,-0.52,3.19
173,3,advance,bruiser,3.93,-3.64,9.48
173,4,recover,pouncer,4.81,-5.49,11.26
174,1,alert,swarm,-13.86,-5.53,11.97
174,2,chase,swarm,-1.57,-0.41,3.21
174,3,advance,bruiser,3.90,-3.62,9.53
174,4,recover,pouncer,4.81,-5.49,11.36
175,1,alert,swarm,-13.86,-5.53,11.91
175,2,chase,swarm,-1.60,-0.02,3.29
175,3,advance,bruiser,3.77,-3.53,9.71
175,4,recover,pouncer,4.81,-5.49,11.69
176,1,alert,swarm,-13.86,-5.53,11.85
176,2,chase,swarm,-1.66,0.34,3.38
176,3,advance,bruiser,3.65,-3.46,9.88
176,4,recover,pouncer,4.81,-5.49,12.01
177,1,alert,swarm,-13.86,-5.53,11.84
177,2,chase,swarm,-1.68,0.43,3.39
177,3,advance,bruiser,3.62,-3.44,9.92
177,4,recover,pouncer,4.81,-5.49,12.09
178,1,alert,swarm,-13.86,-5.53,11.79
178,2,chase,swarm,-1.77,0.79,3.46
178,3,advance,bruiser,3.50,-3.36,10.10
178,4,recover,pouncer,4.81,-5.49,12.41
179,1,chase,swarm,-13.86,-5.53,11.77
179,2,chase,swarm,-1.83,0.95,3.49
179,3,advance,bruiser,3.44,-3.32,10.18
179,4,recover,pouncer,4.81,-5.49,12.56
180,1,chase,swarm,-13.76,-5.38,11.59
180,2,chase,swarm,-1.90,1.11,3.51
180,3,advance,bruiser,3.39,-3.29,10.26
180,4,recover,pouncer,4.81,-5.49,12.70
181,1,chase,swarm,-13.63,-5.23,11.37
181,2,chase,swarm,-1.99,1.29,3.52
181,3,advance,bruiser,3.32,-3.24,10.36
181,4,recover,pouncer,4.81,-5.49,12.88
182,1,chase,swarm,-13.50,-5.12,11.18
182,2,chase,swarm,-2.08,1.44,3.52
182,3,advance,bruiser,3.27,-3.21,10.44
182,4,recover,pouncer,4.81,-5.49,13.03
183,1,chase,swarm,-13.41,-5.05,11.06
183,2,chase,swarm,-2.15,1.53,3.52
183,3,advance,bruiser,3.23,-3.18,10.49
183,4,recover,pouncer,4.81,-5.49,13.13
184,1,chase,swarm,-13.28,-4.97,10.91
184,2,chase,swarm,-2.25,1.64,3.51
184,3,advance,bruiser,3.18,-3.15,10.56
184,4,recover,pouncer,4.81,-5.49,13.26
185,1,chase,swarm,-13.12,-4.89,10.73
185,2,chase,swarm,-2.38,1.77,3.49
185,3,advance,bruiser,3.13,-3.11,10.65
185,4,recover,pouncer,4.81,-5.49,13.41
186,1,chase,swarm,-12.97,-4.84,10.59
186,2,chase,swarm,-2.50,1.86,3.47
186,3,advance,bruiser,3.08,-3.08,10.72
186,4,recover,pouncer,4.81,-5.49,13.55
187,1,chase,swarm,-12.64,-4.77,10.32
187,2,chase,swarm,-2.81,1.99,3.40
187,3,advance,bruiser,2.97,-3.00,10.88
187,4,recover,pouncer,4.81,-5.49,13.84
188,1,chase,swarm,-12.39,-4.72,10.14
188,2,chase,swarm,-3.05,2.05,3.35
188,3,advance,bruiser,2.89,-2.95,10.99
188,4,recover,pouncer,4.81,-5.49,14.05
189,1,chase,swarm,-12.17,-4.69,9.99
189,2,chase,swarm,-3.28,2.07,3.32
189,3,advance,bruiser,2.82,-2.90,11.10
189,4,recover,pouncer,4.81,-5.49,14.25
190,1,chase,swarm,-11.92,-4.65,9.84
190,2,chase,swarm,-3.54,2.06,3.31
190,3,advance,bruiser,2.74,-2.84,11.22
190,4,stalk,pouncer,4.81,-5.49,14.47
191,1,chase,swarm,-11.81,-4.63,9.78
191,2,chase,swarm,-3.65,2.05,3.30
191,3,advance,bruiser,2.70,-2.82,11.28
191,4,stalk,pouncer,4.74,-5.49,14.52
192,1,chase,swarm,-11.73,-4.62,9.75
192,2,chase,swarm,-3.72,2.04,3.31
192,3,advance,bruiser,2.68,-2.80,11.31
192,4,stalk,pouncer,4.70,-5.50,14.55
193,1,chase,swarm,-11.52,-4.58,9.64
193,2,chase,swarm,-3.94,2.01,3.32
193,3,advance,bruiser,2.61,-2.75,11.41
193,4,stalk,pouncer,4.57,-5.51,14.65
194,1,chase,swarm,-11.37,-4.55,9.56
194,2,chase,swarm,-4.09,1.99,3.34
194,3,advance,bruiser,2.56,-2.72,11.48
194,4,stalk,pouncer,4.47,-5.52,14.71
195,1,chase,swarm,-11.20,-4.51,9.48
195,2,chase,swarm,-4.27,1.96,3.36
195,3,advance,bruiser,2.50,-2.68,11.57
195,4,stalk,pouncer,4.36,-5.53,14.79
196,1,chase,swarm,-11.04,-4.46,9.41
196,2,chase,swarm,-4.43,1.94,3.39
196,3,advance,bruiser,2.45,-2.64,11.65
196,4,stalk,pouncer,4.26,-5.54,14.86
197,1,chase,swarm,-10.85,-4.39,9.33
197,2,chase,swarm,-4.63,1.91,3.43
197,3,advance,bruiser,2.39,-2.60,11.74
197,4,stalk,pouncer,4.14,-5.55,14.95
198,1,chase,swarm,-10.64,-4.30,9.23
198,2,chase,swarm,-4.85,1.88,3.48
198,3,advance,bruiser,2.32,-2.55,11.85
198,4,stalk,pouncer,4.00,-5.56,15.04
199,1,chase,swarm,-10.50,-4.22,9.16
199,2,chase,swarm,-5.01,1.87,3.52
199,3,advance,bruiser,2.27,-2.51,11.92
199,4,stalk,pouncer,3.90,-5.57,15.11
200,1,chase,swarm,-10.38,-4.15,9.10
200,2,chase,swarm,-5.15,1.86,3.55
200,3,advance,bruiser,2.22,-2.48,11.99
200,4,stalk,pouncer,3.82,-5.57,15.17
201,1,chase,swarm,-10.24,-4.04,9.01
201,2,chase,swarm,-5.34,1.86,3.59
201,3,advance,bruiser,2.16,-2.44,12.08
201,4,stalk,pouncer,3.71,-5.58,15.25
202,1,chase,swarm,-10.07,-3.87,8.89
202,2,chase,swarm,-5.57,1.87,3.63
202,3,advance,bruiser,2.09,-2.38,12.19
202,4,stalk,pouncer,3.56,-5.59,15.35
203,1,chase,swarm,-9.96,-3.71,8.79
203,2,chase,swarm,-5.77,1.89,3.67
203,3,advance,bruiser,2.03,-2.34,12.28
203,4,stalk,pouncer,3.56,-5.47,15.44
204,1,chase,swarm,-9.87,-3.52,8.67
204,2,chase,swarm,-5.97,1.92,3.69
204,3,advance,bruiser,1.96,-2.29,12.38
204,4,stalk,pouncer,3.55,-5.34,15.53
205,1,chase,swarm,-9.82,-3.20,8.49
205,2,chase,swarm,-6.28,2.02,3.71
205,3,advance,bruiser,1.86,-2.22,12.53
205,4,stalk,pouncer,3.54,-5.14,15.67
206,1,chase,swarm,-9.82,-3.04,8.41
206,2,chase,swarm,-6.43,2.08,3.71
206,3,advance,bruiser,1.81,-2.18,12.61
206,4,stalk,pouncer,3.53,-5.04,15.74
207,1,chase,swarm,-9.83,-2.89,8.33
207,2,chase,swarm,-6.56,2.16,3.71
207,3,advance,bruiser,1.77,-2.15,12.68
207,4,stalk,pouncer,3.52,-4.95,15.80
208,1,chase,swarm,-9.92,-2.62,8.21
208,2,chase,swarm,-6.78,2.34,3.67
208,3,advance,bruiser,1.68,-2.08,12.82
208,4,stalk,pouncer,3.51,-4.78,15.92
209,1,chase,swarm,-10.01,-2.43,8.13
209,2,chase,swarm,-6.92,2.50,3.64
209,3,advance,bruiser,1.61,-2.03,12.92
209,4,stalk,pouncer,3.50,-4.65,16.02
210,1,chase,swarm,-10.11,-2.26,8.07
210,2,chase,swarm,-7.02,2.65,3.61
210,3,advance,bruiser,1.55,-1.99,13.01
210,4,stalk,pouncer,3.49,-4.53,16.10
211,1,chase,swarm,-10.30,-2.00,7.99
211,2,chase,swarm,-7.13,2.96,3.56
211,3,advance,bruiser,1.45,-1.92,13.16
211,4,stalk,pouncer,3.47,-4.33,16.24
212,1,chase,swarm,-10.44,-1.82,7.95
212,2,chase,swarm,-7.18,3.19,3.54
212,3,advance,bruiser,1.38,-1.86,13.27
212,4,stalk,pouncer,3.45,-4.19,16.34
213,1,chase,swarm,-10.54,-1.70,7.91
213,2,chase,swarm,-7.20,3.34,3.54
213,3,advance,bruiser,1.33,-1.83,13.34
213,4,stalk,pouncer,3.44,-4.09,16.40
214,1,chase,swarm,-10.67,-1.56,7.88
214,2,chase,swarm,-7.22,3.53,3.54
214,3,advance,bruiser,1.27,-1.78,13.43
214,4,stalk,pouncer,3.43,-3.98,16.49
215,1,chase,swarm,-10.73,-1.48,7.86
215,2,chase,swarm,-7.23,3.63,3.55
215,3,advance,bruiser,1.24,-1.76,13.48
215,4,stalk,pouncer,3.42,-3.92,16.53
216,1,chase,swarm,-10.90,-1.30,7.82
216,2,chase,swarm,-7.23,3.88,3.58
216,3,advance,bruiser,1.16,-1.70,13.60
216,4,stalk,pouncer,3.41,-3.77,16.64
217,1,chase,swarm,-11.46,-0.57,7.62
217,2,chase,swarm,-7.17,4.80,3.83
217,3,advance,bruiser,0.88,-1.49,14.03
217,4,stalk,pouncer,3.34,-3.21,17.03
218,1,chase,swarm,-11.59,-0.34,7.53
218,2,chase,swarm,-7.20,5.06,3.89
218,3,advance,bruiser,0.80,-1.43,14.16
218,4,stalk,pouncer,3.31,-3.05,17.15
219,1,chase,swarm,-11.65,-0.22,7.49
219,2,chase,swarm,-7.22,5.19,3.91
219,3,advance,bruiser,0.76,-1.40,14.22
219,4,stalk,pouncer,3.30,-2.97,17.20
220,1,chase,swarm,-11.74,0.13,7.33
220,2,chase,swarm,-7.30,5.55,3.98
220,3,advance,bruiser,0.65,-1.31,14.40
220,4,stalk,pouncer,3.27,-2.75,17.36
221,1,chase,swarm,-11.77,0.32,7.24
221,2,chase,swarm,-7.36,5.72,4.00
221,3,advance,bruiser,0.59,-1.27,14.49
221,4,stalk,pouncer,3.25,-2.63,17.44
222,1,chase,swarm,-11.75,0.60,7.10
222,2,chase,swarm,-7.48,5.99,4.02
222,3,advance,bruiser,0.50,-1.20,14.62
222,4,stalk,pouncer,3.22,-2.46,17.56
223,1,chase,swarm,-11.73,0.74,7.03
223,2,chase,swarm,-7.54,6.10,4.02
223,3,advance,bruiser,0.46,-1.17,14.69
223,4,stalk,pouncer,3.21,-2.38,17.62
224,1,chase,swarm,-11.67,0.93,6.94
224,2,chase,swarm,-7.66,6.27,4.01
224,3,advance,bruiser,0.40,-1.12,14.78
224,4,stalk,pouncer,3.19,-2.26,17.70
225,1,chase,swarm,-11.56,1.15,6.85
225,2,chase,swarm,-7.83,6.45,3.99
225,3,advance,bruiser,0.32,-1.06,14.90
225,4,stalk,pouncer,3.16,-2.10,17.81
226,1,chase,swarm,-11.46,1.34,6.79
226,2,chase,swarm,-8.00,6.57,3.95
226,3,advance,bruiser,0.26,-1.01,15.00
226,4,stalk,pouncer,3.14,-1.98,17.90
227,1,chase,swarm,-11.19,1.69,6.73
227,2,chase,swarm,-8.42,6.70,3.88
227,3,advance,bruiser,0.12,-0.91,15.21
227,4,stalk,pouncer,3.09,-1.71,18.09
228,1,chase,swarm,-11.05,1.88,6.72
228,2,chase,swarm,-8.66,6.74,3.85
228,3,advance,bruiser,0.05,-0.85,15.32
228,4,stalk,pouncer,3.06,-1.57,18.19
229,1,chase,swarm,-10.97,1.98,6.72
229,2,chase,swarm,-8.79,6.75,3.84
229,3,advance,bruiser,0.01,-0.82,15.38
229,4,stalk,pouncer,3.04,-1.49,18.24
230,1,chase,swarm,-10.82,2.18,6.72
230,2,chase,swarm,-9.04,6.74,3.84
230,3,advance,bruiser,-0.07,-0.76,15.50
230,4,stalk,pouncer,3.01,-1.34,18.35
231,1,chase,swarm,-10.73,2.32,6.73
231,2,chase,swarm,-9.20,6.73,3.85
231,3,advance,bruiser,-0.12,-0.72,15.58
231,4,stalk,pouncer,2.99,-1.24,18.42
232,1,chase,swarm,-10.64,2.45,6.74
232,2,chase,swarm,-9.36,6.72,3.86
232,3,advance,bruiser,-0.17,-0.69,15.65
232,4,stalk,pouncer,2.97,-1.15,18.48
233,1,chase,swarm,-10.54,2.61,6.76
233,2,chase,swarm,-9.55,6.69,3.88
233,3,advance,bruiser,-0.22,-0.64,15.75
233,4,stalk,pouncer,2.95,-1.03,18.56
234,1,chase,swarm,-10.45,2.77,6.78
234,2,chase,swarm,-9.73,6.67,3.91
234,3,advance,bruiser,-0.28,-0.60,15.84
234,4,stalk,pouncer,2.93,-0.92,18.64
235,1,chase,swarm,-10.33,3.00,6.80
235,2,chase,swarm,-9.99,6.63,3.97
235,3,advance,bruiser,-0.36,-0.54,15.96
235,4,stalk,pouncer,2.89,-0.77,18.75
236,1,chase,swarm,-10.26,3.20,6.81
236,2,chase,swarm,-10.19,6.61,4.01
236,3,advance,bruiser,-0.42,-0.49,16.06
236,4,stalk,pouncer,2.86,-0.64,18.84
237,1,chase,swarm,-10.47,4.28,6.64
237,2,chase,swarm,-11.29,6.60,4.24
237,3,advance,bruiser,-0.76,-0.22,16.58
237,4,stalk,pouncer,2.72,0.02,19.30
238,1,chase,swarm,-10.52,4.43,6.62
238,2,chase,swarm,-11.45,6.64,4.26
238,3,advance,bruiser,-0.81,-0.19,16.66
238,4,stalk,pouncer,2.70,0.11,19.37
239,1,chase,swarm,-10.78,4.73,6.55
239,2,chase,swarm,-11.82,6.78,4.26
239,3,advance,bruiser,-0.92,-0.09,16.84
239,4,stalk,pouncer,2.64,0.35,19.54
240,1,chase,swarm,-10.90,4.84,6.53
240,2,chase,swarm,-11.97,6.85,4.26
240,3,advance,bruiser,-0.98,-0.05,16.92
240,4,stalk,pouncer,2.61,0.45,19.60
241,1,chase,swarm,-11.06,4.95,6.51
241,2,chase,swarm,-12.12,6.96,4.24
241,3,advance,bruiser,-1.03,-0.00,17.01
241,4,stalk,pouncer,2.59,0.56,19.68
242,1,chase,swarm,-11.30,5.08,6.51
242,2,chase,swarm,-12.31,7.16,4.20
242,3,advance,bruiser,-1.12,0.06,17.14
242,4,stalk,pouncer,2.54,0.73,19.80
243,1,chase,swarm,-11.66,5.19,6.53
243,2,chase,swarm,-12.48,7.49,4.14
243,3,advance,bruiser,-1.23,0.15,17.32
243,4,stalk,pouncer,2.49,0.94,19.95
244,1,chase,swarm,-11.77,5.23,6.54
244,2,chase,swarm,-12.52,7.60,4.12
244,3,advance,bruiser,-1.26,0.18,17.38
244,4,stalk,pouncer,2.47,1.02,20.00
245,1,chase,swarm,-11.96,5.29,6.57
245,2,chase,swarm,-12.58,7.79,4.10
245,3,advance,bruiser,-1.32,0.23,17.47
245,4,stalk,pouncer,2.44,1.13,20.08
246,1,chase,swarm,-12.04,5.31,6.58
246,2,chase,swarm,-12.59,7.87,4.09
246,3,advance,bruiser,-1.35,0.25,17.51
246,4,stalk,pouncer,2.42,1.18,20.12
247,1,chase,swarm,-12.28,5.37,6.61
247,2,chase,swarm,-12.62,8.12,4.09
247,3,advance,bruiser,-1.42,0.31,17.63
247,4,stalk,pouncer,2.38,1.33,20.22
248,1,chase,swarm,-12.46,5.42,6.64
248,2,chase,swarm,-12.63,8.31,4.10
248,3,advance,bruiser,-1.48,0.35,17.72
248,4,stalk,pouncer,2.35,1.44,20.30
249,1,chase,swarm,-12.60,5.45,6.66
249,2,chase,swarm,-12.64,8.46,4.12
249,3,advance,bruiser,-1.53,0.39,17.79
249,4,stalk,pouncer,2.27,1.42,20.36
250,1,chase,swarm,-12.80,5.51,6.69
250,2,chase,swarm,-12.64,8.67,4.15
250,3,advance,bruiser,-1.59,0.44,17.89
250,4,stalk,pouncer,2.14,1.38,20.44
251,1,chase,swarm,-13.10,5.60,6.73
251,2,chase,swarm,-12.63,8.97,4.21
251,3,advance,bruiser,-1.68,0.51,18.04
251,4,stalk,pouncer,1.96,1.33,20.57
252,1,chase,swarm,-13.26,5.66,6.75
252,2,chase,swarm,-12.63,9.15,4.24
252,3,advance,bruiser,-1.74,0.55,18.12
252,4,stalk,pouncer,1.85,1.31,20.65
253,1,chase,swarm,-13.39,5.71,6.76
253,2,chase,swarm,-12.63,9.28,4.27
253,3,advance,bruiser,-1.77,0.59,18.18
253,4,stalk,pouncer,1.78,1.29,20.70
254,1,chase,swarm,-13.62,5.84,6.61
254,2,chase,swarm,-12.64,9.55,4.15
254,3,advance,bruiser,-1.86,0.65,18.13
254,4,stalk,pouncer,1.62,1.25,20.64
255,1,chase,swarm,-13.86,6.00,6.37
255,2,chase,swarm,-12.67,9.83,3.97
255,3,advance,bruiser,-1.94,0.72,18.02
255,4,stalk,pouncer,1.45,1.21,20.52
256,1,chase,swarm,-14.03,6.16,6.16
256,2,chase,swarm,-12.71,10.07,3.81
256,3,advance,bruiser,-2.01,0.78,17.93
256,4,stalk,pouncer,1.30,1.17,20.41
257,1,chase,swarm,-14.10,6.23,6.08
257,2,chase,swarm,-12.73,10.16,3.75
257,3,advance,bruiser,-2.04,0.80,17.90
257,4,stalk,pouncer,1.25,1.16,20.37
258,1,chase,swarm,-14.22,6.41,5.87
258,2,chase,swarm,-12.79,10.37,3.60
258,3,advance,bruiser,-2.11,0.85,17.81
258,4,stalk,pouncer,1.12,1.13,20.28
259,1,chase,swarm,-14.32,6.84,5.43
259,2,chase,swarm,-13.00,10.76,3.25
259,3,advance,bruiser,-2.24,0.96,17.64
259,4,stalk,pouncer,0.85,1.07,20.09
260,1,chase,swarm,-14.33,7.12,5.16
260,2,chase,swarm,-13.18,10.98,3.00
260,3,advance,bruiser,-2.33,1.03,17.53
260,4,stalk,pouncer,0.68,1.03,19.96
261,1,chase,swarm,-14.26,7.49,4.83
261,2,chase,swarm,-13.50,11.19,2.63
261,3,advance,bruiser,-2.44,1.12,17.38
261,4,stalk,pouncer,0.45,0.99,19.80
262,1,chase,swarm,-14.20,7.70,4.66
262,2,chase,swarm,-13.70,11.27,2.42
262,3,advance,bruiser,-2.51,1.17,17.30
262,4,stalk,pouncer,0.32,0.96,19.71
263,1,chase,swarm,-14.03,8.14,4.33
263,2,chase,swarm,-14.17,11.27,1.97
263,3,advance,bruiser,-2.65,1.29,17.12
263,4,stalk,pouncer,0.04,0.91,19.50
264,1,chase,swarm,-13.93,8.40,4.15
264,2,chase,swarm,-14.44,11.25,1.73
264,3,advance,bruiser,-2.73,1.35,17.01
264,4,stalk,pouncer,-0.13,0.88,19.38
265,1,chase,swarm,-13.62,9.42,3.51
265,2,chase,swarm,-15.43,10.86,1.28
265,3,advance,bruiser,-3.05,1.61,16.60
265,4,stalk,pouncer,-0.77,0.76,18.93
266,1,chase,swarm,-13.62,9.53,3.43
266,2,windup,swarm,-15.43,10.86,1.28
266,3,advance,bruiser,-3.09,1.64,16.56
266,4,stalk,pouncer,-0.84,0.75,18.88
267,1,chase,swarm,-13.62,9.78,3.25
267,2,windup,swarm,-15.43,10.86,1.28
267,3,advance,bruiser,-3.16,1.70,16.46
267,4,stalk,pouncer,-0.99,0.73,18.77
268,1,chase,swarm,-13.63,9.87,3.19
268,2,windup,swarm,-15.43,10.86,1.28
268,3,advance,bruiser,-3.19,1.72,16.43
268,4,stalk,pouncer,-1.04,0.72,18.73
269,1,chase,swarm,-13.67,10.07,3.03
269,2,windup,swarm,-15.43,10.86,1.28
269,3,advance,bruiser,-3.25,1.77,16.35
269,4,stalk,pouncer,-1.17,0.70,18.64
270,1,chase,swarm,-13.71,10.19,2.92
270,2,windup,swarm,-15.43,10.86,1.28
270,3,advance,bruiser,-3.29,1.80,16.30
270,4,stalk,pouncer,-1.25,0.69,18.59
271,1,chase,swarm,-13.77,10.35,2.78
271,2,windup,swarm,-15.43,10.86,1.28
271,3,advance,bruiser,-3.34,1.84,16.23
271,4,stalk,pouncer,-1.35,0.68,18.52
272,1,chase,swarm,-13.84,10.48,2.64
272,2,windup,swarm,-15.43,10.86,1.28
272,3,advance,bruiser,-3.38,1.88,16.18
272,4,stalk,pouncer,-1.44,0.67,18.45
273,1,chase,swarm,-13.92,10.59,2.51
273,2,strike,swarm,-15.43,10.86,1.28
273,3,advance,bruiser,-3.42,1.91,16.12
273,4,stalk,pouncer,-1.52,0.66,18.39
274,1,chase,swarm,-14.11,10.77,2.26
274,2,strike,swarm,-15.59,11.18,0.92
274,3,advance,bruiser,-3.50,1.97,16.02
274,4,stalk,pouncer,-1.68,0.64,18.28
275,1,chase,swarm,-15.16,10.76,1.50
275,2,strike,swarm,-16.23,12.46,0.51
275,3,advance,bruiser,-3.82,2.23,15.62
275,4,stalk,pouncer,-2.32,0.57,17.83
276,1,windup,swarm,-15.16,10.76,1.50
276,2,recover,swarm,-16.27,12.54,0.61
276,3,advance,bruiser,-3.84,2.24,15.59
276,4,stalk,pouncer,-2.36,0.56,17.80
277,1,windup,swarm,-15.16,10.76,1.50
277,2,recover,swarm,-16.27,12.54,0.61
277,3,advance,bruiser,-3.90,2.29,15.51
277,4,stalk,pouncer,-2.49,0.55,17.71
278,1,windup,swarm,-15.16,10.76,1.50
278,2,recover,swarm,-16.27,12.54,0.61
278,3,advance,bruiser,-3.95,2.33,15.45
278,4,stalk,pouncer,-2.59,0.54,17.64
279,1,windup,swarm,-15.16,10.76,1.50
279,2,recover,swarm,-16.27,12.54,0.61
279,3,advance,bruiser,-4.01,2.38,15.37
279,4,stalk,pouncer,-2.72,0.53,17.55
280,1,windup,swarm,-15.16,10.76,1.50
280,2,recover,swarm,-16.27,12.54,0.61
280,3,advance,bruiser,-4.17,2.51,15.16
280,4,stalk,pouncer,-3.04,0.51,17.32
281,1,strike,swarm,-15.16,10.76,1.50
281,2,recover,swarm,-16.27,12.54,0.61
281,3,advance,bruiser,-4.23,2.56,15.09
281,4,stalk,pouncer,-3.15,0.50,17.24
282,1,strike,swarm,-15.29,10.94,1.28
282,2,recover,swarm,-16.27,12.54,0.61
282,3,advance,bruiser,-4.28,2.59,15.03
282,4,stalk,pouncer,-3.25,0.50,17.17
283,1,strike,swarm,-15.44,11.16,1.01
283,2,recover,swarm,-16.27,12.54,0.61
283,3,advance,bruiser,-4.34,2.64,14.95
283,4,stalk,pouncer,-3.37,0.49,17.09
284,1,strike,swarm,-15.52,11.29,0.85
284,2,recover,swarm,-16.27,12.54,0.61
284,3,advance,bruiser,-4.37,2.67,14.91
284,4,stalk,pouncer,-3.44,0.49,17.04
285,1,strike,swarm,-15.77,11.67,0.40
285,2,recover,swarm,-16.27,12.54,0.61
285,3,advance,bruiser,-4.47,2.75,14.78
285,4,stalk,pouncer,-3.64,0.48,16.90
286,1,recover,swarm,-15.93,11.85,0.16
286,2,recover,swarm,-16.27,12.54,0.61
286,3,advance,bruiser,-4.52,2.79,14.71
286,4,stalk,pouncer,-3.75,0.47,16.82
287,1,recover,swarm,-15.93,11.85,0.16
287,2,recover,swarm,-16.27,12.54,0.61
287,3,advance,bruiser,-4.62,2.87,14.58
287,4,stalk,pouncer,-3.96,0.47,16.67
288,1,recover,swarm,-15.93,11.85,0.16
288,2,recover,swarm,-16.27,12.54,0.61
288,3,advance,bruiser,-4.75,2.97,14.43
288,4,stalk,pouncer,-4.21,0.46,16.50
289,1,recover,swarm,-15.93,11.85,0.16
289,2,recover,swarm,-16.27,12.54,0.61
289,3,advance,bruiser,-4.87,3.07,14.27
289,4,stalk,pouncer,-4.45,0.46,16.33
290,1,recover,swarm,-15.93,11.85,0.16
290,2,chase,swarm,-16.27,12.54,0.61
290,3,advance,bruiser,-4.93,3.12,14.20
290,4,stalk,pouncer,-4.57,0.46,16.24
291,1,recover,swarm,-15.93,11.85,0.16
291,2,windup,swarm,-16.27,12.54,0.61
291,3,advance,bruiser,-4.96,3.14,14.16
291,4,stalk,pouncer,-4.63,0.46,16.20
292,1,recover,swarm,-15.93,11.85,0.16
292,2,windup,swarm,-16.27,12.54,0.61
292,3,advance,bruiser,-5.01,3.19,14.08
292,4,stalk,pouncer,-4.75,0.46,16.11
293,1,recover,swarm,-15.93,11.85,0.16
293,2,windup,swarm,-16.27,12.54,0.61
293,3,advance,bruiser,-5.08,3.24,14.01
293,4,stalk,pouncer,-4.88,0.46,16.03
294,1,recover,swarm,-15.93,11.85,0.16
294,2,windup,swarm,-16.27,12.54,0.61
294,3,advance,bruiser,-5.11,3.26,13.96
294,4,stalk,pouncer,-4.95,0.46,15.97
295,1,recover,swarm,-15.93,11.85,0.16
295,2,windup,swarm,-16.27,12.54,0.61
295,3,advance,bruiser,-5.19,3.33,13.86
295,4,stalk,pouncer,-5.11,0.47,15.86
296,1,recover,swarm,-15.93,11.85,0.16
296,2,windup,swarm,-16.27,12.54,0.61
296,3,advance,bruiser,-5.24,3.36,13.80
296,4,stalk,pouncer,-5.21,0.47,15.79
297,1,recover,swarm,-15.93,11.85,0.16
297,2,windup,swarm,-16.27,12.54,0.61
297,3,advance,bruiser,-5.29,3.41,13.73
297,4,stalk,pouncer,-5.32,0.47,15.71
298,1,recover,swarm,-15.93,11.85,0.16
298,2,strike,swarm,-16.27,12.54,0.61
298,3,advance,bruiser,-5.40,3.49,13.60
298,4,stalk,pouncer,-5.53,0.48,15.57
299,1,recover,swarm,-15.93,11.85,0.16
299,2,strike,swarm,-16.39,12.89,0.97
299,3,advance,bruiser,-5.48,3.56,13.49
299,4,crouch,pouncer,-5.69,0.49,15.45
300,1,chase,swarm,-15.93,11.85,0.16
300,2,strike,swarm,-16.30,12.72,0.78
300,3,advance,bruiser,-5.52,3.59,13.44
300,4,crouch,pouncer,-5.69,0.49,15.45
301,1,windup,swarm,-15.93,11.85,0.16
301,2,strike,swarm,-15.89,12.12,0.17
301,3,advance,bruiser,-5.68,3.72,13.23
301,4,crouch,pouncer,-5.69,0.49,15.45
302,1,windup,swarm,-15.93,11.85,0.16
302,2,recover,swarm,-15.71,12.37,0.47
302,3,advance,bruiser,-5.75,3.77,13.14
302,4,crouch,pouncer,-5.69,0.49,15.45
303,1,windup,swarm,-15.93,11.85,0.16
303,2,recover,swarm,-15.71,12.37,0.47
303,3,advance,bruiser,-5.80,3.82,13.07
303,4,crouch,pouncer,-5.69,0.49,15.45
304,1,windup,swarm,-15.93,11.85,0.16
304,2,recover,swarm,-15.71,12.37,0.47
304,3,advance,bruiser,-5.90,3.90,12.95
304,4,crouch,pouncer,-5.69,0.49,15.45
305,1,strike,swarm,-15.93,11.85,0.16
305,2,recover,swarm,-15.71,12.37,0.47
305,3,advance,bruiser,-6.00,3.97,12.83
305,4,crouch,pouncer,-5.69,0.49,15.45
306,1,strike,swarm,-16.48,11.61,0.62
306,2,recover,swarm,-15.71,12.37,0.47
306,3,advance,bruiser,-6.13,4.08,12.66
306,4,pounce,pouncer,-5.69,0.49,15.45
307,1,strike,swarm,-16.79,11.87,0.80
307,2,recover,swarm,-15.71,12.37,0.47
307,3,advance,bruiser,-6.22,4.15,12.54
307,4,pounce,pouncer,-6.10,0.94,14.84
308,1,recover,swarm,-17.00,12.14,1.01
308,2,recover,swarm,-15.71,12.37,0.47
308,3,advance,bruiser,-6.29,4.21,12.45
308,4,pounce,pouncer,-6.44,1.33,14.33
309,1,recover,swarm,-17.00,12.14,1.01
309,2,recover,swarm,-15.71,12.37,0.47
309,3,advance,bruiser,-6.44,4.33,12.26
309,4,pounce,pouncer,-7.11,2.07,13.33
310,1,recover,swarm,-17.00,12.14,1.01
310,2,recover,swarm,-15.71,12.37,0.47
310,3,advance,bruiser,-6.51,4.38,12.17
310,4,pounce,pouncer,-7.41,2.41,12.87
311,1,recover,swarm,-17.00,12.14,1.01
311,2,recover,swarm,-15.71,12.37,0.47
311,3,advance,bruiser,-6.59,4.45,12.06
311,4,recover,pouncer,-7.79,2.83,12.31
312,1,recover,swarm,-17.00,12.14,1.01
312,2,recover,swarm,-15.71,12.37,0.47
312,3,advance,bruiser,-6.69,4.53,11.93
312,4,recover,pouncer,-7.79,2.83,12.31
313,1,recover,swarm,-17.00,12.14,1.01
313,2,chase,swarm,-15.71,12.37,0.47
313,3,advance,bruiser,-6.89,4.69,11.67
313,4,recover,pouncer,-7.79,2.83,12.31
314,1,recover,swarm,-17.00,12.14,1.01
314,2,windup,swarm,-15.71,12.37,0.47
314,3,advance,bruiser,-6.96,4.74,11.59
314,4,recover,pouncer,-7.79,2.83,12.31
315,1,recover,swarm,-17.00,12.14,1.01
315,2,windup,swarm,-15.71,12.37,0.47
315,3,advance,bruiser,-7.09,4.85,11.42
315,4,recover,pouncer,-7.79,2.83,12.31
316,1,recover,swarm,-17.00,12.14,1.01
316,2,windup,swarm,-15.71,12.37,0.47
316,3,advance,bruiser,-7.17,4.92,11.32
316,4,recover,pouncer,-7.79,2.83,12.31
317,1,chase,swarm,-17.00,12.14,1.01
317,2,windup,swarm,-15.71,12.37,0.47
317,3,advance,bruiser,-7.25,4.98,11.22
317,4,recover,pouncer,-7.79,2.83,12.31
318,1,windup,swarm,-17.00,12.14,1.01
318,2,strike,swarm,-15.71,12.37,0.47
318,3,advance,bruiser,-7.30,5.02,11.16
318,4,recover,pouncer,-7.79,2.83,12.31
319,1,windup,swarm,-17.00,12.14,1.01
319,2,strike,swarm,-15.96,12.05,0.07
319,3,advance,bruiser,-7.39,5.09,11.04
319,4,recover,pouncer,-7.79,2.83,12.31
320,1,windup,swarm,-17.00,12.14,1.01
320,2,strike,swarm,-16.04,11.30,0.70
320,3,advance,bruiser,-7.55,5.22,10.83
320,4,recover,pouncer,-7.79,2.83,12.31
321,1,windup,swarm,-17.00,12.14,1.01
321,2,recover,swarm,-16.13,11.17,0.84
321,3,advance,bruiser,-7.59,5.25,10.79
321,4,recover,pouncer,-7.79,2.83,12.31
322,1,strike,swarm,-17.00,12.14,1.01
322,2,recover,swarm,-16.13,11.17,0.84
322,3,advance,bruiser,-7.66,5.31,10.69
322,4,recover,pouncer,-7.79,2.83,12.31
323,1,strike,swarm,-16.65,12.09,0.66
323,2,recover,swarm,-16.13,11.17,0.84
323,3,advance,bruiser,-7.74,5.37,10.59
323,4,recover,pouncer,-7.79,2.83,12.31
324,1,strike,swarm,-16.23,12.25,0.34
324,2,recover,swarm,-16.13,11.17,0.84
324,3,advance,bruiser,-7.84,5.45,10.46
324,4,recover,pouncer,-7.79,2.83,12.31
325,1,strike,swarm,-15.93,12.34,0.34
325,2,recover,swarm,-16.13,11.17,0.84
325,3,advance,bruiser,-7.91,5.51,10.38
325,4,recover,pouncer,-7.79,2.83,12.31
326,1,recover,swarm,-15.61,12.37,0.54
326,2,recover,swarm,-16.13,11.17,0.84
326,3,advance,bruiser,-7.98,5.56,10.28
326,4,recover,pouncer,-7.79,2.83,12.31
327,1,recover,swarm,-15.61,12.37,0.54
327,2,recover,swarm,-16.13,11.17,0.84
327,3,advance,bruiser,-8.09,5.65,10.14
327,4,recover,pouncer,-7.79,2.83,12.31
328,1,recover,swarm,-15.61,12.37,0.54
328,2,recover,swarm,-16.13,11.17,0.84
328,3,advance,bruiser,-8.16,5.71,10.05
328,4,recover,pouncer,-7.79,2.83,12.31
329,1,recover,swarm,-15.61,12.37,0.54
329,2,recover,swarm,-16.13,11.17,0.84
329,3,advance,bruiser,-8.27,5.80,9.91
329,4,stalk,pouncer,-7.79,2.83,12.31
330,1,recover,swarm,-15.61,12.37,0.54
330,2,recover,swarm,-16.13,11.17,0.84
330,3,advance,bruiser,-8.32,5.84,9.84
330,4,stalk,pouncer,-7.78,2.93,12.24
331,1,recover,swarm,-15.61,12.37,0.54
331,2,recover,swarm,-16.13,11.17,0.84
331,3,advance,bruiser,-8.38,5.89,9.77
331,4,stalk,pouncer,-7.76,3.06,12.16
332,1,recover,swarm,-15.61,12.37,0.54
332,2,recover,swarm,-16.13,11.17,0.84
332,3,advance,bruiser,-8.42,5.92,9.72
332,4,stalk,pouncer,-7.76,3.13,12.11
333,1,recover,swarm,-15.61,12.37,0.54
333,2,recover,swarm,-16.13,11.17,0.84
333,3,advance,bruiser,-8.55,6.02,9.55
333,4,stalk,pouncer,-7.73,3.40,11.93
334,1,recover,swarm,-15.61,12.37,0.54
334,2,chase,swarm,-16.13,11.17,0.84
334,3,advance,bruiser,-8.63,6.08,9.45
334,4,stalk,pouncer,-7.71,3.55,11.84
335,1,recover,swarm,-15.61,12.37,0.54
335,2,windup,swarm,-16.13,11.17,0.84
335,3,advance,bruiser,-8.71,6.15,9.35
335,4,stalk,pouncer,-7.87,3.54,11.73
336,1,recover,swarm,-15.61,12.37,0.54
336,2,windup,swarm,-16.13,11.17,0.84
336,3,advance,bruiser,-8.77,6.20,9.27
336,4,stalk,pouncer,-7.99,3.53,11.66
337,1,recover,swarm,-15.61,12.37,0.54
337,2,windup,swarm,-16.13,11.17,0.84
337,3,advance,bruiser,-8.87,6.28,9.14
337,4,stalk,pouncer,-8.20,3.51,11.53
338,1,chase,swarm,-15.61,12.37,0.54
338,2,windup,swarm,-16.13,11.17,0.84
338,3,advance,bruiser,-8.93,6.33,9.06
338,4,stalk,pouncer,-8.33,3.50,11.45
339,1,windup,swarm,-15.61,12.37,0.54
339,2,windup,swarm,-16.13,11.17,0.84
339,3,advance,bruiser,-9.01,6.39,8.97
339,4,stalk,pouncer,-8.48,3.48,11.36
340,1,windup,swarm,-15.61,12.37,0.54
340,2,strike,swarm,-16.13,11.17,0.84
340,3,advance,bruiser,-9.05,6.42,8.91
340,4,stalk,pouncer,-8.57,3.48,11.31
341,1,windup,swarm,-15.61,12.37,0.54
341,2,strike,swarm,-16.06,11.63,0.37
341,3,advance,bruiser,-9.15,6.51,8.78
341,4,stalk,pouncer,-8.78,3.46,11.18
342,1,windup,swarm,-15.61,12.37,0.54
342,2,strike,swarm,-16.28,11.80,0.34
342,3,advance,bruiser,-9.21,6.55,8.70
342,4,stalk,pouncer,-8.90,3.45,11.11
343,1,windup,swarm,-15.61,12.37,0.54
343,2,strike,swarm,-16.61,12.10,0.62
343,3,advance,bruiser,-9.31,6.63,8.58
343,4,stalk,pouncer,-9.10,3.44,11.00
344,1,strike,swarm,-15.61,12.37,0.54
344,2,recover,swarm,-16.79,12.53,0.95
344,3,advance,bruiser,-9.41,6.72,8.44
344,4,stalk,pouncer,-9.31,3.42,10.88
345,1,strike,swarm,-15.78,12.13,0.26
345,2,recover,swarm,-16.79,12.53,0.95
345,3,advance,bruiser,-9.48,6.77,8.36
345,4,stalk,pouncer,-9.44,3.41,10.81
346,1,strike,swarm,-15.86,11.92,0.16
346,2,recover,swarm,-16.79,12.53,0.95
346,3,advance,bruiser,-9.53,6.81,8.30
346,4,stalk,pouncer,-9.54,3.40,10.75
347,1,strike,swarm,-16.00,11.62,0.38
347,2,recover,swarm,-16.79,12.53,0.95
347,3,advance,bruiser,-9.60,6.87,8.20
347,4,stalk,pouncer,-9.69,3.39,10.67
348,1,strike,swarm,-16.20,11.35,0.68
348,2,recover,swarm,-16.79,12.53,0.95
348,3,advance,bruiser,-9.68,6.93,8.11
348,4,stalk,pouncer,-9.84,3.39,10.59
349,1,recover,swarm,-16.39,11.17,0.91
349,2,recover,swarm,-16.79,12.53,0.95
349,3,advance,bruiser,-9.73,6.97,8.03
349,4,stalk,pouncer,-9.96,3.38,10.53
350,1,recover,swarm,-16.39,11.17,0.91
350,2,recover,swarm,-16.79,12.53,0.95
350,3,advance,bruiser,-9.77,7.00,7.99
350,4,stalk,pouncer,-10.03,3.37,10.49
351,1,recover,swarm,-16.39,11.17,0.91
351,2,recover,swarm,-16.79,12.53,0.95
351,3,advance,bruiser,-9.94,7.13,7.77
351,4,stalk,pouncer,-10.37,3.36,10.32
352,1,recover,swarm,-16.39,11.17,0.91
352,2,recover,swarm,-16.79,12.53,0.95
352,3,advance,bruiser,-9.99,7.18,7.71
352,4,stalk,pouncer,-10.47,3.35,10.26
353,1,recover,swarm,-16.39,11.17,0.91
353,2,recover,swarm,-16.79,12.53,0.95
353,3,advance,bruiser,-10.08,7.25,7.59
353,4,stalk,pouncer,-10.66,3.34,10.17
354,1,recover,swarm,-16.39,11.17,0.91
354,2,recover,swarm,-16.79,12.53,0.95
354,3,advance,bruiser,-10.11,7.28,7.55
354,4,stalk,pouncer,-10.73,3.34,10.14
355,1,recover,swarm,-16.39,11.17,0.91
355,2,recover,swarm,-16.79,12.53,0.95
355,3,advance,bruiser,-10.25,7.38,7.38
355,4,stalk,pouncer,-11.00,3.33,10.01
356,1,recover,swarm,-16.39,11.17,0.91
356,2,chase,swarm,-16.79,12.53,0.95
356,3,advance,bruiser,-10.29,7.42,7.32
356,4,stalk,pouncer,-11.09,3.33,9.97
357,1,recover,swarm,-16.39,11.17,0.91
357,2,windup,swarm,-16.79,12.53,0.95
357,3,advance,bruiser,-10.43,7.53,7.15
357,4,stalk,pouncer,-11.37,3.32,9.84
358,1,recover,swarm,-16.39,11.17,0.91
358,2,windup,swarm,-16.79,12.53,0.95
358,3,advance,bruiser,-10.47,7.56,7.09
358,4,stalk,pouncer,-11.46,3.32,9.80
359,1,recover,swarm,-16.39,11.17,0.91
359,2,windup,swarm,-16.79,12.53,0.95
359,3,advance,bruiser,-10.55,7.63,6.99
359,4,stalk,pouncer,-11.62,3.32,9.72
360,1,recover,swarm,-16.39,11.17,0.91
360,2,windup,swarm,-16.79,12.53,0.95
360,3,advance,bruiser,-10.61,7.67,6.91
360,4,stalk,pouncer,-11.74,3.32,9.67
361,1,chase,swarm,-16.39,11.17,0.91
361,2,windup,swarm,-16.79,12.53,0.95
361,3,advance,bruiser,-10.69,7.74,6.81
361,4,stalk,pouncer,-11.90,3.32,9.60
362,1,windup,swarm,-16.39,11.17,0.91
362,2,strike,swarm,-16.79,12.53,0.95
362,3,advance,bruiser,-10.75,7.79,6.73
362,4,stalk,pouncer,-12.03,3.32,9.55
363,1,windup,swarm,-16.39,11.17,0.91
363,2,strike,swarm,-16.66,12.44,0.79
363,3,advance,bruiser,-10.79,7.82,6.69
363,4,stalk,pouncer,-12.10,3.32,9.52
364,1,windup,swarm,-16.39,11.17,0.91
364,2,strike,swarm,-16.41,12.27,0.49
364,3,advance,bruiser,-10.85,7.87,6.60
364,4,stalk,pouncer,-12.23,3.32,9.46
365,1,windup,swarm,-16.39,11.17,0.91
365,2,strike,swarm,-16.24,12.24,0.34
365,3,advance,bruiser,-10.89,7.90,6.55
365,4,stalk,pouncer,-12.31,3.32,9.43
366,1,windup,swarm,-16.39,11.17,0.91
366,2,strike,swarm,-15.83,12.19,0.25
366,3,advance,bruiser,-10.98,7.97,6.44
366,4,stalk,pouncer,-12.50,3.32,9.36
367,1,windup,swarm,-16.39,11.17,0.91
367,2,recover,swarm,-15.65,12.13,0.37
367,3,advance,bruiser,-11.02,8.01,6.38
367,4,stalk,pouncer,-12.58,3.33,9.32
368,1,strike,swarm,-16.39,11.17,0.91
368,2,recover,swarm,-15.65,12.13,0.37
368,3,advance,bruiser,-11.06,8.04,6.33
368,4,stalk,pouncer,-12.66,3.33,9.29
369,1,strike,swarm,-16.23,11.55,0.51
369,2,recover,swarm,-15.65,12.13,0.37
369,3,advance,bruiser,-11.15,8.11,6.21
369,4,stalk,pouncer,-12.85,3.34,9.22
370,1,strike,swarm,-16.44,11.73,0.51
370,2,recover,swarm,-15.65,12.13,0.37
370,3,advance,bruiser,-11.21,8.16,6.14
370,4,stalk,pouncer,-12.97,3.34,9.17
371,1,strike,swarm,-16.71,12.17,0.73
371,2,recover,swarm,-15.65,12.13,0.37
371,3,advance,bruiser,-11.33,8.25,5.99
371,4,stalk,pouncer,-13.20,3.36,9.09
372,1,recover,swarm,-16.73,12.43,0.84
372,2,recover,swarm,-15.65,12.13,0.37
372,3,advance,bruiser,-11.38,8.30,5.92
372,4,stalk,pouncer,-13.32,3.36,9.04
373,1,recover,swarm,-16.73,12.43,0.84
373,2,recover,swarm,-15.65,12.13,0.37
373,3,advance,bruiser,-11.44,8.34,5.85
373,4,stalk,pouncer,-13.43,3.37,9.01
374,1,recover,swarm,-16.73,12.43,0.84
374,2,recover,swarm,-15.65,12.13,0.37
374,3,advance,bruiser,-11.47,8.37,5.81
374,4,stalk,pouncer,-13.49,3.38,8.98
375,1,recover,swarm,-16.73,12.43,0.84
375,2,recover,swarm,-15.65,12.13,0.37
375,3,advance,bruiser,-11.80,8.63,5.38
375,4,stalk,pouncer,-14.17,3.43,8.76
376,1,recover,swarm,-16.73,12.43,0.84
376,2,recover,swarm,-15.65,12.13,0.37
376,3,advance,bruiser,-11.89,8.70,5.27
376,4,stalk,pouncer,-14.33,3.45,8.71
377,1,recover,swarm,-16.73,12.43,0.84
377,2,recover,swarm,-15.65,12.13,0.37
377,3,advance,bruiser,-11.92,8.72,5.23
377,4,stalk,pouncer,-14.40,3.46,8.69
378,1,recover,swarm,-16.73,12.43,0.84
378,2,chase,swarm,-15.65,12.13,0.37
378,3,advance,bruiser,-11.97,8.77,5.16
378,4,stalk,pouncer,-14.51,3.48,8.65
379,1,recover,swarm,-16.73,12.43,0.84
379,2,windup,swarm,-15.65,12.13,0.37
379,3,advance,bruiser,-12.07,8.84,5.04
379,4,stalk,pouncer,-14.70,3.50,8.59
380,1,recover,swarm,-16.73,12.43,0.84
380,2,windup,swarm,-15.65,12.13,0.37
380,3,advance,bruiser,-12.10,8.87,5.00
380,4,stalk,pouncer,-14.77,3.52,8.57
381,1,recover,swarm,-16.73,12.43,0.84
381,2,windup,swarm,-15.65,12.13,0.37
381,3,advance,bruiser,-12.21,8.96,4.86
381,4,stalk,pouncer,-14.98,3.55,8.51
382,1,recover,swarm,-16.73,12.43,0.84
382,2,windup,swarm,-15.65,12.13,0.37
382,3,advance,bruiser,-12.28,9.01,4.77
382,4,stalk,pouncer,-15.12,3.58,8.47
383,1,chase,swarm,-16.73,12.43,0.84
383,2,windup,swarm,-15.65,12.13,0.37
383,3,advance,bruiser,-12.33,9.06,4.70
383,4,stalk,pouncer,-15.23,3.60,8.44
384,1,windup,swarm,-16.73,12.43,0.84
384,2,strike,swarm,-15.65,12.13,0.37
384,3,advance,bruiser,-12.38,9.10,4.64
384,4,stalk,pouncer,-15.33,3.62,8.41
385,1,windup,swarm,-16.73,12.43,0.84
385,2,strike,swarm,-16.01,11.85,0.15
385,3,advance,bruiser,-12.49,9.18,4.51
385,4,stalk,pouncer,-15.54,3.66,8.35
386,1,windup,swarm,-16.73,12.43,0.84
386,2,strike,swarm,-16.25,11.27,0.77
386,3,advance,bruiser,-12.62,9.29,4.33
386,4,stalk,pouncer,-15.81,3.72,8.28
387,1,windup,swarm,-16.73,12.43,0.84
387,2,recover,swarm,-16.38,11.21,0.88
387,3,advance,bruiser,-12.66,9.32,4.29
387,4,stalk,pouncer,-15.87,3.74,8.26
388,1,windup,swarm,-16.73,12.43,0.84
388,2,recover,swarm,-16.38,11.21,0.88
388,3,advance,bruiser,-12.72,9.37,4.20
388,4,stalk,pouncer,-16.01,3.77,8.23
389,1,strike,swarm,-16.73,12.43,0.84
389,2,recover,swarm,-16.38,11.21,0.88
389,3,advance,bruiser,-12.80,9.43,4.11
389,4,stalk,pouncer,-16.15,3.81,8.19
390,1,strike,swarm,-16.64,12.38,0.74
390,2,recover,swarm,-16.38,11.21,0.88
390,3,advance,bruiser,-12.82,9.45,4.08
390,4,stalk,pouncer,-16.11,3.82,8.18
391,1,strike,swarm,-16.34,12.27,0.43
391,2,recover,swarm,-16.38,11.21,0.88
391,3,advance,bruiser,-12.89,9.50,3.99
391,4,stalk,pouncer,-15.97,3.86,8.14
392,1,strike,swarm,-16.15,12.26,0.30
392,2,recover,swarm,-16.38,11.21,0.88
392,3,advance,bruiser,-12.93,9.54,3.93
392,4,stalk,pouncer,-15.89,3.88,8.12
393,1,strike,swarm,-15.61,12.22,0.45
393,2,recover,swarm,-16.38,11.21,0.88
393,3,advance,bruiser,-13.05,9.64,3.78
393,4,stalk,pouncer,-15.65,3.94,8.07
394,1,recover,swarm,-15.36,12.09,0.64
394,2,recover,swarm,-16.38,11.21,0.88
394,3,advance,bruiser,-13.11,9.68,3.70
394,4,stalk,pouncer,-15.53,3.97,8.04
395,1,recover,swarm,-15.36,12.09,0.64
395,2,recover,swarm,-16.38,11.21,0.88
395,3,advance,bruiser,-13.16,9.72,3.64
395,4,stalk,pouncer,-15.44,4.00,8.02
396,1,recover,swarm,-15.36,12.09,0.64
396,2,recover,swarm,-16.38,11.21,0.88
396,3,advance,bruiser,-13.18,9.74,3.61
396,4,stalk,pouncer,-15.40,4.01,8.01
397,1,recover,swarm,-15.36,12.09,0.64
397,2,recover,swarm,-16.38,11.21,0.88
397,3,advance,bruiser,-13.25,9.79,3.53
397,4,stalk,pouncer,-15.27,4.05,7.98
398,1,recover,swarm,-15.36,12.09,0.64
398,2,recover,swarm,-16.38,11.21,0.88
398,3,advance,bruiser,-13.32,9.85,3.44
398,4,stalk,pouncer,-15.14,4.10,7.95
399,1,recover,swarm,-15.36,12.09,0.64
399,2,recover,swarm,-16.38,11.21,0.88
399,3,advance,bruiser,-13.36,9.88,3.38
399,4,stalk,pouncer,-15.05,4.13,7.93
400,1,recover,swarm,-15.36,12.09,0.64
400,2,recover,swarm,-16.38,11.21,0.88
400,3,advance,bruiser,-13.54,10.02,3.16
400,4,stalk,pouncer,-14.71,4.25,7.86
401,1,recover,swarm,-15.36,12.09,0.64
401,2,recover,swarm,-16.38,11.21,0.88
401,3,advance,bruiser,-13.58,10.06,3.10
401,4,stalk,pouncer,-14.63,4.28,7.84
402,1,recover,swarm,-15.36,12.09,0.64
402,2,chase,swarm,-16.38,11.21,0.88
402,3,advance,bruiser,-13.66,10.12,3.00
402,4,stalk,pouncer,-14.48,4.34,7.81
403,1,recover,swarm,-15.36,12.09,0.64
403,2,windup,swarm,-16.38,11.21,0.88
403,3,advance,bruiser,-13.71,10.16,2.94
403,4,stalk,pouncer,-14.39,4.37,7.79
404,1,recover,swarm,-15.36,12.09,0.64
404,2,windup,swarm,-16.38,11.21,0.88
404,3,advance,bruiser,-13.78,10.22,2.85
404,4,stalk,pouncer,-14.26,4.43,7.77
405,1,recover,swarm,-15.36,12.09,0.64
405,2,windup,swarm,-16.38,11.21,0.88
405,3,advance,bruiser,-13.84,10.27,2.77
405,4,stalk,pouncer,-14.15,4.48,7.74
406,1,recover,swarm,-15.36,12.09,0.64
406,2,windup,swarm,-16.38,11.21,0.88
406,3,advance,bruiser,-13.96,10.36,2.62
406,4,stalk,pouncer,-13.93,4.58,7.70
407,1,recover,swarm,-15.36,12.09,0.64
407,2,windup,swarm,-16.38,11.21,0.88
407,3,advance,bruiser,-13.99,10.38,2.58
407,4,crouch,pouncer,-13.88,4.61,7.69
408,1,chase,swarm,-15.36,12.09,0.64
408,2,windup,swarm,-16.38,11.21,0.88
408,3,advance,bruiser,-14.04,10.43,2.52
408,4,crouch,pouncer,-13.88,4.61,7.69
409,1,windup,swarm,-15.36,12.09,0.64
409,2,strike,swarm,-16.38,11.21,0.88
409,3,advance,bruiser,-14.13,10.50,2.39
409,4,crouch,pouncer,-13.88,4.61,7.69
410,1,windup,swarm,-15.36,12.09,0.64
410,2,strike,swarm,-16.13,11.73,0.30
410,3,windup,bruiser,-14.13,10.50,2.39
410,4,crouch,pouncer,-13.88,4.61,7.69
411,1,windup,swarm,-15.36,12.09,0.64
411,2,strike,swarm,-16.19,11.81,0.27
411,3,windup,bruiser,-14.13,10.50,2.39
411,4,crouch,pouncer,-13.88,4.61,7.69
412,1,windup,swarm,-15.36,12.09,0.64
412,2,strike,swarm,-16.28,11.96,0.28
412,3,windup,bruiser,-14.13,10.50,2.39
412,4,crouch,pouncer,-13.88,4.61,7.69
413,1,windup,swarm,-15.36,12.09,0.64
413,2,strike,swarm,-16.39,12.25,0.46
413,3,windup,bruiser,-14.13,10.50,2.39
413,4,crouch,pouncer,-13.88,4.61,7.69
414,1,strike,swarm,-15.36,12.09,0.64
414,2,recover,swarm,-16.40,12.40,0.57
414,3,windup,bruiser,-14.13,10.50,2.39
414,4,crouch,pouncer,-13.88,4.61,7.69
415,1,strike,swarm,-15.98,11.81,0.19
415,2,recover,swarm,-16.40,12.40,0.57
415,3,windup,bruiser,-14.13,10.50,2.39
415,4,crouch,pouncer,-13.88,4.61,7.69
416,1,strike,swarm,-16.06,11.54,0.47
416,2,recover,swarm,-16.40,12.40,0.57
416,3,windup,bruiser,-14.13,10.50,2.39
416,4,pounce,pouncer,-13.88,4.61,7.69
417,1,strike,swarm,-16.26,11.30,0.75
417,2,recover,swarm,-16.40,12.40,0.57
417,3,windup,bruiser,-14.13,10.50,2.39
417,4,pounce,pouncer,-14.00,5.06,7.23
418,1,recover,swarm,-16.47,11.18,0.95
418,2,recover,swarm,-16.40,12.40,0.57
418,3,windup,bruiser,-14.13,10.50,2.39
418,4,pounce,pouncer,-14.11,5.41,6.86
419,1,recover,swarm,-16.47,11.18,0.95
419,2,recover,swarm,-16.40,12.40,0.57
419,3,windup,bruiser,-14.13,10.50,2.39
419,4,pounce,pouncer,-14.19,5.69,6.57
420,1,recover,swarm,-16.47,11.18,0.95
420,2,recover,swarm,-16.40,12.40,0.57
420,3,windup,bruiser,-14.13,10.50,2.39
420,4,pounce,pouncer,-14.31,6.11,6.12
421,1,recover,swarm,-16.47,11.18,0.95
421,2,recover,swarm,-16.40,12.40,0.57
421,3,windup,bruiser,-14.13,10.50,2.39
421,4,pounce,pouncer,-14.47,6.69,5.52
422,1,recover,swarm,-16.47,11.18,0.95
422,2,recover,swarm,-16.40,12.40,0.57
422,3,windup,bruiser,-14.13,10.50,2.39
422,4,pounce,pouncer,-14.70,7.47,4.72
423,1,recover,swarm,-16.47,11.18,0.95
423,2,recover,swarm,-16.40,12.40,0.57
423,3,strike,bruiser,-14.13,10.50,2.39
423,4,recover,pouncer,-14.74,7.63,4.55
424,1,recover,swarm,-16.47,11.18,0.95
424,2,recover,swarm,-16.40,12.40,0.57
424,3,strike,bruiser,-14.21,10.56,2.30
424,4,recover,pouncer,-14.74,7.63,4.55
425,1,recover,swarm,-16.47,11.18,0.95
425,2,recover,swarm,-16.40,12.40,0.57
425,3,strike,bruiser,-14.39,10.71,2.06
425,4,recover,pouncer,-14.74,7.63,4.55
426,1,recover,swarm,-16.47,11.18,0.95
426,2,recover,swarm,-16.40,12.40,0.57
426,3,strike,bruiser,-14.52,10.82,1.89
426,4,recover,pouncer,-14.74,7.63,4.55
427,1,recover,swarm,-16.47,11.18,0.95
427,2,recover,swarm,-16.40,12.40,0.57
427,3,strike,bruiser,-14.72,10.97,1.64
427,4,recover,pouncer,-14.74,7.63,4.55
428,1,recover,swarm,-16.47,11.18,0.95
428,2,recover,swarm,-16.40,12.40,0.57
428,3,strike,bruiser,-14.82,11.05,1.51
428,4,recover,pouncer,-14.74,7.63,4.55
429,1,recover,swarm,-16.47,11.18,0.95
429,2,chase,swarm,-16.40,12.40,0.57
429,3,strike,bruiser,-14.92,11.13,1.38
429,4,recover,pouncer,-14.74,7.63,4.55
430,1,recover,swarm,-16.47,11.18,0.95
430,2,windup,swarm,-16.40,12.40,0.57
430,3,strike,bruiser,-15.03,11.22,1.24
430,4,recover,pouncer,-14.74,7.63,4.55
431,1,recover,swarm,-16.47,11.18,0.95
431,2,windup,swarm,-16.40,12.40,0.57
431,3,strike,bruiser,-15.20,11.36,1.02
431,4,recover,pouncer,-14.74,7.63,4.55
432,1,recover,swarm,-16.47,11.18,0.95
432,2,windup,swarm,-16.40,12.40,0.57
432,3,recover,bruiser,-15.31,11.45,0.88
432,4,recover,pouncer,-14.74,7.63,4.55
433,1,recover,swarm,-16.47,11.18,0.95
433,2,windup,swarm,-16.40,12.40,0.57
433,3,recover,bruiser,-15.31,11.45,0.88
433,4,recover,pouncer,-14.74,7.63,4.55
434,1,recover,swarm,-16.47,11.18,0.95
434,2,windup,swarm,-16.40,12.40,0.57
434,3,recover,bruiser,-15.31,11.45,0.88
434,4,recover,pouncer,-14.74,7.63,4.55
435,1,recover,swarm,-16.47,11.18,0.95
435,2,windup,swarm,-16.40,12.40,0.57
435,3,recover,bruiser,-15.31,11.45,0.88
435,4,recover,pouncer,-14.74,7.63,4.55
436,1,chase,swarm,-16.47,11.18,0.95
436,2,strike,swarm,-16.40,12.40,0.57
436,3,recover,bruiser,-15.31,11.45,0.88
436,4,recover,pouncer,-14.74,7.63,4.55
437,1,windup,swarm,-16.47,11.18,0.95
437,2,strike,swarm,-16.33,12.35,0.48
437,3,recover,bruiser,-15.31,11.45,0.88
437,4,recover,pouncer,-14.74,7.63,4.55
438,1,windup,swarm,-16.47,11.18,0.95
438,2,strike,swarm,-16.19,12.26,0.32
438,3,recover,bruiser,-15.31,11.45,0.88
438,4,recover,pouncer,-14.74,7.63,4.55
439,1,windup,swarm,-16.47,11.18,0.95
439,2,strike,swarm,-15.82,12.14,0.23
439,3,recover,bruiser,-15.31,11.45,0.88
439,4,recover,pouncer,-14.74,7.63,4.55
440,1,windup,swarm,-16.47,11.18,0.95
440,2,strike,swarm,-15.32,12.48,0.83
440,3,recover,bruiser,-15.31,11.45,0.88
440,4,recover,pouncer,-14.74,7.63,4.55
441,1,windup,swarm,-16.47,11.18,0.95
441,2,recover,swarm,-14.71,12.34,1.34
441,3,recover,bruiser,-15.31,11.45,0.88
441,4,recover,pouncer,-14.74,7.63,4.55
442,1,strike,swarm,-16.47,11.18,0.95
442,2,recover,swarm,-14.71,12.34,1.34
442,3,recover,bruiser,-15.31,11.45,0.88
442,4,recover,pouncer,-14.74,7.63,4.55
443,1,strike,swarm,-16.37,11.46,0.66
443,2,recover,swarm,-14.71,12.34,1.34
443,3,recover,bruiser,-15.31,11.45,0.88
443,4,recover,pouncer,-14.74,7.63,4.55
444,1,strike,swarm,-16.36,11.69,0.48
444,2,recover,swarm,-14.71,12.34,1.34
444,3,recover,bruiser,-15.31,11.45,0.88
444,4,recover,pouncer,-14.74,7.63,4.55
445,1,strike,swarm,-16.35,11.83,0.39
445,2,recover,swarm,-14.71,12.34,1.34
445,3,recover,bruiser,-15.31,11.45,0.88
445,4,recover,pouncer,-14.74,7.63,4.55
446,1,strike,swarm,-16.25,12.49,0.55
446,2,recover,swarm,-14.71,12.34,1.34
446,3,recover,bruiser,-15.31,11.45,0.88
446,4,recover,pouncer,-14.74,7.63,4.55
447,1,recover,swarm,-16.16,12.65,0.67
447,2,recover,swarm,-14.71,12.34,1.34
447,3,recover,bruiser,-15.31,11.45,0.88
447,4,recover,pouncer,-14.74,7.63,4.55
448,1,recover,swarm,-16.16,12.65,0.67
448,2,recover,swarm,-14.71,12.34,1.34
448,3,recover,bruiser,-15.31,11.45,0.88
448,4,recover,pouncer,-14.74,7.63,4.55
449,1,recover,swarm,-16.16,12.65,0.67
449,2,recover,swarm,-14.71,12.34,1.34
449,3,recover,bruiser,-15.31,11.45,0.88
449,4,stalk,pouncer,-14.74,7.63,4.55
450,1,recover,swarm,-16.16,12.65,0.67
450,2,recover,swarm,-14.71,12.34,1.34
450,3,recover,bruiser,-15.31,11.45,0.88
450,4,crouch,pouncer,-14.60,7.63,4.59
451,1,recover,swarm,-16.16,12.65,0.67
451,2,recover,swarm,-14.71,12.34,1.34
451,3,recover,bruiser,-15.31,11.45,0.88
451,4,crouch,pouncer,-14.60,7.63,4.59
452,1,recover,swarm,-16.16,12.65,0.67
452,2,recover,swarm,-14.71,12.34,1.34
452,3,recover,bruiser,-15.31,11.45,0.88
452,4,crouch,pouncer,-14.60,7.63,4.59
453,1,recover,swarm,-16.16,12.65,0.67
453,2,recover,swarm,-14.71,12.34,1.34
453,3,recover,bruiser,-15.31,11.45,0.88
453,4,crouch,pouncer,-14.60,7.63,4.59
454,1,recover,swarm,-16.16,12.65,0.67
454,2,recover,swarm,-14.71,12.34,1.34
454,3,advance,bruiser,-15.31,11.45,0.88
454,4,crouch,pouncer,-14.60,7.63,4.59
455,1,recover,swarm,-16.16,12.65,0.67
455,2,recover,swarm,-14.71,12.34,1.34
455,3,windup,bruiser,-15.31,11.45,0.88
455,4,crouch,pouncer,-14.60,7.63,4.59
456,1,recover,swarm,-16.16,12.65,0.67
456,2,chase,swarm,-14.71,12.34,1.34
456,3,windup,bruiser,-15.31,11.45,0.88
456,4,crouch,pouncer,-14.60,7.63,4.59
457,1,recover,swarm,-16.16,12.65,0.67
457,2,windup,swarm,-14.71,12.34,1.34
457,3,windup,bruiser,-15.31,11.45,0.88
457,4,crouch,pouncer,-14.60,7.63,4.59
458,1,recover,swarm,-16.16,12.65,0.67
458,2,windup,swarm,-14.71,12.34,1.34
458,3,windup,bruiser,-15.31,11.45,0.88
458,4,crouch,pouncer,-14.60,7.63,4.59
459,1,recover,swarm,-16.16,12.65,0.67
459,2,windup,swarm,-14.71,12.34,1.34
459,3,windup,bruiser,-15.31,11.45,0.88
459,4,crouch,pouncer,-14.60,7.63,4.59
460,1,recover,swarm,-16.16,12.65,0.67
460,2,windup,swarm,-14.71,12.34,1.34
460,3,windup,bruiser,-15.31,11.45,0.88
460,4,crouch,pouncer,-14.60,7.63,4.59
461,1,recover,swarm,-16.16,12.65,0.67
461,2,windup,swarm,-14.71,12.34,1.34
461,3,windup,bruiser,-15.31,11.45,0.88
461,4,crouch,pouncer,-14.60,7.63,4.59
462,1,recover,swarm,-16.16,12.65,0.67
462,2,windup,swarm,-14.71,12.34,1.34
462,3,windup,bruiser,-15.31,11.45,0.88
462,4,pounce,pouncer,-14.60,7.63,4.59
463,1,recover,swarm,-16.16,12.65,0.67
463,2,windup,swarm,-14.71,12.34,1.34
463,3,windup,bruiser,-15.31,11.45,0.88
463,4,pounce,pouncer,-14.79,8.21,3.98
464,1,recover,swarm,-16.16,12.65,0.67
464,2,strike,swarm,-14.71,12.34,1.34
464,3,windup,bruiser,-15.31,11.45,0.88
464,4,pounce,pouncer,-15.47,10.35,1.73
465,1,chase,swarm,-16.16,12.65,0.67
465,2,recover,swarm,-14.82,12.36,1.23
465,3,windup,bruiser,-15.31,11.45,0.88
465,4,recover,pouncer,-15.56,10.49,1.57
466,1,windup,swarm,-16.16,12.65,0.67
466,2,recover,swarm,-14.82,12.36,1.23
466,3,windup,bruiser,-15.31,11.45,0.88
466,4,recover,pouncer,-15.56,10.49,1.57
467,1,windup,swarm,-16.16,12.65,0.67
467,2,recover,swarm,-14.82,12.36,1.23
467,3,strike,bruiser,-15.31,11.45,0.88
467,4,recover,pouncer,-15.56,10.49,1.57
468,1,windup,swarm,-16.16,12.65,0.67
468,2,recover,swarm,-14.82,12.36,1.23
468,3,strike,bruiser,-15.46,11.58,0.69
468,4,recover,pouncer,-15.56,10.49,1.57
469,1,windup,swarm,-16.16,12.65,0.67
469,2,recover,swarm,-14.82,12.36,1.23
469,3,strike,bruiser,-16.56,12.15,0.58
469,4,recover,pouncer,-15.56,10.49,1.57
470,1,strike,swarm,-16.16,12.65,0.67
470,2,recover,swarm,-14.82,12.36,1.23
470,3,recover,bruiser,-16.61,12.14,0.63
470,4,recover,pouncer,-15.56,10.49,1.57
471,1,strike,swarm,-15.64,12.63,0.73
471,2,recover,swarm,-14.82,12.36,1.23
471,3,recover,bruiser,-16.61,12.14,0.63
471,4,recover,pouncer,-15.56,10.49,1.57
472,1,strike,swarm,-15.78,12.27,0.35
472,2,recover,swarm,-14.82,12.36,1.23
472,3,recover,bruiser,-16.61,12.14,0.63
472,4,recover,pouncer,-15.56,10.49,1.57
473,1,strike,swarm,-15.71,12.14,0.32
473,2,recover,swarm,-14.82,12.36,1.23
473,3,recover,bruiser,-16.61,12.14,0.63
473,4,recover,pouncer,-15.56,10.49,1.57
474,1,strike,swarm,-15.63,11.83,0.41
474,2,recover,swarm,-14.82,12.36,1.23
474,3,recover,bruiser,-16.61,12.14,0.63
474,4,recover,pouncer,-15.56,10.49,1.57
475,1,recover,swarm,-15.60,11.60,0.57
475,2,recover,swarm,-14.82,12.36,1.23
475,3,recover,bruiser,-16.61,12.14,0.63
475,4,recover,pouncer,-15.56,10.49,1.57
476,1,recover,swarm,-15.60,11.60,0.57
476,2,recover,swarm,-14.82,12.36,1.23
476,3,recover,bruiser,-16.61,12.14,0.63
476,4,recover,pouncer,-15.56,10.49,1.57
477,1,recover,swarm,-15.60,11.60,0.57
477,2,chase,swarm,-14.82,12.36,1.23
477,3,recover,bruiser,-16.61,12.14,0.63
477,4,recover,pouncer,-15.56,10.49,1.57
478,1,recover,swarm,-15.60,11.60,0.57
478,2,windup,swarm,-14.82,12.36,1.23
478,3,recover,bruiser,-16.61,12.14,0.63
478,4,recover,pouncer,-15.56,10.49,1.57
479,1,recover,swarm,-15.60,11.60,0.57
479,2,windup,swarm,-14.82,12.36,1.23
479,3,recover,bruiser,-16.61,12.14,0.63
479,4,recover,pouncer,-15.56,10.49,1.57
480,1,recover,swarm,-15.60,11.60,0.57
480,2,windup,swarm,-14.82,12.36,1.23
480,3,recover,bruiser,-16.61,12.14,0.63
480,4,recover,pouncer,-15.56,10.49,1.57
481,1,recover,swarm,-15.60,11.60,0.57
481,2,windup,swarm,-14.82,12.36,1.23
481,3,recover,bruiser,-16.61,12.14,0.63
481,4,recover,pouncer,-15.56,10.49,1.57
482,1,recover,swarm,-15.60,11.60,0.57
482,2,windup,swarm,-14.82,12.36,1.23
482,3,recover,bruiser,-16.61,12.14,0.63
482,4,recover,pouncer,-15.56,10.49,1.57
483,1,recover,swarm,-15.60,11.60,0.57
483,2,windup,swarm,-14.82,12.36,1.23
483,3,recover,bruiser,-16.61,12.14,0.63
483,4,recover,pouncer,-15.56,10.49,1.57
484,1,recover,swarm,-15.60,11.60,0.57
484,2,windup,swarm,-14.82,12.36,1.23
484,3,recover,bruiser,-16.61,12.14,0.63
484,4,recover,pouncer,-15.56,10.49,1.57
485,1,recover,swarm,-15.60,11.60,0.57
485,2,windup,swarm,-14.82,12.36,1.23
485,3,recover,bruiser,-16.61,12.14,0.63
485,4,recover,pouncer,-15.56,10.49,1.57
486,1,recover,swarm,-15.60,11.60,0.57
486,2,strike,swarm,-14.82,12.36,1.23
486,3,recover,bruiser,-16.61,12.14,0.63
486,4,recover,pouncer,-15.56,10.49,1.57
487,1,recover,swarm,-15.60,11.60,0.57
487,2,strike,swarm,-15.15,12.36,0.92
487,3,recover,bruiser,-16.61,12.14,0.63
487,4,recover,pouncer,-15.56,10.49,1.57
488,1,recover,swarm,-15.60,11.60,0.57
488,2,strike,swarm,-15.38,12.55,0.83
488,3,recover,bruiser,-16.61,12.14,0.63
488,4,stalk,pouncer,-15.56,10.49,1.57
489,1,recover,swarm,-15.60,11.60,0.57
489,2,strike,swarm,-15.63,12.66,0.75
489,3,recover,bruiser,-16.61,12.14,0.63
489,4,crouch,pouncer,-15.62,10.38,1.66
490,1,recover,swarm,-15.60,11.60,0.57
490,2,recover,swarm,-15.84,12.78,0.80
490,3,recover,bruiser,-16.61,12.14,0.63
490,4,crouch,pouncer,-15.62,10.38,1.66
491,1,chase,swarm,-15.60,11.60,0.57
491,2,recover,swarm,-15.84,12.78,0.80
491,3,recover,bruiser,-16.61,12.14,0.63
491,4,crouch,pouncer,-15.62,10.38,1.66
492,1,windup,swarm,-15.60,11.60,0.57
492,2,recover,swarm,-15.84,12.78,0.80
492,3,recover,bruiser,-16.61,12.14,0.63
492,4,crouch,pouncer,-15.62,10.38,1.66
493,1,windup,swarm,-15.60,11.60,0.57
493,2,recover,swarm,-15.84,12.78,0.80
493,3,recover,bruiser,-16.61,12.14,0.63
493,4,crouch,pouncer,-15.62,10.38,1.66
494,1,windup,swarm,-15.60,11.60,0.57
494,2,recover,swarm,-15.84,12.78,0.80
494,3,recover,bruiser,-16.61,12.14,0.63
494,4,crouch,pouncer,-15.62,10.38,1.66
495,1,windup,swarm,-15.60,11.60,0.57
495,2,recover,swarm,-15.84,12.78,0.80
495,3,advance,bruiser,-16.61,12.14,0.63
495,4,crouch,pouncer,-15.62,10.38,1.66
496,1,windup,swarm,-15.60,11.60,0.57
496,2,recover,swarm,-15.84,12.78,0.80
496,3,windup,bruiser,-16.61,12.14,0.63
496,4,crouch,pouncer,-15.62,10.38,1.66
497,1,windup,swarm,-15.60,11.60,0.57
497,2,recover,swarm,-15.84,12.78,0.80
497,3,windup,bruiser,-16.61,12.14,0.63
497,4,crouch,pouncer,-15.62,10.38,1.66
498,1,strike,swarm,-15.60,11.60,0.57
498,2,recover,swarm,-15.84,12.78,0.80
498,3,windup,bruiser,-16.61,12.14,0.63
498,4,crouch,pouncer,-15.62,10.38,1.66
499,1,strike,swarm,-15.86,11.95,0.15
499,2,recover,swarm,-15.84,12.78,0.80
499,3,windup,bruiser,-16.61,12.14,0.63
499,4,pounce,pouncer,-15.62,10.38,1.66
500,1,strike,swarm,-15.72,11.72,0.39
500,2,recover,swarm,-15.84,12.78,0.80
500,3,windup,bruiser,-16.61,12.14,0.63
500,4,pounce,pouncer,-15.71,10.77,1.26
501,1,strike,swarm,-15.76,12.02,0.24
501,2,recover,swarm,-15.84,12.78,0.80
501,3,windup,bruiser,-16.61,12.14,0.63
501,4,pounce,pouncer,-15.98,11.12,0.88
502,1,recover,swarm,-15.52,12.15,0.51
502,2,recover,swarm,-15.84,12.78,0.80
502,3,windup,bruiser,-16.61,12.14,0.63
502,4,pounce,pouncer,-16.40,11.21,0.88
503,1,recover,swarm,-15.52,12.15,0.51
503,2,recover,swarm,-15.84,12.78,0.80
503,3,windup,bruiser,-16.61,12.14,0.63
503,4,pounce,pouncer,-16.51,11.55,0.68
504,1,recover,swarm,-15.52,12.15,0.51
504,2,recover,swarm,-15.84,12.78,0.80
504,3,windup,bruiser,-16.61,12.14,0.63
504,4,pounce,pouncer,-16.82,10.82,1.44
505,1,recover,swarm,-15.52,12.15,0.51
505,2,chase,swarm,-15.84,12.78,0.80
505,3,windup,bruiser,-16.61,12.14,0.63
505,4,pounce,pouncer,-16.91,11.19,1.22
506,1,recover,swarm,-15.52,12.15,0.51
506,2,windup,swarm,-15.84,12.78,0.80
506,3,windup,bruiser,-16.61,12.14,0.63
506,4,recover,pouncer,-17.19,11.47,1.31
507,1,recover,swarm,-15.52,12.15,0.51
507,2,windup,swarm,-15.84,12.78,0.80
507,3,windup,bruiser,-16.61,12.14,0.63
507,4,recover,pouncer,-17.19,11.47,1.31
508,1,recover,swarm,-15.52,12.15,0.51
508,2,windup,swarm,-15.84,12.78,0.80
508,3,windup,bruiser,-16.61,12.14,0.63
508,4,recover,pouncer,-17.19,11.47,1.31
509,1,recover,swarm,-15.52,12.15,0.51
509,2,windup,swarm,-15.84,12.78,0.80
509,3,strike,bruiser,-16.61,12.14,0.63
509,4,recover,pouncer,-17.19,11.47,1.31
510,1,recover,swarm,-15.52,12.15,0.51
510,2,windup,swarm,-15.84,12.78,0.80
510,3,strike,bruiser,-16.26,12.14,0.29
510,4,recover,pouncer,-17.19,11.47,1.31
511,1,recover,swarm,-15.52,12.15,0.51
511,2,strike,swarm,-15.84,12.78,0.80
511,3,strike,bruiser,-16.46,11.75,0.53
511,4,recover,pouncer,-17.19,11.47,1.31
512,1,recover,swarm,-15.52,12.15,0.51
512,2,strike,swarm,-16.04,12.86,0.86
512,3,strike,bruiser,-16.28,11.72,0.40
512,4,recover,pouncer,-17.19,11.47,1.31
513,1,recover,swarm,-15.52,12.15,0.51
513,2,strike,swarm,-16.33,12.84,0.90
513,3,strike,bruiser,-16.10,11.56,0.45
513,4,recover,pouncer,-17.19,11.47,1.31
514,1,recover,swarm,-15.52,12.15,0.51
514,2,strike,swarm,-16.49,12.65,0.81
514,3,recover,bruiser,-15.97,11.40,0.60
514,4,recover,pouncer,-17.19,11.47,1.31
515,1,recover,swarm,-15.52,12.15,0.51
515,2,strike,swarm,-16.80,12.22,0.83
515,3,recover,bruiser,-15.97,11.40,0.60
515,4,recover,pouncer,-17.19,11.47,1.31
516,1,chase,swarm,-15.52,12.15,0.51
516,2,recover,swarm,-17.17,12.18,1.18
516,3,recover,bruiser,-15.97,11.40,0.60
516,4,recover,pouncer,-17.19,11.47,1.31
517,1,windup,swarm,-15.52,12.15,0.51
517,2,recover,swarm,-17.17,12.18,1.18
517,3,recover,bruiser,-15.97,11.40,0.60
517,4,recover,pouncer,-17.19,11.47,1.31
518,1,windup,swarm,-15.52,12.15,0.51
518,2,recover,swarm,-17.17,12.18,1.18
518,3,recover,bruiser,-15.97,11.40,0.60
518,4,recover,pouncer,-17.19,11.47,1.31
519,1,windup,swarm,-15.52,12.15,0.51
519,2,recover,swarm,-17.17,12.18,1.18
519,3,recover,bruiser,-15.97,11.40,0.60
519,4,recover,pouncer,-17.19,11.47,1.31
520,1,windup,swarm,-15.52,12.15,0.51
520,2,recover,swarm,-17.17,12.18,1.18
520,3,recover,bruiser,-15.97,11.40,0.60
520,4,recover,pouncer,-17.19,11.47,1.31
521,1,windup,swarm,-15.52,12.15,0.51
521,2,recover,swarm,-17.17,12.18,1.18
521,3,recover,bruiser,-15.97,11.40,0.60
521,4,recover,pouncer,-17.19,11.47,1.31
522,1,strike,swarm,-15.52,12.15,0.51
522,2,recover,swarm,-17.17,12.18,1.18
522,3,recover,bruiser,-15.97,11.40,0.60
522,4,recover,pouncer,-17.19,11.47,1.31
523,1,strike,swarm,-15.81,12.40,0.44
523,2,recover,swarm,-17.17,12.18,1.18
523,3,recover,bruiser,-15.97,11.40,0.60
523,4,recover,pouncer,-17.19,11.47,1.31
524,1,strike,swarm,-16.01,12.46,0.46
524,2,recover,swarm,-17.17,12.18,1.18
524,3,recover,bruiser,-15.97,11.40,0.60
524,4,recover,pouncer,-17.19,11.47,1.31
525,1,strike,swarm,-16.22,12.53,0.57
525,2,recover,swarm,-17.17,12.18,1.18
525,3,recover,bruiser,-15.97,11.40,0.60
525,4,recover,pouncer,-17.19,11.47,1.31
526,1,strike,swarm,-16.48,12.63,0.79
526,2,recover,swarm,-17.17,12.18,1.18
526,3,recover,bruiser,-15.97,11.40,0.60
526,4,recover,pouncer,-17.19,11.47,1.31
527,1,recover,swarm,-16.70,12.94,1.17
527,2,recover,swarm,-17.17,12.18,1.18
527,3,recover,bruiser,-15.97,11.40,0.60
527,4,recover,pouncer,-17.19,11.47,1.31
528,1,recover,swarm,-16.70,12.94,1.17
528,2,recover,swarm,-17.17,12.18,1.18
528,3,recover,bruiser,-15.97,11.40,0.60
528,4,recover,pouncer,-17.19,11.47,1.31
529,1,recover,swarm,-16.70,12.94,1.17
529,2,recover,swarm,-17.17,12.18,1.18
529,3,recover,bruiser,-15.97,11.40,0.60
529,4,stalk,pouncer,-17.19,11.47,1.31
530,1,recover,swarm,-16.70,12.94,1.17
530,2,recover,swarm,-17.17,12.18,1.18
530,3,recover,bruiser,-15.97,11.40,0.60
530,4,crouch,pouncer,-17.27,11.41,1.40
531,1,recover,swarm,-16.70,12.94,1.17
531,2,chase,swarm,-17.17,12.18,1.18
531,3,recover,bruiser,-15.97,11.40,0.60
531,4,crouch,pouncer,-17.27,11.41,1.40
532,1,recover,swarm,-16.70,12.94,1.17
532,2,windup,swarm,-17.17,12.18,1.18
532,3,recover,bruiser,-15.97,11.40,0.60
532,4,crouch,pouncer,-17.27,11.41,1.40
533,1,recover,swarm,-16.70,12.94,1.17
533,2,windup,swarm,-17.17,12.18,1.18
533,3,recover,bruiser,-15.97,11.40,0.60
533,4,crouch,pouncer,-17.27,11.41,1.40
534,1,recover,swarm,-16.70,12.94,1.17
534,2,windup,swarm,-17.17,12.18,1.18
534,3,recover,bruiser,-15.97,11.40,0.60
534,4,crouch,pouncer,-17.27,11.41,1.40
535,1,recover,swarm,-16.70,12.94,1.17
535,2,windup,swarm,-17.17,12.18,1.18
535,3,recover,bruiser,-15.97,11.40,0.60
535,4,crouch,pouncer,-17.27,11.41,1.40
536,1,recover,swarm,-16.70,12.94,1.17
536,2,windup,swarm,-17.17,12.18,1.18
536,3,advance,bruiser,-15.97,11.40,0.60
536,4,crouch,pouncer,-17.27,11.41,1.40
537,1,recover,swarm,-16.70,12.94,1.17
537,2,windup,swarm,-17.17,12.18,1.18
537,3,windup,bruiser,-15.97,11.40,0.60
537,4,crouch,pouncer,-17.27,11.41,1.40
538,1,recover,swarm,-16.70,12.94,1.17
538,2,strike,swarm,-17.17,12.18,1.18
538,3,windup,bruiser,-15.97,11.40,0.60
538,4,crouch,pouncer,-17.27,11.41,1.40
539,1,recover,swarm,-16.70,12.94,1.17
539,2,strike,swarm,-17.00,12.22,1.03
539,3,windup,bruiser,-15.97,11.40,0.60
539,4,pounce,pouncer,-17.27,11.41,1.40
540,1,recover,swarm,-16.70,12.94,1.17
540,2,strike,swarm,-16.83,12.17,0.85
540,3,windup,bruiser,-15.97,11.40,0.60
540,4,pounce,pouncer,-17.05,11.26,1.28
541,1,recover,swarm,-16.70,12.94,1.17
541,2,strike,swarm,-16.51,12.06,0.52
541,3,windup,bruiser,-15.97,11.40,0.60
541,4,pounce,pouncer,-16.70,10.89,1.31
542,1,chase,swarm,-16.70,12.94,1.17
542,2,strike,swarm,-16.08,12.05,0.09
542,3,windup,bruiser,-15.97,11.40,0.60
542,4,pounce,pouncer,-16.32,10.37,1.66
543,1,windup,swarm,-16.70,12.94,1.17
543,2,recover,swarm,-15.69,12.34,0.46
543,3,windup,bruiser,-15.97,11.40,0.60
543,4,pounce,pouncer,-15.58,10.39,1.66
544,1,windup,swarm,-16.70,12.94,1.17
544,2,recover,swarm,-15.69,12.34,0.46
544,3,windup,bruiser,-15.97,11.40,0.60
544,4,pounce,pouncer,-15.40,10.39,1.72
545,1,windup,swarm,-16.70,12.94,1.17
545,2,recover,swarm,-15.69,12.34,0.46
545,3,windup,bruiser,-15.97,11.40,0.60
545,4,pounce,pouncer,-14.99,10.46,1.84
546,1,windup,swarm,-16.70,12.94,1.17
546,2,recover,swarm,-15.69,12.34,0.46
546,3,windup,bruiser,-15.97,11.40,0.60
546,4,pounce,pouncer,-14.83,10.54,1.87
547,1,windup,swarm,-16.70,12.94,1.17
547,2,recover,swarm,-15.69,12.34,0.46
547,3,windup,bruiser,-15.97,11.40,0.60
547,4,recover,pouncer,-14.40,10.73,2.04
548,1,windup,swarm,-16.70,12.94,1.17
548,2,recover,swarm,-15.69,12.34,0.46
548,3,windup,bruiser,-15.97,11.40,0.60
548,4,recover,pouncer,-14.40,10.73,2.04
549,1,windup,swarm,-16.70,12.94,1.17
549,2,recover,swarm,-15.69,12.34,0.46
549,3,windup,bruiser,-15.97,11.40,0.60
549,4,recover,pouncer,-14.40,10.73,2.04
550,1,strike,swarm,-16.70,12.94,1.17
550,2,recover,swarm,-15.69,12.34,0.46
550,3,strike,bruiser,-15.97,11.40,0.60
550,4,recover,pouncer,-14.40,10.73,2.04
551,1,strike,swarm,-16.44,12.48,0.65
551,2,recover,swarm,-15.69,12.34,0.46
551,3,strike,bruiser,-16.20,11.78,0.30
551,4,recover,pouncer,-14.40,10.73,2.04
552,1,strike,swarm,-16.64,12.59,0.87
552,2,recover,swarm,-15.69,12.34,0.46
552,3,strike,bruiser,-16.29,11.60,0.49
552,4,recover,pouncer,-14.40,10.73,2.04
553,1,strike,swarm,-16.95,12.30,0.99
553,2,recover,swarm,-15.69,12.34,0.46
553,3,strike,bruiser,-16.63,11.58,0.76
553,4,recover,pouncer,-14.40,10.73,2.04
554,1,recover,swarm,-16.83,12.47,0.95
554,2,recover,swarm,-15.69,12.34,0.46
554,3,strike,bruiser,-16.47,11.54,0.66
554,4,recover,pouncer,-14.40,10.73,2.04
555,1,recover,swarm,-16.83,12.47,0.95
555,2,recover,swarm,-15.69,12.34,0.46
555,3,strike,bruiser,-16.53,11.67,0.63
555,4,recover,pouncer,-14.40,10.73,2.04
556,1,recover,swarm,-16.83,12.47,0.95
556,2,recover,swarm,-15.69,12.34,0.46
556,3,recover,bruiser,-16.59,11.60,0.71
556,4,recover,pouncer,-14.40,10.73,2.04
557,1,recover,swarm,-16.83,12.47,0.95
557,2,recover,swarm,-15.69,12.34,0.46
557,3,recover,bruiser,-16.59,11.60,0.71
557,4,recover,pouncer,-14.40,10.73,2.04
558,1,recover,swarm,-16.83,12.47,0.95
558,2,recover,swarm,-15.69,12.34,0.46
558,3,recover,bruiser,-16.59,11.60,0.71
558,4,recover,pouncer,-14.40,10.73,2.04
559,1,recover,swarm,-16.83,12.47,0.95
559,2,chase,swarm,-15.69,12.34,0.46
559,3,recover,bruiser,-16.59,11.60,0.71
559,4,recover,pouncer,-14.40,10.73,2.04
560,1,recover,swarm,-16.83,12.47,0.95
560,2,windup,swarm,-15.69,12.34,0.46
560,3,recover,bruiser,-16.59,11.60,0.71
560,4,recover,pouncer,-14.40,10.73,2.04
561,1,recover,swarm,-16.83,12.47,0.95
561,2,windup,swarm,-15.69,12.34,0.46
561,3,recover,bruiser,-16.59,11.60,0.71
561,4,recover,pouncer,-14.40,10.73,2.04
562,1,recover,swarm,-16.83,12.47,0.95
562,2,windup,swarm,-15.69,12.34,0.46
562,3,recover,bruiser,-16.59,11.60,0.71
562,4,recover,pouncer,-14.40,10.73,2.04
563,1,recover,swarm,-16.83,12.47,0.95
563,2,windup,swarm,-15.69,12.34,0.46
563,3,recover,bruiser,-16.59,11.60,0.71
563,4,recover,pouncer,-14.40,10.73,2.04
564,1,recover,swarm,-16.83,12.47,0.95
564,2,windup,swarm,-15.69,12.34,0.46
564,3,recover,bruiser,-16.59,11.60,0.71
564,4,recover,pouncer,-14.40,10.73,2.04
565,1,recover,swarm,-16.83,12.47,0.95
565,2,windup,swarm,-15.69,12.34,0.46
565,3,recover,bruiser,-16.59,11.60,0.71
565,4,recover,pouncer,-14.40,10.73,2.04
566,1,recover,swarm,-16.83,12.47,0.95
566,2,strike,swarm,-15.69,12.34,0.46
566,3,recover,bruiser,-16.59,11.60,0.71
566,4,recover,pouncer,-14.40,10.73,2.04
567,1,recover,swarm,-16.83,12.47,0.95
567,2,strike,swarm,-15.81,11.90,0.21
567,3,recover,bruiser,-16.59,11.60,0.71
567,4,recover,pouncer,-14.40,10.73,2.04
568,1,recover,swarm,-16.83,12.47,0.95
568,2,strike,swarm,-15.69,11.75,0.39
568,3,recover,bruiser,-16.59,11.60,0.71
568,4,recover,pouncer,-14.40,10.73,2.04
569,1,recover,swarm,-16.83,12.47,0.95
569,2,strike,swarm,-15.62,11.27,0.82
569,3,recover,bruiser,-16.59,11.60,0.71
569,4,recover,pouncer,-14.40,10.73,2.04
570,1,chase,swarm,-16.83,12.47,0.95
570,2,strike,swarm,-15.67,10.96,1.09
570,3,recover,bruiser,-16.59,11.60,0.71
570,4,recover,pouncer,-14.40,10.73,2.04
571,1,windup,swarm,-16.83,12.47,0.95
571,2,recover,swarm,-15.94,10.31,1.69
571,3,recover,bruiser,-16.59,11.60,0.71
571,4,recover,pouncer,-14.40,10.73,2.04
572,1,windup,swarm,-16.83,12.47,0.95
572,2,recover,swarm,-15.94,10.31,1.69
572,3,recover,bruiser,-16.59,11.60,0.71
572,4,stalk,pouncer,-14.40,10.73,2.04
573,1,windup,swarm,-16.83,12.47,0.95
573,2,recover,swarm,-15.94,10.31,1.69
573,3,recover,bruiser,-16.59,11.60,0.71
573,4,crouch,pouncer,-14.31,10.76,2.10
574,1,windup,swarm,-16.83,12.47,0.95
574,2,recover,swarm,-15.94,10.31,1.69
574,3,recover,bruiser,-16.59,11.60,0.71
574,4,crouch,pouncer,-14.31,10.76,2.10
575,1,strike,swarm,-16.83,12.47,0.95
575,2,recover,swarm,-15.94,10.31,1.69
575,3,recover,bruiser,-16.59,11.60,0.71
575,4,crouch,pouncer,-14.31,10.76,2.10
576,1,strike,swarm,-16.59,12.56,0.82
576,2,recover,swarm,-15.94,10.31,1.69
576,3,advance,bruiser,-16.59,11.60,0.71
576,4,crouch,pouncer,-14.31,10.76,2.10
577,1,strike,swarm,-15.12,12.85,1.23
577,2,recover,swarm,-15.94,10.31,1.69
577,3,windup,bruiser,-16.59,11.60,0.71
577,4,crouch,pouncer,-14.31,10.76,2.10
578,1,recover,swarm,-14.80,12.67,1.37
578,2,chase,swarm,-15.94,10.31,1.69
578,3,windup,bruiser,-16.59,11.60,0.71
578,4,pounce,pouncer,-14.31,10.76,2.10
579,1,recover,swarm,-14.80,12.67,1.37
579,2,chase,swarm,-15.79,10.46,1.56
579,3,windup,bruiser,-16.59,11.60,0.71
579,4,pounce,pouncer,-14.66,11.02,1.66
580,1,recover,swarm,-14.80,12.67,1.37
580,2,chase,swarm,-15.68,10.59,1.45
580,3,windup,bruiser,-16.59,11.60,0.71
580,4,pounce,pouncer,-14.92,11.24,1.32
581,1,recover,swarm,-14.80,12.67,1.37
581,2,windup,swarm,-15.68,10.59,1.45
581,3,windup,bruiser,-16.59,11.60,0.71
581,4,pounce,pouncer,-15.01,11.49,1.11
582,1,recover,swarm,-14.80,12.67,1.37
582,2,windup,swarm,-15.68,10.59,1.45
582,3,windup,bruiser,-16.59,11.60,0.71
582,4,pounce,pouncer,-15.37,11.87,0.65
583,1,recover,swarm,-14.80,12.67,1.37
583,2,windup,swarm,-15.68,10.59,1.45
583,3,windup,bruiser,-16.59,11.60,0.71
583,4,pounce,pouncer,-15.95,11.92,0.10
584,1,recover,swarm,-14.80,12.67,1.37
584,2,windup,swarm,-15.68,10.59,1.45
584,3,windup,bruiser,-16.59,11.60,0.71
584,4,pounce,pouncer,-15.87,12.30,0.33
585,1,recover,swarm,-14.80,12.67,1.37
585,2,windup,swarm,-15.68,10.59,1.45
585,3,windup,bruiser,-16.59,11.60,0.71
585,4,pounce,pouncer,-16.17,12.68,0.70
586,1,recover,swarm,-14.80,12.67,1.37
586,2,windup,swarm,-15.68,10.59,1.45
586,3,windup,bruiser,-16.59,11.60,0.71
586,4,recover,pouncer,-16.38,12.93,1.01
587,1,recover,swarm,-14.80,12.67,1.37
587,2,strike,swarm,-15.68,10.59,1.45
587,3,strike,bruiser,-16.59,11.60,0.71
587,4,recover,pouncer,-16.38,12.93,1.01
588,1,recover,swarm,-14.80,12.67,1.37
588,2,strike,swarm,-15.83,11.24,0.78
588,3,strike,bruiser,-16.13,11.91,0.16
588,4,recover,pouncer,-16.38,12.93,1.01
589,1,recover,swarm,-14.80,12.67,1.37
589,2,strike,swarm,-15.63,11.19,0.89
589,3,strike,bruiser,-16.06,12.07,0.09
589,4,recover,pouncer,-16.38,12.93,1.01
590,1,recover,swarm,-14.80,12.67,1.37
590,2,strike,swarm,-15.61,11.33,0.78
590,3,strike,bruiser,-15.96,12.13,0.13
590,4,recover,pouncer,-16.38,12.93,1.01
591,1,recover,swarm,-14.80,12.67,1.37
591,2,recover,swarm,-15.20,11.92,0.80
591,3,strike,bruiser,-15.50,12.50,0.71
591,4,recover,pouncer,-16.38,12.93,1.01
592,1,chase,swarm,-14.80,12.67,1.37
592,2,recover,swarm,-15.20,11.92,0.80
592,3,recover,bruiser,-15.57,12.77,0.88
592,4,recover,pouncer,-16.38,12.93,1.01
593,1,windup,swarm,-14.80,12.67,1.37
593,2,recover,swarm,-15.20,11.92,0.80
593,3,recover,bruiser,-15.57,12.77,0.88
593,4,recover,pouncer,-16.38,12.93,1.01
594,1,windup,swarm,-14.80,12.67,1.37
594,2,recover,swarm,-15.20,11.92,0.80
594,3,recover,bruiser,-15.57,12.77,0.88
594,4,recover,pouncer,-16.38,12.93,1.01
595,1,windup,swarm,-14.80,12.67,1.37
595,2,recover,swarm,-15.20,11.92,0.80
595,3,recover,bruiser,-15.57,12.77,0.88
595,4,recover,pouncer,-16.38,12.93,1.01
596,1,windup,swarm,-14.80,12.67,1.37
596,2,recover,swarm,-15.20,11.92,0.80
596,3,recover,bruiser,-15.57,12.77,0.88
596,4,recover,pouncer,-16.38,12.93,1.01
597,1,windup,swarm,-14.80,12.67,1.37
597,2,recover,swarm,-15.20,11.92,0.80
597,3,recover,bruiser,-15.57,12.77,0.88
597,4,recover,pouncer,-16.38,12.93,1.01
598,1,strike,swarm,-14.80,12.67,1.37
598,2,recover,swarm,-15.20,11.92,0.80
598,3,recover,bruiser,-15.57,12.77,0.88
598,4,recover,pouncer,-16.38,12.93,1.01
599,1,strike,swarm,-14.40,12.79,1.78
599,2,recover,swarm,-15.20,11.92,0.80
599,3,recover,bruiser,-15.57,12.77,0.88
599,4,recover,pouncer,-16.38,12.93,1.01
600,1,strike,swarm,-14.63,12.64,1.51
600,2,recover,swarm,-15.20,11.92,0.80
600,3,recover,bruiser,-15.57,12.77,0.88
600,4,recover,pouncer,-16.38,12.93,1.01
601,1,strike,swarm,-14.15,12.66,1.97
601,2,recover,swarm,-15.20,11.92,0.80
601,3,recover,bruiser,-15.57,12.77,0.88
601,4,recover,pouncer,-16.38,12.93,1.01
602,1,recover,swarm,-14.51,12.46,1.56
602,2,chase,swarm,-15.20,11.92,0.80
602,3,recover,bruiser,-15.57,12.77,0.88
602,4,recover,pouncer,-16.38,12.93,1.01
603,1,recover,swarm,-14.51,12.46,1.56
603,2,windup,swarm,-15.20,11.92,0.80
603,3,recover,bruiser,-15.57,12.77,0.88
603,4,recover,pouncer,-16.38,12.93,1.01
604,1,recover,swarm,-14.51,12.46,1.56
604,2,windup,swarm,-15.20,11.92,0.80
604,3,recover,bruiser,-15.57,12.77,0.88
604,4,recover,pouncer,-16.38,12.93,1.01
605,1,recover,swarm,-14.51,12.46,1.56
605,2,windup,swarm,-15.20,11.92,0.80
605,3,recover,bruiser,-15.57,12.77,0.88
605,4,recover,pouncer,-16.38,12.93,1.01
606,1,recover,swarm,-14.51,12.46,1.56
606,2,windup,swarm,-15.20,11.92,0.80
606,3,recover,bruiser,-15.57,12.77,0.88
606,4,stalk,pouncer,-16.38,12.93,1.01
607,1,recover,swarm,-14.51,12.46,1.56
607,2,windup,swarm,-15.20,11.92,0.80
607,3,recover,bruiser,-15.57,12.77,0.88
607,4,crouch,pouncer,-16.46,12.95,1.06
608,1,recover,swarm,-14.51,12.46,1.56
608,2,strike,swarm,-15.20,11.92,0.80
608,3,recover,bruiser,-15.57,12.77,0.88
608,4,crouch,pouncer,-16.46,12.95,1.06
609,1,recover,swarm,-14.51,12.46,1.56
609,2,strike,swarm,-15.50,11.68,0.60
609,3,recover,bruiser,-15.57,12.77,0.88
609,4,crouch,pouncer,-16.46,12.95,1.06
610,1,recover,swarm,-14.51,12.46,1.56
610,2,strike,swarm,-15.74,11.59,0.48
610,3,recover,bruiser,-15.57,12.77,0.88
610,4,crouch,pouncer,-16.46,12.95,1.06
611,1,recover,swarm,-14.51,12.46,1.56
611,2,strike,swarm,-16.00,11.56,0.44
611,3,recover,bruiser,-15.57,12.77,0.88
611,4,crouch,pouncer,-16.46,12.95,1.06
612,1,recover,swarm,-14.51,12.46,1.56
612,2,strike,swarm,-16.27,11.58,0.50
612,3,advance,bruiser,-15.57,12.77,0.88
612,4,crouch,pouncer,-16.46,12.95,1.06
613,1,recover,swarm,-14.51,12.46,1.56
613,2,recover,swarm,-16.64,11.62,0.75
613,3,windup,bruiser,-15.57,12.77,0.88
613,4,crouch,pouncer,-16.46,12.95,1.06
614,1,recover,swarm,-14.51,12.46,1.56
614,2,recover,swarm,-16.64,11.62,0.75
614,3,windup,bruiser,-15.57,12.77,0.88
614,4,crouch,pouncer,-16.46,12.95,1.06
615,1,recover,swarm,-14.51,12.46,1.56
615,2,recover,swarm,-16.64,11.62,0.75
615,3,windup,bruiser,-15.57,12.77,0.88
615,4,crouch,pouncer,-16.46,12.95,1.06
616,1,chase,swarm,-14.51,12.46,1.56
616,2,recover,swarm,-16.64,11.62,0.75
616,3,windup,bruiser,-15.57,12.77,0.88
616,4,crouch,pouncer,-16.46,12.95,1.06
617,1,chase,swarm,-14.54,12.25,1.48
617,2,recover,swarm,-16.64,11.62,0.75
617,3,windup,bruiser,-15.57,12.77,0.88
617,4,crouch,pouncer,-16.46,12.95,1.06
618,1,windup,swarm,-14.54,12.25,1.48
618,2,recover,swarm,-16.64,11.62,0.75
618,3,windup,bruiser,-15.57,12.77,0.88
618,4,pounce,pouncer,-16.46,12.95,1.06
619,1,windup,swarm,-14.54,12.25,1.48
619,2,recover,swarm,-16.64,11.62,0.75
619,3,windup,bruiser,-15.57,12.77,0.88
619,4,pounce,pouncer,-16.60,12.64,0.88
620,1,windup,swarm,-14.54,12.25,1.48
620,2,recover,swarm,-16.64,11.62,0.75
620,3,windup,bruiser,-15.57,12.77,0.88
620,4,pounce,pouncer,-16.63,12.43,0.76
621,1,windup,swarm,-14.54,12.25,1.48
621,2,recover,swarm,-16.64,11.62,0.75
621,3,windup,bruiser,-15.57,12.77,0.88
621,4,pounce,pouncer,-16.37,12.32,0.49
622,1,windup,swarm,-14.54,12.25,1.48
622,2,recover,swarm,-16.64,11.62,0.75
622,3,windup,bruiser,-15.57,12.77,0.88
622,4,pounce,pouncer,-16.12,11.91,0.16
623,1,windup,swarm,-14.54,12.25,1.48
623,2,recover,swarm,-16.64,11.62,0.75
623,3,windup,bruiser,-15.57,12.77,0.88
623,4,pounce,pouncer,-15.87,11.78,0.26
624,1,windup,swarm,-14.54,12.25,1.48
624,2,recover,swarm,-16.64,11.62,0.75
624,3,windup,bruiser,-15.57,12.77,0.88
624,4,pounce,pouncer,-15.70,11.62,0.48
625,1,windup,swarm,-14.54,12.25,1.48
625,2,recover,swarm,-16.64,11.62,0.75
625,3,windup,bruiser,-15.57,12.77,0.88
625,4,pounce,pouncer,-15.47,11.37,0.82
626,1,strike,swarm,-14.54,12.25,1.48
626,2,recover,swarm,-16.64,11.62,0.75
626,3,windup,bruiser,-15.57,12.77,0.88
626,4,pounce,pouncer,-15.31,11.11,1.13
627,1,strike,swarm,-14.91,12.10,1.09
627,2,recover,swarm,-16.64,11.62,0.75
627,3,windup,bruiser,-15.57,12.77,0.88
627,4,pounce,pouncer,-15.04,10.57,1.72
628,1,strike,swarm,-15.04,11.92,0.97
628,2,recover,swarm,-16.64,11.62,0.75
628,3,windup,bruiser,-15.57,12.77,0.88
628,4,recover,pouncer,-14.90,10.28,2.04
629,1,strike,swarm,-15.27,11.69,0.80
629,2,recover,swarm,-16.64,11.62,0.75
629,3,windup,bruiser,-15.57,12.77,0.88
629,4,recover,pouncer,-14.90,10.28,2.04
630,1,strike,swarm,-15.54,11.53,0.66
630,2,recover,swarm,-16.64,11.62,0.75
630,3,strike,bruiser,-15.57,12.77,0.88
630,4,recover,pouncer,-14.90,10.28,2.04
631,1,recover,swarm,-15.70,11.45,0.63
631,2,chase,swarm,-16.64,11.62,0.75
631,3,strike,bruiser,-15.65,12.65,0.74
631,4,recover,pouncer,-14.90,10.28,2.04
632,1,recover,swarm,-15.70,11.45,0.63
632,2,windup,swarm,-16.64,11.62,0.75
632,3,strike,bruiser,-15.77,12.48,0.54
632,4,recover,pouncer,-14.90,10.28,2.04
633,1,recover,swarm,-15.70,11.45,0.63
633,2,windup,swarm,-16.64,11.62,0.75
633,3,strike,bruiser,-15.94,12.38,0.38
633,4,recover,pouncer,-14.90,10.28,2.04
634,1,recover,swarm,-15.70,11.45,0.63
634,2,windup,swarm,-16.64,11.62,0.75
634,3,strike,bruiser,-16.14,12.49,0.51
634,4,recover,pouncer,-14.90,10.28,2.04
635,1,recover,swarm,-15.70,11.45,0.63
635,2,windup,swarm,-16.64,11.62,0.75
635,3,strike,bruiser,-16.25,12.47,0.53
635,4,recover,pouncer,-14.90,10.28,2.04
636,1,recover,swarm,-15.70,11.45,0.63
636,2,windup,swarm,-16.64,11.62,0.75
636,3,strike,bruiser,-16.50,12.49,0.70
636,4,recover,pouncer,-14.90,10.28,2.04
637,1,recover,swarm,-15.70,11.45,0.63
637,2,windup,swarm,-16.64,11.62,0.75
637,3,recover,bruiser,-16.59,12.47,0.75
637,4,recover,pouncer,-14.90,10.28,2.04
638,1,recover,swarm,-15.70,11.45,0.63
638,2,windup,swarm,-16.64,11.62,0.75
638,3,recover,bruiser,-16.59,12.47,0.75
638,4,recover,pouncer,-14.90,10.28,2.04
639,1,recover,swarm,-15.70,11.45,0.63
639,2,strike,swarm,-16.64,11.62,0.75
639,3,recover,bruiser,-16.59,12.47,0.75
639,4,recover,pouncer,-14.90,10.28,2.04
640,1,recover,swarm,-15.70,11.45,0.63
640,2,strike,swarm,-16.54,11.43,0.79
640,3,recover,bruiser,-16.59,12.47,0.75
640,4,recover,pouncer,-14.90,10.28,2.04
641,1,recover,swarm,-15.70,11.45,0.63
641,2,strike,swarm,-17.96,10.94,2.23
641,3,recover,bruiser,-16.59,12.47,0.75
641,4,recover,pouncer,-14.90,10.28,2.04
642,1,recover,swarm,-15.70,11.45,0.63
642,2,recover,swarm,-17.66,11.12,1.88
642,3,recover,bruiser,-16.59,12.47,0.75
642,4,recover,pouncer,-14.90,10.28,2.04
643,1,recover,swarm,-15.70,11.45,0.63
643,2,recover,swarm,-17.66,11.12,1.88
643,3,recover,bruiser,-16.59,12.47,0.75
643,4,recover,pouncer,-14.90,10.28,2.04
644,1,chase,swarm,-15.70,11.45,0.63
644,2,recover,swarm,-17.66,11.12,1.88
644,3,recover,bruiser,-16.59,12.47,0.75
644,4,recover,pouncer,-14.90,10.28,2.04
645,1,windup,swarm,-15.70,11.45,0.63
645,2,recover,swarm,-17.66,11.12,1.88
645,3,recover,bruiser,-16.59,12.47,0.75
645,4,recover,pouncer,-14.90,10.28,2.04
646,1,windup,swarm,-15.70,11.45,0.63
646,2,recover,swarm,-17.66,11.12,1.88
646,3,recover,bruiser,-16.59,12.47,0.75
646,4,recover,pouncer,-14.90,10.28,2.04
647,1,windup,swarm,-15.70,11.45,0.63
647,2,recover,swarm,-17.66,11.12,1.88
647,3,recover,bruiser,-16.59,12.47,0.75
647,4,recover,pouncer,-14.90,10.28,2.04
648,1,strike,swarm,-15.70,11.45,0.63
648,2,recover,swarm,-17.66,11.12,1.88
648,3,recover,bruiser,-16.59,12.47,0.75
648,4,recover,pouncer,-14.90,10.28,2.04
649,1,strike,swarm,-15.80,11.64,0.41
649,2,recover,swarm,-17.66,11.12,1.88
649,3,recover,bruiser,-16.59,12.47,0.75
649,4,stalk,pouncer,-14.90,10.28,2.04
650,1,strike,swarm,-15.92,11.92,0.12
650,2,recover,swarm,-17.66,11.12,1.88
650,3,recover,bruiser,-16.59,12.47,0.75
650,4,crouch,pouncer,-14.95,10.16,2.12
651,1,strike,swarm,-15.67,12.36,0.49
651,2,recover,swarm,-17.66,11.12,1.88
651,3,recover,bruiser,-16.59,12.47,0.75
651,4,crouch,pouncer,-14.95,10.16,2.12
652,1,strike,swarm,-15.56,12.67,0.80
652,2,recover,swarm,-17.66,11.12,1.88
652,3,recover,bruiser,-16.59,12.47,0.75
652,4,crouch,pouncer,-14.95,10.16,2.12
653,1,recover,swarm,-15.52,14.17,2.22
653,2,recover,swarm,-17.66,11.12,1.88
653,3,recover,bruiser,-16.59,12.47,0.75
653,4,crouch,pouncer,-14.95,10.16,2.12
654,1,recover,swarm,-15.52,14.17,2.22
654,2,chase,swarm,-17.66,11.12,1.88
654,3,advance,bruiser,-16.59,12.47,0.75
654,4,crouch,pouncer,-14.95,10.16,2.12
655,1,recover,swarm,-15.52,14.17,2.22
655,2,chase,swarm,-17.46,11.05,1.74
655,3,windup,bruiser,-16.59,12.47,0.75
655,4,pounce,pouncer,-14.95,10.16,2.12
656,1,recover,swarm,-15.52,14.17,2.22
656,2,chase,swarm,-17.16,11.01,1.52
656,3,windup,bruiser,-16.59,12.47,0.75
656,4,pounce,pouncer,-15.26,10.69,1.50
657,1,recover,swarm,-15.52,14.17,2.22
657,2,chase,swarm,-16.98,11.02,1.39
657,3,windup,bruiser,-16.59,12.47,0.75
657,4,pounce,pouncer,-15.44,11.01,1.14
658,1,recover,swarm,-15.52,14.17,2.22
658,2,windup,swarm,-16.98,11.02,1.39
658,3,windup,bruiser,-16.59,12.47,0.75
658,4,pounce,pouncer,-15.58,11.26,0.85
659,1,recover,swarm,-15.52,14.17,2.22
659,2,windup,swarm,-16.98,11.02,1.39
659,3,windup,bruiser,-16.59,12.47,0.75
659,4,pounce,pouncer,-16.69,13.22,1.40
660,1,chase,swarm,-15.52,14.17,2.22
660,2,strike,swarm,-16.98,11.02,1.39
660,3,windup,bruiser,-16.59,12.47,0.75
660,4,recover,pouncer,-16.84,13.66,1.86
661,1,chase,swarm,-15.91,13.95,1.96
661,2,strike,swarm,-16.55,11.45,0.78
661,3,windup,bruiser,-16.59,12.47,0.75
661,4,recover,pouncer,-16.84,13.66,1.86
662,1,chase,swarm,-15.95,13.84,1.84
662,2,strike,swarm,-16.39,11.48,0.65
662,3,windup,bruiser,-16.59,12.47,0.75
662,4,recover,pouncer,-16.84,13.66,1.86
663,1,chase,swarm,-15.80,12.75,0.78
663,2,strike,swarm,-14.91,11.73,1.12
663,3,windup,bruiser,-16.59,12.47,0.75
663,4,recover,pouncer,-16.84,13.66,1.86
664,1,windup,swarm,-15.80,12.75,0.78
664,2,recover,swarm,-14.72,11.93,1.28
664,3,strike,bruiser,-16.59,12.47,0.75
664,4,recover,pouncer,-16.84,13.66,1.86
665,1,windup,swarm,-15.80,12.75,0.78
665,2,recover,swarm,-14.72,11.93,1.28
665,3,strike,bruiser,-16.59,12.38,0.70
665,4,recover,pouncer,-16.84,13.66,1.86
666,1,windup,swarm,-15.80,12.75,0.78
666,2,recover,swarm,-14.72,11.93,1.28
666,3,strike,bruiser,-16.59,12.19,0.62
666,4,recover,pouncer,-16.84,13.66,1.86
667,1,windup,swarm,-15.80,12.75,0.78
667,2,recover,swarm,-14.72,11.93,1.28
667,3,strike,bruiser,-16.56,12.06,0.56
667,4,recover,pouncer,-16.84,13.66,1.86
668,1,windup,swarm,-15.80,12.75,0.78
668,2,recover,swarm,-14.72,11.93,1.28
668,3,strike,bruiser,-16.51,11.94,0.52
668,4,recover,pouncer,-16.84,13.66,1.86
669,1,windup,swarm,-15.80,12.75,0.78
669,2,recover,swarm,-14.72,11.93,1.28
669,3,strike,bruiser,-16.42,11.75,0.48
669,4,recover,pouncer,-16.84,13.66,1.86
670,1,windup,swarm,-15.80,12.75,0.78
670,2,recover,swarm,-14.72,11.93,1.28
670,3,strike,bruiser,-16.30,11.60,0.50
670,4,recover,pouncer,-16.84,13.66,1.86
671,1,windup,swarm,-15.80,12.75,0.78
671,2,recover,swarm,-14.72,11.93,1.28
671,3,strike,bruiser,-16.12,11.43,0.58
671,4,recover,pouncer,-16.84,13.66,1.86
672,1,strike,swarm,-15.80,12.75,0.78
672,2,recover,swarm,-14.72,11.93,1.28
672,3,recover,bruiser,-16.02,11.35,0.65
672,4,recover,pouncer,-16.84,13.66,1.86
673,1,strike,swarm,-15.85,12.54,0.56
673,2,recover,swarm,-14.72,11.93,1.28
673,3,recover,bruiser,-16.02,11.35,0.65
673,4,recover,pouncer,-16.84,13.66,1.86
674,1,strike,swarm,-15.94,12.29,0.29
674,2,recover,swarm,-14.72,11.93,1.28
674,3,recover,bruiser,-16.02,11.35,0.65
674,4,recover,pouncer,-16.84,13.66,1.86
675,1,strike,swarm,-16.32,11.93,0.33
675,2,recover,swarm,-14.72,11.93,1.28
675,3,recover,bruiser,-16.02,11.35,0.65
675,4,recover,pouncer,-16.84,13.66,1.86
676,1,strike,swarm,-16.60,11.98,0.60
676,2,recover,swarm,-14.72,11.93,1.28
676,3,recover,bruiser,-16.02,11.35,0.65
676,4,recover,pouncer,-16.84,13.66,1.86
677,1,recover,swarm,-16.91,11.87,0.91
677,2,recover,swarm,-14.72,11.93,1.28
677,3,recover,bruiser,-16.02,11.35,0.65
677,4,recover,pouncer,-16.84,13.66,1.86
678,1,recover,swarm,-16.91,11.87,0.91
678,2,recover,swarm,-14.72,11.93,1.28
678,3,recover,bruiser,-16.02,11.35,0.65
678,4,recover,pouncer,-16.84,13.66,1.86
679,1,recover,swarm,-16.91,11.87,0.91
679,2,recover,swarm,-14.72,11.93,1.28
679,3,recover,bruiser,-16.02,11.35,0.65
679,4,recover,pouncer,-16.84,13.66,1.86
680,1,recover,swarm,-16.91,11.87,0.91
680,2,chase,swarm,-14.72,11.93,1.28
680,3,recover,bruiser,-16.02,11.35,0.65
680,4,recover,pouncer,-16.84,13.66,1.86
681,1,recover,swarm,-16.91,11.87,0.91
681,2,windup,swarm,-14.72,11.93,1.28
681,3,recover,bruiser,-16.02,11.35,0.65
681,4,recover,pouncer,-16.84,13.66,1.86
682,1,recover,swarm,-16.91,11.87,0.91
682,2,windup,swarm,-14.72,11.93,1.28
682,3,recover,bruiser,-16.02,11.35,0.65
682,4,stalk,pouncer,-16.84,13.66,1.86
683,1,recover,swarm,-16.91,11.87,0.91
683,2,windup,swarm,-14.72,11.93,1.28
683,3,recover,bruiser,-16.02,11.35,0.65
683,4,crouch,pouncer,-16.75,13.82,1.97
684,1,recover,swarm,-16.91,11.87,0.91
684,2,windup,swarm,-14.72,11.93,1.28
684,3,recover,bruiser,-16.02,11.35,0.65
684,4,crouch,pouncer,-16.75,13.82,1.97
685,1,recover,swarm,-16.91,11.87,0.91
685,2,windup,swarm,-14.72,11.93,1.28
685,3,recover,bruiser,-16.02,11.35,0.65
685,4,crouch,pouncer,-16.75,13.82,1.97
686,1,recover,swarm,-16.91,11.87,0.91
686,2,windup,swarm,-14.72,11.93,1.28
686,3,recover,bruiser,-16.02,11.35,0.65
686,4,crouch,pouncer,-16.75,13.82,1.97
687,1,recover,swarm,-16.91,11.87,0.91
687,2,strike,swarm,-14.72,11.93,1.28
687,3,recover,bruiser,-16.02,11.35,0.65
687,4,crouch,pouncer,-16.75,13.82,1.97
688,1,recover,swarm,-16.91,11.87,0.91
688,2,strike,swarm,-15.07,11.95,0.93
688,3,recover,bruiser,-16.02,11.35,0.65
688,4,crouch,pouncer,-16.75,13.82,1.97
689,1,recover,swarm,-16.91,11.87,0.91
689,2,strike,swarm,-15.41,12.07,0.60
689,3,recover,bruiser,-16.02,11.35,0.65
689,4,crouch,pouncer,-16.75,13.82,1.97
690,1,recover,swarm,-16.91,11.87,0.91
690,2,strike,swarm,-15.57,12.25,0.50
690,3,recover,bruiser,-16.02,11.35,0.65
690,4,crouch,pouncer,-16.75,13.82,1.97
691,1,recover,swarm,-16.91,11.87,0.91
691,2,strike,swarm,-15.82,12.44,0.48
691,3,recover,bruiser,-16.02,11.35,0.65
691,4,crouch,pouncer,-16.75,13.82,1.97
692,1,chase,swarm,-16.91,11.87,0.91
692,2,recover,swarm,-15.99,12.55,0.55
692,3,recover,bruiser,-16.02,11.35,0.65
692,4,crouch,pouncer,-16.75,13.82,1.97
693,1,windup,swarm,-16.91,11.87,0.91
693,2,recover,swarm,-15.99,12.55,0.55
693,3,recover,bruiser,-16.02,11.35,0.65
693,4,pounce,pouncer,-16.75,13.82,1.97
694,1,windup,swarm,-16.91,11.87,0.91
694,2,recover,swarm,-15.99,12.55,0.55
694,3,recover,bruiser,-16.02,11.35,0.65
694,4,pounce,pouncer,-16.63,13.51,1.64
695,1,windup,swarm,-16.91,11.87,0.91
695,2,recover,swarm,-15.99,12.55,0.55
695,3,recover,bruiser,-16.02,11.35,0.65
695,4,pounce,pouncer,-16.58,13.38,1.50
696,1,windup,swarm,-16.91,11.87,0.91
696,2,recover,swarm,-15.99,12.55,0.55
696,3,advance,bruiser,-16.02,11.35,0.65
696,4,pounce,pouncer,-16.55,13.14,1.27
697,1,windup,swarm,-16.91,11.87,0.91
697,2,recover,swarm,-15.99,12.55,0.55
697,3,windup,bruiser,-16.02,11.35,0.65
697,4,pounce,pouncer,-16.84,12.92,1.24
698,1,windup,swarm,-16.91,11.87,0.91
698,2,recover,swarm,-15.99,12.55,0.55
698,3,windup,bruiser,-16.02,11.35,0.65
698,4,pounce,pouncer,-17.01,12.84,1.32
699,1,windup,swarm,-16.91,11.87,0.91
699,2,recover,swarm,-15.99,12.55,0.55
699,3,windup,bruiser,-16.02,11.35,0.65
699,4,pounce,pouncer,-17.26,12.58,1.39
700,1,windup,swarm,-16.91,11.87,0.91
700,2,recover,swarm,-15.99,12.55,0.55
700,3,windup,bruiser,-16.02,11.35,0.65
700,4,pounce,pouncer,-17.54,12.52,1.63
701,1,windup,swarm,-16.91,11.87,0.91
701,2,recover,swarm,-15.99,12.55,0.55
701,3,windup,bruiser,-16.02,11.35,0.65
701,4,pounce,pouncer,-17.61,12.37,1.65
702,1,strike,swarm,-16.91,11.87,0.91
702,2,recover,swarm,-15.99,12.55,0.55
702,3,windup,bruiser,-16.02,11.35,0.65
702,4,pounce,pouncer,-17.78,12.15,1.79
703,1,strike,swarm,-16.67,11.87,0.68
703,2,recover,swarm,-15.99,12.55,0.55
703,3,windup,bruiser,-16.02,11.35,0.65
703,4,pounce,pouncer,-17.94,11.83,1.94
704,1,strike,swarm,-16.86,12.17,0.87
704,2,recover,swarm,-15.99,12.55,0.55
704,3,windup,bruiser,-16.02,11.35,0.65
704,4,pounce,pouncer,-17.76,11.33,1.89
705,1,strike,swarm,-16.61,12.29,0.67
705,2,recover,swarm,-15.99,12.55,0.55
705,3,windup,bruiser,-16.02,11.35,0.65
705,4,recover,pouncer,-17.65,10.93,1.97
706,1,strike,swarm,-16.87,12.27,0.91
706,2,recover,swarm,-15.99,12.55,0.55
706,3,windup,bruiser,-16.02,11.35,0.65
706,4,recover,pouncer,-17.65,10.93,1.97
707,1,strike,swarm,-16.60,12.24,0.65
707,2,recover,swarm,-15.99,12.55,0.55
707,3,windup,bruiser,-16.02,11.35,0.65
707,4,recover,pouncer,-17.65,10.93,1.97
708,1,recover,swarm,-17.01,12.22,1.03
708,2,recover,swarm,-15.99,12.55,0.55
708,3,windup,bruiser,-16.02,11.35,0.65
708,4,recover,pouncer,-17.65,10.93,1.97
709,1,recover,swarm,-17.01,12.22,1.03
709,2,recover,swarm,-15.99,12.55,0.55
709,3,windup,bruiser,-16.02,11.35,0.65
709,4,recover,pouncer,-17.65,10.93,1.97
710,1,recover,swarm,-17.01,12.22,1.03
710,2,recover,swarm,-15.99,12.55,0.55
710,3,windup,bruiser,-16.02,11.35,0.65
710,4,recover,pouncer,-17.65,10.93,1.97
711,1,recover,swarm,-17.01,12.22,1.03
711,2,recover,swarm,-15.99,12.55,0.55
711,3,windup,bruiser,-16.02,11.35,0.65
711,4,recover,pouncer,-17.65,10.93,1.97
712,1,recover,swarm,-17.01,12.22,1.03
712,2,chase,swarm,-15.99,12.55,0.55
712,3,windup,bruiser,-16.02,11.35,0.65
712,4,recover,pouncer,-17.65,10.93,1.97
713,1,recover,swarm,-17.01,12.22,1.03
713,2,windup,swarm,-15.99,12.55,0.55
713,3,windup,bruiser,-16.02,11.35,0.65
713,4,recover,pouncer,-17.65,10.93,1.97
714,1,recover,swarm,-17.01,12.22,1.03
714,2,windup,swarm,-15.99,12.55,0.55
714,3,strike,bruiser,-16.02,11.35,0.65
714,4,recover,pouncer,-17.65,10.93,1.97
715,1,recover,swarm,-17.01,12.22,1.03
715,2,windup,swarm,-15.99,12.55,0.55
715,3,strike,bruiser,-16.01,11.71,0.29
715,4,recover,pouncer,-17.65,10.93,1.97
716,1,recover,swarm,-17.01,12.22,1.03
716,2,windup,swarm,-15.99,12.55,0.55
716,3,strike,bruiser,-15.78,11.65,0.41
716,4,recover,pouncer,-17.65,10.93,1.97
717,1,recover,swarm,-17.01,12.22,1.03
717,2,windup,swarm,-15.99,12.55,0.55
717,3,strike,bruiser,-15.64,11.83,0.40
717,4,recover,pouncer,-17.65,10.93,1.97
718,1,recover,swarm,-17.01,12.22,1.03
718,2,windup,swarm,-15.99,12.55,0.55
718,3,strike,bruiser,-15.33,11.90,0.68
718,4,recover,pouncer,-17.65,10.93,1.97
719,1,recover,swarm,-17.01,12.22,1.03
719,2,strike,swarm,-15.99,12.55,0.55
719,3,strike,bruiser,-15.14,12.06,0.86
719,4,recover,pouncer,-17.65,10.93,1.97
720,1,recover,swarm,-17.01,12.22,1.03
720,2,strike,swarm,-16.07,12.22,0.23
720,3,recover,bruiser,-14.96,12.27,1.08
720,4,recover,pouncer,-17.65,10.93,1.97
721,1,recover,swarm,-17.01,12.22,1.03
721,2,strike,swarm,-16.04,12.12,0.12
721,3,recover,bruiser,-14.96,12.27,1.08
721,4,recover,pouncer,-17.65,10.93,1.97
722,1,recover,swarm,-17.01,12.22,1.03
722,2,strike,swarm,-15.98,11.83,0.17
722,3,recover,bruiser,-14.96,12.27,1.08
722,4,recover,pouncer,-17.65,10.93,1.97
723,1,recover,swarm,-17.01,12.22,1.03
723,2,strike,swarm,-15.98,11.60,0.40
723,3,recover,bruiser,-14.96,12.27,1.08
723,4,recover,pouncer,-17.65,10.93,1.97
724,1,chase,swarm,-17.01,12.22,1.03
724,2,strike,swarm,-15.97,11.31,0.69
724,3,recover,bruiser,-14.96,12.27,1.08
724,4,recover,pouncer,-17.65,10.93,1.97
725,1,windup,swarm,-17.01,12.22,1.03
725,2,recover,swarm,-15.98,11.06,0.94
725,3,recover,bruiser,-14.96,12.27,1.08
725,4,recover,pouncer,-17.65,10.93,1.97
726,1,windup,swarm,-17.01,12.22,1.03
726,2,recover,swarm,-15.98,11.06,0.94
726,3,recover,bruiser,-14.96,12.27,1.08
726,4,recover,pouncer,-17.65,10.93,1.97
727,1,windup,swarm,-17.01,12.22,1.03
727,2,recover,swarm,-15.98,11.06,0.94
727,3,recover,bruiser,-14.96,12.27,1.08
727,4,recover,pouncer,-17.65,10.93,1.97
728,1,windup,swarm,-17.01,12.22,1.03
728,2,recover,swarm,-15.98,11.06,0.94
728,3,recover,bruiser,-14.96,12.27,1.08
728,4,recover,pouncer,-17.65,10.93,1.97
729,1,strike,swarm,-17.01,12.22,1.03
729,2,recover,swarm,-15.98,11.06,0.94
729,3,recover,bruiser,-14.96,12.27,1.08
729,4,recover,pouncer,-17.65,10.93,1.97
730,1,strike,swarm,-16.68,12.14,0.69
730,2,recover,swarm,-15.98,11.06,0.94
730,3,recover,bruiser,-14.96,12.27,1.08
730,4,stalk,pouncer,-17.65,10.93,1.97
731,1,strike,swarm,-16.49,12.11,0.50
731,2,recover,swarm,-15.98,11.06,0.94
731,3,recover,bruiser,-14.96,12.27,1.08
731,4,crouch,pouncer,-17.65,10.85,2.02
732,1,strike,swarm,-16.33,12.11,0.35
732,2,recover,swarm,-15.98,11.06,0.94
732,3,recover,bruiser,-14.96,12.27,1.08
732,4,crouch,pouncer,-17.65,10.85,2.02
733,1,strike,swarm,-15.91,12.19,0.20
733,2,recover,swarm,-15.98,11.06,0.94
733,3,recover,bruiser,-14.96,12.27,1.08
733,4,crouch,pouncer,-17.65,10.85,2.02
734,1,recover,swarm,-15.51,12.28,0.56
734,2,recover,swarm,-15.98,11.06,0.94
734,3,recover,bruiser,-14.96,12.27,1.08
734,4,crouch,pouncer,-17.65,10.85,2.02
735,1,recover,swarm,-15.51,12.28,0.56
735,2,recover,swarm,-15.98,11.06,0.94
735,3,recover,bruiser,-14.96,12.27,1.08
735,4,crouch,pouncer,-17.65,10.85,2.02
736,1,recover,swarm,-15.51,12.28,0.56
736,2,recover,swarm,-15.98,11.06,0.94
736,3,recover,bruiser,-14.96,12.27,1.08
736,4,crouch,pouncer,-17.65,10.85,2.02
737,1,recover,swarm,-15.51,12.28,0.56
737,2,recover,swarm,-15.98,11.06,0.94
737,3,recover,bruiser,-14.96,12.27,1.08
737,4,crouch,pouncer,-17.65,10.85,2.02
738,1,recover,swarm,-15.51,12.28,0.56
738,2,chase,swarm,-15.98,11.06,0.94
738,3,recover,bruiser,-14.96,12.27,1.08
738,4,crouch,pouncer,-17.65,10.85,2.02
739,1,recover,swarm,-15.51,12.28,0.56
739,2,windup,swarm,-15.98,11.06,0.94
739,3,recover,bruiser,-14.96,12.27,1.08
739,4,crouch,pouncer,-17.65,10.85,2.02
740,1,recover,swarm,-15.51,12.28,0.56
740,2,windup,swarm,-15.98,11.06,0.94
740,3,recover,bruiser,-14.96,12.27,1.08
740,4,pounce,pouncer,-17.65,10.85,2.02
741,1,recover,swarm,-15.51,12.28,0.56
741,2,windup,swarm,-15.98,11.06,0.94
741,3,recover,bruiser,-14.96,12.27,1.08
741,4,pounce,pouncer,-17.33,11.07,1.63
742,1,recover,swarm,-15.51,12.28,0.56
742,2,windup,swarm,-15.98,11.06,0.94
742,3,advance,bruiser,-14.96,12.27,1.08
742,4,pounce,pouncer,-17.01,11.29,1.24
743,1,recover,swarm,-15.51,12.28,0.56
743,2,windup,swarm,-15.98,11.06,0.94
743,3,windup,bruiser,-14.96,12.27,1.08
743,4,pounce,pouncer,-16.89,11.52,1.02
744,1,recover,swarm,-15.51,12.28,0.56
744,2,windup,swarm,-15.98,11.06,0.94
744,3,windup,bruiser,-14.96,12.27,1.08
744,4,pounce,pouncer,-16.83,11.68,0.89
745,1,recover,swarm,-15.51,12.28,0.56
745,2,windup,swarm,-15.98,11.06,0.94
745,3,windup,bruiser,-14.96,12.27,1.08
745,4,pounce,pouncer,-16.68,11.99,0.68
746,1,recover,swarm,-15.51,12.28,0.56
746,2,windup,swarm,-15.98,11.06,0.94
746,3,windup,bruiser,-14.96,12.27,1.08
746,4,pounce,pouncer,-16.52,12.24,0.58
747,1,recover,swarm,-15.51,12.28,0.56
747,2,strike,swarm,-15.98,11.06,0.94
747,3,windup,bruiser,-14.96,12.27,1.08
747,4,pounce,pouncer,-16.40,12.51,0.65
748,1,recover,swarm,-15.51,12.28,0.56
748,2,strike,swarm,-15.98,11.30,0.70
748,3,windup,bruiser,-14.96,12.27,1.08
748,4,pounce,pouncer,-16.36,12.87,0.94
749,1,recover,swarm,-15.51,12.28,0.56
749,2,strike,swarm,-16.46,12.72,0.85
749,3,windup,bruiser,-14.96,12.27,1.08
749,4,pounce,pouncer,-15.46,14.93,2.98
750,1,chase,swarm,-15.51,12.28,0.56
750,2,recover,swarm,-16.52,12.87,1.01
750,3,windup,bruiser,-14.96,12.27,1.08
750,4,recover,pouncer,-15.27,15.07,3.15
751,1,windup,swarm,-15.51,12.28,0.56
751,2,recover,swarm,-16.52,12.87,1.01
751,3,windup,bruiser,-14.96,12.27,1.08
751,4,recover,pouncer,-15.27,15.07,3.15
752,1,windup,swarm,-15.51,12.28,0.56
752,2,recover,swarm,-16.52,12.87,1.01
752,3,windup,bruiser,-14.96,12.27,1.08
752,4,recover,pouncer,-15.27,15.07,3.15
753,1,windup,swarm,-15.51,12.28,0.56
753,2,recover,swarm,-16.52,12.87,1.01
753,3,windup,bruiser,-14.96,12.27,1.08
753,4,recover,pouncer,-15.27,15.07,3.15
754,1,windup,swarm,-15.51,12.28,0.56
754,2,recover,swarm,-16.52,12.87,1.01
754,3,windup,bruiser,-14.96,12.27,1.08
754,4,recover,pouncer,-15.27,15.07,3.15
755,1,windup,swarm,-15.51,12.28,0.56
755,2,recover,swarm,-16.52,12.87,1.01
755,3,windup,bruiser,-14.96,12.27,1.08
755,4,recover,pouncer,-15.27,15.07,3.15
756,1,windup,swarm,-15.51,12.28,0.56
756,2,recover,swarm,-16.52,12.87,1.01
756,3,strike,bruiser,-14.96,12.27,1.08
756,4,recover,pouncer,-15.27,15.07,3.15
757,1,windup,swarm,-15.51,12.28,0.56
757,2,recover,swarm,-16.52,12.87,1.01
757,3,strike,bruiser,-14.71,12.14,1.30
757,4,recover,pouncer,-15.27,15.07,3.15
758,1,strike,swarm,-15.51,12.28,0.56
758,2,recover,swarm,-16.52,12.87,1.01
758,3,strike,bruiser,-14.72,11.82,1.29
758,4,recover,pouncer,-15.27,15.07,3.15
759,1,strike,swarm,-15.70,12.24,0.38
759,2,recover,swarm,-16.52,12.87,1.01
759,3,strike,bruiser,-14.79,11.67,1.25
759,4,recover,pouncer,-15.27,15.07,3.15
760,1,strike,swarm,-15.87,12.12,0.18
760,2,recover,swarm,-16.52,12.87,1.01
760,3,strike,bruiser,-14.92,11.57,1.16
760,4,recover,pouncer,-15.27,15.07,3.15
761,1,strike,swarm,-16.06,11.94,0.09
761,2,recover,swarm,-16.52,12.87,1.01
761,3,strike,bruiser,-15.10,11.43,1.06
761,4,recover,pouncer,-15.27,15.07,3.15
762,1,strike,swarm,-16.21,11.82,0.28
762,2,recover,swarm,-16.52,12.87,1.01
762,3,strike,bruiser,-15.23,11.33,1.02
762,4,recover,pouncer,-15.27,15.07,3.15
763,1,strike,swarm,-16.51,11.62,0.64
763,2,recover,swarm,-16.52,12.87,1.01
763,3,recover,bruiser,-15.47,11.16,0.99
763,4,recover,pouncer,-15.27,15.07,3.15
764,1,recover,swarm,-16.76,11.52,0.89
764,2,recover,swarm,-16.52,12.87,1.01
764,3,recover,bruiser,-15.47,11.16,0.99
764,4,recover,pouncer,-15.27,15.07,3.15
765,1,recover,swarm,-16.76,11.52,0.89
765,2,recover,swarm,-16.52,12.87,1.01
765,3,recover,bruiser,-15.47,11.16,0.99
765,4,recover,pouncer,-15.27,15.07,3.15
766,1,recover,swarm,-16.76,11.52,0.89
766,2,recover,swarm,-16.52,12.87,1.01
766,3,recover,bruiser,-15.47,11.16,0.99
766,4,recover,pouncer,-15.27,15.07,3.15
767,1,recover,swarm,-16.76,11.52,0.89
767,2,chase,swarm,-16.52,12.87,1.01
767,3,recover,bruiser,-15.47,11.16,0.99
767,4,recover,pouncer,-15.27,15.07,3.15
768,1,recover,swarm,-16.76,11.52,0.89
768,2,windup,swarm,-16.52,12.87,1.01
768,3,recover,bruiser,-15.47,11.16,0.99
768,4,recover,pouncer,-15.27,15.07,3.15
769,1,recover,swarm,-16.76,11.52,0.89
769,2,windup,swarm,-16.52,12.87,1.01
769,3,recover,bruiser,-15.47,11.16,0.99
769,4,recover,pouncer,-15.27,15.07,3.15
770,1,recover,swarm,-16.76,11.52,0.89
770,2,windup,swarm,-16.52,12.87,1.01
770,3,recover,bruiser,-15.47,11.16,0.99
770,4,recover,pouncer,-15.27,15.07,3.15
771,1,recover,swarm,-16.76,11.52,0.89
771,2,windup,swarm,-16.52,12.87,1.01
771,3,recover,bruiser,-15.47,11.16,0.99
771,4,recover,pouncer,-15.27,15.07,3.15
772,1,recover,swarm,-16.76,11.52,0.89
772,2,strike,swarm,-16.52,12.87,1.01
772,3,recover,bruiser,-15.47,11.16,0.99
772,4,recover,pouncer,-15.27,15.07,3.15
773,1,recover,swarm,-16.76,11.52,0.89
773,2,strike,swarm,-16.29,12.48,0.56
773,3,recover,bruiser,-15.47,11.16,0.99
773,4,recover,pouncer,-15.27,15.07,3.15
774,1,recover,swarm,-16.76,11.52,0.89
774,2,strike,swarm,-16.00,12.31,0.31
774,3,recover,bruiser,-15.47,11.16,0.99
774,4,recover,pouncer,-15.27,15.07,3.15
775,1,recover,swarm,-16.76,11.52,0.89
775,2,strike,swarm,-15.66,12.09,0.35
775,3,recover,bruiser,-15.47,11.16,0.99
775,4,stalk,pouncer,-15.27,15.07,3.15
776,1,chase,swarm,-16.76,11.52,0.89
776,2,recover,swarm,-15.34,12.02,0.66
776,3,recover,bruiser,-15.47,11.16,0.99
776,4,crouch,pouncer,-15.12,15.10,3.22
777,1,windup,swarm,-16.76,11.52,0.89
777,2,recover,swarm,-15.34,12.02,0.66
777,3,recover,bruiser,-15.47,11.16,0.99
777,4,crouch,pouncer,-15.12,15.10,3.22
778,1,windup,swarm,-16.76,11.52,0.89
778,2,recover,swarm,-15.34,12.02,0.66
778,3,recover,bruiser,-15.47,11.16,0.99
778,4,crouch,pouncer,-15.12,15.10,3.22
779,1,windup,swarm,-16.76,11.52,0.89
779,2,recover,swarm,-15.34,12.02,0.66
779,3,recover,bruiser,-15.47,11.16,0.99
779,4,crouch,pouncer,-15.12,15.10,3.22
780,1,windup,swarm,-16.76,11.52,0.89
780,2,recover,swarm,-15.34,12.02,0.66
780,3,recover,bruiser,-15.47,11.16,0.99
780,4,crouch,pouncer,-15.12,15.10,3.22
781,1,windup,swarm,-16.76,11.52,0.89
781,2,recover,swarm,-15.34,12.02,0.66
781,3,recover,bruiser,-15.47,11.16,0.99
781,4,crouch,pouncer,-15.12,15.10,3.22
782,1,strike,swarm,-16.76,11.52,0.89
782,2,recover,swarm,-15.34,12.02,0.66
782,3,recover,bruiser,-15.47,11.16,0.99
782,4,crouch,pouncer,-15.12,15.10,3.22
783,1,strike,swarm,-16.51,11.68,0.61
783,2,recover,swarm,-15.34,12.02,0.66
783,3,advance,bruiser,-15.47,11.16,0.99
783,4,crouch,pouncer,-15.12,15.10,3.22
784,1,strike,swarm,-16.35,11.89,0.37
784,2,recover,swarm,-15.34,12.02,0.66
784,3,windup,bruiser,-15.47,11.16,0.99
784,4,crouch,pouncer,-15.12,15.10,3.22
785,1,strike,swarm,-16.32,12.32,0.45
785,2,recover,swarm,-15.34,12.02,0.66
785,3,windup,bruiser,-15.47,11.16,0.99
785,4,pounce,pouncer,-15.12,15.10,3.22
786,1,recover,swarm,-16.19,12.59,0.62
786,2,recover,swarm,-15.34,12.02,0.66
786,3,windup,bruiser,-15.47,11.16,0.99
786,4,pounce,pouncer,-15.25,14.67,2.78
787,1,recover,swarm,-16.19,12.59,0.62
787,2,recover,swarm,-15.34,12.02,0.66
787,3,windup,bruiser,-15.47,11.16,0.99
787,4,pounce,pouncer,-15.76,12.84,0.87
788,1,recover,swarm,-16.19,12.59,0.62
788,2,chase,swarm,-15.34,12.02,0.66
788,3,windup,bruiser,-15.47,11.16,0.99
788,4,pounce,pouncer,-15.36,13.11,1.28
789,1,recover,swarm,-16.19,12.59,0.62
789,2,windup,swarm,-15.34,12.02,0.66
789,3,windup,bruiser,-15.47,11.16,0.99
789,4,recover,pouncer,-14.87,12.73,1.34
790,1,recover,swarm,-16.19,12.59,0.62
790,2,windup,swarm,-15.34,12.02,0.66
790,3,windup,bruiser,-15.47,11.16,0.99
790,4,recover,pouncer,-14.87,12.73,1.34
791,1,recover,swarm,-16.19,12.59,0.62
791,2,windup,swarm,-15.34,12.02,0.66
791,3,windup,bruiser,-15.47,11.16,0.99
791,4,recover,pouncer,-14.87,12.73,1.34
792,1,recover,swarm,-16.19,12.59,0.62
792,2,windup,swarm,-15.34,12.02,0.66
792,3,windup,bruiser,-15.47,11.16,0.99
792,4,recover,pouncer,-14.87,12.73,1.34
793,1,recover,swarm,-16.19,12.59,0.62
793,2,windup,swarm,-15.34,12.02,0.66
793,3,strike,bruiser,-15.47,11.16,0.99
793,4,recover,pouncer,-14.87,12.73,1.34
794,1,chase,swarm,-16.19,12.59,0.62
794,2,strike,swarm,-15.34,12.02,0.66
794,3,strike,bruiser,-15.67,11.16,0.91
794,4,recover,pouncer,-14.87,12.73,1.34
795,1,windup,swarm,-16.19,12.59,0.62
795,2,strike,swarm,-15.61,11.89,0.40
795,3,recover,bruiser,-15.92,11.20,0.80
795,4,recover,pouncer,-14.87,12.73,1.34
796,1,windup,swarm,-16.19,12.59,0.62
796,2,strike,swarm,-15.80,11.96,0.20
796,3,recover,bruiser,-15.92,11.20,0.80
796,4,recover,pouncer,-14.87,12.73,1.34
797,1,windup,swarm,-16.19,12.59,0.62
797,2,strike,swarm,-16.49,11.89,0.50
797,3,recover,bruiser,-15.92,11.20,0.80
797,4,recover,pouncer,-14.87,12.73,1.34
798,1,windup,swarm,-16.19,12.59,0.62
798,2,recover,swarm,-16.71,11.84,0.73
798,3,recover,bruiser,-15.92,11.20,0.80
798,4,recover,pouncer,-14.87,12.73,1.34
799,1,windup,swarm,-16.19,12.59,0.62
799,2,recover,swarm,-16.71,11.84,0.73
799,3,recover,bruiser,-15.92,11.20,0.80
799,4,recover,pouncer,-14.87,12.73,1.34
800,1,strike,swarm,-16.19,12.59,0.62
800,2,recover,swarm,-16.71,11.84,0.73
800,3,recover,bruiser,-15.92,11.20,0.80
800,4,recover,pouncer,-14.87,12.73,1.34
801,1,strike,swarm,-15.98,12.50,0.50
801,2,recover,swarm,-16.71,11.84,0.73
801,3,recover,bruiser,-15.92,11.20,0.80
801,4,recover,pouncer,-14.87,12.73,1.34
802,1,strike,swarm,-15.75,12.20,0.32
802,2,recover,swarm,-16.71,11.84,0.73
802,3,recover,bruiser,-15.92,11.20,0.80
802,4,recover,pouncer,-14.87,12.73,1.34
803,1,strike,swarm,-15.50,11.95,0.50
803,2,recover,swarm,-16.71,11.84,0.73
803,3,recover,bruiser,-15.92,11.20,0.80
803,4,recover,pouncer,-14.87,12.73,1.34
804,1,strike,swarm,-15.36,11.79,0.67
804,2,recover,swarm,-16.71,11.84,0.73
804,3,recover,bruiser,-15.92,11.20,0.80
804,4,recover,pouncer,-14.87,12.73,1.34
805,1,recover,swarm,-15.13,11.59,0.96
805,2,recover,swarm,-16.71,11.84,0.73
805,3,recover,bruiser,-15.92,11.20,0.80
805,4,recover,pouncer,-14.87,12.73,1.34
806,1,recover,swarm,-15.13,11.59,0.96
806,2,recover,swarm,-16.71,11.84,0.73
806,3,recover,bruiser,-15.92,11.20,0.80
806,4,stalk,pouncer,-14.87,12.73,1.34
807,1,recover,swarm,-15.13,11.59,0.96
807,2,recover,swarm,-16.71,11.84,0.73
807,3,recover,bruiser,-15.92,11.20,0.80
807,4,crouch,pouncer,-14.63,12.71,1.54
808,1,recover,swarm,-15.13,11.59,0.96
808,2,recover,swarm,-16.71,11.84,0.73
808,3,recover,bruiser,-15.92,11.20,0.80
808,4,crouch,pouncer,-14.63,12.71,1.54
809,1,recover,swarm,-15.13,11.59,0.96
809,2,recover,swarm,-16.71,11.84,0.73
809,3,recover,bruiser,-15.92,11.20,0.80
809,4,crouch,pouncer,-14.63,12.71,1.54
810,1,recover,swarm,-15.13,11.59,0.96
810,2,chase,swarm,-16.71,11.84,0.73
810,3,recover,bruiser,-15.92,11.20,0.80
810,4,crouch,pouncer,-14.63,12.71,1.54
811,1,recover,swarm,-15.13,11.59,0.96
811,2,windup,swarm,-16.71,11.84,0.73
811,3,recover,bruiser,-15.92,11.20,0.80
811,4,crouch,pouncer,-14.63,12.71,1.54
812,1,recover,swarm,-15.13,11.59,0.96
812,2,windup,swarm,-16.71,11.84,0.73
812,3,recover,bruiser,-15.92,11.20,0.80
812,4,crouch,pouncer,-14.63,12.71,1.54
813,1,recover,swarm,-15.13,11.59,0.96
813,2,windup,swarm,-16.71,11.84,0.73
813,3,recover,bruiser,-15.92,11.20,0.80
813,4,crouch,pouncer,-14.63,12.71,1.54
814,1,recover,swarm,-15.13,11.59,0.96
814,2,windup,swarm,-16.71,11.84,0.73
814,3,recover,bruiser,-15.92,11.20,0.80
814,4,crouch,pouncer,-14.63,12.71,1.54
815,1,recover,swarm,-15.13,11.59,0.96
815,2,windup,swarm,-16.71,11.84,0.73
815,3,recover,bruiser,-15.92,11.20,0.80
815,4,crouch,pouncer,-14.63,12.71,1.54
816,1,recover,swarm,-15.13,11.59,0.96
816,2,windup,swarm,-16.71,11.84,0.73
816,3,advance,bruiser,-15.92,11.20,0.80
816,4,crouch,pouncer,-14.63,12.71,1.54
817,1,recover,swarm,-15.13,11.59,0.96
817,2,strike,swarm,-16.71,11.84,0.73
817,3,windup,bruiser,-15.92,11.20,0.80
817,4,pounce,pouncer,-14.63,12.71,1.54
818,1,recover,swarm,-15.13,11.59,0.96
818,2,strike,swarm,-16.54,12.02,0.54
818,3,windup,bruiser,-15.92,11.20,0.80
818,4,pounce,pouncer,-14.97,12.58,1.18
819,1,recover,swarm,-15.13,11.59,0.96
819,2,strike,swarm,-16.33,12.23,0.40
819,3,windup,bruiser,-15.92,11.20,0.80
819,4,pounce,pouncer,-15.42,12.65,0.87
820,1,chase,swarm,-15.13,11.59,0.96
820,2,strike,swarm,-16.16,12.41,0.44
820,3,windup,bruiser,-15.92,11.20,0.80
820,4,pounce,pouncer,-15.76,12.78,0.82
821,1,windup,swarm,-15.13,11.59,0.96
821,2,strike,swarm,-16.21,12.21,0.30
821,3,windup,bruiser,-15.92,11.20,0.80
821,4,pounce,pouncer,-15.64,13.07,1.13
822,1,windup,swarm,-15.13,11.59,0.96
822,2,recover,swarm,-16.09,12.29,0.30
822,3,windup,bruiser,-15.92,11.20,0.80
822,4,pounce,pouncer,-15.86,13.07,1.07
823,1,windup,swarm,-15.13,11.59,0.96
823,2,recover,swarm,-16.09,12.29,0.30
823,3,windup,bruiser,-15.92,11.20,0.80
823,4,pounce,pouncer,-16.11,13.27,1.27
824,1,windup,swarm,-15.13,11.59,0.96
824,2,recover,swarm,-16.09,12.29,0.30
824,3,windup,bruiser,-15.92,11.20,0.80
824,4,pounce,pouncer,-16.38,13.32,1.37
825,1,windup,swarm,-15.13,11.59,0.96
825,2,recover,swarm,-16.09,12.29,0.30
825,3,windup,bruiser,-15.92,11.20,0.80
825,4,pounce,pouncer,-17.19,13.31,1.77
826,1,windup,swarm,-15.13,11.59,0.96
826,2,recover,swarm,-16.09,12.29,0.30
826,3,windup,bruiser,-15.92,11.20,0.80
826,4,recover,pouncer,-17.51,13.15,1.89
827,1,strike,swarm,-15.13,11.59,0.96
827,2,recover,swarm,-16.09,12.29,0.30
827,3,windup,bruiser,-15.92,11.20,0.80
827,4,recover,pouncer,-17.51,13.15,1.89
828,1,strike,swarm,-15.12,11.83,0.90
828,2,recover,swarm,-16.09,12.29,0.30
828,3,windup,bruiser,-15.92,11.20,0.80
828,4,recover,pouncer,-17.51,13.15,1.89
829,1,strike,swarm,-15.16,12.31,0.90
829,2,recover,swarm,-16.09,12.29,0.30
829,3,windup,bruiser,-15.92,11.20,0.80
829,4,recover,pouncer,-17.51,13.15,1.89
830,1,strike,swarm,-15.24,12.54,0.93
830,2,recover,swarm,-16.09,12.29,0.30
830,3,windup,bruiser,-15.92,11.20,0.80
830,4,recover,pouncer,-17.51,13.15,1.89
831,1,strike,swarm,-15.31,12.99,1.21
831,2,recover,swarm,-16.09,12.29,0.30
831,3,strike,bruiser,-15.92,11.20,0.80
831,4,recover,pouncer,-17.51,13.15,1.89
832,1,recover,swarm,-15.45,13.20,1.32
832,2,recover,swarm,-16.09,12.29,0.30
832,3,strike,bruiser,-15.93,11.41,0.59
832,4,recover,pouncer,-17.51,13.15,1.89
833,1,recover,swarm,-15.45,13.20,1.32
833,2,recover,swarm,-16.09,12.29,0.30
833,3,strike,bruiser,-15.82,11.98,0.18
833,4,recover,pouncer,-17.51,13.15,1.89
834,1,recover,swarm,-15.45,13.20,1.32
834,2,recover,swarm,-16.09,12.29,0.30
834,3,strike,bruiser,-15.75,11.96,0.25
834,4,recover,pouncer,-17.51,13.15,1.89
835,1,recover,swarm,-15.45,13.20,1.32
835,2,recover,swarm,-16.09,12.29,0.30
835,3,strike,bruiser,-15.16,11.84,0.86
835,4,recover,pouncer,-17.51,13.15,1.89
836,1,recover,swarm,-15.45,13.20,1.32
836,2,chase,swarm,-16.09,12.29,0.30
836,3,recover,bruiser,-15.10,11.94,0.90
836,4,recover,pouncer,-17.51,13.15,1.89
837,1,recover,swarm,-15.45,13.20,1.32
837,2,windup,swarm,-16.09,12.29,0.30
837,3,recover,bruiser,-15.10,11.94,0.90
837,4,recover,pouncer,-17.51,13.15,1.89
838,1,recover,swarm,-15.45,13.20,1.32
838,2,windup,swarm,-16.09,12.29,0.30
838,3,recover,bruiser,-15.10,11.94,0.90
838,4,recover,pouncer,-17.51,13.15,1.89
839,1,recover,swarm,-15.45,13.20,1.32
839,2,windup,swarm,-16.09,12.29,0.30
839,3,recover,bruiser,-15.10,11.94,0.90
839,4,recover,pouncer,-17.51,13.15,1.89
840,1,recover,swarm,-15.45,13.20,1.32
840,2,windup,swarm,-16.09,12.29,0.30
840,3,recover,bruiser,-15.10,11.94,0.90
840,4,recover,pouncer,-17.51,13.15,1.89
841,1,recover,swarm,-15.45,13.20,1.32
841,2,windup,swarm,-16.09,12.29,0.30
841,3,recover,bruiser,-15.10,11.94,0.90
841,4,recover,pouncer,-17.51,13.15,1.89
842,1,recover,swarm,-15.45,13.20,1.32
842,2,strike,swarm,-16.09,12.29,0.30
842,3,recover,bruiser,-15.10,11.94,0.90
842,4,recover,pouncer,-17.51,13.15,1.89
843,1,recover,swarm,-15.45,13.20,1.32
843,2,strike,swarm,-16.24,11.87,0.27
843,3,recover,bruiser,-15.10,11.94,0.90
843,4,recover,pouncer,-17.51,13.15,1.89
844,1,chase,swarm,-15.45,13.20,1.32
844,2,strike,swarm,-16.25,11.51,0.55
844,3,recover,bruiser,-15.10,11.94,0.90
844,4,recover,pouncer,-17.51,13.15,1.89
845,1,windup,swarm,-15.45,13.20,1.32
845,2,strike,swarm,-16.03,10.03,1.97
845,3,recover,bruiser,-15.10,11.94,0.90
845,4,recover,pouncer,-17.51,13.15,1.89
846,1,strike,swarm,-15.45,13.20,1.32
846,2,recover,swarm,-16.00,9.94,2.06
846,3,recover,bruiser,-15.10,11.94,0.90
846,4,stalk,pouncer,-17.51,13.15,1.89
847,1,strike,swarm,-16.07,11.84,0.18
847,2,recover,swarm,-16.00,9.94,2.06
847,3,recover,bruiser,-15.10,11.94,0.90
847,4,crouch,pouncer,-18.15,12.94,2.35
848,1,recover,swarm,-16.52,11.42,0.78
848,2,recover,swarm,-16.00,9.94,2.06
848,3,recover,bruiser,-15.10,11.94,0.90
848,4,crouch,pouncer,-18.15,12.94,2.35
849,1,recover,swarm,-16.52,11.42,0.78
849,2,recover,swarm,-16.00,9.94,2.06
849,3,advance,bruiser,-15.10,11.94,0.90
849,4,crouch,pouncer,-18.15,12.94,2.35
850,1,recover,swarm,-16.52,11.42,0.78
850,2,recover,swarm,-16.00,9.94,2.06
850,3,windup,bruiser,-15.10,11.94,0.90
850,4,pounce,pouncer,-18.15,12.94,2.35
851,1,recover,swarm,-16.52,11.42,0.78
851,2,recover,swarm,-16.00,9.94,2.06
851,3,windup,bruiser,-15.10,11.94,0.90
851,4,pounce,pouncer,-16.09,12.04,0.10
852,1,recover,swarm,-16.52,11.42,0.78
852,2,chase,swarm,-16.00,9.94,2.06
852,3,windup,bruiser,-15.10,11.94,0.90
852,4,pounce,pouncer,-16.03,12.08,0.08
853,1,recover,swarm,-16.52,11.42,0.78
853,2,chase,swarm,-15.91,11.03,0.97
853,3,windup,bruiser,-15.10,11.94,0.90
853,4,pounce,pouncer,-14.11,13.26,2.27
854,1,chase,swarm,-16.52,11.42,0.78
854,2,windup,swarm,-15.91,11.03,0.97
854,3,windup,bruiser,-15.10,11.94,0.90
854,4,recover,pouncer,-14.05,13.23,2.31
855,1,windup,swarm,-16.52,11.42,0.78
855,2,windup,swarm,-15.91,11.03,0.97
855,3,windup,bruiser,-15.10,11.94,0.90
855,4,recover,pouncer,-14.05,13.23,2.31
856,1,strike,swarm,-16.52,11.42,0.78
856,2,strike,swarm,-15.91,11.03,0.97
856,3,strike,bruiser,-15.10,11.94,0.90
856,4,recover,pouncer,-14.05,13.23,2.31
857,1,strike,swarm,-16.84,12.89,1.22
857,2,strike,swarm,-14.48,11.50,1.60
857,3,strike,bruiser,-16.33,12.21,0.39
857,4,recover,pouncer,-14.05,13.23,2.31
858,1,recover,swarm,-16.83,12.99,1.29
858,2,recover,swarm,-14.49,11.60,1.56
858,3,strike,bruiser,-16.37,12.14,0.40
858,4,recover,pouncer,-14.05,13.23,2.31
859,1,recover,swarm,-16.83,12.99,1.29
859,2,recover,swarm,-14.49,11.60,1.56
859,3,strike,bruiser,-16.53,12.02,0.53
859,4,recover,pouncer,-14.05,13.23,2.31
860,1,recover,swarm,-16.83,12.99,1.29
860,2,recover,swarm,-14.49,11.60,1.56
860,3,recover,bruiser,-16.57,12.00,0.57
860,4,recover,pouncer,-14.05,13.23,2.31
861,1,recover,swarm,-16.83,12.99,1.29
861,2,recover,swarm,-14.49,11.60,1.56
861,3,recover,bruiser,-16.57,12.00,0.57
861,4,recover,pouncer,-14.05,13.23,2.31
862,1,recover,swarm,-16.83,12.99,1.29
862,2,recover,swarm,-14.49,11.60,1.56
862,3,recover,bruiser,-16.57,12.00,0.57
862,4,recover,pouncer,-14.05,13.23,2.31
863,1,recover,swarm,-16.83,12.99,1.29
863,2,recover,swarm,-14.49,11.60,1.56
863,3,recover,bruiser,-16.57,12.00,0.57
863,4,recover,pouncer,-14.05,13.23,2.31
864,1,recover,swarm,-16.83,12.99,1.29
864,2,recover,swarm,-14.49,11.60,1.56
864,3,recover,bruiser,-16.57,12.00,0.57
864,4,recover,pouncer,-14.05,13.23,2.31
865,1,recover,swarm,-16.83,12.99,1.29
865,2,recover,swarm,-14.49,11.60,1.56
865,3,recover,bruiser,-16.57,12.00,0.57
865,4,recover,pouncer,-14.05,13.23,2.31
866,1,recover,swarm,-16.83,12.99,1.29
866,2,recover,swarm,-14.49,11.60,1.56
866,3,recover,bruiser,-16.57,12.00,0.57
866,4,recover,pouncer,-14.05,13.23,2.31
867,1,recover,swarm,-16.83,12.99,1.29
867,2,recover,swarm,-14.49,11.60,1.56
867,3,recover,bruiser,-16.57,12.00,0.57
867,4,stalk,pouncer,-14.05,13.23,2.31
868,1,chase,swarm,-16.83,12.99,1.29
868,2,chase,swarm,-14.49,11.60,1.56
868,3,recover,bruiser,-16.57,12.00,0.57
868,4,crouch,pouncer,-14.05,13.26,2.32
869,1,windup,swarm,-16.83,12.99,1.29
869,2,chase,swarm,-14.85,11.36,1.32
869,3,recover,bruiser,-16.57,12.00,0.57
869,4,crouch,pouncer,-14.05,13.26,2.32
870,1,windup,swarm,-16.83,12.99,1.29
870,2,windup,swarm,-14.85,11.36,1.32
870,3,recover,bruiser,-16.57,12.00,0.57
870,4,crouch,pouncer,-14.05,13.26,2.32
871,1,windup,swarm,-16.83,12.99,1.29
871,2,windup,swarm,-14.85,11.36,1.32
871,3,recover,bruiser,-16.57,12.00,0.57
871,4,crouch,pouncer,-14.05,13.26,2.32
872,1,strike,swarm,-16.83,12.99,1.29
872,2,windup,swarm,-14.85,11.36,1.32
872,3,advance,bruiser,-16.57,12.00,0.57
872,4,crouch,pouncer,-14.05,13.26,2.32
873,1,strike,swarm,-16.43,12.80,0.91
873,2,windup,swarm,-14.85,11.36,1.32
873,3,windup,bruiser,-16.57,12.00,0.57
873,4,crouch,pouncer,-14.05,13.26,2.32
874,1,strike,swarm,-16.21,12.85,0.88
874,2,strike,swarm,-14.85,11.36,1.32
874,3,windup,bruiser,-16.57,12.00,0.57
874,4,crouch,pouncer,-14.05,13.26,2.32
875,1,strike,swarm,-14.72,12.73,1.48
875,2,strike,swarm,-16.16,12.09,0.18
875,3,windup,bruiser,-16.57,12.00,0.57
875,4,crouch,pouncer,-14.05,13.26,2.32
876,1,recover,swarm,-14.72,12.66,1.44
876,2,recover,swarm,-16.11,12.14,0.18
876,3,windup,bruiser,-16.57,12.00,0.57
876,4,pounce,pouncer,-14.05,13.26,2.32
877,1,recover,swarm,-14.72,12.66,1.44
877,2,recover,swarm,-16.11,12.14,0.18
877,3,windup,bruiser,-16.57,12.00,0.57
877,4,pounce,pouncer,-14.68,13.24,1.81
878,1,recover,swarm,-14.72,12.66,1.44
878,2,recover,swarm,-16.11,12.14,0.18
878,3,windup,bruiser,-16.57,12.00,0.57
878,4,pounce,pouncer,-14.73,13.30,1.82
879,1,recover,swarm,-14.72,12.66,1.44
879,2,recover,swarm,-16.11,12.14,0.18
879,3,windup,bruiser,-16.57,12.00,0.57
879,4,pounce,pouncer,-16.04,14.48,2.48
880,1,recover,swarm,-14.72,12.66,1.44
880,2,recover,swarm,-16.11,12.14,0.18
880,3,windup,bruiser,-16.57,12.00,0.57
880,4,pounce,pouncer,-16.24,14.34,2.36
881,1,recover,swarm,-14.72,12.66,1.44
881,2,recover,swarm,-16.11,12.14,0.18
881,3,strike,bruiser,-16.57,12.00,0.57
881,4,pounce,pouncer,-18.14,13.13,2.41
882,1,recover,swarm,-14.72,12.66,1.44
882,2,recover,swarm,-16.11,12.14,0.18
882,3,strike,bruiser,-16.61,11.96,0.61
882,4,recover,pouncer,-18.22,13.07,2.46
883,1,recover,swarm,-14.72,12.66,1.44
883,2,recover,swarm,-16.11,12.14,0.18
883,3,strike,bruiser,-16.72,11.85,0.73
883,4,recover,pouncer,-18.22,13.07,2.46
884,1,recover,swarm,-14.72,12.66,1.44
884,2,recover,swarm,-16.11,12.14,0.18
884,3,recover,bruiser,-16.73,11.81,0.75
884,4,recover,pouncer,-18.22,13.07,2.46
885,1,recover,swarm,-14.72,12.66,1.44
885,2,recover,swarm,-16.11,12.14,0.18
885,3,recover,bruiser,-16.73,11.81,0.75
885,4,recover,pouncer,-18.22,13.07,2.46
886,1,recover,swarm,-14.72,12.66,1.44
886,2,recover,swarm,-16.11,12.14,0.18
886,3,recover,bruiser,-16.73,11.81,0.75
886,4,recover,pouncer,-18.22,13.07,2.46
887,1,chase,swarm,-14.72,12.66,1.44
887,2,chase,swarm,-16.11,12.14,0.18
887,3,recover,bruiser,-16.73,11.81,0.75
887,4,recover,pouncer,-18.22,13.07,2.46
888,1,windup,swarm,-14.72,12.66,1.44
888,2,windup,swarm,-16.11,12.14,0.18
888,3,recover,bruiser,-16.73,11.81,0.75
888,4,recover,pouncer,-18.22,13.07,2.46
889,1,windup,swarm,-14.72,12.66,1.44
889,2,windup,swarm,-16.11,12.14,0.18
889,3,recover,bruiser,-16.73,11.81,0.75
889,4,recover,pouncer,-18.22,13.07,2.46
890,1,windup,swarm,-14.72,12.66,1.44
890,2,windup,swarm,-16.11,12.14,0.18
890,3,recover,bruiser,-16.73,11.81,0.75
890,4,recover,pouncer,-18.22,13.07,2.46
891,1,windup,swarm,-14.72,12.66,1.44
891,2,windup,swarm,-16.11,12.14,0.18
891,3,recover,bruiser,-16.73,11.81,0.75
891,4,recover,pouncer,-18.22,13.07,2.46
892,1,windup,swarm,-14.72,12.66,1.44
892,2,windup,swarm,-16.11,12.14,0.18
892,3,recover,bruiser,-16.73,11.81,0.75
892,4,recover,pouncer,-18.22,13.07,2.46
893,1,windup,swarm,-14.72,12.66,1.44
893,2,windup,swarm,-16.11,12.14,0.18
893,3,recover,bruiser,-16.73,11.81,0.75
893,4,recover,pouncer,-18.22,13.07,2.46
894,1,windup,swarm,-14.72,12.66,1.44
894,2,windup,swarm,-16.11,12.14,0.18
894,3,recover,bruiser,-16.73,11.81,0.75
894,4,recover,pouncer,-18.22,13.07,2.46
895,1,windup,swarm,-14.72,12.66,1.44
895,2,windup,swarm,-16.11,12.14,0.18
895,3,recover,bruiser,-16.73,11.81,0.75
895,4,recover,pouncer,-18.22,13.07,2.46
896,1,strike,swarm,-14.72,12.66,1.44
896,2,strike,swarm,-16.11,12.14,0.18
896,3,recover,bruiser,-16.73,11.81,0.75
896,4,recover,pouncer,-18.22,13.07,2.46
897,1,strike,swarm,-16.05,11.97,0.06
897,2,strike,swarm,-14.62,11.95,1.38
897,3,recover,bruiser,-16.73,11.81,0.75
897,4,recover,pouncer,-18.22,13.07,2.46
898,1,recover,swarm,-16.01,11.95,0.05
898,2,recover,swarm,-14.59,11.92,1.41
898,3,recover,bruiser,-16.73,11.81,0.75
898,4,recover,pouncer,-18.22,13.07,2.46
899,1,recover,swarm,-16.01,11.95,0.05
899,2,recover,swarm,-14.59,11.92,1.41
899,3,recover,bruiser,-16.73,11.81,0.75
899,4,recover,pouncer,-18.22,13.07,2.46
900,1,recover,swarm,-16.01,11.95,0.05
900,2,recover,swarm,-14.59,11.92,1.41
900,3,recover,bruiser,-16.73,11.81,0.75
900,4,recover,pouncer,-18.22,13.07,2.46
901,1,recover,swarm,-16.01,11.95,0.05
901,2,recover,swarm,-14.59,11.92,1.41
901,3,recover,bruiser,-16.73,11.81,0.75
901,4,recover,pouncer,-18.22,13.07,2.46
902,1,recover,swarm,-16.01,11.95,0.05
902,2,recover,swarm,-14.59,11.92,1.41
902,3,recover,bruiser,-16.73,11.81,0.75
902,4,recover,pouncer,-18.22,13.07,2.46
903,1,recover,swarm,-16.01,11.95,0.05
903,2,recover,swarm,-14.59,11.92,1.41
903,3,recover,bruiser,-16.73,11.81,0.75
903,4,recover,pouncer,-18.22,13.07,2.46
904,1,recover,swarm,-16.01,11.95,0.05
904,2,recover,swarm,-14.59,11.92,1.41
904,3,advance,bruiser,-16.73,11.81,0.75
904,4,stalk,pouncer,-18.22,13.07,2.46
905,1,recover,swarm,-16.01,11.95,0.05
905,2,recover,swarm,-14.59,11.92,1.41
905,3,windup,bruiser,-16.73,11.81,0.75
905,4,crouch,pouncer,-18.28,13.68,2.83
906,1,chase,swarm,-16.01,11.95,0.05
906,2,chase,swarm,-14.59,11.92,1.41
906,3,windup,bruiser,-16.73,11.81,0.75
906,4,crouch,pouncer,-18.28,13.68,2.83
907,1,windup,swarm,-16.01,11.95,0.05
907,2,windup,swarm,-14.59,11.92,1.41
907,3,windup,bruiser,-16.73,11.81,0.75
907,4,crouch,pouncer,-18.28,13.68,2.83
908,1,strike,swarm,-16.01,11.95,0.05
908,2,strike,swarm,-14.59,11.92,1.41
908,3,windup,bruiser,-16.73,11.81,0.75
908,4,pounce,pouncer,-18.28,13.68,2.83
909,1,strike,swarm,-15.46,12.43,0.69
909,2,strike,swarm,-15.33,11.96,0.67
909,3,windup,bruiser,-16.73,11.81,0.75
909,4,pounce,pouncer,-17.39,13.03,1.73
910,1,strike,swarm,-15.46,12.48,0.72
910,2,strike,swarm,-15.35,11.91,0.66
910,3,windup,bruiser,-16.73,11.81,0.75
910,4,pounce,pouncer,-17.33,12.98,1.65
911,1,strike,swarm,-15.47,13.18,1.29
911,2,strike,swarm,-15.67,11.30,0.77
911,3,windup,bruiser,-16.73,11.81,0.75
911,4,pounce,pouncer,-16.49,12.36,0.61
912,1,recover,swarm,-15.45,13.22,1.34
912,2,recover,swarm,-15.72,11.30,0.76
912,3,strike,bruiser,-16.73,11.81,0.75
912,4,pounce,pouncer,-16.43,12.39,0.58
913,1,recover,swarm,-15.45,13.22,1.34
913,2,recover,swarm,-15.72,11.30,0.76
913,3,strike,bruiser,-16.69,11.46,0.87
913,4,pounce,pouncer,-15.85,12.62,0.64
914,1,recover,swarm,-15.45,13.22,1.34
914,2,recover,swarm,-15.72,11.30,0.76
914,3,strike,bruiser,-16.65,11.50,0.82
914,4,pounce,pouncer,-15.84,12.53,0.55
915,1,recover,swarm,-15.45,13.22,1.34
915,2,recover,swarm,-15.72,11.30,0.76
915,3,strike,bruiser,-16.53,11.66,0.63
915,4,pounce,pouncer,-15.76,12.17,0.29
916,1,recover,swarm,-15.45,13.22,1.34
916,2,recover,swarm,-15.72,11.30,0.76
916,3,strike,bruiser,-17.30,12.00,1.30
916,4,recover,pouncer,-14.28,12.49,1.78
917,1,recover,swarm,-15.45,13.22,1.34
917,2,recover,swarm,-15.72,11.30,0.76
917,3,recover,bruiser,-17.25,12.02,1.25
917,4,recover,pouncer,-14.28,12.49,1.78
918,1,recover,swarm,-15.45,13.22,1.34
918,2,recover,swarm,-15.72,11.30,0.76
918,3,recover,bruiser,-17.25,12.02,1.25
918,4,recover,pouncer,-14.28,12.49,1.78
919,1,recover,swarm,-15.45,13.22,1.34
919,2,recover,swarm,-15.72,11.30,0.76
919,3,recover,bruiser,-17.25,12.02,1.25
919,4,recover,pouncer,-14.28,12.49,1.78
920,1,recover,swarm,-15.45,13.22,1.34
920,2,recover,swarm,-15.72,11.30,0.76
920,3,recover,bruiser,-17.25,12.02,1.25
920,4,recover,pouncer,-14.28,12.49,1.78
921,1,recover,swarm,-15.45,13.22,1.34
921,2,recover,swarm,-15.72,11.30,0.76
921,3,recover,bruiser,-17.25,12.02,1.25
921,4,recover,pouncer,-14.28,12.49,1.78
922,1,recover,swarm,-15.45,13.22,1.34
922,2,recover,swarm,-15.72,11.30,0.76
922,3,recover,bruiser,-17.25,12.02,1.25
922,4,recover,pouncer,-14.28,12.49,1.78
923,1,recover,swarm,-15.45,13.22,1.34
923,2,recover,swarm,-15.72,11.30,0.76
923,3,recover,bruiser,-17.25,12.02,1.25
923,4,recover,pouncer,-14.28,12.49,1.78
924,1,recover,swarm,-15.45,13.22,1.34
924,2,recover,swarm,-15.72,11.30,0.76
924,3,recover,bruiser,-17.25,12.02,1.25
924,4,recover,pouncer,-14.28,12.49,1.78
925,1,chase,swarm,-15.45,13.22,1.34
925,2,chase,swarm,-15.72,11.30,0.76
925,3,recover,bruiser,-17.25,12.02,1.25
925,4,recover,pouncer,-14.28,12.49,1.78
926,1,windup,swarm,-15.45,13.22,1.34
926,2,windup,swarm,-15.72,11.30,0.76
926,3,recover,bruiser,-17.25,12.02,1.25
926,4,recover,pouncer,-14.28,12.49,1.78
927,1,windup,swarm,-15.45,13.22,1.34
927,2,windup,swarm,-15.72,11.30,0.76
927,3,recover,bruiser,-17.25,12.02,1.25
927,4,recover,pouncer,-14.28,12.49,1.78
928,1,windup,swarm,-15.45,13.22,1.34
928,2,windup,swarm,-15.72,11.30,0.76
928,3,recover,bruiser,-17.25,12.02,1.25
928,4,recover,pouncer,-14.28,12.49,1.78
929,1,windup,swarm,-15.45,13.22,1.34
929,2,windup,swarm,-15.72,11.30,0.76
929,3,recover,bruiser,-17.25,12.02,1.25
929,4,recover,pouncer,-14.28,12.49,1.78
930,1,windup,swarm,-15.45,13.22,1.34
930,2,windup,swarm,-15.72,11.30,0.76
930,3,recover,bruiser,-17.25,12.02,1.25
930,4,recover,pouncer,-14.28,12.49,1.78
931,1,strike,swarm,-15.45,13.22,1.34
931,2,strike,swarm,-15.72,11.30,0.76
931,3,recover,bruiser,-17.25,12.02,1.25
931,4,recover,pouncer,-14.28,12.49,1.78
932,1,strike,swarm,-15.48,13.17,1.28
932,2,strike,swarm,-15.74,11.35,0.70
932,3,recover,bruiser,-17.25,12.02,1.25
932,4,recover,pouncer,-14.28,12.49,1.78
933,1,strike,swarm,-16.09,11.80,0.22
933,2,strike,swarm,-16.30,12.74,0.80
933,3,recover,bruiser,-17.25,12.02,1.25
933,4,recover,pouncer,-14.28,12.49,1.78
934,1,recover,swarm,-16.09,11.74,0.28
934,2,recover,swarm,-16.31,12.80,0.86
934,3,advance,bruiser,-17.25,12.02,1.25
934,4,stalk,pouncer,-14.28,12.49,1.78
935,1,recover,swarm,-16.09,11.74,0.28
935,2,recover,swarm,-16.31,12.80,0.86
935,3,windup,bruiser,-17.25,12.02,1.25
935,4,crouch,pouncer,-13.75,12.07,2.25
936,1,recover,swarm,-16.09,11.74,0.28
936,2,recover,swarm,-16.31,12.80,0.86
936,3,windup,bruiser,-17.25,12.02,1.25
936,4,crouch,pouncer,-13.75,12.07,2.25
937,1,recover,swarm,-16.09,11.74,0.28
937,2,recover,swarm,-16.31,12.80,0.86
937,3,windup,bruiser,-17.25,12.02,1.25
937,4,crouch,pouncer,-13.75,12.07,2.25
938,1,recover,swarm,-16.09,11.74,0.28
938,2,recover,swarm,-16.31,12.80,0.86
938,3,windup,bruiser,-17.25,12.02,1.25
938,4,crouch,pouncer,-13.75,12.07,2.25
939,1,recover,swarm,-16.09,11.74,0.28
939,2,recover,swarm,-16.31,12.80,0.86
939,3,windup,bruiser,-17.25,12.02,1.25
939,4,pounce,pouncer,-13.75,12.07,2.25
940,1,recover,swarm,-16.09,11.74,0.28
940,2,recover,swarm,-16.31,12.80,0.86
940,3,windup,bruiser,-17.25,12.02,1.25
940,4,pounce,pouncer,-13.83,12.07,2.17
941,1,recover,swarm,-16.09,11.74,0.28
941,2,recover,swarm,-16.31,12.80,0.86
941,3,windup,bruiser,-17.25,12.02,1.25
941,4,pounce,pouncer,-14.60,12.04,1.40
942,1,chase,swarm,-16.09,11.74,0.28
942,2,chase,swarm,-16.31,12.80,0.86
942,3,strike,bruiser,-17.25,12.02,1.25
942,4,pounce,pouncer,-14.67,12.04,1.33
943,1,windup,swarm,-16.09,11.74,0.28
943,2,windup,swarm,-16.31,12.80,0.86
943,3,strike,bruiser,-17.05,12.00,1.05
943,4,pounce,pouncer,-15.04,12.03,0.96
944,1,windup,swarm,-16.09,11.74,0.28
944,2,windup,swarm,-16.31,12.80,0.86
944,3,strike,bruiser,-17.03,11.97,1.03
944,4,pounce,pouncer,-15.10,12.04,0.90
945,1,windup,swarm,-16.09,11.74,0.28
945,2,windup,swarm,-16.31,12.80,0.86
945,3,strike,bruiser,-16.87,11.68,0.92
945,4,pounce,pouncer,-15.68,12.19,0.37
946,1,windup,swarm,-16.09,11.74,0.28
946,2,windup,swarm,-16.31,12.80,0.86
946,3,strike,bruiser,-16.89,11.64,0.96
946,4,pounce,pouncer,-15.62,12.24,0.44
947,1,windup,swarm,-16.09,11.74,0.28
947,2,windup,swarm,-16.31,12.80,0.86
947,3,strike,bruiser,-16.85,11.26,1.13
947,4,pounce,pouncer,-15.06,12.64,1.14
948,1,windup,swarm,-16.09,11.74,0.28
948,2,windup,swarm,-16.31,12.80,0.86
948,3,strike,bruiser,-16.82,11.21,1.14
948,4,recover,pouncer,-15.16,12.64,1.05
949,1,windup,swarm,-16.09,11.74,0.28
949,2,windup,swarm,-16.31,12.80,0.86
949,3,strike,bruiser,-16.58,10.88,1.26
949,4,recover,pouncer,-15.16,12.64,1.05
950,1,strike,swarm,-16.09,11.74,0.28
950,2,strike,swarm,-16.31,12.80,0.86
950,3,recover,bruiser,-16.54,10.85,1.27
950,4,recover,pouncer,-15.16,12.64,1.05
951,1,strike,swarm,-15.92,12.00,0.08
951,2,strike,swarm,-16.32,12.49,0.58
951,3,recover,bruiser,-16.54,10.85,1.27
951,4,recover,pouncer,-15.16,12.64,1.05
952,1,strike,swarm,-15.89,11.98,0.11
952,2,strike,swarm,-16.36,12.49,0.61
952,3,recover,bruiser,-16.54,10.85,1.27
952,4,recover,pouncer,-15.16,12.64,1.05
953,1,strike,swarm,-15.70,11.87,0.33
953,2,strike,swarm,-16.57,12.47,0.74
953,3,recover,bruiser,-16.54,10.85,1.27
953,4,recover,pouncer,-15.16,12.64,1.05
954,1,strike,swarm,-15.65,11.88,0.37
954,2,strike,swarm,-16.58,12.42,0.71
954,3,recover,bruiser,-16.54,10.85,1.27
954,4,recover,pouncer,-15.16,12.64,1.05
955,1,strike,swarm,-15.42,11.92,0.59
955,2,strike,swarm,-16.59,12.19,0.62
955,3,recover,bruiser,-16.54,10.85,1.27
955,4,recover,pouncer,-15.16,12.64,1.05
956,1,strike,swarm,-15.37,11.89,0.64
956,2,strike,swarm,-16.58,12.13,0.59
956,3,recover,bruiser,-16.54,10.85,1.27
956,4,recover,pouncer,-15.16,12.64,1.05
957,1,strike,swarm,-14.50,11.49,1.58
957,2,strike,swarm,-16.34,11.21,0.86
957,3,recover,bruiser,-16.54,10.85,1.27
957,4,recover,pouncer,-15.16,12.64,1.05
958,1,recover,swarm,-14.49,11.54,1.58
958,2,recover,swarm,-16.30,11.23,0.83
958,3,recover,bruiser,-16.54,10.85,1.27
958,4,recover,pouncer,-15.16,12.64,1.05
959,1,recover,swarm,-14.49,11.54,1.58
959,2,recover,swarm,-16.30,11.23,0.83
959,3,recover,bruiser,-16.54,10.85,1.27
959,4,recover,pouncer,-15.16,12.64,1.05
960,1,recover,swarm,-14.49,11.54,1.58
960,2,recover,swarm,-16.30,11.23,0.83
960,3,recover,bruiser,-16.54,10.85,1.27
960,4,recover,pouncer,-15.16,12.64,1.05
961,1,recover,swarm,-14.49,11.54,1.58
961,2,recover,swarm,-16.30,11.23,0.83
961,3,recover,bruiser,-16.54,10.85,1.27
961,4,recover,pouncer,-15.16,12.64,1.05
962,1,recover,swarm,-14.49,11.54,1.58
962,2,recover,swarm,-16.30,11.23,0.83
962,3,recover,bruiser,-16.54,10.85,1.27
962,4,recover,pouncer,-15.16,12.64,1.05
963,1,recover,swarm,-14.49,11.54,1.58
963,2,recover,swarm,-16.30,11.23,0.83
963,3,recover,bruiser,-16.54,10.85,1.27
963,4,recover,pouncer,-15.16,12.64,1.05
964,1,recover,swarm,-14.49,11.54,1.58
964,2,recover,swarm,-16.30,11.23,0.83
964,3,recover,bruiser,-16.54,10.85,1.27
964,4,recover,pouncer,-15.16,12.64,1.05
965,1,recover,swarm,-14.49,11.54,1.58
965,2,recover,swarm,-16.30,11.23,0.83
965,3,recover,bruiser,-16.54,10.85,1.27
965,4,recover,pouncer,-15.16,12.64,1.05
966,1,recover,swarm,-14.49,11.54,1.58
966,2,recover,swarm,-16.30,11.23,0.83
966,3,recover,bruiser,-16.54,10.85,1.27
966,4,recover,pouncer,-15.16,12.64,1.05
967,1,recover,swarm,-14.49,11.54,1.58
967,2,recover,swarm,-16.30,11.23,0.83
967,3,recover,bruiser,-16.54,10.85,1.27
967,4,recover,pouncer,-15.16,12.64,1.05
968,1,recover,swarm,-14.49,11.54,1.58
968,2,recover,swarm,-16.30,11.23,0.83
968,3,recover,bruiser,-16.54,10.85,1.27
968,4,recover,pouncer,-15.16,12.64,1.05
969,1,recover,swarm,-14.49,11.54,1.58
969,2,recover,swarm,-16.30,11.23,0.83
969,3,recover,bruiser,-16.54,10.85,1.27
969,4,recover,pouncer,-15.16,12.64,1.05
970,1,recover,swarm,-14.49,11.54,1.58
970,2,recover,swarm,-16.30,11.23,0.83
970,3,recover,bruiser,-16.54,10.85,1.27
970,4,recover,pouncer,-15.16,12.64,1.05
971,1,recover,swarm,-14.49,11.54,1.58
971,2,recover,swarm,-16.30,11.23,0.83
971,3,recover,bruiser,-16.54,10.85,1.27
971,4,recover,pouncer,-15.16,12.64,1.05
972,1,recover,swarm,-14.49,11.54,1.58
972,2,recover,swarm,-16.30,11.23,0.83
972,3,recover,bruiser,-16.54,10.85,1.27
972,4,recover,pouncer,-15.16,12.64,1.05
973,1,recover,swarm,-14.49,11.54,1.58
973,2,recover,swarm,-16.30,11.23,0.83
973,3,recover,bruiser,-16.54,10.85,1.27
973,4,recover,pouncer,-15.16,12.64,1.05
974,1,recover,swarm,-14.49,11.54,1.58
974,2,recover,swarm,-16.30,11.23,0.83
974,3,recover,bruiser,-16.54,10.85,1.27
974,4,recover,pouncer,-15.16,12.64,1.05
975,1,recover,swarm,-14.49,11.54,1.58
975,2,recover,swarm,-16.30,11.23,0.83
975,3,recover,bruiser,-16.54,10.85,1.27
975,4,recover,pouncer,-15.16,12.64,1.05
976,1,recover,swarm,-14.49,11.54,1.58
976,2,recover,swarm,-16.30,11.23,0.83
976,3,recover,bruiser,-16.54,10.85,1.27
976,4,recover,pouncer,-15.16,12.64,1.05
977,1,recover,swarm,-14.49,11.54,1.58
977,2,recover,swarm,-16.30,11.23,0.83
977,3,recover,bruiser,-16.54,10.85,1.27
977,4,recover,pouncer,-15.16,12.64,1.05
978,1,recover,swarm,-14.49,11.54,1.58
978,2,recover,swarm,-16.30,11.23,0.83
978,3,recover,bruiser,-16.54,10.85,1.27
978,4,recover,pouncer,-15.16,12.64,1.05
979,1,recover,swarm,-14.49,11.54,1.58
979,2,recover,swarm,-16.30,11.23,0.83
979,3,recover,bruiser,-16.54,10.85,1.27
979,4,recover,pouncer,-15.16,12.64,1.05
980,1,chase,swarm,-14.49,11.54,1.58
980,2,chase,swarm,-16.30,11.23,0.83
980,3,advance,bruiser,-16.54,10.85,1.27
980,4,stalk,pouncer,-15.16,12.64,1.05
981,1,chase,swarm,-14.74,11.37,1.40
981,2,windup,swarm,-16.30,11.23,0.83
981,3,windup,bruiser,-16.54,10.85,1.27
981,4,crouch,pouncer,-15.16,12.83,1.18
982,1,windup,swarm,-14.74,11.37,1.40
982,2,windup,swarm,-16.30,11.23,0.83
982,3,windup,bruiser,-16.54,10.85,1.27
982,4,crouch,pouncer,-15.16,12.83,1.18
983,1,windup,swarm,-14.74,11.37,1.40
983,2,windup,swarm,-16.30,11.23,0.83
983,3,windup,bruiser,-16.54,10.85,1.27
983,4,crouch,pouncer,-15.16,12.83,1.18
984,1,windup,swarm,-14.74,11.37,1.40
984,2,windup,swarm,-16.30,11.23,0.83
984,3,windup,bruiser,-16.54,10.85,1.27
984,4,crouch,pouncer,-15.16,12.83,1.18
985,1,windup,swarm,-14.74,11.37,1.40
985,2,windup,swarm,-16.30,11.23,0.83
985,3,windup,bruiser,-16.54,10.85,1.27
985,4,crouch,pouncer,-15.16,12.83,1.18
986,1,windup,swarm,-14.74,11.37,1.40
986,2,windup,swarm,-16.30,11.23,0.83
986,3,windup,bruiser,-16.54,10.85,1.27
986,4,crouch,pouncer,-15.16,12.83,1.18
987,1,windup,swarm,-14.74,11.37,1.40
987,2,windup,swarm,-16.30,11.23,0.83
987,3,windup,bruiser,-16.54,10.85,1.27
987,4,crouch,pouncer,-15.16,12.83,1.18
988,1,windup,swarm,-14.74,11.37,1.40
988,2,windup,swarm,-16.30,11.23,0.83
988,3,windup,bruiser,-16.54,10.85,1.27
988,4,crouch,pouncer,-15.16,12.83,1.18
989,1,windup,swarm,-14.74,11.37,1.40
989,2,windup,swarm,-16.30,11.23,0.83
989,3,windup,bruiser,-16.54,10.85,1.27
989,4,crouch,pouncer,-15.16,12.83,1.18
990,1,windup,swarm,-14.74,11.37,1.40
990,2,strike,swarm,-16.30,11.23,0.83
990,3,windup,bruiser,-16.54,10.85,1.27
990,4,crouch,pouncer,-15.16,12.83,1.18
991,1,windup,swarm,-14.74,11.37,1.40
991,2,strike,swarm,-15.82,12.13,0.23
991,3,windup,bruiser,-16.54,10.85,1.27
991,4,crouch,pouncer,-15.16,12.83,1.18
992,1,strike,swarm,-14.74,11.37,1.40
992,2,strike,swarm,-15.83,12.18,0.25
992,3,windup,bruiser,-16.54,10.85,1.27
992,4,crouch,pouncer,-15.16,12.83,1.18
993,1,strike,swarm,-14.89,11.45,1.24
993,2,strike,swarm,-15.89,12.33,0.35
993,3,windup,bruiser,-16.54,10.85,1.27
993,4,crouch,pouncer,-15.16,12.83,1.18
994,1,strike,swarm,-14.94,11.47,1.18
994,2,strike,swarm,-15.92,12.38,0.39
994,3,windup,bruiser,-16.54,10.85,1.27
994,4,pounce,pouncer,-15.16,12.83,1.18
995,1,strike,swarm,-15.09,11.55,1.01
995,2,recover,swarm,-16.02,12.52,0.52
995,3,windup,bruiser,-16.54,10.85,1.27
995,4,pounce,pouncer,-15.16,12.57,1.02
996,1,strike,swarm,-15.16,11.54,0.96
996,2,recover,swarm,-16.02,12.52,0.52
996,3,windup,bruiser,-16.54,10.85,1.27
996,4,pounce,pouncer,-15.08,12.50,1.05
997,1,strike,swarm,-15.82,11.39,0.63
997,2,recover,swarm,-16.02,12.52,0.52
997,3,windup,bruiser,-16.54,10.85,1.27
997,4,pounce,pouncer,-14.33,11.83,1.68
998,1,strike,swarm,-15.84,11.46,0.56
998,2,recover,swarm,-16.02,12.52,0.52
998,3,windup,bruiser,-16.54,10.85,1.27
998,4,pounce,pouncer,-14.41,11.75,1.61
999,1,strike,swarm,-15.95,11.65,0.36
999,2,recover,swarm,-16.02,12.52,0.52
999,3,windup,bruiser,-16.54,10.85,1.27
999,4,pounce,pouncer,-14.63,11.52,1.45
1000,1,recover,swarm,-16.00,11.66,0.34
1000,2,recover,swarm,-16.02,12.52,0.52
1000,3,strike,bruiser,-16.54,10.85,1.27
1000,4,pounce,pouncer,-14.70,11.46,1.41
1001,1,recover,swarm,-16.00,11.66,0.34
1001,2,recover,swarm,-16.02,12.52,0.52
1001,3,strike,bruiser,-16.52,10.98,1.14
1001,4,pounce,pouncer,-14.87,11.29,1.33
1002,1,recover,swarm,-16.00,11.66,0.34
1002,2,recover,swarm,-16.02,12.52,0.52
1002,3,strike,bruiser,-16.54,11.02,1.12
1002,4,pounce,pouncer,-14.91,11.23,1.33
1003,1,recover,swarm,-16.00,11.66,0.34
1003,2,recover,swarm,-16.02,12.52,0.52
1003,3,strike,bruiser,-16.69,11.19,1.06
1003,4,pounce,pouncer,-15.12,10.87,1.43
1004,1,recover,swarm,-16.00,11.66,0.34
1004,2,recover,swarm,-16.02,12.52,0.52
1004,3,strike,bruiser,-16.72,11.23,1.06
1004,4,pounce,pouncer,-15.17,10.80,1.46
1005,1,recover,swarm,-16.00,11.66,0.34
1005,2,recover,swarm,-16.02,12.52,0.52
1005,3,strike,bruiser,-17.13,11.71,1.16
1005,4,pounce,pouncer,-15.80,9.86,2.15
1006,1,recover,swarm,-16.00,11.66,0.34
1006,2,recover,swarm,-16.02,12.52,0.52
1006,3,strike,bruiser,-17.02,12.96,1.40
1006,4,recover,pouncer,-17.41,8.28,3.97
1007,1,recover,swarm,-16.00,11.66,0.34
1007,2,recover,swarm,-16.02,12.52,0.52
1007,3,recover,bruiser,-17.01,13.16,1.54
1007,4,recover,pouncer,-17.41,8.28,3.97
1008,1,recover,swarm,-16.00,11.66,0.34
1008,2,chase,swarm,-16.02,12.52,0.52
1008,3,recover,bruiser,-17.01,13.16,1.54
1008,4,recover,pouncer,-17.41,8.28,3.97
1009,1,recover,swarm,-16.00,11.66,0.34
1009,2,windup,swarm,-16.02,12.52,0.52
1009,3,recover,bruiser,-17.01,13.16,1.54
1009,4,recover,pouncer,-17.41,8.28,3.97
1010,1,recover,swarm,-16.00,11.66,0.34
1010,2,windup,swarm,-16.02,12.52,0.52
1010,3,recover,bruiser,-17.01,13.16,1.54
1010,4,recover,pouncer,-17.41,8.28,3.97
1011,1,recover,swarm,-16.00,11.66,0.34
1011,2,windup,swarm,-16.02,12.52,0.52
1011,3,recover,bruiser,-17.01,13.16,1.54
1011,4,recover,pouncer,-17.41,8.28,3.97
1012,1,recover,swarm,-16.00,11.66,0.34
1012,2,windup,swarm,-16.02,12.52,0.52
1012,3,recover,bruiser,-17.01,13.16,1.54
1012,4,recover,pouncer,-17.41,8.28,3.97
1013,1,recover,swarm,-16.00,11.66,0.34
1013,2,windup,swarm,-16.02,12.52,0.52
1013,3,recover,bruiser,-17.01,13.16,1.54
1013,4,recover,pouncer,-17.41,8.28,3.97
1014,1,recover,swarm,-16.00,11.66,0.34
1014,2,windup,swarm,-16.02,12.52,0.52
1014,3,recover,bruiser,-17.01,13.16,1.54
1014,4,recover,pouncer,-17.41,8.28,3.97
1015,1,chase,swarm,-16.00,11.66,0.34
1015,2,strike,swarm,-16.02,12.52,0.52
1015,3,recover,bruiser,-17.01,13.16,1.54
1015,4,recover,pouncer,-17.41,8.28,3.97
1016,1,windup,swarm,-16.00,11.66,0.34
1016,2,strike,swarm,-15.98,12.47,0.47
1016,3,recover,bruiser,-17.01,13.16,1.54
1016,4,recover,pouncer,-17.41,8.28,3.97
1017,1,windup,swarm,-16.00,11.66,0.34
1017,2,strike,swarm,-15.79,12.37,0.43
1017,3,recover,bruiser,-17.01,13.16,1.54
1017,4,recover,pouncer,-17.41,8.28,3.97
1018,1,windup,swarm,-16.00,11.66,0.34
1018,2,strike,swarm,-15.72,12.39,0.48
1018,3,recover,bruiser,-17.01,13.16,1.54
1018,4,recover,pouncer,-17.41,8.28,3.97
1019,1,windup,swarm,-16.00,11.66,0.34
1019,2,strike,swarm,-15.50,12.37,0.62
1019,3,recover,bruiser,-17.01,13.16,1.54
1019,4,recover,pouncer,-17.41,8.28,3.97
1020,1,windup,swarm,-16.00,11.66,0.34
1020,2,strike,swarm,-15.23,12.22,0.80
1020,3,recover,bruiser,-17.01,13.16,1.54
1020,4,recover,pouncer,-17.41,8.28,3.97
1021,1,windup,swarm,-16.00,11.66,0.34
1021,2,strike,swarm,-15.18,12.17,0.84
1021,3,recover,bruiser,-17.01,13.16,1.54
1021,4,recover,pouncer,-17.41,8.28,3.97
1022,1,windup,swarm,-16.00,11.66,0.34
1022,2,strike,swarm,-15.14,12.12,0.87
1022,3,recover,bruiser,-17.01,13.16,1.54
1022,4,recover,pouncer,-17.41,8.28,3.97
1023,1,windup,swarm,-16.00,11.66,0.34
1023,2,strike,swarm,-14.98,11.94,1.02
1023,3,recover,bruiser,-17.01,13.16,1.54
1023,4,recover,pouncer,-17.41,8.28,3.97
1024,1,windup,swarm,-16.00,11.66,0.34
1024,2,recover,swarm,-14.94,11.88,1.06
1024,3,recover,bruiser,-17.01,13.16,1.54
1024,4,recover,pouncer,-17.41,8.28,3.97
1025,1,windup,swarm,-16.00,11.66,0.34
1025,2,recover,swarm,-14.94,11.88,1.06
1025,3,recover,bruiser,-17.01,13.16,1.54
1025,4,recover,pouncer,-17.41,8.28,3.97
1026,1,strike,swarm,-16.00,11.66,0.34
1026,2,recover,swarm,-14.94,11.88,1.06
1026,3,recover,bruiser,-17.01,13.16,1.54
1026,4,recover,pouncer,-17.41,8.28,3.97
1027,1,strike,swarm,-16.24,12.18,0.30
1027,2,recover,swarm,-14.94,11.88,1.06
1027,3,recover,bruiser,-17.01,13.16,1.54
1027,4,recover,pouncer,-17.41,8.28,3.97
1028,1,strike,swarm,-16.24,12.26,0.35
1028,2,recover,swarm,-14.94,11.88,1.06
1028,3,recover,bruiser,-17.01,13.16,1.54
1028,4,recover,pouncer,-17.41,8.28,3.97
1029,1,strike,swarm,-16.21,12.43,0.48
1029,2,recover,swarm,-14.94,11.88,1.06
1029,3,recover,bruiser,-17.01,13.16,1.54
1029,4,recover,pouncer,-17.41,8.28,3.97
1030,1,strike,swarm,-16.18,12.50,0.53
1030,2,recover,swarm,-14.94,11.88,1.06
1030,3,recover,bruiser,-17.01,13.16,1.54
1030,4,recover,pouncer,-17.41,8.28,3.97
1031,1,strike,swarm,-16.09,12.67,0.67
1031,2,recover,swarm,-14.94,11.88,1.06
1031,3,recover,bruiser,-17.01,13.16,1.54
1031,4,recover,pouncer,-17.41,8.28,3.97
1032,1,strike,swarm,-16.05,12.73,0.73
1032,2,recover,swarm,-14.94,11.88,1.06
1032,3,recover,bruiser,-17.01,13.16,1.54
1032,4,recover,pouncer,-17.41,8.28,3.97
1033,1,strike,swarm,-15.97,12.88,0.88
1033,2,recover,swarm,-14.94,11.88,1.06
1033,3,recover,bruiser,-17.01,13.16,1.54
1033,4,recover,pouncer,-17.41,8.28,3.97
1034,1,recover,swarm,-15.94,12.93,0.93
1034,2,recover,swarm,-14.94,11.88,1.06
1034,3,recover,bruiser,-17.01,13.16,1.54
1034,4,recover,pouncer,-17.41,8.28,3.97
1035,1,recover,swarm,-15.94,12.93,0.93
1035,2,recover,swarm,-14.94,11.88,1.06
1035,3,recover,bruiser,-17.01,13.16,1.54
1035,4,recover,pouncer,-17.41,8.28,3.97
1036,1,recover,swarm,-15.94,12.93,0.93
1036,2,recover,swarm,-14.94,11.88,1.06
1036,3,recover,bruiser,-17.01,13.16,1.54
1036,4,stalk,pouncer,-17.41,8.28,3.97
1037,1,recover,swarm,-15.94,12.93,0.93
1037,2,recover,swarm,-14.94,11.88,1.06
1037,3,recover,bruiser,-17.01,13.16,1.54
1037,4,crouch,pouncer,-17.35,8.23,4.01
1038,1,recover,swarm,-15.94,12.93,0.93
1038,2,recover,swarm,-14.94,11.88,1.06
1038,3,recover,bruiser,-17.01,13.16,1.54
1038,4,crouch,pouncer,-17.35,8.23,4.01
1039,1,recover,swarm,-15.94,12.93,0.93
1039,2,recover,swarm,-14.94,11.88,1.06
1039,3,recover,bruiser,-17.01,13.16,1.54
1039,4,crouch,pouncer,-17.35,8.23,4.01
1040,1,recover,swarm,-15.94,12.93,0.93
1040,2,recover,swarm,-14.94,11.88,1.06
1040,3,recover,bruiser,-17.01,13.16,1.54
1040,4,crouch,pouncer,-17.35,8.23,4.01
1041,1,recover,swarm,-15.94,12.93,0.93
1041,2,recover,swarm,-14.94,11.88,1.06
1041,3,recover,bruiser,-17.01,13.16,1.54
1041,4,crouch,pouncer,-17.35,8.23,4.01
1042,1,recover,swarm,-15.94,12.93,0.93
1042,2,recover,swarm,-14.94,11.88,1.06
1042,3,advance,bruiser,-17.01,13.16,1.54
1042,4,crouch,pouncer,-17.35,8.23,4.01
1043,1,recover,swarm,-15.94,12.93,0.93
1043,2,recover,swarm,-14.94,11.88,1.06
1043,3,windup,bruiser,-17.01,13.16,1.54
1043,4,crouch,pouncer,-17.35,8.23,4.01
1044,1,recover,swarm,-15.94,12.93,0.93
1044,2,recover,swarm,-14.94,11.88,1.06
1044,3,windup,bruiser,-17.01,13.16,1.54
1044,4,crouch,pouncer,-17.35,8.23,4.01
1045,1,recover,swarm,-15.94,12.93,0.93
1045,2,recover,swarm,-14.94,11.88,1.06
1045,3,windup,bruiser,-17.01,13.16,1.54
1045,4,crouch,pouncer,-17.35,8.23,4.01
1046,1,recover,swarm,-15.94,12.93,0.93
1046,2,recover,swarm,-14.94,11.88,1.06
1046,3,windup,bruiser,-17.01,13.16,1.54
1046,4,crouch,pouncer,-17.35,8.23,4.01
1047,1,recover,swarm,-15.94,12.93,0.93
1047,2,recover,swarm,-14.94,11.88,1.06
1047,3,windup,bruiser,-17.01,13.16,1.54
1047,4,crouch,pouncer,-17.35,8.23,4.01
1048,1,recover,swarm,-15.94,12.93,0.93
1048,2,recover,swarm,-14.94,11.88,1.06
1048,3,windup,bruiser,-17.01,13.16,1.54
1048,4,crouch,pouncer,-17.35,8.23,4.01
1049,1,recover,swarm,-15.94,12.93,0.93
1049,2,recover,swarm,-14.94,11.88,1.06
1049,3,windup,bruiser,-17.01,13.16,1.54
1049,4,crouch,pouncer,-17.35,8.23,4.01
1050,1,recover,swarm,-15.94,12.93,0.93
1050,2,recover,swarm,-14.94,11.88,1.06
1050,3,windup,bruiser,-17.01,13.16,1.54
1050,4,crouch,pouncer,-17.35,8.23,4.01
1051,1,recover,swarm,-15.94,12.93,0.93
1051,2,recover,swarm,-14.94,11.88,1.06
1051,3,windup,bruiser,-17.01,13.16,1.54
1051,4,crouch,pouncer,-17.35,8.23,4.01
1052,1,recover,swarm,-15.94,12.93,0.93
1052,2,chase,swarm,-14.94,11.88,1.06
1052,3,windup,bruiser,-17.01,13.16,1.54
1052,4,crouch,pouncer,-17.35,8.23,4.01
1053,1,recover,swarm,-15.94,12.93,0.93
1053,2,windup,swarm,-14.94,11.88,1.06
1053,3,windup,bruiser,-17.01,13.16,1.54
1053,4,pounce,pouncer,-17.35,8.23,4.01
1054,1,recover,swarm,-15.94,12.93,0.93
1054,2,windup,swarm,-14.94,11.88,1.06
1054,3,windup,bruiser,-17.01,13.16,1.54
1054,4,pounce,pouncer,-17.30,8.37,3.86
1055,1,recover,swarm,-15.94,12.93,0.93
1055,2,windup,swarm,-14.94,11.88,1.06
1055,3,windup,bruiser,-17.01,13.16,1.54
1055,4,pounce,pouncer,-17.18,8.70,3.51
1056,1,chase,swarm,-15.94,12.93,0.93
1056,2,windup,swarm,-14.94,11.88,1.06
1056,3,windup,bruiser,-17.01,13.16,1.54
1056,4,pounce,pouncer,-17.15,8.79,3.40
1057,1,windup,swarm,-15.94,12.93,0.93
1057,2,windup,swarm,-14.94,11.88,1.06
1057,3,windup,bruiser,-17.01,13.16,1.54
1057,4,pounce,pouncer,-17.03,9.11,3.06
1058,1,windup,swarm,-15.94,12.93,0.93
1058,2,strike,swarm,-14.94,11.88,1.06
1058,3,windup,bruiser,-17.01,13.16,1.54
1058,4,pounce,pouncer,-17.00,9.21,2.97
1059,1,windup,swarm,-15.94,12.93,0.93
1059,2,strike,swarm,-15.17,11.90,0.84
1059,3,windup,bruiser,-17.01,13.16,1.54
1059,4,pounce,pouncer,-16.88,9.53,2.63
1060,1,windup,swarm,-15.94,12.93,0.93
1060,2,strike,swarm,-15.30,11.91,0.71
1060,3,strike,bruiser,-17.01,13.16,1.54
1060,4,pounce,pouncer,-16.82,9.71,2.43
1061,1,windup,swarm,-15.94,12.93,0.93
1061,2,strike,swarm,-15.51,11.90,0.50
1061,3,strike,bruiser,-16.95,13.00,1.38
1061,4,pounce,pouncer,-16.71,10.01,2.12
1062,1,windup,swarm,-15.94,12.93,0.93
1062,2,strike,swarm,-15.59,11.88,0.43
1062,3,strike,bruiser,-16.94,12.93,1.33
1062,4,recover,pouncer,-16.67,10.12,1.99
1063,1,windup,swarm,-15.94,12.93,0.93
1063,2,strike,swarm,-15.88,11.79,0.24
1063,3,strike,bruiser,-16.92,12.68,1.15
1063,4,recover,pouncer,-16.67,10.12,1.99
1064,1,windup,swarm,-15.94,12.93,0.93
1064,2,strike,swarm,-16.08,11.75,0.26
1064,3,strike,bruiser,-16.91,12.51,1.04
1064,4,recover,pouncer,-16.67,10.12,1.99
1065,1,windup,swarm,-15.94,12.93,0.93
1065,2,strike,swarm,-16.45,11.58,0.62
1065,3,strike,bruiser,-16.94,12.17,0.95
1065,4,recover,pouncer,-16.67,10.12,1.99
1066,1,strike,swarm,-15.94,12.93,0.93
1066,2,recover,swarm,-16.54,11.39,0.81
1066,3,strike,bruiser,-17.11,12.18,1.13
1066,4,recover,pouncer,-16.67,10.12,1.99
1067,1,strike,swarm,-15.95,12.76,0.76
1067,2,recover,swarm,-16.54,11.39,0.81
1067,3,strike,bruiser,-17.00,12.09,1.01
1067,4,recover,pouncer,-16.67,10.12,1.99
1068,1,strike,swarm,-15.94,12.51,0.52
1068,2,recover,swarm,-16.54,11.39,0.81
1068,3,recover,bruiser,-16.86,11.95,0.86
1068,4,recover,pouncer,-16.67,10.12,1.99
1069,1,strike,swarm,-15.56,11.73,0.52
1069,2,recover,swarm,-16.54,11.39,0.81
1069,3,recover,bruiser,-16.86,11.95,0.86
1069,4,recover,pouncer,-16.67,10.12,1.99
1070,1,recover,swarm,-15.36,11.36,0.90
1070,2,recover,swarm,-16.54,11.39,0.81
1070,3,recover,bruiser,-16.86,11.95,0.86
1070,4,recover,pouncer,-16.67,10.12,1.99
1071,1,recover,swarm,-15.36,11.36,0.90
1071,2,recover,swarm,-16.54,11.39,0.81
1071,3,recover,bruiser,-16.86,11.95,0.86
1071,4,recover,pouncer,-16.67,10.12,1.99
1072,1,recover,swarm,-15.36,11.36,0.90
1072,2,recover,swarm,-16.54,11.39,0.81
1072,3,recover,bruiser,-16.86,11.95,0.86
1072,4,recover,pouncer,-16.67,10.12,1.99
1073,1,recover,swarm,-15.36,11.36,0.90
1073,2,recover,swarm,-16.54,11.39,0.81
1073,3,recover,bruiser,-16.86,11.95,0.86
1073,4,recover,pouncer,-16.67,10.12,1.99
1074,1,recover,swarm,-15.36,11.36,0.90
1074,2,recover,swarm,-16.54,11.39,0.81
1074,3,recover,bruiser,-16.86,11.95,0.86
1074,4,recover,pouncer,-16.67,10.12,1.99
1075,1,recover,swarm,-15.36,11.36,0.90
1075,2,recover,swarm,-16.54,11.39,0.81
1075,3,recover,bruiser,-16.86,11.95,0.86
1075,4,recover,pouncer,-16.67,10.12,1.99
1076,1,recover,swarm,-15.36,11.36,0.90
1076,2,recover,swarm,-16.54,11.39,0.81
1076,3,recover,bruiser,-16.86,11.95,0.86
1076,4,recover,pouncer,-16.67,10.12,1.99
1077,1,recover,swarm,-15.36,11.36,0.90
1077,2,recover,swarm,-16.54,11.39,0.81
1077,3,recover,bruiser,-16.86,11.95,0.86
1077,4,recover,pouncer,-16.67,10.12,1.99
1078,1,recover,swarm,-15.36,11.36,0.90
1078,2,recover,swarm,-16.54,11.39,0.81
1078,3,recover,bruiser,-16.86,11.95,0.86
1078,4,recover,pouncer,-16.67,10.12,1.99
1079,1,recover,swarm,-15.36,11.36,0.90
1079,2,recover,swarm,-16.54,11.39,0.81
1079,3,recover,bruiser,-16.86,11.95,0.86
1079,4,recover,pouncer,-16.67,10.12,1.99
1080,1,recover,swarm,-15.36,11.36,0.90
1080,2,recover,swarm,-16.54,11.39,0.81
1080,3,recover,bruiser,-16.86,11.95,0.86
1080,4,recover,pouncer,-16.67,10.12,1.99
1081,1,recover,swarm,-15.36,11.36,0.90
1081,2,recover,swarm,-16.54,11.39,0.81
1081,3,recover,bruiser,-16.86,11.95,0.86
1081,4,recover,pouncer,-16.67,10.12,1.99
1082,1,recover,swarm,-15.36,11.36,0.90
1082,2,recover,swarm,-16.54,11.39,0.81
1082,3,recover,bruiser,-16.86,11.95,0.86
1082,4,recover,pouncer,-16.67,10.12,1.99
1083,1,recover,swarm,-15.36,11.36,0.90
1083,2,recover,swarm,-16.54,11.39,0.81
1083,3,recover,bruiser,-16.86,11.95,0.86
1083,4,recover,pouncer,-16.67,10.12,1.99
1084,1,recover,swarm,-15.36,11.36,0.90
1084,2,recover,swarm,-16.54,11.39,0.81
1084,3,recover,bruiser,-16.86,11.95,0.86
1084,4,recover,pouncer,-16.67,10.12,1.99
1085,1,recover,swarm,-15.36,11.36,0.90
1085,2,chase,swarm,-16.54,11.39,0.81
1085,3,recover,bruiser,-16.86,11.95,0.86
1085,4,recover,pouncer,-16.67,10.12,1.99
1086,1,recover,swarm,-15.36,11.36,0.90
1086,2,windup,swarm,-16.54,11.39,0.81
1086,3,recover,bruiser,-16.86,11.95,0.86
1086,4,recover,pouncer,-16.67,10.12,1.99
1087,1,recover,swarm,-15.36,11.36,0.90
1087,2,windup,swarm,-16.54,11.39,0.81
1087,3,recover,bruiser,-16.86,11.95,0.86
1087,4,recover,pouncer,-16.67,10.12,1.99
1088,1,recover,swarm,-15.36,11.36,0.90
1088,2,windup,swarm,-16.54,11.39,0.81
1088,3,recover,bruiser,-16.86,11.95,0.86
1088,4,recover,pouncer,-16.67,10.12,1.99
1089,1,recover,swarm,-15.36,11.36,0.90
1089,2,windup,swarm,-16.54,11.39,0.81
1089,3,recover,bruiser,-16.86,11.95,0.86
1089,4,recover,pouncer,-16.67,10.12,1.99
1090,1,recover,swarm,-15.36,11.36,0.90
1090,2,windup,swarm,-16.54,11.39,0.81
1090,3,recover,bruiser,-16.86,11.95,0.86
1090,4,recover,pouncer,-16.67,10.12,1.99
1091,1,recover,swarm,-15.36,11.36,0.90
1091,2,windup,swarm,-16.54,11.39,0.81
1091,3,recover,bruiser,-16.86,11.95,0.86
1091,4,recover,pouncer,-16.67,10.12,1.99
1092,1,recover,swarm,-15.36,11.36,0.90
1092,2,windup,swarm,-16.54,11.39,0.81
1092,3,recover,bruiser,-16.86,11.95,0.86
1092,4,recover,pouncer,-16.67,10.12,1.99
1093,1,recover,swarm,-15.36,11.36,0.90
1093,2,windup,swarm,-16.54,11.39,0.81
1093,3,recover,bruiser,-16.86,11.95,0.86
1093,4,recover,pouncer,-16.67,10.12,1.99
1094,1,chase,swarm,-15.36,11.36,0.90
1094,2,strike,swarm,-16.54,11.39,0.81
1094,3,recover,bruiser,-16.86,11.95,0.86
1094,4,recover,pouncer,-16.67,10.12,1.99
1095,1,windup,swarm,-15.36,11.36,0.90
1095,2,strike,swarm,-16.41,11.35,0.77
1095,3,recover,bruiser,-16.86,11.95,0.86
1095,4,stalk,pouncer,-16.67,10.12,1.99
1096,1,windup,swarm,-15.36,11.36,0.90
1096,2,strike,swarm,-16.14,11.33,0.68
1096,3,recover,bruiser,-16.86,11.95,0.86
1096,4,crouch,pouncer,-16.79,10.08,2.07
1097,1,windup,swarm,-15.36,11.36,0.90
1097,2,strike,swarm,-16.08,11.43,0.58
1097,3,recover,bruiser,-16.86,11.95,0.86
1097,4,crouch,pouncer,-16.79,10.08,2.07
1098,1,windup,swarm,-15.36,11.36,0.90
1098,2,strike,swarm,-16.00,11.76,0.24
1098,3,recover,bruiser,-16.86,11.95,0.86
1098,4,crouch,pouncer,-16.79,10.08,2.07
1099,1,windup,swarm,-15.36,11.36,0.90
1099,2,strike,swarm,-15.90,11.97,0.11
1099,3,advance,bruiser,-16.86,11.95,0.86
1099,4,crouch,pouncer,-16.79,10.08,2.07
1100,1,windup,swarm,-15.36,11.36,0.90
1100,2,recover,swarm,-15.76,12.27,0.36
1100,3,windup,bruiser,-16.86,11.95,0.86
1100,4,crouch,pouncer,-16.79,10.08,2.07
1101,1,windup,swarm,-15.36,11.36,0.90
1101,2,recover,swarm,-15.76,12.27,0.36
1101,3,windup,bruiser,-16.86,11.95,0.86
1101,4,crouch,pouncer,-16.79,10.08,2.07
1102,1,strike,swarm,-15.36,11.36,0.90
1102,2,recover,swarm,-15.76,12.27,0.36
1102,3,windup,bruiser,-16.86,11.95,0.86
1102,4,crouch,pouncer,-16.79,10.08,2.07
1103,1,strike,swarm,-15.53,11.41,0.75
1103,2,recover,swarm,-15.76,12.27,0.36
1103,3,windup,bruiser,-16.86,11.95,0.86
1103,4,crouch,pouncer,-16.79,10.08,2.07
1104,1,strike,swarm,-15.62,11.40,0.71
1104,2,recover,swarm,-15.76,12.27,0.36
1104,3,windup,bruiser,-16.86,11.95,0.86
1104,4,crouch,pouncer,-16.79,10.08,2.07
1105,1,strike,swarm,-15.97,11.33,0.67
1105,2,recover,swarm,-15.76,12.27,0.36
1105,3,windup,bruiser,-16.86,11.95,0.86
1105,4,crouch,pouncer,-16.79,10.08,2.07
1106,1,strike,swarm,-16.20,11.24,0.79
1106,2,recover,swarm,-15.76,12.27,0.36
1106,3,windup,bruiser,-16.86,11.95,0.86
1106,4,crouch,pouncer,-16.79,10.08,2.07
1107,1,strike,swarm,-16.40,11.19,0.91
1107,2,recover,swarm,-15.76,12.27,0.36
1107,3,windup,bruiser,-16.86,11.95,0.86
1107,4,crouch,pouncer,-16.79,10.08,2.07
1108,1,strike,swarm,-16.53,11.28,0.90
1108,2,recover,swarm,-15.76,12.27,0.36
1108,3,windup,bruiser,-16.86,11.95,0.86
1108,4,crouch,pouncer,-16.79,10.08,2.07
1109,1,recover,swarm,-16.82,11.03,1.27
1109,2,recover,swarm,-15.76,12.27,0.36
1109,3,windup,bruiser,-16.86,11.95,0.86
1109,4,pounce,pouncer,-16.79,10.08,2.07
1110,1,recover,swarm,-16.82,11.03,1.27
1110,2,recover,swarm,-15.76,12.27,0.36
1110,3,windup,bruiser,-16.86,11.95,0.86
1110,4,pounce,pouncer,-16.52,10.22,1.85
1111,1,recover,swarm,-16.82,11.03,1.27
1111,2,recover,swarm,-15.76,12.27,0.36
1111,3,windup,bruiser,-16.86,11.95,0.86
1111,4,pounce,pouncer,-16.29,10.26,1.77
1112,1,recover,swarm,-16.82,11.03,1.27
1112,2,recover,swarm,-15.76,12.27,0.36
1112,3,windup,bruiser,-16.86,11.95,0.86
1112,4,pounce,pouncer,-15.94,10.40,1.60
1113,1,recover,swarm,-16.82,11.03,1.27
1113,2,recover,swarm,-15.76,12.27,0.36
1113,3,windup,bruiser,-16.86,11.95,0.86
1113,4,pounce,pouncer,-15.71,10.61,1.42
1114,1,recover,swarm,-16.82,11.03,1.27
1114,2,recover,swarm,-15.76,12.27,0.36
1114,3,windup,bruiser,-16.86,11.95,0.86
1114,4,pounce,pouncer,-15.47,10.95,1.17
1115,1,recover,swarm,-16.82,11.03,1.27
1115,2,recover,swarm,-15.76,12.27,0.36
1115,3,windup,bruiser,-16.86,11.95,0.86
1115,4,pounce,pouncer,-15.40,11.12,1.07
1116,1,recover,swarm,-16.82,11.03,1.27
1116,2,recover,swarm,-15.76,12.27,0.36
1116,3,windup,bruiser,-16.86,11.95,0.86
1116,4,pounce,pouncer,-15.24,11.39,0.97
1117,1,recover,swarm,-16.82,11.03,1.27
1117,2,recover,swarm,-15.76,12.27,0.36
1117,3,windup,bruiser,-16.86,11.95,0.86
1117,4,pounce,pouncer,-14.91,11.61,1.15
1118,1,recover,swarm,-16.82,11.03,1.27
1118,2,recover,swarm,-15.76,12.27,0.36
1118,3,strike,bruiser,-16.86,11.95,0.86
1118,4,pounce,pouncer,-14.68,11.82,1.33
1119,1,recover,swarm,-16.82,11.03,1.27
1119,2,recover,swarm,-15.76,12.27,0.36
1119,3,strike,bruiser,-16.79,12.02,0.79
1119,4,recover,pouncer,-14.58,11.95,1.42
1120,1,recover,swarm,-16.82,11.03,1.27
1120,2,chase,swarm,-15.76,12.27,0.36
1120,3,strike,bruiser,-16.65,12.16,0.67
1120,4,recover,pouncer,-14.58,11.95,1.42
1121,1,recover,swarm,-16.82,11.03,1.27
1121,2,windup,swarm,-15.76,12.27,0.36
1121,3,strike,bruiser,-16.46,12.36,0.59
1121,4,recover,pouncer,-14.58,11.95,1.42
1122,1,recover,swarm,-16.82,11.03,1.27
1122,2,windup,swarm,-15.76,12.27,0.36
1122,3,strike,bruiser,-16.65,12.58,0.87
1122,4,recover,pouncer,-14.58,11.95,1.42
1123,1,recover,swarm,-16.82,11.03,1.27
1123,2,windup,swarm,-15.76,12.27,0.36
1123,3,strike,bruiser,-16.49,12.73,0.87
1123,4,recover,pouncer,-14.58,11.95,1.42
1124,1,recover,swarm,-16.82,11.03,1.27
1124,2,windup,swarm,-15.76,12.27,0.36
1124,3,strike,bruiser,-16.40,12.90,0.99
1124,4,recover,pouncer,-14.58,11.95,1.42
1125,1,recover,swarm,-16.82,11.03,1.27
1125,2,windup,swarm,-15.76,12.27,0.36
1125,3,recover,bruiser,-16.31,13.04,1.08
1125,4,recover,pouncer,-14.58,11.95,1.42
1126,1,recover,swarm,-16.82,11.03,1.27
1126,2,windup,swarm,-15.76,12.27,0.36
1126,3,recover,bruiser,-16.31,13.04,1.08
1126,4,recover,pouncer,-14.58,11.95,1.42
1127,1,recover,swarm,-16.82,11.03,1.27
1127,2,strike,swarm,-15.76,12.27,0.36
1127,3,recover,bruiser,-16.31,13.04,1.08
1127,4,recover,pouncer,-14.58,11.95,1.42
1128,1,chase,swarm,-16.82,11.03,1.27
1128,2,strike,swarm,-15.85,11.98,0.15
1128,3,recover,bruiser,-16.31,13.04,1.08
1128,4,recover,pouncer,-14.58,11.95,1.42
1129,1,windup,swarm,-16.82,11.03,1.27
1129,2,strike,swarm,-15.98,11.76,0.24
1129,3,recover,bruiser,-16.31,13.04,1.08
1129,4,recover,pouncer,-14.58,11.95,1.42
1130,1,windup,swarm,-16.82,11.03,1.27
1130,2,strike,swarm,-16.17,11.50,0.52
1130,3,recover,bruiser,-16.31,13.04,1.08
1130,4,recover,pouncer,-14.58,11.95,1.42
1131,1,windup,swarm,-16.82,11.03,1.27
1131,2,recover,swarm,-15.95,11.23,0.77
1131,3,recover,bruiser,-16.31,13.04,1.08
1131,4,recover,pouncer,-14.58,11.95,1.42
1132,1,windup,swarm,-16.82,11.03,1.27
1132,2,recover,swarm,-15.95,11.23,0.77
1132,3,recover,bruiser,-16.31,13.04,1.08
1132,4,recover,pouncer,-14.58,11.95,1.42
1133,1,windup,swarm,-16.82,11.03,1.27
1133,2,recover,swarm,-15.95,11.23,0.77
1133,3,recover,bruiser,-16.31,13.04,1.08
1133,4,recover,pouncer,-14.58,11.95,1.42
1134,1,strike,swarm,-16.82,11.03,1.27
1134,2,recover,swarm,-15.95,11.23,0.77
1134,3,recover,bruiser,-16.31,13.04,1.08
1134,4,recover,pouncer,-14.58,11.95,1.42
1135,1,strike,swarm,-16.94,11.51,1.06
1135,2,recover,swarm,-15.95,11.23,0.77
1135,3,recover,bruiser,-16.31,13.04,1.08
1135,4,recover,pouncer,-14.58,11.95,1.42
1136,1,strike,swarm,-16.88,11.91,0.89
1136,2,recover,swarm,-15.95,11.23,0.77
1136,3,recover,bruiser,-16.31,13.04,1.08
1136,4,recover,pouncer,-14.58,11.95,1.42
1137,1,strike,swarm,-16.81,12.08,0.81
1137,2,recover,swarm,-15.95,11.23,0.77
1137,3,recover,bruiser,-16.31,13.04,1.08
1137,4,recover,pouncer,-14.58,11.95,1.42
1138,1,strike,swarm,-16.56,12.47,0.73
1138,2,recover,swarm,-15.95,11.23,0.77
1138,3,recover,bruiser,-16.31,13.04,1.08
1138,4,recover,pouncer,-14.58,11.95,1.42
1139,1,recover,swarm,-16.43,11.86,0.45
1139,2,recover,swarm,-15.95,11.23,0.77
1139,3,recover,bruiser,-16.31,13.04,1.08
1139,4,recover,pouncer,-14.58,11.95,1.42
1140,1,recover,swarm,-16.43,11.86,0.45
1140,2,recover,swarm,-15.95,11.23,0.77
1140,3,recover,bruiser,-16.31,13.04,1.08
1140,4,recover,pouncer,-14.58,11.95,1.42
1141,1,recover,swarm,-16.43,11.86,0.45
1141,2,recover,swarm,-15.95,11.23,0.77
1141,3,recover,bruiser,-16.31,13.04,1.08
1141,4,recover,pouncer,-14.58,11.95,1.42
1142,1,recover,swarm,-16.43,11.86,0.45
1142,2,recover,swarm,-15.95,11.23,0.77
1142,3,recover,bruiser,-16.31,13.04,1.08
1142,4,recover,pouncer,-14.58,11.95,1.42
1143,1,recover,swarm,-16.43,11.86,0.45
1143,2,recover,swarm,-15.95,11.23,0.77
1143,3,recover,bruiser,-16.31,13.04,1.08
1143,4,stalk,pouncer,-14.58,11.95,1.42
1144,1,recover,swarm,-16.43,11.86,0.45
1144,2,chase,swarm,-15.95,11.23,0.77
1144,3,recover,bruiser,-16.31,13.04,1.08
1144,4,crouch,pouncer,-14.51,11.86,1.49
1145,1,recover,swarm,-16.43,11.86,0.45
1145,2,windup,swarm,-15.95,11.23,0.77
1145,3,recover,bruiser,-16.31,13.04,1.08
1145,4,crouch,pouncer,-14.51,11.86,1.49
1146,1,recover,swarm,-16.43,11.86,0.45
1146,2,windup,swarm,-15.95,11.23,0.77
1146,3,advance,bruiser,-16.31,13.04,1.08
1146,4,crouch,pouncer,-14.51,11.86,1.49
1147,1,recover,swarm,-16.43,11.86,0.45
1147,2,windup,swarm,-15.95,11.23,0.77
1147,3,windup,bruiser,-16.31,13.04,1.08
1147,4,crouch,pouncer,-14.51,11.86,1.49
1148,1,recover,swarm,-16.43,11.86,0.45
1148,2,windup,swarm,-15.95,11.23,0.77
1148,3,windup,bruiser,-16.31,13.04,1.08
1148,4,crouch,pouncer,-14.51,11.86,1.49
1149,1,recover,swarm,-16.43,11.86,0.45
1149,2,windup,swarm,-15.95,11.23,0.77
1149,3,windup,bruiser,-16.31,13.04,1.08
1149,4,crouch,pouncer,-14.51,11.86,1.49
1150,1,recover,swarm,-16.43,11.86,0.45
1150,2,strike,swarm,-15.95,11.23,0.77
1150,3,windup,bruiser,-16.31,13.04,1.08
1150,4,crouch,pouncer,-14.51,11.86,1.49
1151,1,recover,swarm,-16.43,11.86,0.45
1151,2,strike,swarm,-15.75,11.30,0.74
1151,3,windup,bruiser,-16.31,13.04,1.08
1151,4,crouch,pouncer,-14.51,11.86,1.49
1152,1,chase,swarm,-16.43,11.86,0.45
1152,2,strike,swarm,-15.56,11.46,0.70
1152,3,windup,bruiser,-16.31,13.04,1.08
1152,4,crouch,pouncer,-14.51,11.86,1.49
1153,1,windup,swarm,-16.43,11.86,0.45
1153,2,strike,swarm,-15.36,11.99,0.64
1153,3,windup,bruiser,-16.31,13.04,1.08
1153,4,pounce,pouncer,-14.51,11.86,1.49
1154,1,windup,swarm,-16.43,11.86,0.45
1154,2,recover,swarm,-15.45,12.20,0.58
1154,3,windup,bruiser,-16.31,13.04,1.08
1154,4,pounce,pouncer,-14.85,11.77,1.18
1155,1,windup,swarm,-16.43,11.86,0.45
1155,2,recover,swarm,-15.45,12.20,0.58
1155,3,windup,bruiser,-16.31,13.04,1.08
1155,4,pounce,pouncer,-14.93,11.19,1.34
1156,1,windup,swarm,-16.43,11.86,0.45
1156,2,recover,swarm,-15.45,12.20,0.58
1156,3,windup,bruiser,-16.31,13.04,1.08
1156,4,pounce,pouncer,-15.56,11.04,1.06
1157,1,strike,swarm,-16.43,11.86,0.45
1157,2,recover,swarm,-15.45,12.20,0.58
1157,3,windup,bruiser,-16.31,13.04,1.08
1157,4,pounce,pouncer,-15.84,10.94,1.07
1158,1,strike,swarm,-16.21,12.11,0.24
1158,2,recover,swarm,-15.45,12.20,0.58
1158,3,windup,bruiser,-16.31,13.04,1.08
1158,4,pounce,pouncer,-16.31,10.79,1.25
1159,1,strike,swarm,-16.22,11.96,0.22
1159,2,recover,swarm,-15.45,12.20,0.58
1159,3,strike,bruiser,-16.31,13.04,1.08
1159,4,recover,pouncer,-16.53,10.81,1.30
1160,1,strike,swarm,-16.08,11.65,0.36
1160,2,recover,swarm,-15.45,12.20,0.58
1160,3,strike,bruiser,-16.23,12.77,0.80
1160,4,recover,pouncer,-16.53,10.81,1.30
1161,1,strike,swarm,-15.90,11.64,0.38
1161,2,recover,swarm,-15.45,12.20,0.58
1161,3,strike,bruiser,-16.35,12.68,0.77
1161,4,recover,pouncer,-16.53,10.81,1.30
1162,1,strike,swarm,-15.72,11.51,0.56
1162,2,recover,swarm,-15.45,12.20,0.58
1162,3,strike,bruiser,-16.47,12.54,0.72
1162,4,recover,pouncer,-16.53,10.81,1.30
1163,1,recover,swarm,-15.50,11.40,0.78
1163,2,recover,swarm,-15.45,12.20,0.58
1163,3,strike,bruiser,-16.52,12.34,0.62
1163,4,recover,pouncer,-16.53,10.81,1.30
1164,1,recover,swarm,-15.50,11.40,0.78
1164,2,recover,swarm,-15.45,12.20,0.58
1164,3,strike,bruiser,-16.57,12.03,0.57
1164,4,recover,pouncer,-16.53,10.81,1.30
1165,1,recover,swarm,-15.50,11.40,0.78
1165,2,recover,swarm,-15.45,12.20,0.58
1165,3,strike,bruiser,-16.61,11.82,0.64
1165,4,recover,pouncer,-16.53,10.81,1.30
1166,1,recover,swarm,-15.50,11.40,0.78
1166,2,recover,swarm,-15.45,12.20,0.58
1166,3,recover,bruiser,-16.71,11.54,0.84
1166,4,recover,pouncer,-16.53,10.81,1.30
1167,1,recover,swarm,-15.50,11.40,0.78
1167,2,recover,swarm,-15.45,12.20,0.58
1167,3,recover,bruiser,-16.71,11.54,0.84
1167,4,recover,pouncer,-16.53,10.81,1.30
1168,1,recover,swarm,-15.50,11.40,0.78
1168,2,recover,swarm,-15.45,12.20,0.58
1168,3,recover,bruiser,-16.71,11.54,0.84
1168,4,recover,pouncer,-16.53,10.81,1.30
1169,1,recover,swarm,-15.50,11.40,0.78
1169,2,chase,swarm,-15.45,12.20,0.58
1169,3,recover,bruiser,-16.71,11.54,0.84
1169,4,recover,pouncer,-16.53,10.81,1.30
1170,1,recover,swarm,-15.50,11.40,0.78
1170,2,windup,swarm,-15.45,12.20,0.58
1170,3,recover,bruiser,-16.71,11.54,0.84
1170,4,recover,pouncer,-16.53,10.81,1.30
1171,1,recover,swarm,-15.50,11.40,0.78
1171,2,windup,swarm,-15.45,12.20,0.58
1171,3,recover,bruiser,-16.71,11.54,0.84
1171,4,recover,pouncer,-16.53,10.81,1.30
1172,1,recover,swarm,-15.50,11.40,0.78
1172,2,windup,swarm,-15.45,12.20,0.58
1172,3,recover,bruiser,-16.71,11.54,0.84
1172,4,recover,pouncer,-16.53,10.81,1.30
1173,1,recover,swarm,-15.50,11.40,0.78
1173,2,windup,swarm,-15.45,12.20,0.58
1173,3,recover,bruiser,-16.71,11.54,0.84
1173,4,recover,pouncer,-16.53,10.81,1.30
1174,1,recover,swarm,-15.50,11.40,0.78
1174,2,windup,swarm,-15.45,12.20,0.58
1174,3,recover,bruiser,-16.71,11.54,0.84
1174,4,recover,pouncer,-16.53,10.81,1.30
1175,1,recover,swarm,-15.50,11.40,0.78
1175,2,windup,swarm,-15.45,12.20,0.58
1175,3,recover,bruiser,-16.71,11.54,0.84
1175,4,recover,pouncer,-16.53,10.81,1.30
1176,1,recover,swarm,-15.50,11.40,0.78
1176,2,strike,swarm,-15.45,12.20,0.58
1176,3,recover,bruiser,-16.71,11.54,0.84
1176,4,recover,pouncer,-16.53,10.81,1.30
1177,1,recover,swarm,-15.50,11.40,0.78
1177,2,strike,swarm,-15.70,12.39,0.49
1177,3,recover,bruiser,-16.71,11.54,0.84
1177,4,recover,pouncer,-16.53,10.81,1.30
1178,1,chase,swarm,-15.50,11.40,0.78
1178,2,strike,swarm,-15.84,12.42,0.44
1178,3,recover,bruiser,-16.71,11.54,0.84
1178,4,recover,pouncer,-16.53,10.81,1.30
1179,1,windup,swarm,-15.50,11.40,0.78
1179,2,strike,swarm,-16.19,12.48,0.52
1179,3,recover,bruiser,-16.71,11.54,0.84
1179,4,recover,pouncer,-16.53,10.81,1.30
1180,1,windup,swarm,-15.50,11.40,0.78
1180,2,strike,swarm,-16.39,12.50,0.64
1180,3,recover,bruiser,-16.71,11.54,0.84
1180,4,recover,pouncer,-16.53,10.81,1.30
1181,1,windup,swarm,-15.50,11.40,0.78
1181,2,strike,swarm,-16.77,12.60,0.98
1181,3,recover,bruiser,-16.71,11.54,0.84
1181,4,recover,pouncer,-16.53,10.81,1.30
1182,1,windup,swarm,-15.50,11.40,0.78
1182,2,recover,swarm,-17.06,12.64,1.24
1182,3,recover,bruiser,-16.71,11.54,0.84
1182,4,recover,pouncer,-16.53,10.81,1.30
1183,1,windup,swarm,-15.50,11.40,0.78
1183,2,recover,swarm,-17.06,12.64,1.24
1183,3,recover,bruiser,-16.71,11.54,0.84
1183,4,recover,pouncer,-16.53,10.81,1.30
1184,1,strike,swarm,-15.50,11.40,0.78
1184,2,recover,swarm,-17.06,12.64,1.24
1184,3,recover,bruiser,-16.71,11.54,0.84
1184,4,recover,pouncer,-16.53,10.81,1.30
1185,1,strike,swarm,-15.60,11.71,0.49
1185,2,recover,swarm,-17.06,12.64,1.24
1185,3,recover,bruiser,-16.71,11.54,0.84
1185,4,recover,pouncer,-16.53,10.81,1.30
1186,1,strike,swarm,-15.66,11.90,0.35
1186,2,recover,swarm,-17.06,12.64,1.24
1186,3,recover,bruiser,-16.71,11.54,0.84
1186,4,stalk,pouncer,-16.53,10.81,1.30
1187,1,strike,swarm,-15.74,12.15,0.30
1187,2,recover,swarm,-17.06,12.64,1.24
1187,3,recover,bruiser,-16.71,11.54,0.84
1187,4,crouch,pouncer,-16.48,10.70,1.39
1188,1,strike,swarm,-15.81,12.34,0.39
1188,2,recover,swarm,-17.06,12.64,1.24
1188,3,recover,bruiser,-16.71,11.54,0.84
1188,4,crouch,pouncer,-16.48,10.70,1.39
1189,1,strike,swarm,-16.01,12.74,0.74
1189,2,recover,swarm,-17.06,12.64,1.24
1189,3,recover,bruiser,-16.71,11.54,0.84
1189,4,crouch,pouncer,-16.48,10.70,1.39
1190,1,recover,swarm,-16.04,12.91,0.91
1190,2,recover,swarm,-17.06,12.64,1.24
1190,3,advance,bruiser,-16.71,11.54,0.84
1190,4,crouch,pouncer,-16.48,10.70,1.39
1191,1,recover,swarm,-16.04,12.91,0.91
1191,2,recover,swarm,-17.06,12.64,1.24
1191,3,windup,bruiser,-16.71,11.54,0.84
1191,4,crouch,pouncer,-16.48,10.70,1.39
1192,1,recover,swarm,-16.04,12.91,0.91
1192,2,recover,swarm,-17.06,12.64,1.24
1192,3,windup,bruiser,-16.71,11.54,0.84
1192,4,crouch,pouncer,-16.48,10.70,1.39
1193,1,recover,swarm,-16.04,12.91,0.91
1193,2,recover,swarm,-17.06,12.64,1.24
1193,3,windup,bruiser,-16.71,11.54,0.84
1193,4,crouch,pouncer,-16.48,10.70,1.39
1194,1,recover,swarm,-16.04,12.91,0.91
1194,2,recover,swarm,-17.06,12.64,1.24
1194,3,windup,bruiser,-16.71,11.54,0.84
1194,4,crouch,pouncer,-16.48,10.70,1.39
1195,1,recover,swarm,-16.04,12.91,0.91
1195,2,recover,swarm,-17.06,12.64,1.24
1195,3,windup,bruiser,-16.71,11.54,0.84
1195,4,crouch,pouncer,-16.48,10.70,1.39
1196,1,recover,swarm,-16.04,12.91,0.91
1196,2,recover,swarm,-17.06,12.64,1.24
1196,3,windup,bruiser,-16.71,11.54,0.84
1196,4,crouch,pouncer,-16.48,10.70,1.39
1197,1,recover,swarm,-16.04,12.91,0.91
1197,2,recover,swarm,-17.06,12.64,1.24
1197,3,windup,bruiser,-16.71,11.54,0.84
1197,4,crouch,pouncer,-16.48,10.70,1.39
1198,1,recover,swarm,-16.04,12.91,0.91
1198,2,recover,swarm,-17.06,12.64,1.24
1198,3,windup,bruiser,-16.71,11.54,0.84
1198,4,pounce,pouncer,-16.48,10.70,1.39
1199,1,recover,swarm,-16.04,12.91,0.91
1199,2,recover,swarm,-17.06,12.64,1.24
1199,3,windup,bruiser,-16.71,11.54,0.84
1199,4,pounce,pouncer,-16.06,10.78,1.22
1200,1,recover,swarm,-16.04,12.91,0.91
1200,2,chase,swarm,-17.06,12.64,1.24
1200,3,windup,bruiser,-16.71,11.54,0.84
1200,4,pounce,pouncer,-15.88,10.90,1.11
1201,1,recover,swarm,-16.04,12.91,0.91
1201,2,windup,swarm,-17.06,12.64,1.24
1201,3,windup,bruiser,-16.71,11.54,0.84
1201,4,pounce,pouncer,-14.97,11.67,1.09
1202,1,recover,swarm,-16.04,12.91,0.91
1202,2,windup,swarm,-17.06,12.64,1.24
1202,3,windup,bruiser,-16.71,11.54,0.84
1202,4,pounce,pouncer,-14.94,11.75,1.09
1203,1,recover,swarm,-16.04,12.91,0.91
1203,2,windup,swarm,-17.06,12.64,1.24
1203,3,windup,bruiser,-16.71,11.54,0.84
1203,4,pounce,pouncer,-14.15,13.86,2.62
1204,1,chase,swarm,-16.04,12.91,0.91
1204,2,strike,swarm,-17.06,12.64,1.24
1204,3,strike,bruiser,-16.71,11.54,0.84
1204,4,recover,pouncer,-14.10,13.98,2.74
1205,1,windup,swarm,-16.04,12.91,0.91
1205,2,strike,swarm,-16.85,12.37,0.92
1205,3,strike,bruiser,-16.43,11.62,0.57
1205,4,recover,pouncer,-14.10,13.98,2.74
1206,1,windup,swarm,-16.04,12.91,0.91
1206,2,strike,swarm,-16.93,12.30,0.97
1206,3,strike,bruiser,-16.34,11.61,0.52
1206,4,recover,pouncer,-14.10,13.98,2.74
1207,1,windup,swarm,-16.04,12.91,0.91
1207,2,strike,swarm,-16.96,12.04,0.97
1207,3,strike,bruiser,-16.13,11.60,0.42
1207,4,recover,pouncer,-14.10,13.98,2.74
1208,1,windup,swarm,-16.04,12.91,0.91
1208,2,strike,swarm,-16.89,11.94,0.89
1208,3,strike,bruiser,-16.02,11.61,0.39
1208,4,recover,pouncer,-14.10,13.98,2.74
1209,1,windup,swarm,-16.04,12.91,0.91
1209,2,strike,swarm,-16.79,11.74,0.83
1209,3,strike,bruiser,-15.83,11.65,0.39
1209,4,recover,pouncer,-14.10,13.98,2.74
1210,1,windup,swarm,-16.04,12.91,0.91
1210,2,strike,swarm,-16.74,11.62,0.83
1210,3,strike,bruiser,-15.74,11.67,0.42
1210,4,recover,pouncer,-14.10,13.98,2.74
1211,1,windup,swarm,-16.04,12.91,0.91
1211,2,strike,swarm,-16.60,11.32,0.90
1211,3,strike,bruiser,-15.48,11.77,0.57
1211,4,recover,pouncer,-14.10,13.98,2.74
1212,1,strike,swarm,-16.04,12.91,0.91
1212,2,recover,swarm,-16.48,11.22,0.92
1212,3,strike,bruiser,-15.36,11.83,0.66
1212,4,recover,pouncer,-14.10,13.98,2.74
1213,1,strike,swarm,-16.04,12.67,0.68
1213,2,recover,swarm,-16.48,11.22,0.92
1213,3,recover,bruiser,-15.19,11.93,0.81
1213,4,recover,pouncer,-14.10,13.98,2.74
1214,1,strike,swarm,-16.08,12.51,0.52
1214,2,recover,swarm,-16.48,11.22,0.92
1214,3,recover,bruiser,-15.19,11.93,0.81
1214,4,recover,pouncer,-14.10,13.98,2.74
1215,1,strike,swarm,-16.15,12.38,0.40
1215,2,recover,swarm,-16.48,11.22,0.92
1215,3,recover,bruiser,-15.19,11.93,0.81
1215,4,recover,pouncer,-14.10,13.98,2.74
1216,1,strike,swarm,-16.18,12.31,0.36
1216,2,recover,swarm,-16.48,11.22,0.92
1216,3,recover,bruiser,-15.19,11.93,0.81
1216,4,recover,pouncer,-14.10,13.98,2.74
1217,1,strike,swarm,-16.34,12.06,0.34
1217,2,recover,swarm,-16.48,11.22,0.92
1217,3,recover,bruiser,-15.19,11.93,0.81
1217,4,recover,pouncer,-14.10,13.98,2.74
1218,1,strike,swarm,-16.40,12.01,0.40
1218,2,recover,swarm,-16.48,11.22,0.92
1218,3,recover,bruiser,-15.19,11.93,0.81
1218,4,recover,pouncer,-14.10,13.98,2.74
1219,1,strike,swarm,-16.71,12.22,0.74
1219,2,recover,swarm,-16.48,11.22,0.92
1219,3,recover,bruiser,-15.19,11.93,0.81
1219,4,recover,pouncer,-14.10,13.98,2.74
1220,1,recover,swarm,-16.74,12.02,0.74
1220,2,recover,swarm,-16.48,11.22,0.92
1220,3,recover,bruiser,-15.19,11.93,0.81
1220,4,recover,pouncer,-14.10,13.98,2.74
1221,1,recover,swarm,-16.74,12.02,0.74
1221,2,recover,swarm,-16.48,11.22,0.92
1221,3,recover,bruiser,-15.19,11.93,0.81
1221,4,recover,pouncer,-14.10,13.98,2.74
1222,1,recover,swarm,-16.74,12.02,0.74
1222,2,recover,swarm,-16.48,11.22,0.92
1222,3,recover,bruiser,-15.19,11.93,0.81
1222,4,recover,pouncer,-14.10,13.98,2.74
1223,1,recover,swarm,-16.74,12.02,0.74
1223,2,recover,swarm,-16.48,11.22,0.92
1223,3,recover,bruiser,-15.19,11.93,0.81
1223,4,recover,pouncer,-14.10,13.98,2.74
1224,1,recover,swarm,-16.74,12.02,0.74
1224,2,recover,swarm,-16.48,11.22,0.92
1224,3,recover,bruiser,-15.19,11.93,0.81
1224,4,recover,pouncer,-14.10,13.98,2.74
1225,1,recover,swarm,-16.74,12.02,0.74
1225,2,recover,swarm,-16.48,11.22,0.92
1225,3,recover,bruiser,-15.19,11.93,0.81
1225,4,recover,pouncer,-14.10,13.98,2.74
1226,1,recover,swarm,-16.74,12.02,0.74
1226,2,recover,swarm,-16.48,11.22,0.92
1226,3,recover,bruiser,-15.19,11.93,0.81
1226,4,recover,pouncer,-14.10,13.98,2.74
1227,1,recover,swarm,-16.74,12.02,0.74
1227,2,recover,swarm,-16.48,11.22,0.92
1227,3,recover,bruiser,-15.19,11.93,0.81
1227,4,recover,pouncer,-14.10,13.98,2.74
1228,1,recover,swarm,-16.74,12.02,0.74
1228,2,recover,swarm,-16.48,11.22,0.92
1228,3,recover,bruiser,-15.19,11.93,0.81
1228,4,recover,pouncer,-14.10,13.98,2.74
1229,1,recover,swarm,-16.74,12.02,0.74
1229,2,recover,swarm,-16.48,11.22,0.92
1229,3,recover,bruiser,-15.19,11.93,0.81
1229,4,recover,pouncer,-14.10,13.98,2.74
1230,1,recover,swarm,-16.74,12.02,0.74
1230,2,chase,swarm,-16.48,11.22,0.92
1230,3,recover,bruiser,-15.19,11.93,0.81
1230,4,recover,pouncer,-14.10,13.98,2.74
1231,1,recover,swarm,-16.74,12.02,0.74
1231,2,windup,swarm,-16.48,11.22,0.92
1231,3,recover,bruiser,-15.19,11.93,0.81
1231,4,recover,pouncer,-14.10,13.98,2.74
1232,1,recover,swarm,-16.74,12.02,0.74
1232,2,windup,swarm,-16.48,11.22,0.92
1232,3,recover,bruiser,-15.19,11.93,0.81
1232,4,recover,pouncer,-14.10,13.98,2.74
1233,1,recover,swarm,-16.74,12.02,0.74
1233,2,windup,swarm,-16.48,11.22,0.92
1233,3,recover,bruiser,-15.19,11.93,0.81
1233,4,recover,pouncer,-14.10,13.98,2.74
1234,1,recover,swarm,-16.74,12.02,0.74
1234,2,windup,swarm,-16.48,11.22,0.92
1234,3,recover,bruiser,-15.19,11.93,0.81
1234,4,recover,pouncer,-14.10,13.98,2.74
1235,1,recover,swarm,-16.74,12.02,0.74
1235,2,windup,swarm,-16.48,11.22,0.92
1235,3,recover,bruiser,-15.19,11.93,0.81
1235,4,recover,pouncer,-14.10,13.98,2.74
1236,1,chase,swarm,-16.74,12.02,0.74
1236,2,windup,swarm,-16.48,11.22,0.92
1236,3,recover,bruiser,-15.19,11.93,0.81
1236,4,stalk,pouncer,-14.10,13.98,2.74
1237,1,windup,swarm,-16.74,12.02,0.74
1237,2,strike,swarm,-16.48,11.22,0.92
1237,3,recover,bruiser,-15.19,11.93,0.81
1237,4,crouch,pouncer,-14.13,14.08,2.79
1238,1,windup,swarm,-16.74,12.02,0.74
1238,2,strike,swarm,-16.34,11.22,0.85
1238,3,recover,bruiser,-15.19,11.93,0.81
1238,4,crouch,pouncer,-14.13,14.08,2.79
1239,1,windup,swarm,-16.74,12.02,0.74
1239,2,strike,swarm,-15.71,11.31,0.74
1239,3,recover,bruiser,-15.19,11.93,0.81
1239,4,crouch,pouncer,-14.13,14.08,2.79
1240,1,windup,swarm,-16.74,12.02,0.74
1240,2,strike,swarm,-15.82,11.49,0.54
1240,3,advance,bruiser,-15.19,11.93,0.81
1240,4,crouch,pouncer,-14.13,14.08,2.79
1241,1,windup,swarm,-16.74,12.02,0.74
1241,2,strike,swarm,-15.52,11.54,0.66
1241,3,windup,bruiser,-15.19,11.93,0.81
1241,4,crouch,pouncer,-14.13,14.08,2.79
1242,1,strike,swarm,-16.74,12.02,0.74
1242,2,recover,swarm,-15.73,11.40,0.66
1242,3,windup,bruiser,-15.19,11.93,0.81
1242,4,crouch,pouncer,-14.13,14.08,2.79
1243,1,strike,swarm,-16.36,12.06,0.36
1243,2,recover,swarm,-15.73,11.40,0.66
1243,3,windup,bruiser,-15.19,11.93,0.81
1243,4,crouch,pouncer,-14.13,14.08,2.79
1244,1,strike,swarm,-16.30,12.22,0.37
1244,2,recover,swarm,-15.73,11.40,0.66
1244,3,windup,bruiser,-15.19,11.93,0.81
1244,4,crouch,pouncer,-14.13,14.08,2.79
1245,1,strike,swarm,-16.19,12.38,0.43
1245,2,recover,swarm,-15.73,11.40,0.66
1245,3,windup,bruiser,-15.19,11.93,0.81
1245,4,crouch,pouncer,-14.13,14.08,2.79
1246,1,strike,swarm,-16.10,12.49,0.50
1246,2,recover,swarm,-15.73,11.40,0.66
1246,3,windup,bruiser,-15.19,11.93,0.81
1246,4,crouch,pouncer,-14.13,14.08,2.79
1247,1,strike,swarm,-15.88,12.70,0.71
1247,2,recover,swarm,-15.73,11.40,0.66
1247,3,windup,bruiser,-15.19,11.93,0.81
1247,4,crouch,pouncer,-14.13,14.08,2.79
1248,1,recover,swarm,-15.69,12.81,0.87
1248,2,recover,swarm,-15.73,11.40,0.66
1248,3,windup,bruiser,-15.19,11.93,0.81
1248,4,pounce,pouncer,-14.13,14.08,2.79
1249,1,recover,swarm,-15.69,12.81,0.87
1249,2,recover,swarm,-15.73,11.40,0.66
1249,3,windup,bruiser,-15.19,11.93,0.81
1249,4,pounce,pouncer,-14.39,13.80,2.41
1250,1,recover,swarm,-15.69,12.81,0.87
1250,2,recover,swarm,-15.73,11.40,0.66
1250,3,windup,bruiser,-15.19,11.93,0.81
1250,4,pounce,pouncer,-14.65,13.50,2.02
1251,1,recover,swarm,-15.69,12.81,0.87
1251,2,recover,swarm,-15.73,11.40,0.66
1251,3,windup,bruiser,-15.19,11.93,0.81
1251,4,pounce,pouncer,-14.86,13.25,1.70
1252,1,recover,swarm,-15.69,12.81,0.87
1252,2,recover,swarm,-15.73,11.40,0.66
1252,3,windup,bruiser,-15.19,11.93,0.81
1252,4,pounce,pouncer,-14.89,12.94,1.46
1253,1,recover,swarm,-15.69,12.81,0.87
1253,2,recover,swarm,-15.73,11.40,0.66
1253,3,windup,bruiser,-15.19,11.93,0.81
1253,4,pounce,pouncer,-14.39,12.80,1.80
1254,1,recover,swarm,-15.69,12.81,0.87
1254,2,recover,swarm,-15.73,11.40,0.66
1254,3,windup,bruiser,-15.19,11.93,0.81
1254,4,pounce,pouncer,-14.64,12.52,1.46
1255,1,recover,swarm,-15.69,12.81,0.87
1255,2,recover,swarm,-15.73,11.40,0.66
1255,3,windup,bruiser,-15.19,11.93,0.81
1255,4,pounce,pouncer,-13.75,12.23,2.26
1256,1,recover,swarm,-15.69,12.81,0.87
1256,2,recover,swarm,-15.73,11.40,0.66
1256,3,strike,bruiser,-15.19,11.93,0.81
1256,4,recover,pouncer,-13.97,11.98,2.03
1257,1,recover,swarm,-15.69,12.81,0.87
1257,2,recover,swarm,-15.73,11.40,0.66
1257,3,strike,bruiser,-15.25,12.16,0.76
1257,4,recover,pouncer,-13.97,11.98,2.03
1258,1,recover,swarm,-15.69,12.81,0.87
1258,2,chase,swarm,-15.73,11.40,0.66
1258,3,strike,bruiser,-15.27,11.95,0.73
1258,4,recover,pouncer,-13.97,11.98,2.03
1259,1,recover,swarm,-15.69,12.81,0.87
1259,2,windup,swarm,-15.73,11.40,0.66
1259,3,strike,bruiser,-15.23,12.30,0.83
1259,4,recover,pouncer,-13.97,11.98,2.03
1260,1,recover,swarm,-15.69,12.81,0.87
1260,2,windup,swarm,-15.73,11.40,0.66
1260,3,strike,bruiser,-15.18,12.10,0.82
1260,4,recover,pouncer,-13.97,11.98,2.03
1261,1,recover,swarm,-15.69,12.81,0.87
1261,2,windup,swarm,-15.73,11.40,0.66
1261,3,strike,bruiser,-15.37,12.17,0.66
1261,4,recover,pouncer,-13.97,11.98,2.03
1262,1,recover,swarm,-15.69,12.81,0.87
1262,2,windup,swarm,-15.73,11.40,0.66
1262,3,strike,bruiser,-15.47,12.01,0.53
1262,4,recover,pouncer,-13.97,11.98,2.03
1263,1,chase,swarm,-15.69,12.81,0.87
1263,2,windup,swarm,-15.73,11.40,0.66
1263,3,recover,bruiser,-15.66,12.27,0.44
1263,4,recover,pouncer,-13.97,11.98,2.03
1264,1,windup,swarm,-15.69,12.81,0.87
1264,2,strike,swarm,-15.73,11.40,0.66
1264,3,recover,bruiser,-15.66,12.27,0.44
1264,4,recover,pouncer,-13.97,11.98,2.03
1265,1,windup,swarm,-15.69,12.81,0.87
1265,2,strike,swarm,-16.48,11.47,0.72
1265,3,recover,bruiser,-15.66,12.27,0.44
1265,4,recover,pouncer,-13.97,11.98,2.03
1266,1,windup,swarm,-15.69,12.81,0.87
1266,2,strike,swarm,-16.65,11.66,0.74
1266,3,recover,bruiser,-15.66,12.27,0.44
1266,4,recover,pouncer,-13.97,11.98,2.03
1267,1,windup,swarm,-15.69,12.81,0.87
1267,2,recover,swarm,-17.61,12.81,1.80
1267,3,recover,bruiser,-15.66,12.27,0.44
1267,4,recover,pouncer,-13.97,11.98,2.03
1268,1,strike,swarm,-15.69,12.81,0.87
1268,2,recover,swarm,-17.61,12.81,1.80
1268,3,recover,bruiser,-15.66,12.27,0.44
1268,4,recover,pouncer,-13.97,11.98,2.03
1269,1,strike,swarm,-16.15,13.39,1.40
1269,2,recover,swarm,-17.61,12.81,1.80
1269,3,recover,bruiser,-15.66,12.27,0.44
1269,4,recover,pouncer,-13.97,11.98,2.03
1270,1,strike,swarm,-16.28,13.15,1.18
1270,2,recover,swarm,-17.61,12.81,1.80
1270,3,recover,bruiser,-15.66,12.27,0.44
1270,4,recover,pouncer,-13.97,11.98,2.03
1271,1,strike,swarm,-16.40,13.03,1.11
1271,2,recover,swarm,-17.61,12.81,1.80
1271,3,recover,bruiser,-15.66,12.27,0.44
1271,4,recover,pouncer,-13.97,11.98,2.03
1272,1,recover,swarm,-16.63,12.79,1.01
1272,2,recover,swarm,-17.61,12.81,1.80
1272,3,recover,bruiser,-15.66,12.27,0.44
1272,4,recover,pouncer,-13.97,11.98,2.03
1273,1,recover,swarm,-16.63,12.79,1.01
1273,2,recover,swarm,-17.61,12.81,1.80
1273,3,recover,bruiser,-15.66,12.27,0.44
1273,4,recover,pouncer,-13.97,11.98,2.03
1274,1,recover,swarm,-16.63,12.79,1.01
1274,2,recover,swarm,-17.61,12.81,1.80
1274,3,recover,bruiser,-15.66,12.27,0.44
1274,4,stalk,pouncer,-13.97,11.98,2.03
1275,1,recover,swarm,-16.63,12.79,1.01
1275,2,recover,swarm,-17.61,12.81,1.80
1275,3,recover,bruiser,-15.66,12.27,0.44
1275,4,crouch,pouncer,-13.91,11.90,2.09
1276,1,recover,swarm,-16.63,12.79,1.01
1276,2,recover,swarm,-17.61,12.81,1.80
1276,3,recover,bruiser,-15.66,12.27,0.44
1276,4,crouch,pouncer,-13.91,11.90,2.09
1277,1,recover,swarm,-16.63,12.79,1.01
1277,2,chase,swarm,-17.61,12.81,1.80
1277,3,recover,bruiser,-15.66,12.27,0.44
1277,4,crouch,pouncer,-13.91,11.90,2.09
1278,1,recover,swarm,-16.63,12.79,1.01
1278,2,chase,swarm,-17.59,12.70,1.73
1278,3,recover,bruiser,-15.66,12.27,0.44
1278,4,crouch,pouncer,-13.91,11.90,2.09
1279,1,recover,swarm,-16.63,12.79,1.01
1279,2,chase,swarm,-17.51,12.51,1.60
1279,3,recover,bruiser,-15.66,12.27,0.44
1279,4,crouch,pouncer,-13.91,11.90,2.09
1280,1,recover,swarm,-16.63,12.79,1.01
1280,2,chase,swarm,-17.46,12.40,1.51
1280,3,advance,bruiser,-15.66,12.27,0.44
1280,4,crouch,pouncer,-13.91,11.90,2.09
1281,1,recover,swarm,-16.63,12.79,1.01
1281,2,chase,swarm,-17.32,12.22,1.34
1281,3,windup,bruiser,-15.66,12.27,0.44
1281,4,crouch,pouncer,-13.91,11.90,2.09
1282,1,recover,swarm,-16.63,12.79,1.01
1282,2,windup,swarm,-17.32,12.22,1.34
1282,3,windup,bruiser,-15.66,12.27,0.44
1282,4,crouch,pouncer,-13.91,11.90,2.09
1283,1,recover,swarm,-16.63,12.79,1.01
1283,2,windup,swarm,-17.32,12.22,1.34
1283,3,windup,bruiser,-15.66,12.27,0.44
1283,4,crouch,pouncer,-13.91,11.90,2.09
1284,1,recover,swarm,-16.63,12.79,1.01
1284,2,windup,swarm,-17.32,12.22,1.34
1284,3,windup,bruiser,-15.66,12.27,0.44
1284,4,crouch,pouncer,-13.91,11.90,2.09
1285,1,recover,swarm,-16.63,12.79,1.01
1285,2,windup,swarm,-17.32,12.22,1.34
1285,3,windup,bruiser,-15.66,12.27,0.44
1285,4,crouch,pouncer,-13.91,11.90,2.09
1286,1,recover,swarm,-16.63,12.79,1.01
1286,2,windup,swarm,-17.32,12.22,1.34
1286,3,windup,bruiser,-15.66,12.27,0.44
1286,4,crouch,pouncer,-13.91,11.90,2.09
1287,1,recover,swarm,-16.63,12.79,1.01
1287,2,windup,swarm,-17.32,12.22,1.34
1287,3,windup,bruiser,-15.66,12.27,0.44
1287,4,crouch,pouncer,-13.91,11.90,2.09
1288,1,recover,swarm,-16.63,12.79,1.01
1288,2,windup,swarm,-17.32,12.22,1.34
1288,3,windup,bruiser,-15.66,12.27,0.44
1288,4,pounce,pouncer,-13.91,11.90,2.09
1289,1,recover,swarm,-16.63,12.79,1.01
1289,2,strike,swarm,-17.32,12.22,1.34
1289,3,windup,bruiser,-15.66,12.27,0.44
1289,4,pounce,pouncer,-14.42,11.92,1.58
1290,1,chase,swarm,-16.63,12.79,1.01
1290,2,strike,swarm,-17.26,12.12,1.26
1290,3,windup,bruiser,-15.66,12.27,0.44
1290,4,pounce,pouncer,-14.61,11.93,1.39
1291,1,windup,swarm,-16.63,12.79,1.01
1291,2,strike,swarm,-17.06,11.81,1.07
1291,3,windup,bruiser,-15.66,12.27,0.44
1291,4,pounce,pouncer,-15.15,11.87,0.86
1292,1,windup,swarm,-16.63,12.79,1.01
1292,2,strike,swarm,-16.98,11.75,1.01
1292,3,windup,bruiser,-15.66,12.27,0.44
1292,4,pounce,pouncer,-15.15,11.72,0.90
1293,1,windup,swarm,-16.63,12.79,1.01
1293,2,strike,swarm,-16.67,11.55,0.81
1293,3,windup,bruiser,-15.66,12.27,0.44
1293,4,pounce,pouncer,-15.32,11.19,1.06
1294,1,windup,swarm,-16.63,12.79,1.01
1294,2,strike,swarm,-16.49,11.48,0.71
1294,3,windup,bruiser,-15.66,12.27,0.44
1294,4,pounce,pouncer,-15.60,11.10,0.98
1295,1,windup,swarm,-16.63,12.79,1.01
1295,2,recover,swarm,-16.30,11.32,0.74
1295,3,windup,bruiser,-15.66,12.27,0.44
1295,4,pounce,pouncer,-15.82,10.81,1.20
1296,1,windup,swarm,-16.63,12.79,1.01
1296,2,recover,swarm,-16.30,11.32,0.74
1296,3,windup,bruiser,-15.66,12.27,0.44
1296,4,pounce,pouncer,-15.89,10.51,1.49
1297,1,windup,swarm,-16.63,12.79,1.01
1297,2,recover,swarm,-16.30,11.32,0.74
1297,3,windup,bruiser,-15.66,12.27,0.44
1297,4,pounce,pouncer,-16.10,10.29,1.71
1298,1,strike,swarm,-16.63,12.79,1.01
1298,2,recover,swarm,-16.30,11.32,0.74
1298,3,strike,bruiser,-15.66,12.27,0.44
1298,4,recover,pouncer,-16.41,10.14,1.90
1299,1,strike,swarm,-16.56,12.66,0.87
1299,2,recover,swarm,-16.30,11.32,0.74
1299,3,strike,bruiser,-15.71,12.16,0.33
1299,4,recover,pouncer,-16.41,10.14,1.90
1300,1,strike,swarm,-16.54,12.52,0.75
1300,2,recover,swarm,-16.30,11.32,0.74
1300,3,strike,bruiser,-15.69,12.04,0.31
1300,4,recover,pouncer,-16.41,10.14,1.90
1301,1,strike,swarm,-16.53,12.38,0.65
1301,2,recover,swarm,-16.30,11.32,0.74
1301,3,strike,bruiser,-15.63,11.94,0.37
1301,4,recover,pouncer,-16.41,10.14,1.90
1302,1,strike,swarm,-16.55,12.20,0.59
1302,2,recover,swarm,-16.30,11.32,0.74
1302,3,strike,bruiser,-15.53,11.83,0.50
1302,4,recover,pouncer,-16.41,10.14,1.90
1303,1,strike,swarm,-16.54,12.44,0.69
1303,2,recover,swarm,-16.30,11.32,0.74
1303,3,strike,bruiser,-15.42,11.67,0.67
1303,4,recover,pouncer,-16.41,10.14,1.90
1304,1,strike,swarm,-16.46,12.37,0.60
1304,2,recover,swarm,-16.30,11.32,0.74
1304,3,strike,bruiser,-15.45,11.60,0.68
1304,4,recover,pouncer,-16.41,10.14,1.90
1305,1,strike,swarm,-16.34,12.30,0.46
1305,2,recover,swarm,-16.30,11.32,0.74
1305,3,strike,bruiser,-15.44,11.48,0.76
1305,4,recover,pouncer,-16.41,10.14,1.90
1306,1,strike,swarm,-16.27,12.30,0.40
1306,2,recover,swarm,-16.30,11.32,0.74
1306,3,strike,bruiser,-15.43,11.42,0.81
1306,4,recover,pouncer,-16.41,10.14,1.90
1307,1,recover,swarm,-16.02,12.29,0.29
1307,2,recover,swarm,-16.30,11.32,0.74
1307,3,strike,bruiser,-15.37,11.22,1.00
1307,4,recover,pouncer,-16.41,10.14,1.90
1308,1,recover,swarm,-16.02,12.29,0.29
1308,2,recover,swarm,-16.30,11.32,0.74
1308,3,strike,bruiser,-15.37,11.12,1.08
1308,4,recover,pouncer,-16.41,10.14,1.90
1309,1,recover,swarm,-16.02,12.29,0.29
1309,2,recover,swarm,-16.30,11.32,0.74
1309,3,recover,bruiser,-15.40,10.93,1.23
1309,4,recover,pouncer,-16.41,10.14,1.90
1310,1,recover,swarm,-16.02,12.29,0.29
1310,2,recover,swarm,-16.30,11.32,0.74
1310,3,recover,bruiser,-15.40,10.93,1.23
1310,4,recover,pouncer,-16.41,10.14,1.90
1311,1,recover,swarm,-16.02,12.29,0.29
1311,2,recover,swarm,-16.30,11.32,0.74
1311,3,recover,bruiser,-15.40,10.93,1.23
1311,4,recover,pouncer,-16.41,10.14,1.90
1312,1,recover,swarm,-16.02,12.29,0.29
1312,2,recover,swarm,-16.30,11.32,0.74
1312,3,recover,bruiser,-15.40,10.93,1.23
1312,4,recover,pouncer,-16.41,10.14,1.90
1313,1,recover,swarm,-16.02,12.29,0.29
1313,2,recover,swarm,-16.30,11.32,0.74
1313,3,recover,bruiser,-15.40,10.93,1.23
1313,4,recover,pouncer,-16.41,10.14,1.90
1314,1,recover,swarm,-16.02,12.29,0.29
1314,2,recover,swarm,-16.30,11.32,0.74
1314,3,recover,bruiser,-15.40,10.93,1.23
1314,4,recover,pouncer,-16.41,10.14,1.90
1315,1,recover,swarm,-16.02,12.29,0.29
1315,2,recover,swarm,-16.30,11.32,0.74
1315,3,recover,bruiser,-15.40,10.93,1.23
1315,4,recover,pouncer,-16.41,10.14,1.90
1316,1,recover,swarm,-16.02,12.29,0.29
1316,2,recover,swarm,-16.30,11.32,0.74
1316,3,recover,bruiser,-15.40,10.93,1.23
1316,4,recover,pouncer,-16.41,10.14,1.90
1317,1,recover,swarm,-16.02,12.29,0.29
1317,2,recover,swarm,-16.30,11.32,0.74
1317,3,recover,bruiser,-15.40,10.93,1.23
1317,4,recover,pouncer,-16.41,10.14,1.90
1318,1,recover,swarm,-16.02,12.29,0.29
1318,2,recover,swarm,-16.30,11.32,0.74
1318,3,recover,bruiser,-15.40,10.93,1.23
1318,4,recover,pouncer,-16.41,10.14,1.90
1319,1,recover,swarm,-16.02,12.29,0.29
1319,2,recover,swarm,-16.30,11.32,0.74
1319,3,recover,bruiser,-15.40,10.93,1.23
1319,4,recover,pouncer,-16.41,10.14,1.90
1320,1,recover,swarm,-16.02,12.29,0.29
1320,2,chase,swarm,-16.30,11.32,0.74
1320,3,recover,bruiser,-15.40,10.93,1.23
1320,4,recover,pouncer,-16.41,10.14,1.90
1321,1,recover,swarm,-16.02,12.29,0.29
1321,2,windup,swarm,-16.30,11.32,0.74
1321,3,recover,bruiser,-15.40,10.93,1.23
1321,4,recover,pouncer,-16.41,10.14,1.90
