[shoot] s1cam-elev66  sun=66,205,20000  cine=44,14,44, 44,14,44, 32.5,2.0,29.5, 1 
2026-08-14T21:10:07.714723Z  INFO bevy_diagnostic::system_information_diagnostics_plugin::internal: SystemInfo { os: "Windows 11 Home", kernel: "26200", cpu: "12th Gen Intel(R) Core(TM) i5-12600K", core_count: "10", memory: "15.8 GiB" }
2026-08-14T21:10:10.992879Z  INFO bevy_render::renderer: AdapterInfo { name: "NVIDIA GeForce GTX 1060 6GB", vendor: 4318, device: 7171, device_type: DiscreteGpu, device_pci_bus_id: "0000:03:00.0", driver: "NVIDIA", driver_info: "560.94", backend: Vulkan, subgroup_min_size: 32, subgroup_max_size: 32, transient_saves_memory: false }
EDITOR_CONFIG loaded editor_config.json — 16 actions, grid_snap=1
CINE eye Vec3(44.0, 14.0, 44.0)->Vec3(44.0, 14.0, 44.0) aim Vec3(32.5, 2.0, 29.5)->Vec3(32.5, 2.0, 29.5) secs=1 start=1 exit=None
AI_MODE tactics (perception + squad pass)
SETTINGS loaded settings.json
2026-08-14T21:10:28.144896Z  INFO bevy_pbr::cluster: GPU clustering is supported on this device.
2026-08-14T21:10:28.195823Z  INFO bevy_render::batching::gpu_preprocessing: GPU preprocessing is fully supported on this device.
2026-08-14T21:10:28.407926Z  INFO bevy_egui::render: Using bindless_mode_array_size 16 (Device maximum 1048576)
2026-08-14T21:10:28.548462Z  INFO bevy_winit::system: Creating new window Voxelforge — Phase 0 spike (65v0)
STORY_LOAD ok path=assets/story/act1.json quests=5 npcs=3 dialogues=12 regions=9
MAP_LOAD ok path=maps/edhari.json name="edhari" blocks=9537 size=2x2 chunks
MESH_PATH split (one mesh + material per block type)
MAP_APPLY set=9537 skipped=0 total_quads=9262
QUEST_INIT start=q1_embers
QUEST_INIT quests_loaded=5
ENEMY_SPAWN kind=sentinel parts=30 height=3.38b feet=(32.0,1.0,25.0) yaw=0.00
HUSK2_SPAWN kind=sentinel at (32.0,1.0,25.0)
SPAWN_ENCOUNTER husk at (32.0,_,25.0) on Edhari surface
SPAWN_GROUND col=(32,32) top=0 feet=1 => PASS
SCENE_READY source=maps/edhari.json spawn=(32.5,2.6,32.5) surface=0 campfire=(32.5,1.0,29.5)
SPAWN_NPC id=maren name="Elder Maren" pos=(32,2,4)
SPAWN_NPC id=toma name="Toma" pos=(16,1.5,24)
QUEST_LOAD ok path=quest_save.json flags=5 quests=1
ENTER_PLAY
AUDIO_PLAY:audio/music_theme.wav t=0.00 pos=(non-spatial)
AUDIO_PLAY:audio/ambient_wind.wav t=0.00 pos=(omnipresent)
AUDIO_PLAY:audio/ambient_campfire.wav t=0.00 pos=(32.5,1.0,29.5)
AUDIO_PLAY:audio/ambient_village.wav t=0.00 pos=(47.5,2.6,22.5)
INPUT_TRACE BEFORE inject  R_just_pressed=false R_held=false jp=[] demo_fid=0
QUEST_FEEDBACK q1_embers complete → text + sound
ANIM_RIG_WEAPON spawn actor=Player entity=654v0
AUDIO_ZONE:Campfire t=0.00 pos=(32.5,2.6,32.5)
QUEST_DIALOGUE fire id=dlg_maren_first_call trigger=on_objective
LOOK_FILL gen=V3 ambient=620 sky=1400lux@76deg bounce=1100lux@28deg rim=600lux@14deg contact_sky=true
AUDIO_PLAY:audio/player_respawn.wav t=0.00 pos=(0.0,0.0,0.0)
VFX campfire lit at (32.5,1.0,29.5)
LOOK atmosphere spawned mode=lut aerial_max=72
QUEST_AREA enter=spawn_shelter player=(32.5,32.5)
CAST_SPAWN who=maren root=660v0 body_boxes=24 gear_boxes=0 slots_filled=0/6 height=1.96b feet=(32.0,13.0,4.0) yaw=3.14
CAST_WEAR who=maren head=- torso=- legs=- hands=- weapon=- back=-
CAST_MATERIALS who=maren total=24 cloth=11 hair=4 skin=3 metal=2 wood=2 leather=1 glow=1
CAST_DRESSED id=maren placeholder_mesh=removed body=maren feet=(32.0,13.0,4.0)
CAST_SPAWN who=toma root=692v0 body_boxes=17 gear_boxes=0 slots_filled=0/6 height=1.34b feet=(16.0,3.0,24.0) yaw=3.14
CAST_WEAR who=toma head=- torso=- legs=- hands=- weapon=- back=-
CAST_MATERIALS who=toma total=17 cloth=8 skin=3 hair=3 wood=3
CAST_DRESSED id=toma placeholder_mesh=removed body=toma feet=(16.0,3.0,24.0)
CAST_SPAWN who=toma root=716v0 body_boxes=17 gear_boxes=0 slots_filled=0/6 height=1.34b feet=(16.5,3.0,24.5) yaw=-1.57
CAST_WEAR who=toma head=- torso=- legs=- hands=- weapon=- back=-
CAST_MATERIALS who=toma total=17 cloth=8 skin=3 hair=3 wood=3
CAST_SPAWN_NPC id=toma feet=(16.5,3.0,24.5) region=west_house
ANIM_RIG_NPC dressed entity=609v0 look=Villager
ANIM_RIG_NPC dressed entity=610v0 look=Villager
LOOK play FogVolume spawned density=0.030 (god-ray medium)
LOOK_IBL gen=V3 nits=330
LOOK tier=Ultra pcss=Some(12.0) shadow_map=4096 sun=66deg/205deg illum=20000 contact=true
INPUT_TRACE AFTER  handler R_just_pressed=false R_held=false jp=[] demo_fid=0
INPUT_TRACE BEFORE inject  R_just_pressed=false R_held=false jp=[] demo_fid=0
VFX_RIG_WEAPON_TRAIL attach actor=Player entity=654v0
ANIM_RIG_NPC dressed entity=740v0 look=Villager
INPUT_TRACE AFTER  handler R_just_pressed=false R_held=false jp=[] demo_fid=0
INPUT_TRACE BEFORE inject  R_just_pressed=false R_held=false jp=[] demo_fid=0
INPUT_TRACE AFTER  handler R_just_pressed=false R_held=false jp=[] demo_fid=0
INPUT_TRACE BEFORE inject  R_just_pressed=false R_held=false jp=[] demo_fid=0
INPUT_TRACE AFTER  handler R_just_pressed=false R_held=false jp=[] demo_fid=0
INPUT_TRACE BEFORE inject  R_just_pressed=false R_held=false jp=[] demo_fid=0
INPUT_TRACE AFTER  handler R_just_pressed=false R_held=false jp=[] demo_fid=0
INPUT_TRACE BEFORE inject  R_just_pressed=false R_held=false jp=[] demo_fid=0
INPUT_TRACE AFTER  handler R_just_pressed=false R_held=false jp=[] demo_fid=0
INPUT_TRACE BEFORE inject  R_just_pressed=false R_held=false jp=[] demo_fid=0
INPUT_TRACE AFTER  handler R_just_pressed=false R_held=false jp=[] demo_fid=0
INPUT_TRACE BEFORE inject  R_just_pressed=false R_held=false jp=[] demo_fid=0
INPUT_TRACE AFTER  handler R_just_pressed=false R_held=false jp=[] demo_fid=0
INPUT_TRACE BEFORE inject  R_just_pressed=false R_held=false jp=[] demo_fid=0
INPUT_TRACE AFTER  handler R_just_pressed=false R_held=false jp=[] demo_fid=0
INPUT_TRACE BEFORE inject  R_just_pressed=false R_held=false jp=[] demo_fid=0
INPUT_TRACE AFTER  handler R_just_pressed=false R_held=false jp=[] demo_fid=0
INPUT_TRACE BEFORE inject  R_just_pressed=false R_held=false jp=[] demo_fid=0
INPUT_TRACE AFTER  handler R_just_pressed=false R_held=false jp=[] demo_fid=0
INPUT_TRACE BEFORE inject  R_just_pressed=false R_held=false jp=[] demo_fid=0
INPUT_TRACE AFTER  handler R_just_pressed=false R_held=false jp=[] demo_fid=0
INPUT_TRACE BEFORE inject  R_just_pressed=false R_held=false jp=[] demo_fid=0
INPUT_TRACE AFTER  handler R_just_pressed=false R_held=false jp=[] demo_fid=0
INPUT_TRACE BEFORE inject  R_just_pressed=false R_held=false jp=[] demo_fid=0
INPUT_TRACE AFTER  handler R_just_pressed=false R_held=false jp=[] demo_fid=0
INPUT_TRACE BEFORE inject  R_just_pressed=false R_held=false jp=[] demo_fid=0
INPUT_TRACE AFTER  handler R_just_pressed=false R_held=false jp=[] demo_fid=0
INPUT_TRACE BEFORE inject  R_just_pressed=false R_held=false jp=[] demo_fid=0
INPUT_TRACE AFTER  handler R_just_pressed=false R_held=false jp=[] demo_fid=0
INPUT_TRACE BEFORE inject  R_just_pressed=false R_held=false jp=[] demo_fid=0
INPUT_TRACE AFTER  handler R_just_pressed=false R_held=false jp=[] demo_fid=0
INPUT_TRACE BEFORE inject  R_just_pressed=false R_held=false jp=[] demo_fid=0
INPUT_TRACE AFTER  handler R_just_pressed=false R_held=false jp=[] demo_fid=0
INPUT_TRACE BEFORE inject  R_just_pressed=false R_held=false jp=[] demo_fid=0
INPUT_TRACE AFTER  handler R_just_pressed=false R_held=false jp=[] demo_fid=0
INPUT_TRACE BEFORE inject  R_just_pressed=false R_held=false jp=[] demo_fid=0
INPUT_TRACE AFTER  handler R_just_pressed=false R_held=false jp=[] demo_fid=0
INPUT_TRACE BEFORE inject  R_just_pressed=false R_held=false jp=[] demo_fid=0
INPUT_TRACE AFTER  handler R_just_pressed=false R_held=false jp=[] demo_fid=0
INPUT_TRACE BEFORE inject  R_just_pressed=false R_held=false jp=[] demo_fid=0
INPUT_TRACE AFTER  handler R_just_pressed=false R_held=false jp=[] demo_fid=0
INPUT_TRACE BEFORE inject  R_just_pressed=false R_held=false jp=[] demo_fid=0
INPUT_TRACE AFTER  handler R_just_pressed=false R_held=false jp=[] demo_fid=0
INPUT_TRACE BEFORE inject  R_just_pressed=false R_held=false jp=[] demo_fid=0
INPUT_TRACE AFTER  handler R_just_pressed=false R_held=false jp=[] demo_fid=0
INPUT_TRACE BEFORE inject  R_just_pressed=false R_held=false jp=[] demo_fid=0
INPUT_TRACE AFTER  handler R_just_pressed=false R_held=false jp=[] demo_fid=0
INPUT_TRACE BEFORE inject  R_just_pressed=false R_held=false jp=[] demo_fid=0
INPUT_TRACE AFTER  handler R_just_pressed=false R_held=false jp=[] demo_fid=0
INPUT_TRACE BEFORE inject  R_just_pressed=false R_held=false jp=[] demo_fid=0
INPUT_TRACE AFTER  handler R_just_pressed=false R_held=false jp=[] demo_fid=0
INPUT_TRACE BEFORE inject  R_just_pressed=false R_held=false jp=[] demo_fid=0
INPUT_TRACE AFTER  handler R_just_pressed=false R_held=false jp=[] demo_fid=0
INPUT_TRACE BEFORE inject  R_just_pressed=false R_held=false jp=[] demo_fid=0
INPUT_TRACE AFTER  handler R_just_pressed=false R_held=false jp=[] demo_fid=0
INPUT_TRACE BEFORE inject  R_just_pressed=false R_held=false jp=[] demo_fid=0
INPUT_TRACE AFTER  handler R_just_pressed=false R_held=false jp=[] demo_fid=0
INPUT_TRACE BEFORE inject  R_just_pressed=false R_held=false jp=[] demo_fid=0
INPUT_TRACE AFTER  handler R_just_pressed=false R_held=false jp=[] demo_fid=0
INPUT_TRACE BEFORE inject  R_just_pressed=false R_held=false jp=[] demo_fid=0
INPUT_TRACE AFTER  handler R_just_pressed=false R_held=false jp=[] demo_fid=0
INPUT_TRACE BEFORE inject  R_just_pressed=false R_held=false jp=[] demo_fid=0
INPUT_TRACE AFTER  handler R_just_pressed=false R_held=false jp=[] demo_fid=0
INPUT_TRACE BEFORE inject  R_just_pressed=false R_held=false jp=[] demo_fid=0
INPUT_TRACE AFTER  handler R_just_pressed=false R_held=false jp=[] demo_fid=0
INPUT_TRACE BEFORE inject  R_just_pressed=false R_held=false jp=[] demo_fid=0
INPUT_TRACE AFTER  handler R_just_pressed=false R_held=false jp=[] demo_fid=0
INPUT_TRACE BEFORE inject  R_just_pressed=false R_held=false jp=[] demo_fid=0
INPUT_TRACE AFTER  handler R_just_pressed=false R_held=false jp=[] demo_fid=0
INPUT_TRACE BEFORE inject  R_just_pressed=false R_held=false jp=[] demo_fid=0
INPUT_TRACE AFTER  handler R_just_pressed=false R_held=false jp=[] demo_fid=0
INPUT_TRACE BEFORE inject  R_just_pressed=false R_held=false jp=[] demo_fid=0
INPUT_TRACE AFTER  handler R_just_pressed=false R_held=false jp=[] demo_fid=0
INPUT_TRACE BEFORE inject  R_just_pressed=false R_held=false jp=[] demo_fid=0
INPUT_TRACE AFTER  handler R_just_pressed=false R_held=false jp=[] demo_fid=0
INPUT_TRACE BEFORE inject  R_just_pressed=false R_held=false jp=[] demo_fid=0
INPUT_TRACE AFTER  handler R_just_pressed=false R_held=false jp=[] demo_fid=0
INPUT_TRACE BEFORE inject  R_just_pressed=false R_held=false jp=[] demo_fid=0
INPUT_TRACE AFTER  handler R_just_pressed=false R_held=false jp=[] demo_fid=0
INPUT_TRACE BEFORE inject  R_just_pressed=false R_held=false jp=[] demo_fid=0
INPUT_TRACE AFTER  handler R_just_pressed=false R_held=false jp=[] demo_fid=0
INPUT_TRACE BEFORE inject  R_just_pressed=false R_held=false jp=[] demo_fid=0
INPUT_TRACE AFTER  handler R_just_pressed=false R_held=false jp=[] demo_fid=0
INPUT_TRACE BEFORE inject  R_just_pressed=false R_held=false jp=[] demo_fid=0
INPUT_TRACE AFTER  handler R_just_pressed=false R_held=false jp=[] demo_fid=0
INPUT_TRACE BEFORE inject  R_just_pressed=false R_held=false jp=[] demo_fid=0
INPUT_TRACE AFTER  handler R_just_pressed=false R_held=false jp=[] demo_fid=0
INPUT_TRACE BEFORE inject  R_just_pressed=false R_held=false jp=[] demo_fid=0
INPUT_TRACE AFTER  handler R_just_pressed=false R_held=false jp=[] demo_fid=0
INPUT_TRACE BEFORE inject  R_just_pressed=false R_held=false jp=[] demo_fid=0
INPUT_TRACE AFTER  handler R_just_pressed=false R_held=false jp=[] demo_fid=0
INPUT_TRACE BEFORE inject  R_just_pressed=false R_held=false jp=[] demo_fid=0
INPUT_TRACE AFTER  handler R_just_pressed=false R_held=false jp=[] demo_fid=0
INPUT_TRACE BEFORE inject  R_just_pressed=false R_held=false jp=[] demo_fid=0
INPUT_TRACE AFTER  handler R_just_pressed=false R_held=false jp=[] demo_fid=0
INPUT_TRACE BEFORE inject  R_just_pressed=false R_held=false jp=[] demo_fid=0
INPUT_TRACE AFTER  handler R_just_pressed=false R_held=false jp=[] demo_fid=0
INPUT_TRACE BEFORE inject  R_just_pressed=false R_held=false jp=[] demo_fid=0
INPUT_TRACE AFTER  handler R_just_pressed=false R_held=false jp=[] demo_fid=0
INPUT_TRACE BEFORE inject  R_just_pressed=false R_held=false jp=[] demo_fid=0
INPUT_TRACE AFTER  handler R_just_pressed=false R_held=false jp=[] demo_fid=0
INPUT_TRACE BEFORE inject  R_just_pressed=false R_held=false jp=[] demo_fid=0
INPUT_TRACE AFTER  handler R_just_pressed=false R_held=false jp=[] demo_fid=0
INPUT_TRACE BEFORE inject  R_just_pressed=false R_held=false jp=[] demo_fid=0
INPUT_TRACE AFTER  handler R_just_pressed=false R_held=false jp=[] demo_fid=0
INPUT_TRACE BEFORE inject  R_just_pressed=false R_held=false jp=[] demo_fid=0
INPUT_TRACE AFTER  handler R_just_pressed=false R_held=false jp=[] demo_fid=0
INPUT_TRACE BEFORE inject  R_just_pressed=false R_held=false jp=[] demo_fid=0
INPUT_TRACE AFTER  handler R_just_pressed=false R_held=false jp=[] demo_fid=0
INPUT_TRACE BEFORE inject  R_just_pressed=false R_held=false jp=[] demo_fid=0
INPUT_TRACE AFTER  handler R_just_pressed=false R_held=false jp=[] demo_fid=0
INPUT_TRACE BEFORE inject  R_just_pressed=false R_held=false jp=[] demo_fid=0
INPUT_TRACE AFTER  handler R_just_pressed=false R_held=false jp=[] demo_fid=0
INPUT_TRACE BEFORE inject  R_just_pressed=false R_held=false jp=[] demo_fid=0
INPUT_TRACE AFTER  handler R_just_pressed=false R_held=false jp=[] demo_fid=0
INPUT_TRACE BEFORE inject  R_just_pressed=false R_held=false jp=[] demo_fid=0
INPUT_TRACE AFTER  handler R_just_pressed=false R_held=false jp=[] demo_fid=0
INPUT_TRACE BEFORE inject  R_just_pressed=false R_held=false jp=[] demo_fid=0
INPUT_TRACE AFTER  handler R_just_pressed=false R_held=false jp=[] demo_fid=0
INPUT_TRACE BEFORE inject  R_just_pressed=false R_held=false jp=[] demo_fid=0
INPUT_TRACE AFTER  handler R_just_pressed=false R_held=false jp=[] demo_fid=0
INPUT_TRACE BEFORE inject  R_just_pressed=false R_held=false jp=[] demo_fid=0
INPUT_TRACE AFTER  handler R_just_pressed=false R_held=false jp=[] demo_fid=0
INPUT_TRACE BEFORE inject  R_just_pressed=false R_held=false jp=[] demo_fid=0
INPUT_TRACE AFTER  handler R_just_pressed=false R_held=false jp=[] demo_fid=0
INPUT_TRACE BEFORE inject  R_just_pressed=false R_held=false jp=[] demo_fid=0
INPUT_TRACE AFTER  handler R_just_pressed=false R_held=false jp=[] demo_fid=0
INPUT_TRACE BEFORE inject  R_just_pressed=false R_held=false jp=[] demo_fid=0
INPUT_TRACE AFTER  handler R_just_pressed=false R_held=false jp=[] demo_fid=0
INPUT_TRACE BEFORE inject  R_just_pressed=false R_held=false jp=[] demo_fid=0
INPUT_TRACE AFTER  handler R_just_pressed=false R_held=false jp=[] demo_fid=0
INPUT_TRACE BEFORE inject  R_just_pressed=false R_held=false jp=[] demo_fid=0
INPUT_TRACE AFTER  handler R_just_pressed=false R_held=false jp=[] demo_fid=0
INPUT_TRACE BEFORE inject  R_just_pressed=false R_held=false jp=[] demo_fid=0
INPUT_TRACE AFTER  handler R_just_pressed=false R_held=false jp=[] demo_fid=0
INPUT_TRACE BEFORE inject  R_just_pressed=false R_held=false jp=[] demo_fid=0
INPUT_TRACE AFTER  handler R_just_pressed=false R_held=false jp=[] demo_fid=0
INPUT_TRACE BEFORE inject  R_just_pressed=false R_held=false jp=[] demo_fid=0
INPUT_TRACE AFTER  handler R_just_pressed=false R_held=false jp=[] demo_fid=0
INPUT_TRACE BEFORE inject  R_just_pressed=false R_held=false jp=[] demo_fid=0
INPUT_TRACE AFTER  handler R_just_pressed=false R_held=false jp=[] demo_fid=0
INPUT_TRACE BEFORE inject  R_just_pressed=false R_held=false jp=[] demo_fid=0
INPUT_TRACE AFTER  handler R_just_pressed=false R_held=false jp=[] demo_fid=0
INPUT_TRACE BEFORE inject  R_just_pressed=false R_held=false jp=[] demo_fid=0
INPUT_TRACE AFTER  handler R_just_pressed=false R_held=false jp=[] demo_fid=0
INPUT_TRACE BEFORE inject  R_just_pressed=false R_held=false jp=[] demo_fid=0
INPUT_TRACE AFTER  handler R_just_pressed=false R_held=false jp=[] demo_fid=0
INPUT_TRACE BEFORE inject  R_just_pressed=false R_held=false jp=[] demo_fid=0
INPUT_TRACE AFTER  handler R_just_pressed=false R_held=false jp=[] demo_fid=0
INPUT_TRACE BEFORE inject  R_just_pressed=false R_held=false jp=[] demo_fid=0
INPUT_TRACE AFTER  handler R_just_pressed=false R_held=false jp=[] demo_fid=0
INPUT_TRACE BEFORE inject  R_just_pressed=false R_held=false jp=[] demo_fid=0
INPUT_TRACE AFTER  handler R_just_pressed=false R_held=false jp=[] demo_fid=0
INPUT_TRACE BEFORE inject  R_just_pressed=false R_held=false jp=[] demo_fid=0
INPUT_TRACE AFTER  handler R_just_pressed=false R_held=false jp=[] demo_fid=0
INPUT_TRACE BEFORE inject  R_just_pressed=false R_held=false jp=[] demo_fid=0
INPUT_TRACE AFTER  handler R_just_pressed=false R_held=false jp=[] demo_fid=0
INPUT_TRACE BEFORE inject  R_just_pressed=false R_held=false jp=[] demo_fid=0
INPUT_TRACE AFTER  handler R_just_pressed=false R_held=false jp=[] demo_fid=0
INPUT_TRACE BEFORE inject  R_just_pressed=false R_held=false jp=[] demo_fid=0
INPUT_TRACE AFTER  handler R_just_pressed=false R_held=false jp=[] demo_fid=0
INPUT_TRACE BEFORE inject  R_just_pressed=false R_held=false jp=[] demo_fid=0
INPUT_TRACE AFTER  handler R_just_pressed=false R_held=false jp=[] demo_fid=0
INPUT_TRACE BEFORE inject  R_just_pressed=false R_held=false jp=[] demo_fid=0
INPUT_TRACE AFTER  handler R_just_pressed=false R_held=false jp=[] demo_fid=0
INPUT_TRACE BEFORE inject  R_just_pressed=false R_held=false jp=[] demo_fid=0
INPUT_TRACE AFTER  handler R_just_pressed=false R_held=false jp=[] demo_fid=0
INPUT_TRACE BEFORE inject  R_just_pressed=false R_held=false jp=[] demo_fid=0
INPUT_TRACE AFTER  handler R_just_pressed=false R_held=false jp=[] demo_fid=0
INPUT_TRACE BEFORE inject  R_just_pressed=false R_held=false jp=[] demo_fid=0
INPUT_TRACE AFTER  handler R_just_pressed=false R_held=false jp=[] demo_fid=0
INPUT_TRACE BEFORE inject  R_just_pressed=false R_held=false jp=[] demo_fid=0
INPUT_TRACE AFTER  handler R_just_pressed=false R_held=false jp=[] demo_fid=0
INPUT_TRACE BEFORE inject  R_just_pressed=false R_held=false jp=[] demo_fid=0
INPUT_TRACE AFTER  handler R_just_pressed=false R_held=false jp=[] demo_fid=0
INPUT_TRACE BEFORE inject  R_just_pressed=false R_held=false jp=[] demo_fid=0
INPUT_TRACE AFTER  handler R_just_pressed=false R_held=false jp=[] demo_fid=0
INPUT_TRACE BEFORE inject  R_just_pressed=false R_held=false jp=[] demo_fid=0
INPUT_TRACE AFTER  handler R_just_pressed=false R_held=false jp=[] demo_fid=0
INPUT_TRACE BEFORE inject  R_just_pressed=false R_held=false jp=[] demo_fid=0
INPUT_TRACE AFTER  handler R_just_pressed=false R_held=false jp=[] demo_fid=0
INPUT_TRACE BEFORE inject  R_just_pressed=false R_held=false jp=[] demo_fid=0
INPUT_TRACE AFTER  handler R_just_pressed=false R_held=false jp=[] demo_fid=0
INPUT_TRACE BEFORE inject  R_just_pressed=false R_held=false jp=[] demo_fid=0
INPUT_TRACE AFTER  handler R_just_pressed=false R_held=false jp=[] demo_fid=0
INPUT_TRACE BEFORE inject  R_just_pressed=false R_held=false jp=[] demo_fid=0
INPUT_TRACE AFTER  handler R_just_pressed=false R_held=false jp=[] demo_fid=0
INPUT_TRACE BEFORE inject  R_just_pressed=false R_held=false jp=[] demo_fid=0
INPUT_TRACE AFTER  handler R_just_pressed=false R_held=false jp=[] demo_fid=0
INPUT_TRACE BEFORE inject  R_just_pressed=false R_held=false jp=[] demo_fid=0
INPUT_TRACE AFTER  handler R_just_pressed=false R_held=false jp=[] demo_fid=0
INPUT_TRACE BEFORE inject  R_just_pressed=false R_held=false jp=[] demo_fid=0
INPUT_TRACE AFTER  handler R_just_pressed=false R_held=false jp=[] demo_fid=0
INPUT_TRACE BEFORE inject  R_just_pressed=false R_held=false jp=[] demo_fid=0
SHOT saved to E:\Projects\bagidea-ai-agents-office\workspace\projects\Voxelforge\docs\assets\look\ab-elev\s1cam-elev66.png
INPUT_TRACE AFTER  handler R_just_pressed=false R_held=false jp=[] demo_fid=0
INPUT_TRACE BEFORE inject  R_just_pressed=false R_held=false jp=[] demo_fid=0
INPUT_TRACE AFTER  handler R_just_pressed=false R_held=false jp=[] demo_fid=0
INPUT_TRACE BEFORE inject  R_just_pressed=false R_held=false jp=[] demo_fid=0
INPUT_TRACE AFTER  handler R_just_pressed=false R_held=false jp=[] demo_fid=0
INPUT_TRACE BEFORE inject  R_just_pressed=false R_held=false jp=[] demo_fid=0
2026-08-14T21:10:54.893601Z  INFO bevy_render::view::window::screenshot: Screenshot saved to E:\Projects\bagidea-ai-agents-office\workspace\projects\Voxelforge\docs\assets\look\ab-elev\s1cam-elev66.png
INPUT_TRACE AFTER  handler R_just_pressed=false R_held=false jp=[] demo_fid=0
INPUT_TRACE BEFORE inject  R_just_pressed=false R_held=false jp=[] demo_fid=0
INPUT_TRACE AFTER  handler R_just_pressed=false R_held=false jp=[] demo_fid=0
INPUT_TRACE BEFORE inject  R_just_pressed=false R_held=false jp=[] demo_fid=0
INPUT_TRACE AFTER  handler R_just_pressed=false R_held=false jp=[] demo_fid=0
INPUT_TRACE BEFORE inject  R_just_pressed=false R_held=false jp=[] demo_fid=0
INPUT_TRACE AFTER  handler R_just_pressed=false R_held=false jp=[] demo_fid=0
INPUT_TRACE BEFORE inject  R_just_pressed=false R_held=false jp=[] demo_fid=0
INPUT_TRACE AFTER  handler R_just_pressed=false R_held=false jp=[] demo_fid=0
INPUT_TRACE BEFORE inject  R_just_pressed=false R_held=false jp=[] demo_fid=0
INPUT_TRACE AFTER  handler R_just_pressed=false R_held=false jp=[] demo_fid=0
INPUT_TRACE BEFORE inject  R_just_pressed=false R_held=false jp=[] demo_fid=0
INPUT_TRACE AFTER  handler R_just_pressed=false R_held=false jp=[] demo_fid=0
INPUT_TRACE BEFORE inject  R_just_pressed=false R_held=false jp=[] demo_fid=0
INPUT_TRACE AFTER  handler R_just_pressed=false R_held=false jp=[] demo_fid=0
INPUT_TRACE BEFORE inject  R_just_pressed=false R_held=false jp=[] demo_fid=0
INPUT_TRACE AFTER  handler R_just_pressed=false R_held=false jp=[] demo_fid=0
INPUT_TRACE BEFORE inject  R_just_pressed=false R_held=false jp=[] demo_fid=0
INPUT_TRACE AFTER  handler R_just_pressed=false R_held=false jp=[] demo_fid=0
INPUT_TRACE BEFORE inject  R_just_pressed=false R_held=false jp=[] demo_fid=0
INPUT_TRACE AFTER  handler R_just_pressed=false R_held=false jp=[] demo_fid=0
INPUT_TRACE BEFORE inject  R_just_pressed=false R_held=false jp=[] demo_fid=0
INPUT_TRACE AFTER  handler R_just_pressed=false R_held=false jp=[] demo_fid=0
INPUT_TRACE BEFORE inject  R_just_pressed=false R_held=false jp=[] demo_fid=0
INPUT_TRACE AFTER  handler R_just_pressed=false R_held=false jp=[] demo_fid=0
INPUT_TRACE BEFORE inject  R_just_pressed=false R_held=false jp=[] demo_fid=0
INPUT_TRACE AFTER  handler R_just_pressed=false R_held=false jp=[] demo_fid=0
INPUT_TRACE BEFORE inject  R_just_pressed=false R_held=false jp=[] demo_fid=0
INPUT_TRACE AFTER  handler R_just_pressed=false R_held=false jp=[] demo_fid=0
INPUT_TRACE BEFORE inject  R_just_pressed=false R_held=false jp=[] demo_fid=0
INPUT_TRACE AFTER  handler R_just_pressed=false R_held=false jp=[] demo_fid=0
INPUT_TRACE BEFORE inject  R_just_pressed=false R_held=false jp=[] demo_fid=0
INPUT_TRACE AFTER  handler R_just_pressed=false R_held=false jp=[] demo_fid=0
INPUT_TRACE BEFORE inject  R_just_pressed=false R_held=false jp=[] demo_fid=0
INPUT_TRACE AFTER  handler R_just_pressed=false R_held=false jp=[] demo_fid=0
INPUT_TRACE BEFORE inject  R_just_pressed=false R_held=false jp=[] demo_fid=0
INPUT_TRACE AFTER  handler R_just_pressed=false R_held=false jp=[] demo_fid=0
INPUT_TRACE BEFORE inject  R_just_pressed=false R_held=false jp=[] demo_fid=0
INPUT_TRACE AFTER  handler R_just_pressed=false R_held=false jp=[] demo_fid=0
INPUT_TRACE BEFORE inject  R_just_pressed=false R_held=false jp=[] demo_fid=0
INPUT_TRACE AFTER  handler R_just_pressed=false R_held=false jp=[] demo_fid=0
INPUT_TRACE BEFORE inject  R_just_pressed=false R_held=false jp=[] demo_fid=0
INPUT_TRACE AFTER  handler R_just_pressed=false R_held=false jp=[] demo_fid=0
INPUT_TRACE BEFORE inject  R_just_pressed=false R_held=false jp=[] demo_fid=0
INPUT_TRACE AFTER  handler R_just_pressed=false R_held=false jp=[] demo_fid=0
INPUT_TRACE BEFORE inject  R_just_pressed=false R_held=false jp=[] demo_fid=0
INPUT_TRACE AFTER  handler R_just_pressed=false R_held=false jp=[] demo_fid=0
INPUT_TRACE BEFORE inject  R_just_pressed=false R_held=false jp=[] demo_fid=0
INPUT_TRACE AFTER  handler R_just_pressed=false R_held=false jp=[] demo_fid=0
INPUT_TRACE BEFORE inject  R_just_pressed=false R_held=false jp=[] demo_fid=0
INPUT_TRACE AFTER  handler R_just_pressed=false R_held=false jp=[] demo_fid=0
INPUT_TRACE BEFORE inject  R_just_pressed=false R_held=false jp=[] demo_fid=0
INPUT_TRACE AFTER  handler R_just_pressed=false R_held=false jp=[] demo_fid=0
INPUT_TRACE BEFORE inject  R_just_pressed=false R_held=false jp=[] demo_fid=0
INPUT_TRACE AFTER  handler R_just_pressed=false R_held=false jp=[] demo_fid=0
INPUT_TRACE BEFORE inject  R_just_pressed=false R_held=false jp=[] demo_fid=0
INPUT_TRACE AFTER  handler R_just_pressed=false R_held=false jp=[] demo_fid=0
INPUT_TRACE BEFORE inject  R_just_pressed=false R_held=false jp=[] demo_fid=0
INPUT_TRACE AFTER  handler R_just_pressed=false R_held=false jp=[] demo_fid=0
INPUT_TRACE BEFORE inject  R_just_pressed=false R_held=false jp=[] demo_fid=0
INPUT_TRACE AFTER  handler R_just_pressed=false R_held=false jp=[] demo_fid=0
INPUT_TRACE BEFORE inject  R_just_pressed=false R_held=false jp=[] demo_fid=0
INPUT_TRACE AFTER  handler R_just_pressed=false R_held=false jp=[] demo_fid=0
[shoot] s1cam-elev22  sun=22,205,20000  cine=44,14,44, 44,14,44, 32.5,2.0,29.5, 1 
2026-08-14T21:10:59.030900Z  INFO bevy_diagnostic::system_information_diagnostics_plugin::internal: SystemInfo { os: "Windows 11 Home", kernel: "26200", cpu: "12th Gen Intel(R) Core(TM) i5-12600K", core_count: "10", memory: "15.8 GiB" }
2026-08-14T21:10:59.330681Z  INFO bevy_render::renderer: AdapterInfo { name: "NVIDIA GeForce GTX 1060 6GB", vendor: 4318, device: 7171, device_type: DiscreteGpu, device_pci_bus_id: "0000:03:00.0", driver: "NVIDIA", driver_info: "560.94", backend: Vulkan, subgroup_min_size: 32, subgroup_max_size: 32, transient_saves_memory: false }
EDITOR_CONFIG loaded editor_config.json — 16 actions, grid_snap=1
CINE eye Vec3(44.0, 14.0, 44.0)->Vec3(44.0, 14.0, 44.0) aim Vec3(32.5, 2.0, 29.5)->Vec3(32.5, 2.0, 29.5) secs=1 start=1 exit=None
AI_MODE tactics (perception + squad pass)
SETTINGS loaded settings.json
2026-08-14T21:10:59.470225Z  INFO bevy_pbr::cluster: GPU clustering is supported on this device.
2026-08-14T21:10:59.470302Z  INFO bevy_render::batching::gpu_preprocessing: GPU preprocessing is fully supported on this device.
2026-08-14T21:10:59.470763Z  INFO bevy_egui::render: Using bindless_mode_array_size 16 (Device maximum 1048576)
2026-08-14T21:10:59.470985Z  INFO bevy_winit::system: Creating new window Voxelforge — Phase 0 spike (65v0)
STORY_LOAD ok path=assets/story/act1.json quests=5 npcs=3 dialogues=12 regions=9
MAP_LOAD ok path=maps/edhari.json name="edhari" blocks=9537 size=2x2 chunks
MESH_PATH split (one mesh + material per block type)
MAP_APPLY set=9537 skipped=0 total_quads=9262
QUEST_INIT start=q1_embers
QUEST_INIT quests_loaded=5
ENEMY_SPAWN kind=sentinel parts=30 height=3.38b feet=(32.0,1.0,25.0) yaw=0.00
HUSK2_SPAWN kind=sentinel at (32.0,1.0,25.0)
SPAWN_ENCOUNTER husk at (32.0,_,25.0) on Edhari surface
SPAWN_GROUND col=(32,32) top=0 feet=1 => PASS
SCENE_READY source=maps/edhari.json spawn=(32.5,2.6,32.5) surface=0 campfire=(32.5,1.0,29.5)
SPAWN_NPC id=maren name="Elder Maren" pos=(32,2,4)
SPAWN_NPC id=toma name="Toma" pos=(16,1.5,24)
QUEST_LOAD ok path=quest_save.json flags=5 quests=1
ENTER_PLAY
AUDIO_PLAY:audio/music_theme.wav t=0.00 pos=(non-spatial)
AUDIO_PLAY:audio/ambient_wind.wav t=0.00 pos=(omnipresent)
AUDIO_PLAY:audio/ambient_campfire.wav t=0.00 pos=(32.5,1.0,29.5)
AUDIO_PLAY:audio/ambient_village.wav t=0.00 pos=(47.5,2.6,22.5)
INPUT_TRACE BEFORE inject  R_just_pressed=false R_held=false jp=[] demo_fid=0
QUEST_FEEDBACK q1_embers complete → text + sound
ANIM_RIG_WEAPON spawn actor=Player entity=655v0
VFX campfire lit at (32.5,1.0,29.5)
ANIM_RIG_NPC dressed entity=609v0 look=Villager
QUEST_DIALOGUE fire id=dlg_maren_first_call trigger=on_objective
LOOK_FILL gen=V3 ambient=620 sky=1400lux@76deg bounce=1100lux@28deg rim=600lux@14deg contact_sky=true
LOOK_IBL gen=V3 nits=330
AUDIO_PLAY:audio/player_respawn.wav t=0.00 pos=(0.0,0.0,0.0)
ANIM_RIG_NPC dressed entity=610v0 look=Villager
LOOK atmosphere spawned mode=lut aerial_max=72
QUEST_AREA enter=spawn_shelter player=(32.5,32.5)
AUDIO_ZONE:Campfire t=0.00 pos=(32.5,2.6,32.5)
CAST_SPAWN who=maren root=686v0 body_boxes=24 gear_boxes=0 slots_filled=0/6 height=1.96b feet=(32.0,13.0,4.0) yaw=3.14
CAST_WEAR who=maren head=- torso=- legs=- hands=- weapon=- back=-
CAST_MATERIALS who=maren total=24 cloth=11 hair=4 skin=3 metal=2 wood=2 leather=1 glow=1
CAST_DRESSED id=maren placeholder_mesh=removed body=maren feet=(32.0,13.0,4.0)
CAST_SPAWN who=toma root=750v0 body_boxes=17 gear_boxes=0 slots_filled=0/6 height=1.34b feet=(16.0,3.0,24.0) yaw=3.14
CAST_WEAR who=toma head=- torso=- legs=- hands=- weapon=- back=-
CAST_MATERIALS who=toma total=17 cloth=8 skin=3 hair=3 wood=3
CAST_DRESSED id=toma placeholder_mesh=removed body=toma feet=(16.0,3.0,24.0)
CAST_SPAWN who=toma root=774v0 body_boxes=17 gear_boxes=0 slots_filled=0/6 height=1.34b feet=(16.5,3.0,24.5) yaw=-1.57
CAST_WEAR who=toma head=- torso=- legs=- hands=- weapon=- back=-
CAST_MATERIALS who=toma total=17 cloth=8 skin=3 hair=3 wood=3
CAST_SPAWN_NPC id=toma feet=(16.5,3.0,24.5) region=west_house
LOOK play FogVolume spawned density=0.030 (god-ray medium)
LOOK tier=Ultra pcss=Some(12.0) shadow_map=4096 sun=22deg/205deg illum=20000 contact=true
INPUT_TRACE AFTER  handler R_just_pressed=false R_held=false jp=[] demo_fid=0
VFX_RIG_WEAPON_TRAIL attach actor=Player entity=655v0
INPUT_TRACE BEFORE inject  R_just_pressed=false R_held=false jp=[] demo_fid=0
ANIM_RIG_NPC dressed entity=798v0 look=Villager
INPUT_TRACE AFTER  handler R_just_pressed=false R_held=false jp=[] demo_fid=0
INPUT_TRACE BEFORE inject  R_just_pressed=false R_held=false jp=[] demo_fid=0
INPUT_TRACE AFTER  handler R_just_pressed=false R_held=false jp=[] demo_fid=0
INPUT_TRACE BEFORE inject  R_just_pressed=false R_held=false jp=[] demo_fid=0
INPUT_TRACE AFTER  handler R_just_pressed=false R_held=false jp=[] demo_fid=0
INPUT_TRACE BEFORE inject  R_just_pressed=false R_held=false jp=[] demo_fid=0
INPUT_TRACE AFTER  handler R_just_pressed=false R_held=false jp=[] demo_fid=0
INPUT_TRACE BEFORE inject  R_just_pressed=false R_held=false jp=[] demo_fid=0
INPUT_TRACE AFTER  handler R_just_pressed=false R_held=false jp=[] demo_fid=0
INPUT_TRACE BEFORE inject  R_just_pressed=false R_held=false jp=[] demo_fid=0
INPUT_TRACE AFTER  handler R_just_pressed=false R_held=false jp=[] demo_fid=0
INPUT_TRACE BEFORE inject  R_just_pressed=false R_held=false jp=[] demo_fid=0
INPUT_TRACE AFTER  handler R_just_pressed=false R_held=false jp=[] demo_fid=0
INPUT_TRACE BEFORE inject  R_just_pressed=false R_held=false jp=[] demo_fid=0
INPUT_TRACE AFTER  handler R_just_pressed=false R_held=false jp=[] demo_fid=0
INPUT_TRACE BEFORE inject  R_just_pressed=false R_held=false jp=[] demo_fid=0
INPUT_TRACE AFTER  handler R_just_pressed=false R_held=false jp=[] demo_fid=0
INPUT_TRACE BEFORE inject  R_just_pressed=false R_held=false jp=[] demo_fid=0
INPUT_TRACE AFTER  handler R_just_pressed=false R_held=false jp=[] demo_fid=0
INPUT_TRACE BEFORE inject  R_just_pressed=false R_held=false jp=[] demo_fid=0
INPUT_TRACE AFTER  handler R_just_pressed=false R_held=false jp=[] demo_fid=0
INPUT_TRACE BEFORE inject  R_just_pressed=false R_held=false jp=[] demo_fid=0
INPUT_TRACE AFTER  handler R_just_pressed=false R_held=false jp=[] demo_fid=0
INPUT_TRACE BEFORE inject  R_just_pressed=false R_held=false jp=[] demo_fid=0
INPUT_TRACE AFTER  handler R_just_pressed=false R_held=false jp=[] demo_fid=0
INPUT_TRACE BEFORE inject  R_just_pressed=false R_held=false jp=[] demo_fid=0
INPUT_TRACE AFTER  handler R_just_pressed=false R_held=false jp=[] demo_fid=0
INPUT_TRACE BEFORE inject  R_just_pressed=false R_held=false jp=[] demo_fid=0
INPUT_TRACE AFTER  handler R_just_pressed=false R_held=false jp=[] demo_fid=0
INPUT_TRACE BEFORE inject  R_just_pressed=false R_held=false jp=[] demo_fid=0
INPUT_TRACE AFTER  handler R_just_pressed=false R_held=false jp=[] demo_fid=0
INPUT_TRACE BEFORE inject  R_just_pressed=false R_held=false jp=[] demo_fid=0
INPUT_TRACE AFTER  handler R_just_pressed=false R_held=false jp=[] demo_fid=0
INPUT_TRACE BEFORE inject  R_just_pressed=false R_held=false jp=[] demo_fid=0
INPUT_TRACE AFTER  handler R_just_pressed=false R_held=false jp=[] demo_fid=0
INPUT_TRACE BEFORE inject  R_just_pressed=false R_held=false jp=[] demo_fid=0
INPUT_TRACE AFTER  handler R_just_pressed=false R_held=false jp=[] demo_fid=0
INPUT_TRACE BEFORE inject  R_just_pressed=false R_held=false jp=[] demo_fid=0
INPUT_TRACE AFTER  handler R_just_pressed=false R_held=false jp=[] demo_fid=0
INPUT_TRACE BEFORE inject  R_just_pressed=false R_held=false jp=[] demo_fid=0
INPUT_TRACE AFTER  handler R_just_pressed=false R_held=false jp=[] demo_fid=0
INPUT_TRACE BEFORE inject  R_just_pressed=false R_held=false jp=[] demo_fid=0
INPUT_TRACE AFTER  handler R_just_pressed=false R_held=false jp=[] demo_fid=0
INPUT_TRACE BEFORE inject  R_just_pressed=false R_held=false jp=[] demo_fid=0
INPUT_TRACE AFTER  handler R_just_pressed=false R_held=false jp=[] demo_fid=0
INPUT_TRACE BEFORE inject  R_just_pressed=false R_held=false jp=[] demo_fid=0
INPUT_TRACE AFTER  handler R_just_pressed=false R_held=false jp=[] demo_fid=0
INPUT_TRACE BEFORE inject  R_just_pressed=false R_held=false jp=[] demo_fid=0
INPUT_TRACE AFTER  handler R_just_pressed=false R_held=false jp=[] demo_fid=0
INPUT_TRACE BEFORE inject  R_just_pressed=false R_held=false jp=[] demo_fid=0
INPUT_TRACE AFTER  handler R_just_pressed=false R_held=false jp=[] demo_fid=0
INPUT_TRACE BEFORE inject  R_just_pressed=false R_held=false jp=[] demo_fid=0
INPUT_TRACE AFTER  handler R_just_pressed=false R_held=false jp=[] demo_fid=0
INPUT_TRACE BEFORE inject  R_just_pressed=false R_held=false jp=[] demo_fid=0
INPUT_TRACE AFTER  handler R_just_pressed=false R_held=false jp=[] demo_fid=0
INPUT_TRACE BEFORE inject  R_just_pressed=false R_held=false jp=[] demo_fid=0
INPUT_TRACE AFTER  handler R_just_pressed=false R_held=false jp=[] demo_fid=0
INPUT_TRACE BEFORE inject  R_just_pressed=false R_held=false jp=[] demo_fid=0
INPUT_TRACE AFTER  handler R_just_pressed=false R_held=false jp=[] demo_fid=0
INPUT_TRACE BEFORE inject  R_just_pressed=false R_held=false jp=[] demo_fid=0
INPUT_TRACE AFTER  handler R_just_pressed=false R_held=false jp=[] demo_fid=0
INPUT_TRACE BEFORE inject  R_just_pressed=false R_held=false jp=[] demo_fid=0
INPUT_TRACE AFTER  handler R_just_pressed=false R_held=false jp=[] demo_fid=0
INPUT_TRACE BEFORE inject  R_just_pressed=false R_held=false jp=[] demo_fid=0
INPUT_TRACE AFTER  handler R_just_pressed=false R_held=false jp=[] demo_fid=0
INPUT_TRACE BEFORE inject  R_just_pressed=false R_held=false jp=[] demo_fid=0
INPUT_TRACE AFTER  handler R_just_pressed=false R_held=false jp=[] demo_fid=0
INPUT_TRACE BEFORE inject  R_just_pressed=false R_held=false jp=[] demo_fid=0
INPUT_TRACE AFTER  handler R_just_pressed=false R_held=false jp=[] demo_fid=0
INPUT_TRACE BEFORE inject  R_just_pressed=false R_held=false jp=[] demo_fid=0
INPUT_TRACE AFTER  handler R_just_pressed=false R_held=false jp=[] demo_fid=0
INPUT_TRACE BEFORE inject  R_just_pressed=false R_held=false jp=[] demo_fid=0
INPUT_TRACE AFTER  handler R_just_pressed=false R_held=false jp=[] demo_fid=0
INPUT_TRACE BEFORE inject  R_just_pressed=false R_held=false jp=[] demo_fid=0
INPUT_TRACE AFTER  handler R_just_pressed=false R_held=false jp=[] demo_fid=0
INPUT_TRACE BEFORE inject  R_just_pressed=false R_held=false jp=[] demo_fid=0
INPUT_TRACE AFTER  handler R_just_pressed=false R_held=false jp=[] demo_fid=0
INPUT_TRACE BEFORE inject  R_just_pressed=false R_held=false jp=[] demo_fid=0
INPUT_TRACE AFTER  handler R_just_pressed=false R_held=false jp=[] demo_fid=0
INPUT_TRACE BEFORE inject  R_just_pressed=false R_held=false jp=[] demo_fid=0
INPUT_TRACE AFTER  handler R_just_pressed=false R_held=false jp=[] demo_fid=0
INPUT_TRACE BEFORE inject  R_just_pressed=false R_held=false jp=[] demo_fid=0
INPUT_TRACE AFTER  handler R_just_pressed=false R_held=false jp=[] demo_fid=0
INPUT_TRACE BEFORE inject  R_just_pressed=false R_held=false jp=[] demo_fid=0
INPUT_TRACE AFTER  handler R_just_pressed=false R_held=false jp=[] demo_fid=0
INPUT_TRACE BEFORE inject  R_just_pressed=false R_held=false jp=[] demo_fid=0
INPUT_TRACE AFTER  handler R_just_pressed=false R_held=false jp=[] demo_fid=0
INPUT_TRACE BEFORE inject  R_just_pressed=false R_held=false jp=[] demo_fid=0
INPUT_TRACE AFTER  handler R_just_pressed=false R_held=false jp=[] demo_fid=0
INPUT_TRACE BEFORE inject  R_just_pressed=false R_held=false jp=[] demo_fid=0
INPUT_TRACE AFTER  handler R_just_pressed=false R_held=false jp=[] demo_fid=0
INPUT_TRACE BEFORE inject  R_just_pressed=false R_held=false jp=[] demo_fid=0
INPUT_TRACE AFTER  handler R_just_pressed=false R_held=false jp=[] demo_fid=0
INPUT_TRACE BEFORE inject  R_just_pressed=false R_held=false jp=[] demo_fid=0
INPUT_TRACE AFTER  handler R_just_pressed=false R_held=false jp=[] demo_fid=0
INPUT_TRACE BEFORE inject  R_just_pressed=false R_held=false jp=[] demo_fid=0
INPUT_TRACE AFTER  handler R_just_pressed=false R_held=false jp=[] demo_fid=0
INPUT_TRACE BEFORE inject  R_just_pressed=false R_held=false jp=[] demo_fid=0
INPUT_TRACE AFTER  handler R_just_pressed=false R_held=false jp=[] demo_fid=0
INPUT_TRACE BEFORE inject  R_just_pressed=false R_held=false jp=[] demo_fid=0
INPUT_TRACE AFTER  handler R_just_pressed=false R_held=false jp=[] demo_fid=0
INPUT_TRACE BEFORE inject  R_just_pressed=false R_held=false jp=[] demo_fid=0
INPUT_TRACE AFTER  handler R_just_pressed=false R_held=false jp=[] demo_fid=0
INPUT_TRACE BEFORE inject  R_just_pressed=false R_held=false jp=[] demo_fid=0
INPUT_TRACE AFTER  handler R_just_pressed=false R_held=false jp=[] demo_fid=0
INPUT_TRACE BEFORE inject  R_just_pressed=false R_held=false jp=[] demo_fid=0
INPUT_TRACE AFTER  handler R_just_pressed=false R_held=false jp=[] demo_fid=0
INPUT_TRACE BEFORE inject  R_just_pressed=false R_held=false jp=[] demo_fid=0
INPUT_TRACE AFTER  handler R_just_pressed=false R_held=false jp=[] demo_fid=0
INPUT_TRACE BEFORE inject  R_just_pressed=false R_held=false jp=[] demo_fid=0
INPUT_TRACE AFTER  handler R_just_pressed=false R_held=false jp=[] demo_fid=0
INPUT_TRACE BEFORE inject  R_just_pressed=false R_held=false jp=[] demo_fid=0
INPUT_TRACE AFTER  handler R_just_pressed=false R_held=false jp=[] demo_fid=0
INPUT_TRACE BEFORE inject  R_just_pressed=false R_held=false jp=[] demo_fid=0
INPUT_TRACE AFTER  handler R_just_pressed=false R_held=false jp=[] demo_fid=0
INPUT_TRACE BEFORE inject  R_just_pressed=false R_held=false jp=[] demo_fid=0
INPUT_TRACE AFTER  handler R_just_pressed=false R_held=false jp=[] demo_fid=0
INPUT_TRACE BEFORE inject  R_just_pressed=false R_held=false jp=[] demo_fid=0
INPUT_TRACE AFTER  handler R_just_pressed=false R_held=false jp=[] demo_fid=0
INPUT_TRACE BEFORE inject  R_just_pressed=false R_held=false jp=[] demo_fid=0
INPUT_TRACE AFTER  handler R_just_pressed=false R_held=false jp=[] demo_fid=0
INPUT_TRACE BEFORE inject  R_just_pressed=false R_held=false jp=[] demo_fid=0
INPUT_TRACE AFTER  handler R_just_pressed=false R_held=false jp=[] demo_fid=0
INPUT_TRACE BEFORE inject  R_just_pressed=false R_held=false jp=[] demo_fid=0
INPUT_TRACE AFTER  handler R_just_pressed=false R_held=false jp=[] demo_fid=0
INPUT_TRACE BEFORE inject  R_just_pressed=false R_held=false jp=[] demo_fid=0
INPUT_TRACE AFTER  handler R_just_pressed=false R_held=false jp=[] demo_fid=0
INPUT_TRACE BEFORE inject  R_just_pressed=false R_held=false jp=[] demo_fid=0
INPUT_TRACE AFTER  handler R_just_pressed=false R_held=false jp=[] demo_fid=0
INPUT_TRACE BEFORE inject  R_just_pressed=false R_held=false jp=[] demo_fid=0
INPUT_TRACE AFTER  handler R_just_pressed=false R_held=false jp=[] demo_fid=0
INPUT_TRACE BEFORE inject  R_just_pressed=false R_held=false jp=[] demo_fid=0
INPUT_TRACE AFTER  handler R_just_pressed=false R_held=false jp=[] demo_fid=0
INPUT_TRACE BEFORE inject  R_just_pressed=false R_held=false jp=[] demo_fid=0
INPUT_TRACE AFTER  handler R_just_pressed=false R_held=false jp=[] demo_fid=0
INPUT_TRACE BEFORE inject  R_just_pressed=false R_held=false jp=[] demo_fid=0
INPUT_TRACE AFTER  handler R_just_pressed=false R_held=false jp=[] demo_fid=0
INPUT_TRACE BEFORE inject  R_just_pressed=false R_held=false jp=[] demo_fid=0
INPUT_TRACE AFTER  handler R_just_pressed=false R_held=false jp=[] demo_fid=0
INPUT_TRACE BEFORE inject  R_just_pressed=false R_held=false jp=[] demo_fid=0
INPUT_TRACE AFTER  handler R_just_pressed=false R_held=false jp=[] demo_fid=0
INPUT_TRACE BEFORE inject  R_just_pressed=false R_held=false jp=[] demo_fid=0
INPUT_TRACE AFTER  handler R_just_pressed=false R_held=false jp=[] demo_fid=0
INPUT_TRACE BEFORE inject  R_just_pressed=false R_held=false jp=[] demo_fid=0
INPUT_TRACE AFTER  handler R_just_pressed=false R_held=false jp=[] demo_fid=0
INPUT_TRACE BEFORE inject  R_just_pressed=false R_held=false jp=[] demo_fid=0
INPUT_TRACE AFTER  handler R_just_pressed=false R_held=false jp=[] demo_fid=0
INPUT_TRACE BEFORE inject  R_just_pressed=false R_held=false jp=[] demo_fid=0
INPUT_TRACE AFTER  handler R_just_pressed=false R_held=false jp=[] demo_fid=0
INPUT_TRACE BEFORE inject  R_just_pressed=false R_held=false jp=[] demo_fid=0
INPUT_TRACE AFTER  handler R_just_pressed=false R_held=false jp=[] demo_fid=0
INPUT_TRACE BEFORE inject  R_just_pressed=false R_held=false jp=[] demo_fid=0
INPUT_TRACE AFTER  handler R_just_pressed=false R_held=false jp=[] demo_fid=0
INPUT_TRACE BEFORE inject  R_just_pressed=false R_held=false jp=[] demo_fid=0
INPUT_TRACE AFTER  handler R_just_pressed=false R_held=false jp=[] demo_fid=0
INPUT_TRACE BEFORE inject  R_just_pressed=false R_held=false jp=[] demo_fid=0
INPUT_TRACE AFTER  handler R_just_pressed=false R_held=false jp=[] demo_fid=0
INPUT_TRACE BEFORE inject  R_just_pressed=false R_held=false jp=[] demo_fid=0
INPUT_TRACE AFTER  handler R_just_pressed=false R_held=false jp=[] demo_fid=0
INPUT_TRACE BEFORE inject  R_just_pressed=false R_held=false jp=[] demo_fid=0
INPUT_TRACE AFTER  handler R_just_pressed=false R_held=false jp=[] demo_fid=0
INPUT_TRACE BEFORE inject  R_just_pressed=false R_held=false jp=[] demo_fid=0
INPUT_TRACE AFTER  handler R_just_pressed=false R_held=false jp=[] demo_fid=0
INPUT_TRACE BEFORE inject  R_just_pressed=false R_held=false jp=[] demo_fid=0
INPUT_TRACE AFTER  handler R_just_pressed=false R_held=false jp=[] demo_fid=0
INPUT_TRACE BEFORE inject  R_just_pressed=false R_held=false jp=[] demo_fid=0
INPUT_TRACE AFTER  handler R_just_pressed=false R_held=false jp=[] demo_fid=0
INPUT_TRACE BEFORE inject  R_just_pressed=false R_held=false jp=[] demo_fid=0
INPUT_TRACE AFTER  handler R_just_pressed=false R_held=false jp=[] demo_fid=0
INPUT_TRACE BEFORE inject  R_just_pressed=false R_held=false jp=[] demo_fid=0
INPUT_TRACE AFTER  handler R_just_pressed=false R_held=false jp=[] demo_fid=0
INPUT_TRACE BEFORE inject  R_just_pressed=false R_held=false jp=[] demo_fid=0
INPUT_TRACE AFTER  handler R_just_pressed=false R_held=false jp=[] demo_fid=0
INPUT_TRACE BEFORE inject  R_just_pressed=false R_held=false jp=[] demo_fid=0
INPUT_TRACE AFTER  handler R_just_pressed=false R_held=false jp=[] demo_fid=0
INPUT_TRACE BEFORE inject  R_just_pressed=false R_held=false jp=[] demo_fid=0
INPUT_TRACE AFTER  handler R_just_pressed=false R_held=false jp=[] demo_fid=0
INPUT_TRACE BEFORE inject  R_just_pressed=false R_held=false jp=[] demo_fid=0
INPUT_TRACE AFTER  handler R_just_pressed=false R_held=false jp=[] demo_fid=0
INPUT_TRACE BEFORE inject  R_just_pressed=false R_held=false jp=[] demo_fid=0
INPUT_TRACE AFTER  handler R_just_pressed=false R_held=false jp=[] demo_fid=0
INPUT_TRACE BEFORE inject  R_just_pressed=false R_held=false jp=[] demo_fid=0
INPUT_TRACE AFTER  handler R_just_pressed=false R_held=false jp=[] demo_fid=0
INPUT_TRACE BEFORE inject  R_just_pressed=false R_held=false jp=[] demo_fid=0
INPUT_TRACE AFTER  handler R_just_pressed=false R_held=false jp=[] demo_fid=0
INPUT_TRACE BEFORE inject  R_just_pressed=false R_held=false jp=[] demo_fid=0
INPUT_TRACE AFTER  handler R_just_pressed=false R_held=false jp=[] demo_fid=0
INPUT_TRACE BEFORE inject  R_just_pressed=false R_held=false jp=[] demo_fid=0
INPUT_TRACE AFTER  handler R_just_pressed=false R_held=false jp=[] demo_fid=0
INPUT_TRACE BEFORE inject  R_just_pressed=false R_held=false jp=[] demo_fid=0
INPUT_TRACE AFTER  handler R_just_pressed=false R_held=false jp=[] demo_fid=0
INPUT_TRACE BEFORE inject  R_just_pressed=false R_held=false jp=[] demo_fid=0
INPUT_TRACE AFTER  handler R_just_pressed=false R_held=false jp=[] demo_fid=0
INPUT_TRACE BEFORE inject  R_just_pressed=false R_held=false jp=[] demo_fid=0
INPUT_TRACE AFTER  handler R_just_pressed=false R_held=false jp=[] demo_fid=0
INPUT_TRACE BEFORE inject  R_just_pressed=false R_held=false jp=[] demo_fid=0
INPUT_TRACE AFTER  handler R_just_pressed=false R_held=false jp=[] demo_fid=0
INPUT_TRACE BEFORE inject  R_just_pressed=false R_held=false jp=[] demo_fid=0
INPUT_TRACE AFTER  handler R_just_pressed=false R_held=false jp=[] demo_fid=0
INPUT_TRACE BEFORE inject  R_just_pressed=false R_held=false jp=[] demo_fid=0
INPUT_TRACE AFTER  handler R_just_pressed=false R_held=false jp=[] demo_fid=0
INPUT_TRACE BEFORE inject  R_just_pressed=false R_held=false jp=[] demo_fid=0
INPUT_TRACE AFTER  handler R_just_pressed=false R_held=false jp=[] demo_fid=0
INPUT_TRACE BEFORE inject  R_just_pressed=false R_held=false jp=[] demo_fid=0
INPUT_TRACE AFTER  handler R_just_pressed=false R_held=false jp=[] demo_fid=0
INPUT_TRACE BEFORE inject  R_just_pressed=false R_held=false jp=[] demo_fid=0
INPUT_TRACE AFTER  handler R_just_pressed=false R_held=false jp=[] demo_fid=0
INPUT_TRACE BEFORE inject  R_just_pressed=false R_held=false jp=[] demo_fid=0
INPUT_TRACE AFTER  handler R_just_pressed=false R_held=false jp=[] demo_fid=0
INPUT_TRACE BEFORE inject  R_just_pressed=false R_held=false jp=[] demo_fid=0
INPUT_TRACE AFTER  handler R_just_pressed=false R_held=false jp=[] demo_fid=0
INPUT_TRACE BEFORE inject  R_just_pressed=false R_held=false jp=[] demo_fid=0
INPUT_TRACE AFTER  handler R_just_pressed=false R_held=false jp=[] demo_fid=0
INPUT_TRACE BEFORE inject  R_just_pressed=false R_held=false jp=[] demo_fid=0
INPUT_TRACE AFTER  handler R_just_pressed=false R_held=false jp=[] demo_fid=0
INPUT_TRACE BEFORE inject  R_just_pressed=false R_held=false jp=[] demo_fid=0
INPUT_TRACE AFTER  handler R_just_pressed=false R_held=false jp=[] demo_fid=0
INPUT_TRACE BEFORE inject  R_just_pressed=false R_held=false jp=[] demo_fid=0
INPUT_TRACE AFTER  handler R_just_pressed=false R_held=false jp=[] demo_fid=0
INPUT_TRACE BEFORE inject  R_just_pressed=false R_held=false jp=[] demo_fid=0
INPUT_TRACE AFTER  handler R_just_pressed=false R_held=false jp=[] demo_fid=0
INPUT_TRACE BEFORE inject  R_just_pressed=false R_held=false jp=[] demo_fid=0
INPUT_TRACE AFTER  handler R_just_pressed=false R_held=false jp=[] demo_fid=0
INPUT_TRACE BEFORE inject  R_just_pressed=false R_held=false jp=[] demo_fid=0
INPUT_TRACE AFTER  handler R_just_pressed=false R_held=false jp=[] demo_fid=0
INPUT_TRACE BEFORE inject  R_just_pressed=false R_held=false jp=[] demo_fid=0
INPUT_TRACE AFTER  handler R_just_pressed=false R_held=false jp=[] demo_fid=0
INPUT_TRACE BEFORE inject  R_just_pressed=false R_held=false jp=[] demo_fid=0
INPUT_TRACE AFTER  handler R_just_pressed=false R_held=false jp=[] demo_fid=0
INPUT_TRACE BEFORE inject  R_just_pressed=false R_held=false jp=[] demo_fid=0
INPUT_TRACE AFTER  handler R_just_pressed=false R_held=false jp=[] demo_fid=0
INPUT_TRACE BEFORE inject  R_just_pressed=false R_held=false jp=[] demo_fid=0
INPUT_TRACE AFTER  handler R_just_pressed=false R_held=false jp=[] demo_fid=0
INPUT_TRACE BEFORE inject  R_just_pressed=false R_held=false jp=[] demo_fid=0
INPUT_TRACE AFTER  handler R_just_pressed=false R_held=false jp=[] demo_fid=0
INPUT_TRACE BEFORE inject  R_just_pressed=false R_held=false jp=[] demo_fid=0
INPUT_TRACE AFTER  handler R_just_pressed=false R_held=false jp=[] demo_fid=0
INPUT_TRACE BEFORE inject  R_just_pressed=false R_held=false jp=[] demo_fid=0
INPUT_TRACE AFTER  handler R_just_pressed=false R_held=false jp=[] demo_fid=0
INPUT_TRACE BEFORE inject  R_just_pressed=false R_held=false jp=[] demo_fid=0
INPUT_TRACE AFTER  handler R_just_pressed=false R_held=false jp=[] demo_fid=0
INPUT_TRACE BEFORE inject  R_just_pressed=false R_held=false jp=[] demo_fid=0
INPUT_TRACE AFTER  handler R_just_pressed=false R_held=false jp=[] demo_fid=0
INPUT_TRACE BEFORE inject  R_just_pressed=false R_held=false jp=[] demo_fid=0
INPUT_TRACE AFTER  handler R_just_pressed=false R_held=false jp=[] demo_fid=0
INPUT_TRACE BEFORE inject  R_just_pressed=false R_held=false jp=[] demo_fid=0
INPUT_TRACE AFTER  handler R_just_pressed=false R_held=false jp=[] demo_fid=0
INPUT_TRACE BEFORE inject  R_just_pressed=false R_held=false jp=[] demo_fid=0
INPUT_TRACE AFTER  handler R_just_pressed=false R_held=false jp=[] demo_fid=0
INPUT_TRACE BEFORE inject  R_just_pressed=false R_held=false jp=[] demo_fid=0
INPUT_TRACE AFTER  handler R_just_pressed=false R_held=false jp=[] demo_fid=0
INPUT_TRACE BEFORE inject  R_just_pressed=false R_held=false jp=[] demo_fid=0
INPUT_TRACE AFTER  handler R_just_pressed=false R_held=false jp=[] demo_fid=0
INPUT_TRACE BEFORE inject  R_just_pressed=false R_held=false jp=[] demo_fid=0
INPUT_TRACE AFTER  handler R_just_pressed=false R_held=false jp=[] demo_fid=0
INPUT_TRACE BEFORE inject  R_just_pressed=false R_held=false jp=[] demo_fid=0
INPUT_TRACE AFTER  handler R_just_pressed=false R_held=false jp=[] demo_fid=0
INPUT_TRACE BEFORE inject  R_just_pressed=false R_held=false jp=[] demo_fid=0
INPUT_TRACE AFTER  handler R_just_pressed=false R_held=false jp=[] demo_fid=0
INPUT_TRACE BEFORE inject  R_just_pressed=false R_held=false jp=[] demo_fid=0
SHOT saved to E:\Projects\bagidea-ai-agents-office\workspace\projects\Voxelforge\docs\assets\look\ab-elev\s1cam-elev22.png
INPUT_TRACE AFTER  handler R_just_pressed=false R_held=false jp=[] demo_fid=0
INPUT_TRACE BEFORE inject  R_just_pressed=false R_held=false jp=[] demo_fid=0
INPUT_TRACE AFTER  handler R_just_pressed=false R_held=false jp=[] demo_fid=0
INPUT_TRACE BEFORE inject  R_just_pressed=false R_held=false jp=[] demo_fid=0
INPUT_TRACE AFTER  handler R_just_pressed=false R_held=false jp=[] demo_fid=0
INPUT_TRACE BEFORE inject  R_just_pressed=false R_held=false jp=[] demo_fid=0
INPUT_TRACE AFTER  handler R_just_pressed=false R_held=false jp=[] demo_fid=0
INPUT_TRACE BEFORE inject  R_just_pressed=false R_held=false jp=[] demo_fid=0
INPUT_TRACE AFTER  handler R_just_pressed=false R_held=false jp=[] demo_fid=0
INPUT_TRACE BEFORE inject  R_just_pressed=false R_held=false jp=[] demo_fid=0
2026-08-14T21:11:02.868017Z  INFO bevy_render::view::window::screenshot: Screenshot saved to E:\Projects\bagidea-ai-agents-office\workspace\projects\Voxelforge\docs\assets\look\ab-elev\s1cam-elev22.png
INPUT_TRACE AFTER  handler R_just_pressed=false R_held=false jp=[] demo_fid=0
INPUT_TRACE BEFORE inject  R_just_pressed=false R_held=false jp=[] demo_fid=0
INPUT_TRACE AFTER  handler R_just_pressed=false R_held=false jp=[] demo_fid=0
INPUT_TRACE BEFORE inject  R_just_pressed=false R_held=false jp=[] demo_fid=0
INPUT_TRACE AFTER  handler R_just_pressed=false R_held=false jp=[] demo_fid=0
INPUT_TRACE BEFORE inject  R_just_pressed=false R_held=false jp=[] demo_fid=0
INPUT_TRACE AFTER  handler R_just_pressed=false R_held=false jp=[] demo_fid=0
INPUT_TRACE BEFORE inject  R_just_pressed=false R_held=false jp=[] demo_fid=0
INPUT_TRACE AFTER  handler R_just_pressed=false R_held=false jp=[] demo_fid=0
INPUT_TRACE BEFORE inject  R_just_pressed=false R_held=false jp=[] demo_fid=0
INPUT_TRACE AFTER  handler R_just_pressed=false R_held=false jp=[] demo_fid=0
INPUT_TRACE BEFORE inject  R_just_pressed=false R_held=false jp=[] demo_fid=0
INPUT_TRACE AFTER  handler R_just_pressed=false R_held=false jp=[] demo_fid=0
INPUT_TRACE BEFORE inject  R_just_pressed=false R_held=false jp=[] demo_fid=0
INPUT_TRACE AFTER  handler R_just_pressed=false R_held=false jp=[] demo_fid=0
INPUT_TRACE BEFORE inject  R_just_pressed=false R_held=false jp=[] demo_fid=0
INPUT_TRACE AFTER  handler R_just_pressed=false R_held=false jp=[] demo_fid=0
INPUT_TRACE BEFORE inject  R_just_pressed=false R_held=false jp=[] demo_fid=0
INPUT_TRACE AFTER  handler R_just_pressed=false R_held=false jp=[] demo_fid=0
INPUT_TRACE BEFORE inject  R_just_pressed=false R_held=false jp=[] demo_fid=0
INPUT_TRACE AFTER  handler R_just_pressed=false R_held=false jp=[] demo_fid=0
INPUT_TRACE BEFORE inject  R_just_pressed=false R_held=false jp=[] demo_fid=0
INPUT_TRACE AFTER  handler R_just_pressed=false R_held=false jp=[] demo_fid=0
INPUT_TRACE BEFORE inject  R_just_pressed=false R_held=false jp=[] demo_fid=0
INPUT_TRACE AFTER  handler R_just_pressed=false R_held=false jp=[] demo_fid=0
INPUT_TRACE BEFORE inject  R_just_pressed=false R_held=false jp=[] demo_fid=0
INPUT_TRACE AFTER  handler R_just_pressed=false R_held=false jp=[] demo_fid=0
INPUT_TRACE BEFORE inject  R_just_pressed=false R_held=false jp=[] demo_fid=0
INPUT_TRACE AFTER  handler R_just_pressed=false R_held=false jp=[] demo_fid=0
INPUT_TRACE BEFORE inject  R_just_pressed=false R_held=false jp=[] demo_fid=0
INPUT_TRACE AFTER  handler R_just_pressed=false R_held=false jp=[] demo_fid=0
INPUT_TRACE BEFORE inject  R_just_pressed=false R_held=false jp=[] demo_fid=0
INPUT_TRACE AFTER  handler R_just_pressed=false R_held=false jp=[] demo_fid=0
INPUT_TRACE BEFORE inject  R_just_pressed=false R_held=false jp=[] demo_fid=0
INPUT_TRACE AFTER  handler R_just_pressed=false R_held=false jp=[] demo_fid=0
INPUT_TRACE BEFORE inject  R_just_pressed=false R_held=false jp=[] demo_fid=0
INPUT_TRACE AFTER  handler R_just_pressed=false R_held=false jp=[] demo_fid=0
INPUT_TRACE BEFORE inject  R_just_pressed=false R_held=false jp=[] demo_fid=0
INPUT_TRACE AFTER  handler R_just_pressed=false R_held=false jp=[] demo_fid=0
INPUT_TRACE BEFORE inject  R_just_pressed=false R_held=false jp=[] demo_fid=0
INPUT_TRACE AFTER  handler R_just_pressed=false R_held=false jp=[] demo_fid=0
INPUT_TRACE BEFORE inject  R_just_pressed=false R_held=false jp=[] demo_fid=0
INPUT_TRACE AFTER  handler R_just_pressed=false R_held=false jp=[] demo_fid=0
INPUT_TRACE BEFORE inject  R_just_pressed=false R_held=false jp=[] demo_fid=0
INPUT_TRACE AFTER  handler R_just_pressed=false R_held=false jp=[] demo_fid=0
INPUT_TRACE BEFORE inject  R_just_pressed=false R_held=false jp=[] demo_fid=0
INPUT_TRACE AFTER  handler R_just_pressed=false R_held=false jp=[] demo_fid=0
INPUT_TRACE BEFORE inject  R_just_pressed=false R_held=false jp=[] demo_fid=0
INPUT_TRACE AFTER  handler R_just_pressed=false R_held=false jp=[] demo_fid=0
INPUT_TRACE BEFORE inject  R_just_pressed=false R_held=false jp=[] demo_fid=0
INPUT_TRACE AFTER  handler R_just_pressed=false R_held=false jp=[] demo_fid=0
INPUT_TRACE BEFORE inject  R_just_pressed=false R_held=false jp=[] demo_fid=0
INPUT_TRACE AFTER  handler R_just_pressed=false R_held=false jp=[] demo_fid=0
INPUT_TRACE BEFORE inject  R_just_pressed=false R_held=false jp=[] demo_fid=0
INPUT_TRACE AFTER  handler R_just_pressed=false R_held=false jp=[] demo_fid=0
INPUT_TRACE BEFORE inject  R_just_pressed=false R_held=false jp=[] demo_fid=0
INPUT_TRACE AFTER  handler R_just_pressed=false R_held=false jp=[] demo_fid=0
INPUT_TRACE BEFORE inject  R_just_pressed=false R_held=false jp=[] demo_fid=0
INPUT_TRACE AFTER  handler R_just_pressed=false R_held=false jp=[] demo_fid=0
INPUT_TRACE BEFORE inject  R_just_pressed=false R_held=false jp=[] demo_fid=0
INPUT_TRACE AFTER  handler R_just_pressed=false R_held=false jp=[] demo_fid=0
INPUT_TRACE BEFORE inject  R_just_pressed=false R_held=false jp=[] demo_fid=0
INPUT_TRACE AFTER  handler R_just_pressed=false R_held=false jp=[] demo_fid=0
INPUT_TRACE BEFORE inject  R_just_pressed=false R_held=false jp=[] demo_fid=0
INPUT_TRACE AFTER  handler R_just_pressed=false R_held=false jp=[] demo_fid=0
INPUT_TRACE BEFORE inject  R_just_pressed=false R_held=false jp=[] demo_fid=0
INPUT_TRACE AFTER  handler R_just_pressed=false R_held=false jp=[] demo_fid=0
INPUT_TRACE BEFORE inject  R_just_pressed=false R_held=false jp=[] demo_fid=0
INPUT_TRACE AFTER  handler R_just_pressed=false R_held=false jp=[] demo_fid=0
INPUT_TRACE BEFORE inject  R_just_pressed=false R_held=false jp=[] demo_fid=0
INPUT_TRACE AFTER  handler R_just_pressed=false R_held=false jp=[] demo_fid=0
INPUT_TRACE BEFORE inject  R_just_pressed=false R_held=false jp=[] demo_fid=0
INPUT_TRACE AFTER  handler R_just_pressed=false R_held=false jp=[] demo_fid=0
INPUT_TRACE BEFORE inject  R_just_pressed=false R_held=false jp=[] demo_fid=0
INPUT_TRACE AFTER  handler R_just_pressed=false R_held=false jp=[] demo_fid=0
INPUT_TRACE BEFORE inject  R_just_pressed=false R_held=false jp=[] demo_fid=0
INPUT_TRACE AFTER  handler R_just_pressed=false R_held=false jp=[] demo_fid=0
INPUT_TRACE BEFORE inject  R_just_pressed=false R_held=false jp=[] demo_fid=0
INPUT_TRACE AFTER  handler R_just_pressed=false R_held=false jp=[] demo_fid=0
INPUT_TRACE BEFORE inject  R_just_pressed=false R_held=false jp=[] demo_fid=0
INPUT_TRACE AFTER  handler R_just_pressed=false R_held=false jp=[] demo_fid=0
INPUT_TRACE BEFORE inject  R_just_pressed=false R_held=false jp=[] demo_fid=0
INPUT_TRACE AFTER  handler R_just_pressed=false R_held=false jp=[] demo_fid=0
INPUT_TRACE BEFORE inject  R_just_pressed=false R_held=false jp=[] demo_fid=0
INPUT_TRACE AFTER  handler R_just_pressed=false R_held=false jp=[] demo_fid=0
[shoot] s2cam-elev66  sun=66,205,20000  cine=18,9,44, 18,9,44, 31,1.5,29, 1 
2026-08-14T21:11:04.591504Z  INFO bevy_diagnostic::system_information_diagnostics_plugin::internal: SystemInfo { os: "Windows 11 Home", kernel: "26200", cpu: "12th Gen Intel(R) Core(TM) i5-12600K", core_count: "10", memory: "15.8 GiB" }
2026-08-14T21:11:04.864979Z  INFO bevy_render::renderer: AdapterInfo { name: "NVIDIA GeForce GTX 1060 6GB", vendor: 4318, device: 7171, device_type: DiscreteGpu, device_pci_bus_id: "0000:03:00.0", driver: "NVIDIA", driver_info: "560.94", backend: Vulkan, subgroup_min_size: 32, subgroup_max_size: 32, transient_saves_memory: false }
EDITOR_CONFIG loaded editor_config.json — 16 actions, grid_snap=1
CINE eye Vec3(18.0, 9.0, 44.0)->Vec3(18.0, 9.0, 44.0) aim Vec3(31.0, 1.5, 29.0)->Vec3(31.0, 1.5, 29.0) secs=1 start=1 exit=None
AI_MODE tactics (perception + squad pass)
SETTINGS loaded settings.json
2026-08-14T21:11:04.984681Z  INFO bevy_pbr::cluster: GPU clustering is supported on this device.
2026-08-14T21:11:04.984736Z  INFO bevy_render::batching::gpu_preprocessing: GPU preprocessing is fully supported on this device.
2026-08-14T21:11:04.985140Z  INFO bevy_egui::render: Using bindless_mode_array_size 16 (Device maximum 1048576)
2026-08-14T21:11:04.985292Z  INFO bevy_winit::system: Creating new window Voxelforge — Phase 0 spike (65v0)
STORY_LOAD ok path=assets/story/act1.json quests=5 npcs=3 dialogues=12 regions=9
MAP_LOAD ok path=maps/edhari.json name="edhari" blocks=9537 size=2x2 chunks
MESH_PATH split (one mesh + material per block type)
MAP_APPLY set=9537 skipped=0 total_quads=9262
QUEST_INIT start=q1_embers
QUEST_INIT quests_loaded=5
ENEMY_SPAWN kind=sentinel parts=30 height=3.38b feet=(32.0,1.0,25.0) yaw=0.00
HUSK2_SPAWN kind=sentinel at (32.0,1.0,25.0)
SPAWN_ENCOUNTER husk at (32.0,_,25.0) on Edhari surface
SPAWN_GROUND col=(32,32) top=0 feet=1 => PASS
SCENE_READY source=maps/edhari.json spawn=(32.5,2.6,32.5) surface=0 campfire=(32.5,1.0,29.5)
SPAWN_NPC id=maren name="Elder Maren" pos=(32,2,4)
SPAWN_NPC id=toma name="Toma" pos=(16,1.5,24)
QUEST_LOAD ok path=quest_save.json flags=5 quests=1
ENTER_PLAY
AUDIO_PLAY:audio/music_theme.wav t=0.00 pos=(non-spatial)
AUDIO_PLAY:audio/ambient_wind.wav t=0.00 pos=(omnipresent)
AUDIO_PLAY:audio/ambient_campfire.wav t=0.00 pos=(32.5,1.0,29.5)
AUDIO_PLAY:audio/ambient_village.wav t=0.00 pos=(47.5,2.6,22.5)
VFX campfire lit at (32.5,1.0,29.5)
LOOK atmosphere spawned mode=lut aerial_max=72
QUEST_DIALOGUE fire id=dlg_maren_first_call trigger=on_objective
AUDIO_ZONE:Campfire t=0.00 pos=(32.5,2.6,32.5)
INPUT_TRACE BEFORE inject  R_just_pressed=false R_held=false jp=[] demo_fid=0
LOOK_IBL gen=V3 nits=330
ANIM_RIG_WEAPON spawn actor=Player entity=675v0
QUEST_FEEDBACK q1_embers complete → text + sound
ANIM_RIG_NPC dressed entity=609v0 look=Villager
CAST_SPAWN who=maren root=619v0 body_boxes=24 gear_boxes=0 slots_filled=0/6 height=1.96b feet=(32.0,13.0,4.0) yaw=3.14
CAST_WEAR who=maren head=- torso=- legs=- hands=- weapon=- back=-
LOOK_FILL gen=V3 ambient=620 sky=1400lux@76deg bounce=1100lux@28deg rim=600lux@14deg contact_sky=true
AUDIO_PLAY:audio/player_respawn.wav t=0.00 pos=(0.0,0.0,0.0)
CAST_MATERIALS who=maren total=24 cloth=11 hair=4 skin=3 metal=2 wood=2 leather=1 glow=1
QUEST_AREA enter=spawn_shelter player=(32.5,32.5)
ANIM_RIG_NPC dressed entity=610v0 look=Villager
CAST_DRESSED id=maren placeholder_mesh=removed body=maren feet=(32.0,13.0,4.0)
CAST_SPAWN who=toma root=750v0 body_boxes=17 gear_boxes=0 slots_filled=0/6 height=1.34b feet=(16.0,3.0,24.0) yaw=3.14
CAST_WEAR who=toma head=- torso=- legs=- hands=- weapon=- back=-
CAST_MATERIALS who=toma total=17 cloth=8 skin=3 hair=3 wood=3
CAST_DRESSED id=toma placeholder_mesh=removed body=toma feet=(16.0,3.0,24.0)
CAST_SPAWN who=toma root=774v0 body_boxes=17 gear_boxes=0 slots_filled=0/6 height=1.34b feet=(16.5,3.0,24.5) yaw=-1.57
CAST_WEAR who=toma head=- torso=- legs=- hands=- weapon=- back=-
CAST_MATERIALS who=toma total=17 cloth=8 skin=3 hair=3 wood=3
CAST_SPAWN_NPC id=toma feet=(16.5,3.0,24.5) region=west_house
LOOK play FogVolume spawned density=0.030 (god-ray medium)
LOOK tier=Ultra pcss=Some(12.0) shadow_map=4096 sun=66deg/205deg illum=20000 contact=true
INPUT_TRACE AFTER  handler R_just_pressed=false R_held=false jp=[] demo_fid=0
VFX_RIG_WEAPON_TRAIL attach actor=Player entity=675v0
ANIM_RIG_NPC dressed entity=798v0 look=Villager
INPUT_TRACE BEFORE inject  R_just_pressed=false R_held=false jp=[] demo_fid=0
INPUT_TRACE AFTER  handler R_just_pressed=false R_held=false jp=[] demo_fid=0
INPUT_TRACE BEFORE inject  R_just_pressed=false R_held=false jp=[] demo_fid=0
INPUT_TRACE AFTER  handler R_just_pressed=false R_held=false jp=[] demo_fid=0
INPUT_TRACE BEFORE inject  R_just_pressed=false R_held=false jp=[] demo_fid=0
INPUT_TRACE AFTER  handler R_just_pressed=false R_held=false jp=[] demo_fid=0
INPUT_TRACE BEFORE inject  R_just_pressed=false R_held=false jp=[] demo_fid=0
INPUT_TRACE AFTER  handler R_just_pressed=false R_held=false jp=[] demo_fid=0
INPUT_TRACE BEFORE inject  R_just_pressed=false R_held=false jp=[] demo_fid=0
INPUT_TRACE AFTER  handler R_just_pressed=false R_held=false jp=[] demo_fid=0
INPUT_TRACE BEFORE inject  R_just_pressed=false R_held=false jp=[] demo_fid=0
INPUT_TRACE AFTER  handler R_just_pressed=false R_held=false jp=[] demo_fid=0
INPUT_TRACE BEFORE inject  R_just_pressed=false R_held=false jp=[] demo_fid=0
INPUT_TRACE AFTER  handler R_just_pressed=false R_held=false jp=[] demo_fid=0
INPUT_TRACE BEFORE inject  R_just_pressed=false R_held=false jp=[] demo_fid=0
INPUT_TRACE AFTER  handler R_just_pressed=false R_held=false jp=[] demo_fid=0
INPUT_TRACE BEFORE inject  R_just_pressed=false R_held=false jp=[] demo_fid=0
INPUT_TRACE AFTER  handler R_just_pressed=false R_held=false jp=[] demo_fid=0
INPUT_TRACE BEFORE inject  R_just_pressed=false R_held=false jp=[] demo_fid=0
INPUT_TRACE AFTER  handler R_just_pressed=false R_held=false jp=[] demo_fid=0
INPUT_TRACE BEFORE inject  R_just_pressed=false R_held=false jp=[] demo_fid=0
INPUT_TRACE AFTER  handler R_just_pressed=false R_held=false jp=[] demo_fid=0
INPUT_TRACE BEFORE inject  R_just_pressed=false R_held=false jp=[] demo_fid=0
INPUT_TRACE AFTER  handler R_just_pressed=false R_held=false jp=[] demo_fid=0
INPUT_TRACE BEFORE inject  R_just_pressed=false R_held=false jp=[] demo_fid=0
INPUT_TRACE AFTER  handler R_just_pressed=false R_held=false jp=[] demo_fid=0
INPUT_TRACE BEFORE inject  R_just_pressed=false R_held=false jp=[] demo_fid=0
INPUT_TRACE AFTER  handler R_just_pressed=false R_held=false jp=[] demo_fid=0
INPUT_TRACE BEFORE inject  R_just_pressed=false R_held=false jp=[] demo_fid=0
INPUT_TRACE AFTER  handler R_just_pressed=false R_held=false jp=[] demo_fid=0
INPUT_TRACE BEFORE inject  R_just_pressed=false R_held=false jp=[] demo_fid=0
INPUT_TRACE AFTER  handler R_just_pressed=false R_held=false jp=[] demo_fid=0
INPUT_TRACE BEFORE inject  R_just_pressed=false R_held=false jp=[] demo_fid=0
INPUT_TRACE AFTER  handler R_just_pressed=false R_held=false jp=[] demo_fid=0
INPUT_TRACE BEFORE inject  R_just_pressed=false R_held=false jp=[] demo_fid=0
INPUT_TRACE AFTER  handler R_just_pressed=false R_held=false jp=[] demo_fid=0
INPUT_TRACE BEFORE inject  R_just_pressed=false R_held=false jp=[] demo_fid=0
INPUT_TRACE AFTER  handler R_just_pressed=false R_held=false jp=[] demo_fid=0
INPUT_TRACE BEFORE inject  R_just_pressed=false R_held=false jp=[] demo_fid=0
INPUT_TRACE AFTER  handler R_just_pressed=false R_held=false jp=[] demo_fid=0
INPUT_TRACE BEFORE inject  R_just_pressed=false R_held=false jp=[] demo_fid=0
INPUT_TRACE AFTER  handler R_just_pressed=false R_held=false jp=[] demo_fid=0
INPUT_TRACE BEFORE inject  R_just_pressed=false R_held=false jp=[] demo_fid=0
INPUT_TRACE AFTER  handler R_just_pressed=false R_held=false jp=[] demo_fid=0
INPUT_TRACE BEFORE inject  R_just_pressed=false R_held=false jp=[] demo_fid=0
INPUT_TRACE AFTER  handler R_just_pressed=false R_held=false jp=[] demo_fid=0
INPUT_TRACE BEFORE inject  R_just_pressed=false R_held=false jp=[] demo_fid=0
INPUT_TRACE AFTER  handler R_just_pressed=false R_held=false jp=[] demo_fid=0
INPUT_TRACE BEFORE inject  R_just_pressed=false R_held=false jp=[] demo_fid=0
INPUT_TRACE AFTER  handler R_just_pressed=false R_held=false jp=[] demo_fid=0
INPUT_TRACE BEFORE inject  R_just_pressed=false R_held=false jp=[] demo_fid=0
INPUT_TRACE AFTER  handler R_just_pressed=false R_held=false jp=[] demo_fid=0
INPUT_TRACE BEFORE inject  R_just_pressed=false R_held=false jp=[] demo_fid=0
INPUT_TRACE AFTER  handler R_just_pressed=false R_held=false jp=[] demo_fid=0
INPUT_TRACE BEFORE inject  R_just_pressed=false R_held=false jp=[] demo_fid=0
INPUT_TRACE AFTER  handler R_just_pressed=false R_held=false jp=[] demo_fid=0
INPUT_TRACE BEFORE inject  R_just_pressed=false R_held=false jp=[] demo_fid=0
INPUT_TRACE AFTER  handler R_just_pressed=false R_held=false jp=[] demo_fid=0
INPUT_TRACE BEFORE inject  R_just_pressed=false R_held=false jp=[] demo_fid=0
INPUT_TRACE AFTER  handler R_just_pressed=false R_held=false jp=[] demo_fid=0
INPUT_TRACE BEFORE inject  R_just_pressed=false R_held=false jp=[] demo_fid=0
INPUT_TRACE AFTER  handler R_just_pressed=false R_held=false jp=[] demo_fid=0
INPUT_TRACE BEFORE inject  R_just_pressed=false R_held=false jp=[] demo_fid=0
INPUT_TRACE AFTER  handler R_just_pressed=false R_held=false jp=[] demo_fid=0
INPUT_TRACE BEFORE inject  R_just_pressed=false R_held=false jp=[] demo_fid=0
INPUT_TRACE AFTER  handler R_just_pressed=false R_held=false jp=[] demo_fid=0
INPUT_TRACE BEFORE inject  R_just_pressed=false R_held=false jp=[] demo_fid=0
INPUT_TRACE AFTER  handler R_just_pressed=false R_held=false jp=[] demo_fid=0
INPUT_TRACE BEFORE inject  R_just_pressed=false R_held=false jp=[] demo_fid=0
INPUT_TRACE AFTER  handler R_just_pressed=false R_held=false jp=[] demo_fid=0
INPUT_TRACE BEFORE inject  R_just_pressed=false R_held=false jp=[] demo_fid=0
INPUT_TRACE AFTER  handler R_just_pressed=false R_held=false jp=[] demo_fid=0
INPUT_TRACE BEFORE inject  R_just_pressed=false R_held=false jp=[] demo_fid=0
INPUT_TRACE AFTER  handler R_just_pressed=false R_held=false jp=[] demo_fid=0
INPUT_TRACE BEFORE inject  R_just_pressed=false R_held=false jp=[] demo_fid=0
INPUT_TRACE AFTER  handler R_just_pressed=false R_held=false jp=[] demo_fid=0
INPUT_TRACE BEFORE inject  R_just_pressed=false R_held=false jp=[] demo_fid=0
INPUT_TRACE AFTER  handler R_just_pressed=false R_held=false jp=[] demo_fid=0
INPUT_TRACE BEFORE inject  R_just_pressed=false R_held=false jp=[] demo_fid=0
INPUT_TRACE AFTER  handler R_just_pressed=false R_held=false jp=[] demo_fid=0
INPUT_TRACE BEFORE inject  R_just_pressed=false R_held=false jp=[] demo_fid=0
INPUT_TRACE AFTER  handler R_just_pressed=false R_held=false jp=[] demo_fid=0
INPUT_TRACE BEFORE inject  R_just_pressed=false R_held=false jp=[] demo_fid=0
INPUT_TRACE AFTER  handler R_just_pressed=false R_held=false jp=[] demo_fid=0
INPUT_TRACE BEFORE inject  R_just_pressed=false R_held=false jp=[] demo_fid=0
INPUT_TRACE AFTER  handler R_just_pressed=false R_held=false jp=[] demo_fid=0
INPUT_TRACE BEFORE inject  R_just_pressed=false R_held=false jp=[] demo_fid=0
INPUT_TRACE AFTER  handler R_just_pressed=false R_held=false jp=[] demo_fid=0
INPUT_TRACE BEFORE inject  R_just_pressed=false R_held=false jp=[] demo_fid=0
INPUT_TRACE AFTER  handler R_just_pressed=false R_held=false jp=[] demo_fid=0
INPUT_TRACE BEFORE inject  R_just_pressed=false R_held=false jp=[] demo_fid=0
INPUT_TRACE AFTER  handler R_just_pressed=false R_held=false jp=[] demo_fid=0
INPUT_TRACE BEFORE inject  R_just_pressed=false R_held=false jp=[] demo_fid=0
INPUT_TRACE AFTER  handler R_just_pressed=false R_held=false jp=[] demo_fid=0
INPUT_TRACE BEFORE inject  R_just_pressed=false R_held=false jp=[] demo_fid=0
INPUT_TRACE AFTER  handler R_just_pressed=false R_held=false jp=[] demo_fid=0
INPUT_TRACE BEFORE inject  R_just_pressed=false R_held=false jp=[] demo_fid=0
INPUT_TRACE AFTER  handler R_just_pressed=false R_held=false jp=[] demo_fid=0
INPUT_TRACE BEFORE inject  R_just_pressed=false R_held=false jp=[] demo_fid=0
INPUT_TRACE AFTER  handler R_just_pressed=false R_held=false jp=[] demo_fid=0
INPUT_TRACE BEFORE inject  R_just_pressed=false R_held=false jp=[] demo_fid=0
INPUT_TRACE AFTER  handler R_just_pressed=false R_held=false jp=[] demo_fid=0
INPUT_TRACE BEFORE inject  R_just_pressed=false R_held=false jp=[] demo_fid=0
INPUT_TRACE AFTER  handler R_just_pressed=false R_held=false jp=[] demo_fid=0
INPUT_TRACE BEFORE inject  R_just_pressed=false R_held=false jp=[] demo_fid=0
INPUT_TRACE AFTER  handler R_just_pressed=false R_held=false jp=[] demo_fid=0
INPUT_TRACE BEFORE inject  R_just_pressed=false R_held=false jp=[] demo_fid=0
INPUT_TRACE AFTER  handler R_just_pressed=false R_held=false jp=[] demo_fid=0
INPUT_TRACE BEFORE inject  R_just_pressed=false R_held=false jp=[] demo_fid=0
INPUT_TRACE AFTER  handler R_just_pressed=false R_held=false jp=[] demo_fid=0
INPUT_TRACE BEFORE inject  R_just_pressed=false R_held=false jp=[] demo_fid=0
INPUT_TRACE AFTER  handler R_just_pressed=false R_held=false jp=[] demo_fid=0
INPUT_TRACE BEFORE inject  R_just_pressed=false R_held=false jp=[] demo_fid=0
INPUT_TRACE AFTER  handler R_just_pressed=false R_held=false jp=[] demo_fid=0
INPUT_TRACE BEFORE inject  R_just_pressed=false R_held=false jp=[] demo_fid=0
INPUT_TRACE AFTER  handler R_just_pressed=false R_held=false jp=[] demo_fid=0
INPUT_TRACE BEFORE inject  R_just_pressed=false R_held=false jp=[] demo_fid=0
INPUT_TRACE AFTER  handler R_just_pressed=false R_held=false jp=[] demo_fid=0
INPUT_TRACE BEFORE inject  R_just_pressed=false R_held=false jp=[] demo_fid=0
INPUT_TRACE AFTER  handler R_just_pressed=false R_held=false jp=[] demo_fid=0
INPUT_TRACE BEFORE inject  R_just_pressed=false R_held=false jp=[] demo_fid=0
INPUT_TRACE AFTER  handler R_just_pressed=false R_held=false jp=[] demo_fid=0
INPUT_TRACE BEFORE inject  R_just_pressed=false R_held=false jp=[] demo_fid=0
INPUT_TRACE AFTER  handler R_just_pressed=false R_held=false jp=[] demo_fid=0
INPUT_TRACE BEFORE inject  R_just_pressed=false R_held=false jp=[] demo_fid=0
INPUT_TRACE AFTER  handler R_just_pressed=false R_held=false jp=[] demo_fid=0
INPUT_TRACE BEFORE inject  R_just_pressed=false R_held=false jp=[] demo_fid=0
INPUT_TRACE AFTER  handler R_just_pressed=false R_held=false jp=[] demo_fid=0
INPUT_TRACE BEFORE inject  R_just_pressed=false R_held=false jp=[] demo_fid=0
INPUT_TRACE AFTER  handler R_just_pressed=false R_held=false jp=[] demo_fid=0
INPUT_TRACE BEFORE inject  R_just_pressed=false R_held=false jp=[] demo_fid=0
INPUT_TRACE AFTER  handler R_just_pressed=false R_held=false jp=[] demo_fid=0
INPUT_TRACE BEFORE inject  R_just_pressed=false R_held=false jp=[] demo_fid=0
INPUT_TRACE AFTER  handler R_just_pressed=false R_held=false jp=[] demo_fid=0
INPUT_TRACE BEFORE inject  R_just_pressed=false R_held=false jp=[] demo_fid=0
INPUT_TRACE AFTER  handler R_just_pressed=false R_held=false jp=[] demo_fid=0
INPUT_TRACE BEFORE inject  R_just_pressed=false R_held=false jp=[] demo_fid=0
INPUT_TRACE AFTER  handler R_just_pressed=false R_held=false jp=[] demo_fid=0
INPUT_TRACE BEFORE inject  R_just_pressed=false R_held=false jp=[] demo_fid=0
INPUT_TRACE AFTER  handler R_just_pressed=false R_held=false jp=[] demo_fid=0
INPUT_TRACE BEFORE inject  R_just_pressed=false R_held=false jp=[] demo_fid=0
INPUT_TRACE AFTER  handler R_just_pressed=false R_held=false jp=[] demo_fid=0
INPUT_TRACE BEFORE inject  R_just_pressed=false R_held=false jp=[] demo_fid=0
INPUT_TRACE AFTER  handler R_just_pressed=false R_held=false jp=[] demo_fid=0
INPUT_TRACE BEFORE inject  R_just_pressed=false R_held=false jp=[] demo_fid=0
INPUT_TRACE AFTER  handler R_just_pressed=false R_held=false jp=[] demo_fid=0
INPUT_TRACE BEFORE inject  R_just_pressed=false R_held=false jp=[] demo_fid=0
INPUT_TRACE AFTER  handler R_just_pressed=false R_held=false jp=[] demo_fid=0
INPUT_TRACE BEFORE inject  R_just_pressed=false R_held=false jp=[] demo_fid=0
INPUT_TRACE AFTER  handler R_just_pressed=false R_held=false jp=[] demo_fid=0
INPUT_TRACE BEFORE inject  R_just_pressed=false R_held=false jp=[] demo_fid=0
INPUT_TRACE AFTER  handler R_just_pressed=false R_held=false jp=[] demo_fid=0
INPUT_TRACE BEFORE inject  R_just_pressed=false R_held=false jp=[] demo_fid=0
INPUT_TRACE AFTER  handler R_just_pressed=false R_held=false jp=[] demo_fid=0
INPUT_TRACE BEFORE inject  R_just_pressed=false R_held=false jp=[] demo_fid=0
INPUT_TRACE AFTER  handler R_just_pressed=false R_held=false jp=[] demo_fid=0
INPUT_TRACE BEFORE inject  R_just_pressed=false R_held=false jp=[] demo_fid=0
INPUT_TRACE AFTER  handler R_just_pressed=false R_held=false jp=[] demo_fid=0
INPUT_TRACE BEFORE inject  R_just_pressed=false R_held=false jp=[] demo_fid=0
INPUT_TRACE AFTER  handler R_just_pressed=false R_held=false jp=[] demo_fid=0
INPUT_TRACE BEFORE inject  R_just_pressed=false R_held=false jp=[] demo_fid=0
INPUT_TRACE AFTER  handler R_just_pressed=false R_held=false jp=[] demo_fid=0
INPUT_TRACE BEFORE inject  R_just_pressed=false R_held=false jp=[] demo_fid=0
INPUT_TRACE AFTER  handler R_just_pressed=false R_held=false jp=[] demo_fid=0
INPUT_TRACE BEFORE inject  R_just_pressed=false R_held=false jp=[] demo_fid=0
INPUT_TRACE AFTER  handler R_just_pressed=false R_held=false jp=[] demo_fid=0
INPUT_TRACE BEFORE inject  R_just_pressed=false R_held=false jp=[] demo_fid=0
INPUT_TRACE AFTER  handler R_just_pressed=false R_held=false jp=[] demo_fid=0
INPUT_TRACE BEFORE inject  R_just_pressed=false R_held=false jp=[] demo_fid=0
INPUT_TRACE AFTER  handler R_just_pressed=false R_held=false jp=[] demo_fid=0
INPUT_TRACE BEFORE inject  R_just_pressed=false R_held=false jp=[] demo_fid=0
INPUT_TRACE AFTER  handler R_just_pressed=false R_held=false jp=[] demo_fid=0
INPUT_TRACE BEFORE inject  R_just_pressed=false R_held=false jp=[] demo_fid=0
INPUT_TRACE AFTER  handler R_just_pressed=false R_held=false jp=[] demo_fid=0
INPUT_TRACE BEFORE inject  R_just_pressed=false R_held=false jp=[] demo_fid=0
INPUT_TRACE AFTER  handler R_just_pressed=false R_held=false jp=[] demo_fid=0
INPUT_TRACE BEFORE inject  R_just_pressed=false R_held=false jp=[] demo_fid=0
INPUT_TRACE AFTER  handler R_just_pressed=false R_held=false jp=[] demo_fid=0
INPUT_TRACE BEFORE inject  R_just_pressed=false R_held=false jp=[] demo_fid=0
INPUT_TRACE AFTER  handler R_just_pressed=false R_held=false jp=[] demo_fid=0
INPUT_TRACE BEFORE inject  R_just_pressed=false R_held=false jp=[] demo_fid=0
INPUT_TRACE AFTER  handler R_just_pressed=false R_held=false jp=[] demo_fid=0
INPUT_TRACE BEFORE inject  R_just_pressed=false R_held=false jp=[] demo_fid=0
INPUT_TRACE AFTER  handler R_just_pressed=false R_held=false jp=[] demo_fid=0
INPUT_TRACE BEFORE inject  R_just_pressed=false R_held=false jp=[] demo_fid=0
INPUT_TRACE AFTER  handler R_just_pressed=false R_held=false jp=[] demo_fid=0
INPUT_TRACE BEFORE inject  R_just_pressed=false R_held=false jp=[] demo_fid=0
INPUT_TRACE AFTER  handler R_just_pressed=false R_held=false jp=[] demo_fid=0
INPUT_TRACE BEFORE inject  R_just_pressed=false R_held=false jp=[] demo_fid=0
INPUT_TRACE AFTER  handler R_just_pressed=false R_held=false jp=[] demo_fid=0
INPUT_TRACE BEFORE inject  R_just_pressed=false R_held=false jp=[] demo_fid=0
INPUT_TRACE AFTER  handler R_just_pressed=false R_held=false jp=[] demo_fid=0
INPUT_TRACE BEFORE inject  R_just_pressed=false R_held=false jp=[] demo_fid=0
INPUT_TRACE AFTER  handler R_just_pressed=false R_held=false jp=[] demo_fid=0
INPUT_TRACE BEFORE inject  R_just_pressed=false R_held=false jp=[] demo_fid=0
INPUT_TRACE AFTER  handler R_just_pressed=false R_held=false jp=[] demo_fid=0
INPUT_TRACE BEFORE inject  R_just_pressed=false R_held=false jp=[] demo_fid=0
INPUT_TRACE AFTER  handler R_just_pressed=false R_held=false jp=[] demo_fid=0
INPUT_TRACE BEFORE inject  R_just_pressed=false R_held=false jp=[] demo_fid=0
INPUT_TRACE AFTER  handler R_just_pressed=false R_held=false jp=[] demo_fid=0
INPUT_TRACE BEFORE inject  R_just_pressed=false R_held=false jp=[] demo_fid=0
INPUT_TRACE AFTER  handler R_just_pressed=false R_held=false jp=[] demo_fid=0
INPUT_TRACE BEFORE inject  R_just_pressed=false R_held=false jp=[] demo_fid=0
INPUT_TRACE AFTER  handler R_just_pressed=false R_held=false jp=[] demo_fid=0
INPUT_TRACE BEFORE inject  R_just_pressed=false R_held=false jp=[] demo_fid=0
INPUT_TRACE AFTER  handler R_just_pressed=false R_held=false jp=[] demo_fid=0
INPUT_TRACE BEFORE inject  R_just_pressed=false R_held=false jp=[] demo_fid=0
INPUT_TRACE AFTER  handler R_just_pressed=false R_held=false jp=[] demo_fid=0
INPUT_TRACE BEFORE inject  R_just_pressed=false R_held=false jp=[] demo_fid=0
INPUT_TRACE AFTER  handler R_just_pressed=false R_held=false jp=[] demo_fid=0
INPUT_TRACE BEFORE inject  R_just_pressed=false R_held=false jp=[] demo_fid=0
INPUT_TRACE AFTER  handler R_just_pressed=false R_held=false jp=[] demo_fid=0
INPUT_TRACE BEFORE inject  R_just_pressed=false R_held=false jp=[] demo_fid=0
INPUT_TRACE AFTER  handler R_just_pressed=false R_held=false jp=[] demo_fid=0
INPUT_TRACE BEFORE inject  R_just_pressed=false R_held=false jp=[] demo_fid=0
INPUT_TRACE AFTER  handler R_just_pressed=false R_held=false jp=[] demo_fid=0
INPUT_TRACE BEFORE inject  R_just_pressed=false R_held=false jp=[] demo_fid=0
INPUT_TRACE AFTER  handler R_just_pressed=false R_held=false jp=[] demo_fid=0
INPUT_TRACE BEFORE inject  R_just_pressed=false R_held=false jp=[] demo_fid=0
INPUT_TRACE AFTER  handler R_just_pressed=false R_held=false jp=[] demo_fid=0
INPUT_TRACE BEFORE inject  R_just_pressed=false R_held=false jp=[] demo_fid=0
INPUT_TRACE AFTER  handler R_just_pressed=false R_held=false jp=[] demo_fid=0
INPUT_TRACE BEFORE inject  R_just_pressed=false R_held=false jp=[] demo_fid=0
INPUT_TRACE AFTER  handler R_just_pressed=false R_held=false jp=[] demo_fid=0
INPUT_TRACE BEFORE inject  R_just_pressed=false R_held=false jp=[] demo_fid=0
INPUT_TRACE AFTER  handler R_just_pressed=false R_held=false jp=[] demo_fid=0
INPUT_TRACE BEFORE inject  R_just_pressed=false R_held=false jp=[] demo_fid=0
INPUT_TRACE AFTER  handler R_just_pressed=false R_held=false jp=[] demo_fid=0
INPUT_TRACE BEFORE inject  R_just_pressed=false R_held=false jp=[] demo_fid=0
INPUT_TRACE AFTER  handler R_just_pressed=false R_held=false jp=[] demo_fid=0
INPUT_TRACE BEFORE inject  R_just_pressed=false R_held=false jp=[] demo_fid=0
INPUT_TRACE AFTER  handler R_just_pressed=false R_held=false jp=[] demo_fid=0
INPUT_TRACE BEFORE inject  R_just_pressed=false R_held=false jp=[] demo_fid=0
INPUT_TRACE AFTER  handler R_just_pressed=false R_held=false jp=[] demo_fid=0
INPUT_TRACE BEFORE inject  R_just_pressed=false R_held=false jp=[] demo_fid=0
INPUT_TRACE AFTER  handler R_just_pressed=false R_held=false jp=[] demo_fid=0
INPUT_TRACE BEFORE inject  R_just_pressed=false R_held=false jp=[] demo_fid=0
INPUT_TRACE AFTER  handler R_just_pressed=false R_held=false jp=[] demo_fid=0
INPUT_TRACE BEFORE inject  R_just_pressed=false R_held=false jp=[] demo_fid=0
INPUT_TRACE AFTER  handler R_just_pressed=false R_held=false jp=[] demo_fid=0
INPUT_TRACE BEFORE inject  R_just_pressed=false R_held=false jp=[] demo_fid=0
INPUT_TRACE AFTER  handler R_just_pressed=false R_held=false jp=[] demo_fid=0
INPUT_TRACE BEFORE inject  R_just_pressed=false R_held=false jp=[] demo_fid=0
INPUT_TRACE AFTER  handler R_just_pressed=false R_held=false jp=[] demo_fid=0
INPUT_TRACE BEFORE inject  R_just_pressed=false R_held=false jp=[] demo_fid=0
INPUT_TRACE AFTER  handler R_just_pressed=false R_held=false jp=[] demo_fid=0
INPUT_TRACE BEFORE inject  R_just_pressed=false R_held=false jp=[] demo_fid=0
INPUT_TRACE AFTER  handler R_just_pressed=false R_held=false jp=[] demo_fid=0
INPUT_TRACE BEFORE inject  R_just_pressed=false R_held=false jp=[] demo_fid=0
INPUT_TRACE AFTER  handler R_just_pressed=false R_held=false jp=[] demo_fid=0
INPUT_TRACE BEFORE inject  R_just_pressed=false R_held=false jp=[] demo_fid=0
INPUT_TRACE AFTER  handler R_just_pressed=false R_held=false jp=[] demo_fid=0
INPUT_TRACE BEFORE inject  R_just_pressed=false R_held=false jp=[] demo_fid=0
INPUT_TRACE AFTER  handler R_just_pressed=false R_held=false jp=[] demo_fid=0
INPUT_TRACE BEFORE inject  R_just_pressed=false R_held=false jp=[] demo_fid=0
INPUT_TRACE AFTER  handler R_just_pressed=false R_held=false jp=[] demo_fid=0
INPUT_TRACE BEFORE inject  R_just_pressed=false R_held=false jp=[] demo_fid=0
INPUT_TRACE AFTER  handler R_just_pressed=false R_held=false jp=[] demo_fid=0
INPUT_TRACE BEFORE inject  R_just_pressed=false R_held=false jp=[] demo_fid=0
INPUT_TRACE AFTER  handler R_just_pressed=false R_held=false jp=[] demo_fid=0
INPUT_TRACE BEFORE inject  R_just_pressed=false R_held=false jp=[] demo_fid=0
INPUT_TRACE AFTER  handler R_just_pressed=false R_held=false jp=[] demo_fid=0
INPUT_TRACE BEFORE inject  R_just_pressed=false R_held=false jp=[] demo_fid=0
SHOT saved to E:\Projects\bagidea-ai-agents-office\workspace\projects\Voxelforge\docs\assets\look\ab-elev\s2cam-elev66.png
INPUT_TRACE AFTER  handler R_just_pressed=false R_held=false jp=[] demo_fid=0
INPUT_TRACE BEFORE inject  R_just_pressed=false R_held=false jp=[] demo_fid=0
INPUT_TRACE AFTER  handler R_just_pressed=false R_held=false jp=[] demo_fid=0
INPUT_TRACE BEFORE inject  R_just_pressed=false R_held=false jp=[] demo_fid=0
INPUT_TRACE AFTER  handler R_just_pressed=false R_held=false jp=[] demo_fid=0
INPUT_TRACE BEFORE inject  R_just_pressed=false R_held=false jp=[] demo_fid=0
INPUT_TRACE AFTER  handler R_just_pressed=false R_held=false jp=[] demo_fid=0
INPUT_TRACE BEFORE inject  R_just_pressed=false R_held=false jp=[] demo_fid=0
INPUT_TRACE AFTER  handler R_just_pressed=false R_held=false jp=[] demo_fid=0
INPUT_TRACE BEFORE inject  R_just_pressed=false R_held=false jp=[] demo_fid=0
2026-08-14T21:11:08.462715Z  INFO bevy_render::view::window::screenshot: Screenshot saved to E:\Projects\bagidea-ai-agents-office\workspace\projects\Voxelforge\docs\assets\look\ab-elev\s2cam-elev66.png
INPUT_TRACE AFTER  handler R_just_pressed=false R_held=false jp=[] demo_fid=0
INPUT_TRACE BEFORE inject  R_just_pressed=false R_held=false jp=[] demo_fid=0
INPUT_TRACE AFTER  handler R_just_pressed=false R_held=false jp=[] demo_fid=0
INPUT_TRACE BEFORE inject  R_just_pressed=false R_held=false jp=[] demo_fid=0
INPUT_TRACE AFTER  handler R_just_pressed=false R_held=false jp=[] demo_fid=0
INPUT_TRACE BEFORE inject  R_just_pressed=false R_held=false jp=[] demo_fid=0
INPUT_TRACE AFTER  handler R_just_pressed=false R_held=false jp=[] demo_fid=0
INPUT_TRACE BEFORE inject  R_just_pressed=false R_held=false jp=[] demo_fid=0
INPUT_TRACE AFTER  handler R_just_pressed=false R_held=false jp=[] demo_fid=0
INPUT_TRACE BEFORE inject  R_just_pressed=false R_held=false jp=[] demo_fid=0
INPUT_TRACE AFTER  handler R_just_pressed=false R_held=false jp=[] demo_fid=0
INPUT_TRACE BEFORE inject  R_just_pressed=false R_held=false jp=[] demo_fid=0
INPUT_TRACE AFTER  handler R_just_pressed=false R_held=false jp=[] demo_fid=0
INPUT_TRACE BEFORE inject  R_just_pressed=false R_held=false jp=[] demo_fid=0
INPUT_TRACE AFTER  handler R_just_pressed=false R_held=false jp=[] demo_fid=0
INPUT_TRACE BEFORE inject  R_just_pressed=false R_held=false jp=[] demo_fid=0
INPUT_TRACE AFTER  handler R_just_pressed=false R_held=false jp=[] demo_fid=0
INPUT_TRACE BEFORE inject  R_just_pressed=false R_held=false jp=[] demo_fid=0
INPUT_TRACE AFTER  handler R_just_pressed=false R_held=false jp=[] demo_fid=0
INPUT_TRACE BEFORE inject  R_just_pressed=false R_held=false jp=[] demo_fid=0
INPUT_TRACE AFTER  handler R_just_pressed=false R_held=false jp=[] demo_fid=0
INPUT_TRACE BEFORE inject  R_just_pressed=false R_held=false jp=[] demo_fid=0
INPUT_TRACE AFTER  handler R_just_pressed=false R_held=false jp=[] demo_fid=0
INPUT_TRACE BEFORE inject  R_just_pressed=false R_held=false jp=[] demo_fid=0
INPUT_TRACE AFTER  handler R_just_pressed=false R_held=false jp=[] demo_fid=0
INPUT_TRACE BEFORE inject  R_just_pressed=false R_held=false jp=[] demo_fid=0
INPUT_TRACE AFTER  handler R_just_pressed=false R_held=false jp=[] demo_fid=0
INPUT_TRACE BEFORE inject  R_just_pressed=false R_held=false jp=[] demo_fid=0
INPUT_TRACE AFTER  handler R_just_pressed=false R_held=false jp=[] demo_fid=0
INPUT_TRACE BEFORE inject  R_just_pressed=false R_held=false jp=[] demo_fid=0
INPUT_TRACE AFTER  handler R_just_pressed=false R_held=false jp=[] demo_fid=0
INPUT_TRACE BEFORE inject  R_just_pressed=false R_held=false jp=[] demo_fid=0
INPUT_TRACE AFTER  handler R_just_pressed=false R_held=false jp=[] demo_fid=0
INPUT_TRACE BEFORE inject  R_just_pressed=false R_held=false jp=[] demo_fid=0
INPUT_TRACE AFTER  handler R_just_pressed=false R_held=false jp=[] demo_fid=0
INPUT_TRACE BEFORE inject  R_just_pressed=false R_held=false jp=[] demo_fid=0
INPUT_TRACE AFTER  handler R_just_pressed=false R_held=false jp=[] demo_fid=0
INPUT_TRACE BEFORE inject  R_just_pressed=false R_held=false jp=[] demo_fid=0
INPUT_TRACE AFTER  handler R_just_pressed=false R_held=false jp=[] demo_fid=0
INPUT_TRACE BEFORE inject  R_just_pressed=false R_held=false jp=[] demo_fid=0
INPUT_TRACE AFTER  handler R_just_pressed=false R_held=false jp=[] demo_fid=0
INPUT_TRACE BEFORE inject  R_just_pressed=false R_held=false jp=[] demo_fid=0
INPUT_TRACE AFTER  handler R_just_pressed=false R_held=false jp=[] demo_fid=0
INPUT_TRACE BEFORE inject  R_just_pressed=false R_held=false jp=[] demo_fid=0
INPUT_TRACE AFTER  handler R_just_pressed=false R_held=false jp=[] demo_fid=0
INPUT_TRACE BEFORE inject  R_just_pressed=false R_held=false jp=[] demo_fid=0
INPUT_TRACE AFTER  handler R_just_pressed=false R_held=false jp=[] demo_fid=0
INPUT_TRACE BEFORE inject  R_just_pressed=false R_held=false jp=[] demo_fid=0
INPUT_TRACE AFTER  handler R_just_pressed=false R_held=false jp=[] demo_fid=0
INPUT_TRACE BEFORE inject  R_just_pressed=false R_held=false jp=[] demo_fid=0
INPUT_TRACE AFTER  handler R_just_pressed=false R_held=false jp=[] demo_fid=0
INPUT_TRACE BEFORE inject  R_just_pressed=false R_held=false jp=[] demo_fid=0
INPUT_TRACE AFTER  handler R_just_pressed=false R_held=false jp=[] demo_fid=0
INPUT_TRACE BEFORE inject  R_just_pressed=false R_held=false jp=[] demo_fid=0
INPUT_TRACE AFTER  handler R_just_pressed=false R_held=false jp=[] demo_fid=0
INPUT_TRACE BEFORE inject  R_just_pressed=false R_held=false jp=[] demo_fid=0
INPUT_TRACE AFTER  handler R_just_pressed=false R_held=false jp=[] demo_fid=0
INPUT_TRACE BEFORE inject  R_just_pressed=false R_held=false jp=[] demo_fid=0
INPUT_TRACE AFTER  handler R_just_pressed=false R_held=false jp=[] demo_fid=0
INPUT_TRACE BEFORE inject  R_just_pressed=false R_held=false jp=[] demo_fid=0
INPUT_TRACE AFTER  handler R_just_pressed=false R_held=false jp=[] demo_fid=0
INPUT_TRACE BEFORE inject  R_just_pressed=false R_held=false jp=[] demo_fid=0
INPUT_TRACE AFTER  handler R_just_pressed=false R_held=false jp=[] demo_fid=0
INPUT_TRACE BEFORE inject  R_just_pressed=false R_held=false jp=[] demo_fid=0
INPUT_TRACE AFTER  handler R_just_pressed=false R_held=false jp=[] demo_fid=0
INPUT_TRACE BEFORE inject  R_just_pressed=false R_held=false jp=[] demo_fid=0
INPUT_TRACE AFTER  handler R_just_pressed=false R_held=false jp=[] demo_fid=0
INPUT_TRACE BEFORE inject  R_just_pressed=false R_held=false jp=[] demo_fid=0
INPUT_TRACE AFTER  handler R_just_pressed=false R_held=false jp=[] demo_fid=0
INPUT_TRACE BEFORE inject  R_just_pressed=false R_held=false jp=[] demo_fid=0
INPUT_TRACE AFTER  handler R_just_pressed=false R_held=false jp=[] demo_fid=0
INPUT_TRACE BEFORE inject  R_just_pressed=false R_held=false jp=[] demo_fid=0
INPUT_TRACE AFTER  handler R_just_pressed=false R_held=false jp=[] demo_fid=0
INPUT_TRACE BEFORE inject  R_just_pressed=false R_held=false jp=[] demo_fid=0
INPUT_TRACE AFTER  handler R_just_pressed=false R_held=false jp=[] demo_fid=0
INPUT_TRACE BEFORE inject  R_just_pressed=false R_held=false jp=[] demo_fid=0
INPUT_TRACE AFTER  handler R_just_pressed=false R_held=false jp=[] demo_fid=0
INPUT_TRACE BEFORE inject  R_just_pressed=false R_held=false jp=[] demo_fid=0
INPUT_TRACE AFTER  handler R_just_pressed=false R_held=false jp=[] demo_fid=0
INPUT_TRACE BEFORE inject  R_just_pressed=false R_held=false jp=[] demo_fid=0
INPUT_TRACE AFTER  handler R_just_pressed=false R_held=false jp=[] demo_fid=0
INPUT_TRACE BEFORE inject  R_just_pressed=false R_held=false jp=[] demo_fid=0
INPUT_TRACE AFTER  handler R_just_pressed=false R_held=false jp=[] demo_fid=0
INPUT_TRACE BEFORE inject  R_just_pressed=false R_held=false jp=[] demo_fid=0
INPUT_TRACE AFTER  handler R_just_pressed=false R_held=false jp=[] demo_fid=0
[shoot] s2cam-elev22  sun=22,205,20000  cine=18,9,44, 18,9,44, 31,1.5,29, 1 
2026-08-14T21:11:10.056032Z  INFO bevy_diagnostic::system_information_diagnostics_plugin::internal: SystemInfo { os: "Windows 11 Home", kernel: "26200", cpu: "12th Gen Intel(R) Core(TM) i5-12600K", core_count: "10", memory: "15.8 GiB" }
2026-08-14T21:11:10.329230Z  INFO bevy_render::renderer: AdapterInfo { name: "NVIDIA GeForce GTX 1060 6GB", vendor: 4318, device: 7171, device_type: DiscreteGpu, device_pci_bus_id: "0000:03:00.0", driver: "NVIDIA", driver_info: "560.94", backend: Vulkan, subgroup_min_size: 32, subgroup_max_size: 32, transient_saves_memory: false }
EDITOR_CONFIG loaded editor_config.json — 16 actions, grid_snap=1
CINE eye Vec3(18.0, 9.0, 44.0)->Vec3(18.0, 9.0, 44.0) aim Vec3(31.0, 1.5, 29.0)->Vec3(31.0, 1.5, 29.0) secs=1 start=1 exit=None
AI_MODE tactics (perception + squad pass)
SETTINGS loaded settings.json
2026-08-14T21:11:10.451194Z  INFO bevy_pbr::cluster: GPU clustering is supported on this device.
2026-08-14T21:11:10.451251Z  INFO bevy_render::batching::gpu_preprocessing: GPU preprocessing is fully supported on this device.
2026-08-14T21:11:10.451611Z  INFO bevy_egui::render: Using bindless_mode_array_size 16 (Device maximum 1048576)
2026-08-14T21:11:10.451762Z  INFO bevy_winit::system: Creating new window Voxelforge — Phase 0 spike (65v0)
STORY_LOAD ok path=assets/story/act1.json quests=5 npcs=3 dialogues=12 regions=9
MAP_LOAD ok path=maps/edhari.json name="edhari" blocks=9537 size=2x2 chunks
MESH_PATH split (one mesh + material per block type)
MAP_APPLY set=9537 skipped=0 total_quads=9262
QUEST_INIT start=q1_embers
QUEST_INIT quests_loaded=5
ENEMY_SPAWN kind=sentinel parts=30 height=3.38b feet=(32.0,1.0,25.0) yaw=0.00
HUSK2_SPAWN kind=sentinel at (32.0,1.0,25.0)
SPAWN_ENCOUNTER husk at (32.0,_,25.0) on Edhari surface
SPAWN_GROUND col=(32,32) top=0 feet=1 => PASS
SCENE_READY source=maps/edhari.json spawn=(32.5,2.6,32.5) surface=0 campfire=(32.5,1.0,29.5)
SPAWN_NPC id=maren name="Elder Maren" pos=(32,2,4)
SPAWN_NPC id=toma name="Toma" pos=(16,1.5,24)
QUEST_LOAD ok path=quest_save.json flags=5 quests=1
ENTER_PLAY
AUDIO_PLAY:audio/music_theme.wav t=0.00 pos=(non-spatial)
AUDIO_PLAY:audio/ambient_wind.wav t=0.00 pos=(omnipresent)
AUDIO_PLAY:audio/ambient_campfire.wav t=0.00 pos=(32.5,1.0,29.5)
AUDIO_PLAY:audio/ambient_village.wav t=0.00 pos=(47.5,2.6,22.5)
INPUT_TRACE BEFORE inject  R_just_pressed=false R_held=false jp=[] demo_fid=0
ANIM_RIG_WEAPON spawn actor=Player entity=654v0
LOOK atmosphere spawned mode=lut aerial_max=72
QUEST_FEEDBACK q1_embers complete → text + sound
CAST_SPAWN who=maren root=656v0 body_boxes=24 gear_boxes=0 slots_filled=0/6 height=1.96b feet=(32.0,13.0,4.0) yaw=3.14
CAST_WEAR who=maren head=- torso=- legs=- hands=- weapon=- back=-
AUDIO_ZONE:Campfire t=0.00 pos=(32.5,2.6,32.5)
LOOK_IBL gen=V3 nits=330
ANIM_RIG_NPC dressed entity=609v0 look=Villager
QUEST_DIALOGUE fire id=dlg_maren_first_call trigger=on_objective
ANIM_RIG_NPC dressed entity=610v0 look=Villager
CAST_MATERIALS who=maren total=24 cloth=11 hair=4 skin=3 metal=2 wood=2 leather=1 glow=1
AUDIO_PLAY:audio/player_respawn.wav t=0.00 pos=(0.0,0.0,0.0)
LOOK_FILL gen=V3 ambient=620 sky=1400lux@76deg bounce=1100lux@28deg rim=600lux@14deg contact_sky=true
VFX campfire lit at (32.5,1.0,29.5)
QUEST_AREA enter=spawn_shelter player=(32.5,32.5)
CAST_DRESSED id=maren placeholder_mesh=removed body=maren feet=(32.0,13.0,4.0)
CAST_SPAWN who=toma root=750v0 body_boxes=17 gear_boxes=0 slots_filled=0/6 height=1.34b feet=(16.0,3.0,24.0) yaw=3.14
CAST_WEAR who=toma head=- torso=- legs=- hands=- weapon=- back=-
CAST_MATERIALS who=toma total=17 cloth=8 skin=3 hair=3 wood=3
CAST_DRESSED id=toma placeholder_mesh=removed body=toma feet=(16.0,3.0,24.0)
CAST_SPAWN who=toma root=774v0 body_boxes=17 gear_boxes=0 slots_filled=0/6 height=1.34b feet=(16.5,3.0,24.5) yaw=-1.57
CAST_WEAR who=toma head=- torso=- legs=- hands=- weapon=- back=-
CAST_MATERIALS who=toma total=17 cloth=8 skin=3 hair=3 wood=3
CAST_SPAWN_NPC id=toma feet=(16.5,3.0,24.5) region=west_house
LOOK play FogVolume spawned density=0.030 (god-ray medium)
LOOK tier=Ultra pcss=Some(12.0) shadow_map=4096 sun=22deg/205deg illum=20000 contact=true
INPUT_TRACE AFTER  handler R_just_pressed=false R_held=false jp=[] demo_fid=0
VFX_RIG_WEAPON_TRAIL attach actor=Player entity=654v0
INPUT_TRACE BEFORE inject  R_just_pressed=false R_held=false jp=[] demo_fid=0
ANIM_RIG_NPC dressed entity=798v0 look=Villager
INPUT_TRACE AFTER  handler R_just_pressed=false R_held=false jp=[] demo_fid=0
INPUT_TRACE BEFORE inject  R_just_pressed=false R_held=false jp=[] demo_fid=0
INPUT_TRACE AFTER  handler R_just_pressed=false R_held=false jp=[] demo_fid=0
INPUT_TRACE BEFORE inject  R_just_pressed=false R_held=false jp=[] demo_fid=0
INPUT_TRACE AFTER  handler R_just_pressed=false R_held=false jp=[] demo_fid=0
INPUT_TRACE BEFORE inject  R_just_pressed=false R_held=false jp=[] demo_fid=0
INPUT_TRACE AFTER  handler R_just_pressed=false R_held=false jp=[] demo_fid=0
INPUT_TRACE BEFORE inject  R_just_pressed=false R_held=false jp=[] demo_fid=0
INPUT_TRACE AFTER  handler R_just_pressed=false R_held=false jp=[] demo_fid=0
INPUT_TRACE BEFORE inject  R_just_pressed=false R_held=false jp=[] demo_fid=0
INPUT_TRACE AFTER  handler R_just_pressed=false R_held=false jp=[] demo_fid=0
INPUT_TRACE BEFORE inject  R_just_pressed=false R_held=false jp=[] demo_fid=0
INPUT_TRACE AFTER  handler R_just_pressed=false R_held=false jp=[] demo_fid=0
INPUT_TRACE BEFORE inject  R_just_pressed=false R_held=false jp=[] demo_fid=0
INPUT_TRACE AFTER  handler R_just_pressed=false R_held=false jp=[] demo_fid=0
INPUT_TRACE BEFORE inject  R_just_pressed=false R_held=false jp=[] demo_fid=0
INPUT_TRACE AFTER  handler R_just_pressed=false R_held=false jp=[] demo_fid=0
INPUT_TRACE BEFORE inject  R_just_pressed=false R_held=false jp=[] demo_fid=0
INPUT_TRACE AFTER  handler R_just_pressed=false R_held=false jp=[] demo_fid=0
INPUT_TRACE BEFORE inject  R_just_pressed=false R_held=false jp=[] demo_fid=0
INPUT_TRACE AFTER  handler R_just_pressed=false R_held=false jp=[] demo_fid=0
INPUT_TRACE BEFORE inject  R_just_pressed=false R_held=false jp=[] demo_fid=0
INPUT_TRACE AFTER  handler R_just_pressed=false R_held=false jp=[] demo_fid=0
INPUT_TRACE BEFORE inject  R_just_pressed=false R_held=false jp=[] demo_fid=0
INPUT_TRACE AFTER  handler R_just_pressed=false R_held=false jp=[] demo_fid=0
INPUT_TRACE BEFORE inject  R_just_pressed=false R_held=false jp=[] demo_fid=0
INPUT_TRACE AFTER  handler R_just_pressed=false R_held=false jp=[] demo_fid=0
INPUT_TRACE BEFORE inject  R_just_pressed=false R_held=false jp=[] demo_fid=0
INPUT_TRACE AFTER  handler R_just_pressed=false R_held=false jp=[] demo_fid=0
INPUT_TRACE BEFORE inject  R_just_pressed=false R_held=false jp=[] demo_fid=0
INPUT_TRACE AFTER  handler R_just_pressed=false R_held=false jp=[] demo_fid=0
INPUT_TRACE BEFORE inject  R_just_pressed=false R_held=false jp=[] demo_fid=0
INPUT_TRACE AFTER  handler R_just_pressed=false R_held=false jp=[] demo_fid=0
INPUT_TRACE BEFORE inject  R_just_pressed=false R_held=false jp=[] demo_fid=0
INPUT_TRACE AFTER  handler R_just_pressed=false R_held=false jp=[] demo_fid=0
INPUT_TRACE BEFORE inject  R_just_pressed=false R_held=false jp=[] demo_fid=0
INPUT_TRACE AFTER  handler R_just_pressed=false R_held=false jp=[] demo_fid=0
INPUT_TRACE BEFORE inject  R_just_pressed=false R_held=false jp=[] demo_fid=0
INPUT_TRACE AFTER  handler R_just_pressed=false R_held=false jp=[] demo_fid=0
INPUT_TRACE BEFORE inject  R_just_pressed=false R_held=false jp=[] demo_fid=0
INPUT_TRACE AFTER  handler R_just_pressed=false R_held=false jp=[] demo_fid=0
INPUT_TRACE BEFORE inject  R_just_pressed=false R_held=false jp=[] demo_fid=0
INPUT_TRACE AFTER  handler R_just_pressed=false R_held=false jp=[] demo_fid=0
INPUT_TRACE BEFORE inject  R_just_pressed=false R_held=false jp=[] demo_fid=0
INPUT_TRACE AFTER  handler R_just_pressed=false R_held=false jp=[] demo_fid=0
INPUT_TRACE BEFORE inject  R_just_pressed=false R_held=false jp=[] demo_fid=0
INPUT_TRACE AFTER  handler R_just_pressed=false R_held=false jp=[] demo_fid=0
INPUT_TRACE BEFORE inject  R_just_pressed=false R_held=false jp=[] demo_fid=0
INPUT_TRACE AFTER  handler R_just_pressed=false R_held=false jp=[] demo_fid=0
INPUT_TRACE BEFORE inject  R_just_pressed=false R_held=false jp=[] demo_fid=0
INPUT_TRACE AFTER  handler R_just_pressed=false R_held=false jp=[] demo_fid=0
INPUT_TRACE BEFORE inject  R_just_pressed=false R_held=false jp=[] demo_fid=0
INPUT_TRACE AFTER  handler R_just_pressed=false R_held=false jp=[] demo_fid=0
INPUT_TRACE BEFORE inject  R_just_pressed=false R_held=false jp=[] demo_fid=0
INPUT_TRACE AFTER  handler R_just_pressed=false R_held=false jp=[] demo_fid=0
INPUT_TRACE BEFORE inject  R_just_pressed=false R_held=false jp=[] demo_fid=0
INPUT_TRACE AFTER  handler R_just_pressed=false R_held=false jp=[] demo_fid=0
INPUT_TRACE BEFORE inject  R_just_pressed=false R_held=false jp=[] demo_fid=0
INPUT_TRACE AFTER  handler R_just_pressed=false R_held=false jp=[] demo_fid=0
INPUT_TRACE BEFORE inject  R_just_pressed=false R_held=false jp=[] demo_fid=0
INPUT_TRACE AFTER  handler R_just_pressed=false R_held=false jp=[] demo_fid=0
INPUT_TRACE BEFORE inject  R_just_pressed=false R_held=false jp=[] demo_fid=0
INPUT_TRACE AFTER  handler R_just_pressed=false R_held=false jp=[] demo_fid=0
INPUT_TRACE BEFORE inject  R_just_pressed=false R_held=false jp=[] demo_fid=0
INPUT_TRACE AFTER  handler R_just_pressed=false R_held=false jp=[] demo_fid=0
INPUT_TRACE BEFORE inject  R_just_pressed=false R_held=false jp=[] demo_fid=0
INPUT_TRACE AFTER  handler R_just_pressed=false R_held=false jp=[] demo_fid=0
INPUT_TRACE BEFORE inject  R_just_pressed=false R_held=false jp=[] demo_fid=0
INPUT_TRACE AFTER  handler R_just_pressed=false R_held=false jp=[] demo_fid=0
INPUT_TRACE BEFORE inject  R_just_pressed=false R_held=false jp=[] demo_fid=0
INPUT_TRACE AFTER  handler R_just_pressed=false R_held=false jp=[] demo_fid=0
INPUT_TRACE BEFORE inject  R_just_pressed=false R_held=false jp=[] demo_fid=0
INPUT_TRACE AFTER  handler R_just_pressed=false R_held=false jp=[] demo_fid=0
INPUT_TRACE BEFORE inject  R_just_pressed=false R_held=false jp=[] demo_fid=0
INPUT_TRACE AFTER  handler R_just_pressed=false R_held=false jp=[] demo_fid=0
INPUT_TRACE BEFORE inject  R_just_pressed=false R_held=false jp=[] demo_fid=0
INPUT_TRACE AFTER  handler R_just_pressed=false R_held=false jp=[] demo_fid=0
INPUT_TRACE BEFORE inject  R_just_pressed=false R_held=false jp=[] demo_fid=0
INPUT_TRACE AFTER  handler R_just_pressed=false R_held=false jp=[] demo_fid=0
INPUT_TRACE BEFORE inject  R_just_pressed=false R_held=false jp=[] demo_fid=0
INPUT_TRACE AFTER  handler R_just_pressed=false R_held=false jp=[] demo_fid=0
INPUT_TRACE BEFORE inject  R_just_pressed=false R_held=false jp=[] demo_fid=0
INPUT_TRACE AFTER  handler R_just_pressed=false R_held=false jp=[] demo_fid=0
INPUT_TRACE BEFORE inject  R_just_pressed=false R_held=false jp=[] demo_fid=0
INPUT_TRACE AFTER  handler R_just_pressed=false R_held=false jp=[] demo_fid=0
INPUT_TRACE BEFORE inject  R_just_pressed=false R_held=false jp=[] demo_fid=0
INPUT_TRACE AFTER  handler R_just_pressed=false R_held=false jp=[] demo_fid=0
INPUT_TRACE BEFORE inject  R_just_pressed=false R_held=false jp=[] demo_fid=0
INPUT_TRACE AFTER  handler R_just_pressed=false R_held=false jp=[] demo_fid=0
INPUT_TRACE BEFORE inject  R_just_pressed=false R_held=false jp=[] demo_fid=0
INPUT_TRACE AFTER  handler R_just_pressed=false R_held=false jp=[] demo_fid=0
INPUT_TRACE BEFORE inject  R_just_pressed=false R_held=false jp=[] demo_fid=0
INPUT_TRACE AFTER  handler R_just_pressed=false R_held=false jp=[] demo_fid=0
INPUT_TRACE BEFORE inject  R_just_pressed=false R_held=false jp=[] demo_fid=0
INPUT_TRACE AFTER  handler R_just_pressed=false R_held=false jp=[] demo_fid=0
INPUT_TRACE BEFORE inject  R_just_pressed=false R_held=false jp=[] demo_fid=0
INPUT_TRACE AFTER  handler R_just_pressed=false R_held=false jp=[] demo_fid=0
INPUT_TRACE BEFORE inject  R_just_pressed=false R_held=false jp=[] demo_fid=0
INPUT_TRACE AFTER  handler R_just_pressed=false R_held=false jp=[] demo_fid=0
INPUT_TRACE BEFORE inject  R_just_pressed=false R_held=false jp=[] demo_fid=0
INPUT_TRACE AFTER  handler R_just_pressed=false R_held=false jp=[] demo_fid=0
INPUT_TRACE BEFORE inject  R_just_pressed=false R_held=false jp=[] demo_fid=0
INPUT_TRACE AFTER  handler R_just_pressed=false R_held=false jp=[] demo_fid=0
INPUT_TRACE BEFORE inject  R_just_pressed=false R_held=false jp=[] demo_fid=0
INPUT_TRACE AFTER  handler R_just_pressed=false R_held=false jp=[] demo_fid=0
INPUT_TRACE BEFORE inject  R_just_pressed=false R_held=false jp=[] demo_fid=0
INPUT_TRACE AFTER  handler R_just_pressed=false R_held=false jp=[] demo_fid=0
INPUT_TRACE BEFORE inject  R_just_pressed=false R_held=false jp=[] demo_fid=0
INPUT_TRACE AFTER  handler R_just_pressed=false R_held=false jp=[] demo_fid=0
INPUT_TRACE BEFORE inject  R_just_pressed=false R_held=false jp=[] demo_fid=0
INPUT_TRACE AFTER  handler R_just_pressed=false R_held=false jp=[] demo_fid=0
INPUT_TRACE BEFORE inject  R_just_pressed=false R_held=false jp=[] demo_fid=0
INPUT_TRACE AFTER  handler R_just_pressed=false R_held=false jp=[] demo_fid=0
INPUT_TRACE BEFORE inject  R_just_pressed=false R_held=false jp=[] demo_fid=0
INPUT_TRACE AFTER  handler R_just_pressed=false R_held=false jp=[] demo_fid=0
INPUT_TRACE BEFORE inject  R_just_pressed=false R_held=false jp=[] demo_fid=0
INPUT_TRACE AFTER  handler R_just_pressed=false R_held=false jp=[] demo_fid=0
INPUT_TRACE BEFORE inject  R_just_pressed=false R_held=false jp=[] demo_fid=0
INPUT_TRACE AFTER  handler R_just_pressed=false R_held=false jp=[] demo_fid=0
INPUT_TRACE BEFORE inject  R_just_pressed=false R_held=false jp=[] demo_fid=0
INPUT_TRACE AFTER  handler R_just_pressed=false R_held=false jp=[] demo_fid=0
INPUT_TRACE BEFORE inject  R_just_pressed=false R_held=false jp=[] demo_fid=0
INPUT_TRACE AFTER  handler R_just_pressed=false R_held=false jp=[] demo_fid=0
INPUT_TRACE BEFORE inject  R_just_pressed=false R_held=false jp=[] demo_fid=0
INPUT_TRACE AFTER  handler R_just_pressed=false R_held=false jp=[] demo_fid=0
INPUT_TRACE BEFORE inject  R_just_pressed=false R_held=false jp=[] demo_fid=0
INPUT_TRACE AFTER  handler R_just_pressed=false R_held=false jp=[] demo_fid=0
INPUT_TRACE BEFORE inject  R_just_pressed=false R_held=false jp=[] demo_fid=0
INPUT_TRACE AFTER  handler R_just_pressed=false R_held=false jp=[] demo_fid=0
INPUT_TRACE BEFORE inject  R_just_pressed=false R_held=false jp=[] demo_fid=0
INPUT_TRACE AFTER  handler R_just_pressed=false R_held=false jp=[] demo_fid=0
INPUT_TRACE BEFORE inject  R_just_pressed=false R_held=false jp=[] demo_fid=0
INPUT_TRACE AFTER  handler R_just_pressed=false R_held=false jp=[] demo_fid=0
INPUT_TRACE BEFORE inject  R_just_pressed=false R_held=false jp=[] demo_fid=0
INPUT_TRACE AFTER  handler R_just_pressed=false R_held=false jp=[] demo_fid=0
INPUT_TRACE BEFORE inject  R_just_pressed=false R_held=false jp=[] demo_fid=0
INPUT_TRACE AFTER  handler R_just_pressed=false R_held=false jp=[] demo_fid=0
INPUT_TRACE BEFORE inject  R_just_pressed=false R_held=false jp=[] demo_fid=0
INPUT_TRACE AFTER  handler R_just_pressed=false R_held=false jp=[] demo_fid=0
INPUT_TRACE BEFORE inject  R_just_pressed=false R_held=false jp=[] demo_fid=0
INPUT_TRACE AFTER  handler R_just_pressed=false R_held=false jp=[] demo_fid=0
INPUT_TRACE BEFORE inject  R_just_pressed=false R_held=false jp=[] demo_fid=0
INPUT_TRACE AFTER  handler R_just_pressed=false R_held=false jp=[] demo_fid=0
INPUT_TRACE BEFORE inject  R_just_pressed=false R_held=false jp=[] demo_fid=0
INPUT_TRACE AFTER  handler R_just_pressed=false R_held=false jp=[] demo_fid=0
INPUT_TRACE BEFORE inject  R_just_pressed=false R_held=false jp=[] demo_fid=0
INPUT_TRACE AFTER  handler R_just_pressed=false R_held=false jp=[] demo_fid=0
INPUT_TRACE BEFORE inject  R_just_pressed=false R_held=false jp=[] demo_fid=0
INPUT_TRACE AFTER  handler R_just_pressed=false R_held=false jp=[] demo_fid=0
INPUT_TRACE BEFORE inject  R_just_pressed=false R_held=false jp=[] demo_fid=0
INPUT_TRACE AFTER  handler R_just_pressed=false R_held=false jp=[] demo_fid=0
INPUT_TRACE BEFORE inject  R_just_pressed=false R_held=false jp=[] demo_fid=0
INPUT_TRACE AFTER  handler R_just_pressed=false R_held=false jp=[] demo_fid=0
INPUT_TRACE BEFORE inject  R_just_pressed=false R_held=false jp=[] demo_fid=0
INPUT_TRACE AFTER  handler R_just_pressed=false R_held=false jp=[] demo_fid=0
INPUT_TRACE BEFORE inject  R_just_pressed=false R_held=false jp=[] demo_fid=0
INPUT_TRACE AFTER  handler R_just_pressed=false R_held=false jp=[] demo_fid=0
INPUT_TRACE BEFORE inject  R_just_pressed=false R_held=false jp=[] demo_fid=0
INPUT_TRACE AFTER  handler R_just_pressed=false R_held=false jp=[] demo_fid=0
INPUT_TRACE BEFORE inject  R_just_pressed=false R_held=false jp=[] demo_fid=0
INPUT_TRACE AFTER  handler R_just_pressed=false R_held=false jp=[] demo_fid=0
INPUT_TRACE BEFORE inject  R_just_pressed=false R_held=false jp=[] demo_fid=0
INPUT_TRACE AFTER  handler R_just_pressed=false R_held=false jp=[] demo_fid=0
INPUT_TRACE BEFORE inject  R_just_pressed=false R_held=false jp=[] demo_fid=0
INPUT_TRACE AFTER  handler R_just_pressed=false R_held=false jp=[] demo_fid=0
INPUT_TRACE BEFORE inject  R_just_pressed=false R_held=false jp=[] demo_fid=0
INPUT_TRACE AFTER  handler R_just_pressed=false R_held=false jp=[] demo_fid=0
INPUT_TRACE BEFORE inject  R_just_pressed=false R_held=false jp=[] demo_fid=0
INPUT_TRACE AFTER  handler R_just_pressed=false R_held=false jp=[] demo_fid=0
INPUT_TRACE BEFORE inject  R_just_pressed=false R_held=false jp=[] demo_fid=0
INPUT_TRACE AFTER  handler R_just_pressed=false R_held=false jp=[] demo_fid=0
INPUT_TRACE BEFORE inject  R_just_pressed=false R_held=false jp=[] demo_fid=0
INPUT_TRACE AFTER  handler R_just_pressed=false R_held=false jp=[] demo_fid=0
INPUT_TRACE BEFORE inject  R_just_pressed=false R_held=false jp=[] demo_fid=0
INPUT_TRACE AFTER  handler R_just_pressed=false R_held=false jp=[] demo_fid=0
INPUT_TRACE BEFORE inject  R_just_pressed=false R_held=false jp=[] demo_fid=0
INPUT_TRACE AFTER  handler R_just_pressed=false R_held=false jp=[] demo_fid=0
INPUT_TRACE BEFORE inject  R_just_pressed=false R_held=false jp=[] demo_fid=0
INPUT_TRACE AFTER  handler R_just_pressed=false R_held=false jp=[] demo_fid=0
INPUT_TRACE BEFORE inject  R_just_pressed=false R_held=false jp=[] demo_fid=0
INPUT_TRACE AFTER  handler R_just_pressed=false R_held=false jp=[] demo_fid=0
INPUT_TRACE BEFORE inject  R_just_pressed=false R_held=false jp=[] demo_fid=0
INPUT_TRACE AFTER  handler R_just_pressed=false R_held=false jp=[] demo_fid=0
INPUT_TRACE BEFORE inject  R_just_pressed=false R_held=false jp=[] demo_fid=0
INPUT_TRACE AFTER  handler R_just_pressed=false R_held=false jp=[] demo_fid=0
INPUT_TRACE BEFORE inject  R_just_pressed=false R_held=false jp=[] demo_fid=0
INPUT_TRACE AFTER  handler R_just_pressed=false R_held=false jp=[] demo_fid=0
INPUT_TRACE BEFORE inject  R_just_pressed=false R_held=false jp=[] demo_fid=0
INPUT_TRACE AFTER  handler R_just_pressed=false R_held=false jp=[] demo_fid=0
INPUT_TRACE BEFORE inject  R_just_pressed=false R_held=false jp=[] demo_fid=0
INPUT_TRACE AFTER  handler R_just_pressed=false R_held=false jp=[] demo_fid=0
INPUT_TRACE BEFORE inject  R_just_pressed=false R_held=false jp=[] demo_fid=0
INPUT_TRACE AFTER  handler R_just_pressed=false R_held=false jp=[] demo_fid=0
INPUT_TRACE BEFORE inject  R_just_pressed=false R_held=false jp=[] demo_fid=0
INPUT_TRACE AFTER  handler R_just_pressed=false R_held=false jp=[] demo_fid=0
INPUT_TRACE BEFORE inject  R_just_pressed=false R_held=false jp=[] demo_fid=0
INPUT_TRACE AFTER  handler R_just_pressed=false R_held=false jp=[] demo_fid=0
INPUT_TRACE BEFORE inject  R_just_pressed=false R_held=false jp=[] demo_fid=0
INPUT_TRACE AFTER  handler R_just_pressed=false R_held=false jp=[] demo_fid=0
INPUT_TRACE BEFORE inject  R_just_pressed=false R_held=false jp=[] demo_fid=0
INPUT_TRACE AFTER  handler R_just_pressed=false R_held=false jp=[] demo_fid=0
INPUT_TRACE BEFORE inject  R_just_pressed=false R_held=false jp=[] demo_fid=0
INPUT_TRACE AFTER  handler R_just_pressed=false R_held=false jp=[] demo_fid=0
INPUT_TRACE BEFORE inject  R_just_pressed=false R_held=false jp=[] demo_fid=0
INPUT_TRACE AFTER  handler R_just_pressed=false R_held=false jp=[] demo_fid=0
INPUT_TRACE BEFORE inject  R_just_pressed=false R_held=false jp=[] demo_fid=0
INPUT_TRACE AFTER  handler R_just_pressed=false R_held=false jp=[] demo_fid=0
INPUT_TRACE BEFORE inject  R_just_pressed=false R_held=false jp=[] demo_fid=0
INPUT_TRACE AFTER  handler R_just_pressed=false R_held=false jp=[] demo_fid=0
INPUT_TRACE BEFORE inject  R_just_pressed=false R_held=false jp=[] demo_fid=0
INPUT_TRACE AFTER  handler R_just_pressed=false R_held=false jp=[] demo_fid=0
INPUT_TRACE BEFORE inject  R_just_pressed=false R_held=false jp=[] demo_fid=0
INPUT_TRACE AFTER  handler R_just_pressed=false R_held=false jp=[] demo_fid=0
INPUT_TRACE BEFORE inject  R_just_pressed=false R_held=false jp=[] demo_fid=0
INPUT_TRACE AFTER  handler R_just_pressed=false R_held=false jp=[] demo_fid=0
INPUT_TRACE BEFORE inject  R_just_pressed=false R_held=false jp=[] demo_fid=0
INPUT_TRACE AFTER  handler R_just_pressed=false R_held=false jp=[] demo_fid=0
INPUT_TRACE BEFORE inject  R_just_pressed=false R_held=false jp=[] demo_fid=0
INPUT_TRACE AFTER  handler R_just_pressed=false R_held=false jp=[] demo_fid=0
INPUT_TRACE BEFORE inject  R_just_pressed=false R_held=false jp=[] demo_fid=0
INPUT_TRACE AFTER  handler R_just_pressed=false R_held=false jp=[] demo_fid=0
INPUT_TRACE BEFORE inject  R_just_pressed=false R_held=false jp=[] demo_fid=0
INPUT_TRACE AFTER  handler R_just_pressed=false R_held=false jp=[] demo_fid=0
INPUT_TRACE BEFORE inject  R_just_pressed=false R_held=false jp=[] demo_fid=0
INPUT_TRACE AFTER  handler R_just_pressed=false R_held=false jp=[] demo_fid=0
INPUT_TRACE BEFORE inject  R_just_pressed=false R_held=false jp=[] demo_fid=0
INPUT_TRACE AFTER  handler R_just_pressed=false R_held=false jp=[] demo_fid=0
INPUT_TRACE BEFORE inject  R_just_pressed=false R_held=false jp=[] demo_fid=0
INPUT_TRACE AFTER  handler R_just_pressed=false R_held=false jp=[] demo_fid=0
INPUT_TRACE BEFORE inject  R_just_pressed=false R_held=false jp=[] demo_fid=0
INPUT_TRACE AFTER  handler R_just_pressed=false R_held=false jp=[] demo_fid=0
INPUT_TRACE BEFORE inject  R_just_pressed=false R_held=false jp=[] demo_fid=0
INPUT_TRACE AFTER  handler R_just_pressed=false R_held=false jp=[] demo_fid=0
INPUT_TRACE BEFORE inject  R_just_pressed=false R_held=false jp=[] demo_fid=0
INPUT_TRACE AFTER  handler R_just_pressed=false R_held=false jp=[] demo_fid=0
INPUT_TRACE BEFORE inject  R_just_pressed=false R_held=false jp=[] demo_fid=0
INPUT_TRACE AFTER  handler R_just_pressed=false R_held=false jp=[] demo_fid=0
INPUT_TRACE BEFORE inject  R_just_pressed=false R_held=false jp=[] demo_fid=0
INPUT_TRACE AFTER  handler R_just_pressed=false R_held=false jp=[] demo_fid=0
INPUT_TRACE BEFORE inject  R_just_pressed=false R_held=false jp=[] demo_fid=0
INPUT_TRACE AFTER  handler R_just_pressed=false R_held=false jp=[] demo_fid=0
INPUT_TRACE BEFORE inject  R_just_pressed=false R_held=false jp=[] demo_fid=0
INPUT_TRACE AFTER  handler R_just_pressed=false R_held=false jp=[] demo_fid=0
INPUT_TRACE BEFORE inject  R_just_pressed=false R_held=false jp=[] demo_fid=0
INPUT_TRACE AFTER  handler R_just_pressed=false R_held=false jp=[] demo_fid=0
INPUT_TRACE BEFORE inject  R_just_pressed=false R_held=false jp=[] demo_fid=0
INPUT_TRACE AFTER  handler R_just_pressed=false R_held=false jp=[] demo_fid=0
INPUT_TRACE BEFORE inject  R_just_pressed=false R_held=false jp=[] demo_fid=0
INPUT_TRACE AFTER  handler R_just_pressed=false R_held=false jp=[] demo_fid=0
INPUT_TRACE BEFORE inject  R_just_pressed=false R_held=false jp=[] demo_fid=0
INPUT_TRACE AFTER  handler R_just_pressed=false R_held=false jp=[] demo_fid=0
INPUT_TRACE BEFORE inject  R_just_pressed=false R_held=false jp=[] demo_fid=0
INPUT_TRACE AFTER  handler R_just_pressed=false R_held=false jp=[] demo_fid=0
INPUT_TRACE BEFORE inject  R_just_pressed=false R_held=false jp=[] demo_fid=0
INPUT_TRACE AFTER  handler R_just_pressed=false R_held=false jp=[] demo_fid=0
INPUT_TRACE BEFORE inject  R_just_pressed=false R_held=false jp=[] demo_fid=0
INPUT_TRACE AFTER  handler R_just_pressed=false R_held=false jp=[] demo_fid=0
INPUT_TRACE BEFORE inject  R_just_pressed=false R_held=false jp=[] demo_fid=0
INPUT_TRACE AFTER  handler R_just_pressed=false R_held=false jp=[] demo_fid=0
INPUT_TRACE BEFORE inject  R_just_pressed=false R_held=false jp=[] demo_fid=0
INPUT_TRACE AFTER  handler R_just_pressed=false R_held=false jp=[] demo_fid=0
INPUT_TRACE BEFORE inject  R_just_pressed=false R_held=false jp=[] demo_fid=0
INPUT_TRACE AFTER  handler R_just_pressed=false R_held=false jp=[] demo_fid=0
INPUT_TRACE BEFORE inject  R_just_pressed=false R_held=false jp=[] demo_fid=0
SHOT saved to E:\Projects\bagidea-ai-agents-office\workspace\projects\Voxelforge\docs\assets\look\ab-elev\s2cam-elev22.png
INPUT_TRACE AFTER  handler R_just_pressed=false R_held=false jp=[] demo_fid=0
INPUT_TRACE BEFORE inject  R_just_pressed=false R_held=false jp=[] demo_fid=0
INPUT_TRACE AFTER  handler R_just_pressed=false R_held=false jp=[] demo_fid=0
INPUT_TRACE BEFORE inject  R_just_pressed=false R_held=false jp=[] demo_fid=0
INPUT_TRACE AFTER  handler R_just_pressed=false R_held=false jp=[] demo_fid=0
INPUT_TRACE BEFORE inject  R_just_pressed=false R_held=false jp=[] demo_fid=0
INPUT_TRACE AFTER  handler R_just_pressed=false R_held=false jp=[] demo_fid=0
INPUT_TRACE BEFORE inject  R_just_pressed=false R_held=false jp=[] demo_fid=0
INPUT_TRACE AFTER  handler R_just_pressed=false R_held=false jp=[] demo_fid=0
INPUT_TRACE BEFORE inject  R_just_pressed=false R_held=false jp=[] demo_fid=0
2026-08-14T21:11:13.870971Z  INFO bevy_render::view::window::screenshot: Screenshot saved to E:\Projects\bagidea-ai-agents-office\workspace\projects\Voxelforge\docs\assets\look\ab-elev\s2cam-elev22.png
INPUT_TRACE AFTER  handler R_just_pressed=false R_held=false jp=[] demo_fid=0
INPUT_TRACE BEFORE inject  R_just_pressed=false R_held=false jp=[] demo_fid=0
INPUT_TRACE AFTER  handler R_just_pressed=false R_held=false jp=[] demo_fid=0
INPUT_TRACE BEFORE inject  R_just_pressed=false R_held=false jp=[] demo_fid=0
INPUT_TRACE AFTER  handler R_just_pressed=false R_held=false jp=[] demo_fid=0
INPUT_TRACE BEFORE inject  R_just_pressed=false R_held=false jp=[] demo_fid=0
INPUT_TRACE AFTER  handler R_just_pressed=false R_held=false jp=[] demo_fid=0
INPUT_TRACE BEFORE inject  R_just_pressed=false R_held=false jp=[] demo_fid=0
INPUT_TRACE AFTER  handler R_just_pressed=false R_held=false jp=[] demo_fid=0
INPUT_TRACE BEFORE inject  R_just_pressed=false R_held=false jp=[] demo_fid=0
INPUT_TRACE AFTER  handler R_just_pressed=false R_held=false jp=[] demo_fid=0
INPUT_TRACE BEFORE inject  R_just_pressed=false R_held=false jp=[] demo_fid=0
INPUT_TRACE AFTER  handler R_just_pressed=false R_held=false jp=[] demo_fid=0
INPUT_TRACE BEFORE inject  R_just_pressed=false R_held=false jp=[] demo_fid=0
INPUT_TRACE AFTER  handler R_just_pressed=false R_held=false jp=[] demo_fid=0
INPUT_TRACE BEFORE inject  R_just_pressed=false R_held=false jp=[] demo_fid=0
INPUT_TRACE AFTER  handler R_just_pressed=false R_held=false jp=[] demo_fid=0
INPUT_TRACE BEFORE inject  R_just_pressed=false R_held=false jp=[] demo_fid=0
INPUT_TRACE AFTER  handler R_just_pressed=false R_held=false jp=[] demo_fid=0
INPUT_TRACE BEFORE inject  R_just_pressed=false R_held=false jp=[] demo_fid=0
INPUT_TRACE AFTER  handler R_just_pressed=false R_held=false jp=[] demo_fid=0
INPUT_TRACE BEFORE inject  R_just_pressed=false R_held=false jp=[] demo_fid=0
INPUT_TRACE AFTER  handler R_just_pressed=false R_held=false jp=[] demo_fid=0
INPUT_TRACE BEFORE inject  R_just_pressed=false R_held=false jp=[] demo_fid=0
INPUT_TRACE AFTER  handler R_just_pressed=false R_held=false jp=[] demo_fid=0
INPUT_TRACE BEFORE inject  R_just_pressed=false R_held=false jp=[] demo_fid=0
INPUT_TRACE AFTER  handler R_just_pressed=false R_held=false jp=[] demo_fid=0
INPUT_TRACE BEFORE inject  R_just_pressed=false R_held=false jp=[] demo_fid=0
INPUT_TRACE AFTER  handler R_just_pressed=false R_held=false jp=[] demo_fid=0
INPUT_TRACE BEFORE inject  R_just_pressed=false R_held=false jp=[] demo_fid=0
INPUT_TRACE AFTER  handler R_just_pressed=false R_held=false jp=[] demo_fid=0
INPUT_TRACE BEFORE inject  R_just_pressed=false R_held=false jp=[] demo_fid=0
INPUT_TRACE AFTER  handler R_just_pressed=false R_held=false jp=[] demo_fid=0
INPUT_TRACE BEFORE inject  R_just_pressed=false R_held=false jp=[] demo_fid=0
INPUT_TRACE AFTER  handler R_just_pressed=false R_held=false jp=[] demo_fid=0
INPUT_TRACE BEFORE inject  R_just_pressed=false R_held=false jp=[] demo_fid=0
INPUT_TRACE AFTER  handler R_just_pressed=false R_held=false jp=[] demo_fid=0
INPUT_TRACE BEFORE inject  R_just_pressed=false R_held=false jp=[] demo_fid=0
INPUT_TRACE AFTER  handler R_just_pressed=false R_held=false jp=[] demo_fid=0
INPUT_TRACE BEFORE inject  R_just_pressed=false R_held=false jp=[] demo_fid=0
INPUT_TRACE AFTER  handler R_just_pressed=false R_held=false jp=[] demo_fid=0
INPUT_TRACE BEFORE inject  R_just_pressed=false R_held=false jp=[] demo_fid=0
INPUT_TRACE AFTER  handler R_just_pressed=false R_held=false jp=[] demo_fid=0
INPUT_TRACE BEFORE inject  R_just_pressed=false R_held=false jp=[] demo_fid=0
INPUT_TRACE AFTER  handler R_just_pressed=false R_held=false jp=[] demo_fid=0
INPUT_TRACE BEFORE inject  R_just_pressed=false R_held=false jp=[] demo_fid=0
INPUT_TRACE AFTER  handler R_just_pressed=false R_held=false jp=[] demo_fid=0
INPUT_TRACE BEFORE inject  R_just_pressed=false R_held=false jp=[] demo_fid=0
INPUT_TRACE AFTER  handler R_just_pressed=false R_held=false jp=[] demo_fid=0
INPUT_TRACE BEFORE inject  R_just_pressed=false R_held=false jp=[] demo_fid=0
INPUT_TRACE AFTER  handler R_just_pressed=false R_held=false jp=[] demo_fid=0
INPUT_TRACE BEFORE inject  R_just_pressed=false R_held=false jp=[] demo_fid=0
INPUT_TRACE AFTER  handler R_just_pressed=false R_held=false jp=[] demo_fid=0
INPUT_TRACE BEFORE inject  R_just_pressed=false R_held=false jp=[] demo_fid=0
INPUT_TRACE AFTER  handler R_just_pressed=false R_held=false jp=[] demo_fid=0
INPUT_TRACE BEFORE inject  R_just_pressed=false R_held=false jp=[] demo_fid=0
INPUT_TRACE AFTER  handler R_just_pressed=false R_held=false jp=[] demo_fid=0
INPUT_TRACE BEFORE inject  R_just_pressed=false R_held=false jp=[] demo_fid=0
INPUT_TRACE AFTER  handler R_just_pressed=false R_held=false jp=[] demo_fid=0
INPUT_TRACE BEFORE inject  R_just_pressed=false R_held=false jp=[] demo_fid=0
INPUT_TRACE AFTER  handler R_just_pressed=false R_held=false jp=[] demo_fid=0
INPUT_TRACE BEFORE inject  R_just_pressed=false R_held=false jp=[] demo_fid=0
INPUT_TRACE AFTER  handler R_just_pressed=false R_held=false jp=[] demo_fid=0
INPUT_TRACE BEFORE inject  R_just_pressed=false R_held=false jp=[] demo_fid=0
INPUT_TRACE AFTER  handler R_just_pressed=false R_held=false jp=[] demo_fid=0
INPUT_TRACE BEFORE inject  R_just_pressed=false R_held=false jp=[] demo_fid=0
INPUT_TRACE AFTER  handler R_just_pressed=false R_held=false jp=[] demo_fid=0
INPUT_TRACE BEFORE inject  R_just_pressed=false R_held=false jp=[] demo_fid=0
INPUT_TRACE AFTER  handler R_just_pressed=false R_held=false jp=[] demo_fid=0
INPUT_TRACE BEFORE inject  R_just_pressed=false R_held=false jp=[] demo_fid=0
INPUT_TRACE AFTER  handler R_just_pressed=false R_held=false jp=[] demo_fid=0
INPUT_TRACE BEFORE inject  R_just_pressed=false R_held=false jp=[] demo_fid=0
INPUT_TRACE AFTER  handler R_just_pressed=false R_held=false jp=[] demo_fid=0
INPUT_TRACE BEFORE inject  R_just_pressed=false R_held=false jp=[] demo_fid=0
INPUT_TRACE AFTER  handler R_just_pressed=false R_held=false jp=[] demo_fid=0
INPUT_TRACE BEFORE inject  R_just_pressed=false R_held=false jp=[] demo_fid=0
INPUT_TRACE AFTER  handler R_just_pressed=false R_held=false jp=[] demo_fid=0
INPUT_TRACE BEFORE inject  R_just_pressed=false R_held=false jp=[] demo_fid=0
INPUT_TRACE AFTER  handler R_just_pressed=false R_held=false jp=[] demo_fid=0
INPUT_TRACE BEFORE inject  R_just_pressed=false R_held=false jp=[] demo_fid=0
INPUT_TRACE AFTER  handler R_just_pressed=false R_held=false jp=[] demo_fid=0
INPUT_TRACE BEFORE inject  R_just_pressed=false R_held=false jp=[] demo_fid=0
INPUT_TRACE AFTER  handler R_just_pressed=false R_held=false jp=[] demo_fid=0
INPUT_TRACE BEFORE inject  R_just_pressed=false R_held=false jp=[] demo_fid=0
INPUT_TRACE AFTER  handler R_just_pressed=false R_held=false jp=[] demo_fid=0
[probe] s1 direction, eye pulled to 9.93u, sun 66 cine=37.675,7.4,36.025, 37.675,7.4,36.025, 32.5,2.0,29.5, 1 
2026-08-14T21:15:45.606948Z  INFO bevy_diagnostic::system_information_diagnostics_plugin::internal: SystemInfo { os: "Windows 11 Home", kernel: "26200", cpu: "12th Gen Intel(R) Core(TM) i5-12600K", core_count: "10", memory: "15.8 GiB" }
2026-08-14T21:15:45.906199Z  INFO bevy_render::renderer: AdapterInfo { name: "NVIDIA GeForce GTX 1060 6GB", vendor: 4318, device: 7171, device_type: DiscreteGpu, device_pci_bus_id: "0000:03:00.0", driver: "NVIDIA", driver_info: "560.94", backend: Vulkan, subgroup_min_size: 32, subgroup_max_size: 32, transient_saves_memory: false }
EDITOR_CONFIG loaded editor_config.json — 16 actions, grid_snap=1
CINE eye Vec3(37.675, 7.4, 36.025)->Vec3(37.675, 7.4, 36.025) aim Vec3(32.5, 2.0, 29.5)->Vec3(32.5, 2.0, 29.5) secs=1 start=1 exit=None
AI_MODE tactics (perception + squad pass)
SETTINGS loaded settings.json
2026-08-14T21:15:46.033110Z  INFO bevy_pbr::cluster: GPU clustering is supported on this device.
2026-08-14T21:15:46.033159Z  INFO bevy_render::batching::gpu_preprocessing: GPU preprocessing is fully supported on this device.
2026-08-14T21:15:46.033473Z  INFO bevy_egui::render: Using bindless_mode_array_size 16 (Device maximum 1048576)
2026-08-14T21:15:46.033614Z  INFO bevy_winit::system: Creating new window Voxelforge — Phase 0 spike (65v0)
STORY_LOAD ok path=assets/story/act1.json quests=5 npcs=3 dialogues=12 regions=9
MAP_LOAD ok path=maps/edhari.json name="edhari" blocks=9537 size=2x2 chunks
MESH_PATH split (one mesh + material per block type)
MAP_APPLY set=9537 skipped=0 total_quads=9262
QUEST_INIT start=q1_embers
QUEST_INIT quests_loaded=5
ENEMY_SPAWN kind=sentinel parts=30 height=3.38b feet=(32.0,1.0,25.0) yaw=0.00
HUSK2_SPAWN kind=sentinel at (32.0,1.0,25.0)
SPAWN_ENCOUNTER husk at (32.0,_,25.0) on Edhari surface
SPAWN_GROUND col=(32,32) top=0 feet=1 => PASS
SCENE_READY source=maps/edhari.json spawn=(32.5,2.6,32.5) surface=0 campfire=(32.5,1.0,29.5)
SPAWN_NPC id=maren name="Elder Maren" pos=(32,2,4)
SPAWN_NPC id=toma name="Toma" pos=(16,1.5,24)
QUEST_LOAD ok path=quest_save.json flags=5 quests=1
ENTER_PLAY
AUDIO_PLAY:audio/music_theme.wav t=0.00 pos=(non-spatial)
AUDIO_PLAY:audio/ambient_wind.wav t=0.00 pos=(omnipresent)
AUDIO_PLAY:audio/ambient_campfire.wav t=0.00 pos=(32.5,1.0,29.5)
AUDIO_PLAY:audio/ambient_village.wav t=0.00 pos=(47.5,2.6,22.5)
QUEST_FEEDBACK q1_embers complete → text + sound
LOOK_FILL gen=V3 ambient=620 sky=1400lux@76deg bounce=1100lux@28deg rim=600lux@14deg contact_sky=true
VFX campfire lit at (32.5,1.0,29.5)
INPUT_TRACE BEFORE inject  R_just_pressed=false R_held=false jp=[] demo_fid=0
AUDIO_PLAY:audio/player_respawn.wav t=0.00 pos=(0.0,0.0,0.0)
LOOK_IBL gen=V3 nits=330
LOOK atmosphere spawned mode=lut aerial_max=72
ANIM_RIG_WEAPON spawn actor=Player entity=685v0
CAST_SPAWN who=maren root=621v0 body_boxes=24 gear_boxes=0 slots_filled=0/6 height=1.96b feet=(32.0,13.0,4.0) yaw=3.14
CAST_WEAR who=maren head=- torso=- legs=- hands=- weapon=- back=-
AUDIO_ZONE:Campfire t=0.00 pos=(32.5,2.6,32.5)
QUEST_DIALOGUE fire id=dlg_maren_first_call trigger=on_objective
ANIM_RIG_NPC dressed entity=609v0 look=Villager
QUEST_AREA enter=spawn_shelter player=(32.5,32.5)
ANIM_RIG_NPC dressed entity=610v0 look=Villager
CAST_MATERIALS who=maren total=24 cloth=11 hair=4 skin=3 metal=2 wood=2 leather=1 glow=1
CAST_DRESSED id=maren placeholder_mesh=removed body=maren feet=(32.0,13.0,4.0)
CAST_SPAWN who=toma root=750v0 body_boxes=17 gear_boxes=0 slots_filled=0/6 height=1.34b feet=(16.0,3.0,24.0) yaw=3.14
CAST_WEAR who=toma head=- torso=- legs=- hands=- weapon=- back=-
CAST_MATERIALS who=toma total=17 cloth=8 skin=3 hair=3 wood=3
CAST_DRESSED id=toma placeholder_mesh=removed body=toma feet=(16.0,3.0,24.0)
CAST_SPAWN who=toma root=774v0 body_boxes=17 gear_boxes=0 slots_filled=0/6 height=1.34b feet=(16.5,3.0,24.5) yaw=-1.57
CAST_WEAR who=toma head=- torso=- legs=- hands=- weapon=- back=-
CAST_MATERIALS who=toma total=17 cloth=8 skin=3 hair=3 wood=3
CAST_SPAWN_NPC id=toma feet=(16.5,3.0,24.5) region=west_house
LOOK play FogVolume spawned density=0.030 (god-ray medium)
LOOK tier=Ultra pcss=Some(12.0) shadow_map=4096 sun=66deg/205deg illum=20000 contact=true
INPUT_TRACE AFTER  handler R_just_pressed=false R_held=false jp=[] demo_fid=0
VFX_RIG_WEAPON_TRAIL attach actor=Player entity=685v0
INPUT_TRACE BEFORE inject  R_just_pressed=false R_held=false jp=[] demo_fid=0
ANIM_RIG_NPC dressed entity=798v0 look=Villager
INPUT_TRACE AFTER  handler R_just_pressed=false R_held=false jp=[] demo_fid=0
INPUT_TRACE BEFORE inject  R_just_pressed=false R_held=false jp=[] demo_fid=0
INPUT_TRACE AFTER  handler R_just_pressed=false R_held=false jp=[] demo_fid=0
INPUT_TRACE BEFORE inject  R_just_pressed=false R_held=false jp=[] demo_fid=0
INPUT_TRACE AFTER  handler R_just_pressed=false R_held=false jp=[] demo_fid=0
INPUT_TRACE BEFORE inject  R_just_pressed=false R_held=false jp=[] demo_fid=0
INPUT_TRACE AFTER  handler R_just_pressed=false R_held=false jp=[] demo_fid=0
INPUT_TRACE BEFORE inject  R_just_pressed=false R_held=false jp=[] demo_fid=0
INPUT_TRACE AFTER  handler R_just_pressed=false R_held=false jp=[] demo_fid=0
INPUT_TRACE BEFORE inject  R_just_pressed=false R_held=false jp=[] demo_fid=0
INPUT_TRACE AFTER  handler R_just_pressed=false R_held=false jp=[] demo_fid=0
INPUT_TRACE BEFORE inject  R_just_pressed=false R_held=false jp=[] demo_fid=0
INPUT_TRACE AFTER  handler R_just_pressed=false R_held=false jp=[] demo_fid=0
INPUT_TRACE BEFORE inject  R_just_pressed=false R_held=false jp=[] demo_fid=0
INPUT_TRACE AFTER  handler R_just_pressed=false R_held=false jp=[] demo_fid=0
INPUT_TRACE BEFORE inject  R_just_pressed=false R_held=false jp=[] demo_fid=0
INPUT_TRACE AFTER  handler R_just_pressed=false R_held=false jp=[] demo_fid=0
INPUT_TRACE BEFORE inject  R_just_pressed=false R_held=false jp=[] demo_fid=0
INPUT_TRACE AFTER  handler R_just_pressed=false R_held=false jp=[] demo_fid=0
INPUT_TRACE BEFORE inject  R_just_pressed=false R_held=false jp=[] demo_fid=0
INPUT_TRACE AFTER  handler R_just_pressed=false R_held=false jp=[] demo_fid=0
INPUT_TRACE BEFORE inject  R_just_pressed=false R_held=false jp=[] demo_fid=0
INPUT_TRACE AFTER  handler R_just_pressed=false R_held=false jp=[] demo_fid=0
INPUT_TRACE BEFORE inject  R_just_pressed=false R_held=false jp=[] demo_fid=0
INPUT_TRACE AFTER  handler R_just_pressed=false R_held=false jp=[] demo_fid=0
INPUT_TRACE BEFORE inject  R_just_pressed=false R_held=false jp=[] demo_fid=0
INPUT_TRACE AFTER  handler R_just_pressed=false R_held=false jp=[] demo_fid=0
INPUT_TRACE BEFORE inject  R_just_pressed=false R_held=false jp=[] demo_fid=0
INPUT_TRACE AFTER  handler R_just_pressed=false R_held=false jp=[] demo_fid=0
INPUT_TRACE BEFORE inject  R_just_pressed=false R_held=false jp=[] demo_fid=0
INPUT_TRACE AFTER  handler R_just_pressed=false R_held=false jp=[] demo_fid=0
INPUT_TRACE BEFORE inject  R_just_pressed=false R_held=false jp=[] demo_fid=0
INPUT_TRACE AFTER  handler R_just_pressed=false R_held=false jp=[] demo_fid=0
INPUT_TRACE BEFORE inject  R_just_pressed=false R_held=false jp=[] demo_fid=0
INPUT_TRACE AFTER  handler R_just_pressed=false R_held=false jp=[] demo_fid=0
INPUT_TRACE BEFORE inject  R_just_pressed=false R_held=false jp=[] demo_fid=0
INPUT_TRACE AFTER  handler R_just_pressed=false R_held=false jp=[] demo_fid=0
INPUT_TRACE BEFORE inject  R_just_pressed=false R_held=false jp=[] demo_fid=0
INPUT_TRACE AFTER  handler R_just_pressed=false R_held=false jp=[] demo_fid=0
INPUT_TRACE BEFORE inject  R_just_pressed=false R_held=false jp=[] demo_fid=0
INPUT_TRACE AFTER  handler R_just_pressed=false R_held=false jp=[] demo_fid=0
INPUT_TRACE BEFORE inject  R_just_pressed=false R_held=false jp=[] demo_fid=0
INPUT_TRACE AFTER  handler R_just_pressed=false R_held=false jp=[] demo_fid=0
INPUT_TRACE BEFORE inject  R_just_pressed=false R_held=false jp=[] demo_fid=0
INPUT_TRACE AFTER  handler R_just_pressed=false R_held=false jp=[] demo_fid=0
INPUT_TRACE BEFORE inject  R_just_pressed=false R_held=false jp=[] demo_fid=0
INPUT_TRACE AFTER  handler R_just_pressed=false R_held=false jp=[] demo_fid=0
INPUT_TRACE BEFORE inject  R_just_pressed=false R_held=false jp=[] demo_fid=0
INPUT_TRACE AFTER  handler R_just_pressed=false R_held=false jp=[] demo_fid=0
INPUT_TRACE BEFORE inject  R_just_pressed=false R_held=false jp=[] demo_fid=0
INPUT_TRACE AFTER  handler R_just_pressed=false R_held=false jp=[] demo_fid=0
INPUT_TRACE BEFORE inject  R_just_pressed=false R_held=false jp=[] demo_fid=0
INPUT_TRACE AFTER  handler R_just_pressed=false R_held=false jp=[] demo_fid=0
INPUT_TRACE BEFORE inject  R_just_pressed=false R_held=false jp=[] demo_fid=0
INPUT_TRACE AFTER  handler R_just_pressed=false R_held=false jp=[] demo_fid=0
INPUT_TRACE BEFORE inject  R_just_pressed=false R_held=false jp=[] demo_fid=0
INPUT_TRACE AFTER  handler R_just_pressed=false R_held=false jp=[] demo_fid=0
INPUT_TRACE BEFORE inject  R_just_pressed=false R_held=false jp=[] demo_fid=0
INPUT_TRACE AFTER  handler R_just_pressed=false R_held=false jp=[] demo_fid=0
INPUT_TRACE BEFORE inject  R_just_pressed=false R_held=false jp=[] demo_fid=0
INPUT_TRACE AFTER  handler R_just_pressed=false R_held=false jp=[] demo_fid=0
INPUT_TRACE BEFORE inject  R_just_pressed=false R_held=false jp=[] demo_fid=0
INPUT_TRACE AFTER  handler R_just_pressed=false R_held=false jp=[] demo_fid=0
INPUT_TRACE BEFORE inject  R_just_pressed=false R_held=false jp=[] demo_fid=0
INPUT_TRACE AFTER  handler R_just_pressed=false R_held=false jp=[] demo_fid=0
INPUT_TRACE BEFORE inject  R_just_pressed=false R_held=false jp=[] demo_fid=0
INPUT_TRACE AFTER  handler R_just_pressed=false R_held=false jp=[] demo_fid=0
INPUT_TRACE BEFORE inject  R_just_pressed=false R_held=false jp=[] demo_fid=0
INPUT_TRACE AFTER  handler R_just_pressed=false R_held=false jp=[] demo_fid=0
INPUT_TRACE BEFORE inject  R_just_pressed=false R_held=false jp=[] demo_fid=0
INPUT_TRACE AFTER  handler R_just_pressed=false R_held=false jp=[] demo_fid=0
INPUT_TRACE BEFORE inject  R_just_pressed=false R_held=false jp=[] demo_fid=0
INPUT_TRACE AFTER  handler R_just_pressed=false R_held=false jp=[] demo_fid=0
INPUT_TRACE BEFORE inject  R_just_pressed=false R_held=false jp=[] demo_fid=0
INPUT_TRACE AFTER  handler R_just_pressed=false R_held=false jp=[] demo_fid=0
INPUT_TRACE BEFORE inject  R_just_pressed=false R_held=false jp=[] demo_fid=0
INPUT_TRACE AFTER  handler R_just_pressed=false R_held=false jp=[] demo_fid=0
INPUT_TRACE BEFORE inject  R_just_pressed=false R_held=false jp=[] demo_fid=0
INPUT_TRACE AFTER  handler R_just_pressed=false R_held=false jp=[] demo_fid=0
INPUT_TRACE BEFORE inject  R_just_pressed=false R_held=false jp=[] demo_fid=0
INPUT_TRACE AFTER  handler R_just_pressed=false R_held=false jp=[] demo_fid=0
INPUT_TRACE BEFORE inject  R_just_pressed=false R_held=false jp=[] demo_fid=0
INPUT_TRACE AFTER  handler R_just_pressed=false R_held=false jp=[] demo_fid=0
INPUT_TRACE BEFORE inject  R_just_pressed=false R_held=false jp=[] demo_fid=0
INPUT_TRACE AFTER  handler R_just_pressed=false R_held=false jp=[] demo_fid=0
INPUT_TRACE BEFORE inject  R_just_pressed=false R_held=false jp=[] demo_fid=0
INPUT_TRACE AFTER  handler R_just_pressed=false R_held=false jp=[] demo_fid=0
INPUT_TRACE BEFORE inject  R_just_pressed=false R_held=false jp=[] demo_fid=0
INPUT_TRACE AFTER  handler R_just_pressed=false R_held=false jp=[] demo_fid=0
INPUT_TRACE BEFORE inject  R_just_pressed=false R_held=false jp=[] demo_fid=0
INPUT_TRACE AFTER  handler R_just_pressed=false R_held=false jp=[] demo_fid=0
INPUT_TRACE BEFORE inject  R_just_pressed=false R_held=false jp=[] demo_fid=0
INPUT_TRACE AFTER  handler R_just_pressed=false R_held=false jp=[] demo_fid=0
INPUT_TRACE BEFORE inject  R_just_pressed=false R_held=false jp=[] demo_fid=0
INPUT_TRACE AFTER  handler R_just_pressed=false R_held=false jp=[] demo_fid=0
INPUT_TRACE BEFORE inject  R_just_pressed=false R_held=false jp=[] demo_fid=0
INPUT_TRACE AFTER  handler R_just_pressed=false R_held=false jp=[] demo_fid=0
INPUT_TRACE BEFORE inject  R_just_pressed=false R_held=false jp=[] demo_fid=0
INPUT_TRACE AFTER  handler R_just_pressed=false R_held=false jp=[] demo_fid=0
INPUT_TRACE BEFORE inject  R_just_pressed=false R_held=false jp=[] demo_fid=0
INPUT_TRACE AFTER  handler R_just_pressed=false R_held=false jp=[] demo_fid=0
INPUT_TRACE BEFORE inject  R_just_pressed=false R_held=false jp=[] demo_fid=0
INPUT_TRACE AFTER  handler R_just_pressed=false R_held=false jp=[] demo_fid=0
INPUT_TRACE BEFORE inject  R_just_pressed=false R_held=false jp=[] demo_fid=0
INPUT_TRACE AFTER  handler R_just_pressed=false R_held=false jp=[] demo_fid=0
INPUT_TRACE BEFORE inject  R_just_pressed=false R_held=false jp=[] demo_fid=0
INPUT_TRACE AFTER  handler R_just_pressed=false R_held=false jp=[] demo_fid=0
INPUT_TRACE BEFORE inject  R_just_pressed=false R_held=false jp=[] demo_fid=0
INPUT_TRACE AFTER  handler R_just_pressed=false R_held=false jp=[] demo_fid=0
INPUT_TRACE BEFORE inject  R_just_pressed=false R_held=false jp=[] demo_fid=0
INPUT_TRACE AFTER  handler R_just_pressed=false R_held=false jp=[] demo_fid=0
INPUT_TRACE BEFORE inject  R_just_pressed=false R_held=false jp=[] demo_fid=0
INPUT_TRACE AFTER  handler R_just_pressed=false R_held=false jp=[] demo_fid=0
INPUT_TRACE BEFORE inject  R_just_pressed=false R_held=false jp=[] demo_fid=0
INPUT_TRACE AFTER  handler R_just_pressed=false R_held=false jp=[] demo_fid=0
INPUT_TRACE BEFORE inject  R_just_pressed=false R_held=false jp=[] demo_fid=0
INPUT_TRACE AFTER  handler R_just_pressed=false R_held=false jp=[] demo_fid=0
INPUT_TRACE BEFORE inject  R_just_pressed=false R_held=false jp=[] demo_fid=0
INPUT_TRACE AFTER  handler R_just_pressed=false R_held=false jp=[] demo_fid=0
INPUT_TRACE BEFORE inject  R_just_pressed=false R_held=false jp=[] demo_fid=0
INPUT_TRACE AFTER  handler R_just_pressed=false R_held=false jp=[] demo_fid=0
INPUT_TRACE BEFORE inject  R_just_pressed=false R_held=false jp=[] demo_fid=0
INPUT_TRACE AFTER  handler R_just_pressed=false R_held=false jp=[] demo_fid=0
INPUT_TRACE BEFORE inject  R_just_pressed=false R_held=false jp=[] demo_fid=0
INPUT_TRACE AFTER  handler R_just_pressed=false R_held=false jp=[] demo_fid=0
INPUT_TRACE BEFORE inject  R_just_pressed=false R_held=false jp=[] demo_fid=0
INPUT_TRACE AFTER  handler R_just_pressed=false R_held=false jp=[] demo_fid=0
INPUT_TRACE BEFORE inject  R_just_pressed=false R_held=false jp=[] demo_fid=0
INPUT_TRACE AFTER  handler R_just_pressed=false R_held=false jp=[] demo_fid=0
INPUT_TRACE BEFORE inject  R_just_pressed=false R_held=false jp=[] demo_fid=0
INPUT_TRACE AFTER  handler R_just_pressed=false R_held=false jp=[] demo_fid=0
INPUT_TRACE BEFORE inject  R_just_pressed=false R_held=false jp=[] demo_fid=0
INPUT_TRACE AFTER  handler R_just_pressed=false R_held=false jp=[] demo_fid=0
INPUT_TRACE BEFORE inject  R_just_pressed=false R_held=false jp=[] demo_fid=0
INPUT_TRACE AFTER  handler R_just_pressed=false R_held=false jp=[] demo_fid=0
INPUT_TRACE BEFORE inject  R_just_pressed=false R_held=false jp=[] demo_fid=0
INPUT_TRACE AFTER  handler R_just_pressed=false R_held=false jp=[] demo_fid=0
INPUT_TRACE BEFORE inject  R_just_pressed=false R_held=false jp=[] demo_fid=0
INPUT_TRACE AFTER  handler R_just_pressed=false R_held=false jp=[] demo_fid=0
INPUT_TRACE BEFORE inject  R_just_pressed=false R_held=false jp=[] demo_fid=0
INPUT_TRACE AFTER  handler R_just_pressed=false R_held=false jp=[] demo_fid=0
INPUT_TRACE BEFORE inject  R_just_pressed=false R_held=false jp=[] demo_fid=0
INPUT_TRACE AFTER  handler R_just_pressed=false R_held=false jp=[] demo_fid=0
INPUT_TRACE BEFORE inject  R_just_pressed=false R_held=false jp=[] demo_fid=0
INPUT_TRACE AFTER  handler R_just_pressed=false R_held=false jp=[] demo_fid=0
INPUT_TRACE BEFORE inject  R_just_pressed=false R_held=false jp=[] demo_fid=0
INPUT_TRACE AFTER  handler R_just_pressed=false R_held=false jp=[] demo_fid=0
INPUT_TRACE BEFORE inject  R_just_pressed=false R_held=false jp=[] demo_fid=0
INPUT_TRACE AFTER  handler R_just_pressed=false R_held=false jp=[] demo_fid=0
INPUT_TRACE BEFORE inject  R_just_pressed=false R_held=false jp=[] demo_fid=0
INPUT_TRACE AFTER  handler R_just_pressed=false R_held=false jp=[] demo_fid=0
INPUT_TRACE BEFORE inject  R_just_pressed=false R_held=false jp=[] demo_fid=0
INPUT_TRACE AFTER  handler R_just_pressed=false R_held=false jp=[] demo_fid=0
INPUT_TRACE BEFORE inject  R_just_pressed=false R_held=false jp=[] demo_fid=0
INPUT_TRACE AFTER  handler R_just_pressed=false R_held=false jp=[] demo_fid=0
INPUT_TRACE BEFORE inject  R_just_pressed=false R_held=false jp=[] demo_fid=0
INPUT_TRACE AFTER  handler R_just_pressed=false R_held=false jp=[] demo_fid=0
INPUT_TRACE BEFORE inject  R_just_pressed=false R_held=false jp=[] demo_fid=0
INPUT_TRACE AFTER  handler R_just_pressed=false R_held=false jp=[] demo_fid=0
INPUT_TRACE BEFORE inject  R_just_pressed=false R_held=false jp=[] demo_fid=0
INPUT_TRACE AFTER  handler R_just_pressed=false R_held=false jp=[] demo_fid=0
INPUT_TRACE BEFORE inject  R_just_pressed=false R_held=false jp=[] demo_fid=0
INPUT_TRACE AFTER  handler R_just_pressed=false R_held=false jp=[] demo_fid=0
INPUT_TRACE BEFORE inject  R_just_pressed=false R_held=false jp=[] demo_fid=0
INPUT_TRACE AFTER  handler R_just_pressed=false R_held=false jp=[] demo_fid=0
INPUT_TRACE BEFORE inject  R_just_pressed=false R_held=false jp=[] demo_fid=0
INPUT_TRACE AFTER  handler R_just_pressed=false R_held=false jp=[] demo_fid=0
INPUT_TRACE BEFORE inject  R_just_pressed=false R_held=false jp=[] demo_fid=0
INPUT_TRACE AFTER  handler R_just_pressed=false R_held=false jp=[] demo_fid=0
INPUT_TRACE BEFORE inject  R_just_pressed=false R_held=false jp=[] demo_fid=0
INPUT_TRACE AFTER  handler R_just_pressed=false R_held=false jp=[] demo_fid=0
INPUT_TRACE BEFORE inject  R_just_pressed=false R_held=false jp=[] demo_fid=0
INPUT_TRACE AFTER  handler R_just_pressed=false R_held=false jp=[] demo_fid=0
INPUT_TRACE BEFORE inject  R_just_pressed=false R_held=false jp=[] demo_fid=0
INPUT_TRACE AFTER  handler R_just_pressed=false R_held=false jp=[] demo_fid=0
INPUT_TRACE BEFORE inject  R_just_pressed=false R_held=false jp=[] demo_fid=0
INPUT_TRACE AFTER  handler R_just_pressed=false R_held=false jp=[] demo_fid=0
INPUT_TRACE BEFORE inject  R_just_pressed=false R_held=false jp=[] demo_fid=0
INPUT_TRACE AFTER  handler R_just_pressed=false R_held=false jp=[] demo_fid=0
INPUT_TRACE BEFORE inject  R_just_pressed=false R_held=false jp=[] demo_fid=0
INPUT_TRACE AFTER  handler R_just_pressed=false R_held=false jp=[] demo_fid=0
INPUT_TRACE BEFORE inject  R_just_pressed=false R_held=false jp=[] demo_fid=0
INPUT_TRACE AFTER  handler R_just_pressed=false R_held=false jp=[] demo_fid=0
INPUT_TRACE BEFORE inject  R_just_pressed=false R_held=false jp=[] demo_fid=0
INPUT_TRACE AFTER  handler R_just_pressed=false R_held=false jp=[] demo_fid=0
INPUT_TRACE BEFORE inject  R_just_pressed=false R_held=false jp=[] demo_fid=0
INPUT_TRACE AFTER  handler R_just_pressed=false R_held=false jp=[] demo_fid=0
INPUT_TRACE BEFORE inject  R_just_pressed=false R_held=false jp=[] demo_fid=0
INPUT_TRACE AFTER  handler R_just_pressed=false R_held=false jp=[] demo_fid=0
INPUT_TRACE BEFORE inject  R_just_pressed=false R_held=false jp=[] demo_fid=0
INPUT_TRACE AFTER  handler R_just_pressed=false R_held=false jp=[] demo_fid=0
INPUT_TRACE BEFORE inject  R_just_pressed=false R_held=false jp=[] demo_fid=0
INPUT_TRACE AFTER  handler R_just_pressed=false R_held=false jp=[] demo_fid=0
INPUT_TRACE BEFORE inject  R_just_pressed=false R_held=false jp=[] demo_fid=0
INPUT_TRACE AFTER  handler R_just_pressed=false R_held=false jp=[] demo_fid=0
INPUT_TRACE BEFORE inject  R_just_pressed=false R_held=false jp=[] demo_fid=0
INPUT_TRACE AFTER  handler R_just_pressed=false R_held=false jp=[] demo_fid=0
INPUT_TRACE BEFORE inject  R_just_pressed=false R_held=false jp=[] demo_fid=0
INPUT_TRACE AFTER  handler R_just_pressed=false R_held=false jp=[] demo_fid=0
INPUT_TRACE BEFORE inject  R_just_pressed=false R_held=false jp=[] demo_fid=0
INPUT_TRACE AFTER  handler R_just_pressed=false R_held=false jp=[] demo_fid=0
INPUT_TRACE BEFORE inject  R_just_pressed=false R_held=false jp=[] demo_fid=0
INPUT_TRACE AFTER  handler R_just_pressed=false R_held=false jp=[] demo_fid=0
INPUT_TRACE BEFORE inject  R_just_pressed=false R_held=false jp=[] demo_fid=0
INPUT_TRACE AFTER  handler R_just_pressed=false R_held=false jp=[] demo_fid=0
INPUT_TRACE BEFORE inject  R_just_pressed=false R_held=false jp=[] demo_fid=0
INPUT_TRACE AFTER  handler R_just_pressed=false R_held=false jp=[] demo_fid=0
INPUT_TRACE BEFORE inject  R_just_pressed=false R_held=false jp=[] demo_fid=0
INPUT_TRACE AFTER  handler R_just_pressed=false R_held=false jp=[] demo_fid=0
INPUT_TRACE BEFORE inject  R_just_pressed=false R_held=false jp=[] demo_fid=0
INPUT_TRACE AFTER  handler R_just_pressed=false R_held=false jp=[] demo_fid=0
INPUT_TRACE BEFORE inject  R_just_pressed=false R_held=false jp=[] demo_fid=0
INPUT_TRACE AFTER  handler R_just_pressed=false R_held=false jp=[] demo_fid=0
INPUT_TRACE BEFORE inject  R_just_pressed=false R_held=false jp=[] demo_fid=0
INPUT_TRACE AFTER  handler R_just_pressed=false R_held=false jp=[] demo_fid=0
INPUT_TRACE BEFORE inject  R_just_pressed=false R_held=false jp=[] demo_fid=0
INPUT_TRACE AFTER  handler R_just_pressed=false R_held=false jp=[] demo_fid=0
INPUT_TRACE BEFORE inject  R_just_pressed=false R_held=false jp=[] demo_fid=0
INPUT_TRACE AFTER  handler R_just_pressed=false R_held=false jp=[] demo_fid=0
INPUT_TRACE BEFORE inject  R_just_pressed=false R_held=false jp=[] demo_fid=0
INPUT_TRACE AFTER  handler R_just_pressed=false R_held=false jp=[] demo_fid=0
INPUT_TRACE BEFORE inject  R_just_pressed=false R_held=false jp=[] demo_fid=0
INPUT_TRACE AFTER  handler R_just_pressed=false R_held=false jp=[] demo_fid=0
INPUT_TRACE BEFORE inject  R_just_pressed=false R_held=false jp=[] demo_fid=0
INPUT_TRACE AFTER  handler R_just_pressed=false R_held=false jp=[] demo_fid=0
INPUT_TRACE BEFORE inject  R_just_pressed=false R_held=false jp=[] demo_fid=0
INPUT_TRACE AFTER  handler R_just_pressed=false R_held=false jp=[] demo_fid=0
INPUT_TRACE BEFORE inject  R_just_pressed=false R_held=false jp=[] demo_fid=0
INPUT_TRACE AFTER  handler R_just_pressed=false R_held=false jp=[] demo_fid=0
INPUT_TRACE BEFORE inject  R_just_pressed=false R_held=false jp=[] demo_fid=0
INPUT_TRACE AFTER  handler R_just_pressed=false R_held=false jp=[] demo_fid=0
INPUT_TRACE BEFORE inject  R_just_pressed=false R_held=false jp=[] demo_fid=0
INPUT_TRACE AFTER  handler R_just_pressed=false R_held=false jp=[] demo_fid=0
INPUT_TRACE BEFORE inject  R_just_pressed=false R_held=false jp=[] demo_fid=0
INPUT_TRACE AFTER  handler R_just_pressed=false R_held=false jp=[] demo_fid=0
INPUT_TRACE BEFORE inject  R_just_pressed=false R_held=false jp=[] demo_fid=0
INPUT_TRACE AFTER  handler R_just_pressed=false R_held=false jp=[] demo_fid=0
INPUT_TRACE BEFORE inject  R_just_pressed=false R_held=false jp=[] demo_fid=0
INPUT_TRACE AFTER  handler R_just_pressed=false R_held=false jp=[] demo_fid=0
INPUT_TRACE BEFORE inject  R_just_pressed=false R_held=false jp=[] demo_fid=0
INPUT_TRACE AFTER  handler R_just_pressed=false R_held=false jp=[] demo_fid=0
INPUT_TRACE BEFORE inject  R_just_pressed=false R_held=false jp=[] demo_fid=0
INPUT_TRACE AFTER  handler R_just_pressed=false R_held=false jp=[] demo_fid=0
INPUT_TRACE BEFORE inject  R_just_pressed=false R_held=false jp=[] demo_fid=0
INPUT_TRACE AFTER  handler R_just_pressed=false R_held=false jp=[] demo_fid=0
INPUT_TRACE BEFORE inject  R_just_pressed=false R_held=false jp=[] demo_fid=0
INPUT_TRACE AFTER  handler R_just_pressed=false R_held=false jp=[] demo_fid=0
INPUT_TRACE BEFORE inject  R_just_pressed=false R_held=false jp=[] demo_fid=0
INPUT_TRACE AFTER  handler R_just_pressed=false R_held=false jp=[] demo_fid=0
INPUT_TRACE BEFORE inject  R_just_pressed=false R_held=false jp=[] demo_fid=0
SHOT saved to E:\Projects\bagidea-ai-agents-office\workspace\projects\Voxelforge\docs\assets\look\ab-elev\probe-s1cam-near66.png
INPUT_TRACE AFTER  handler R_just_pressed=false R_held=false jp=[] demo_fid=0
INPUT_TRACE BEFORE inject  R_just_pressed=false R_held=false jp=[] demo_fid=0
INPUT_TRACE AFTER  handler R_just_pressed=false R_held=false jp=[] demo_fid=0
INPUT_TRACE BEFORE inject  R_just_pressed=false R_held=false jp=[] demo_fid=0
INPUT_TRACE AFTER  handler R_just_pressed=false R_held=false jp=[] demo_fid=0
INPUT_TRACE BEFORE inject  R_just_pressed=false R_held=false jp=[] demo_fid=0
INPUT_TRACE AFTER  handler R_just_pressed=false R_held=false jp=[] demo_fid=0
INPUT_TRACE BEFORE inject  R_just_pressed=false R_held=false jp=[] demo_fid=0
INPUT_TRACE AFTER  handler R_just_pressed=false R_held=false jp=[] demo_fid=0
INPUT_TRACE BEFORE inject  R_just_pressed=false R_held=false jp=[] demo_fid=0
2026-08-14T21:15:49.413090Z  INFO bevy_render::view::window::screenshot: Screenshot saved to E:\Projects\bagidea-ai-agents-office\workspace\projects\Voxelforge\docs\assets\look\ab-elev\probe-s1cam-near66.png
INPUT_TRACE AFTER  handler R_just_pressed=false R_held=false jp=[] demo_fid=0
INPUT_TRACE BEFORE inject  R_just_pressed=false R_held=false jp=[] demo_fid=0
INPUT_TRACE AFTER  handler R_just_pressed=false R_held=false jp=[] demo_fid=0
INPUT_TRACE BEFORE inject  R_just_pressed=false R_held=false jp=[] demo_fid=0
INPUT_TRACE AFTER  handler R_just_pressed=false R_held=false jp=[] demo_fid=0
INPUT_TRACE BEFORE inject  R_just_pressed=false R_held=false jp=[] demo_fid=0
INPUT_TRACE AFTER  handler R_just_pressed=false R_held=false jp=[] demo_fid=0
INPUT_TRACE BEFORE inject  R_just_pressed=false R_held=false jp=[] demo_fid=0
INPUT_TRACE AFTER  handler R_just_pressed=false R_held=false jp=[] demo_fid=0
INPUT_TRACE BEFORE inject  R_just_pressed=false R_held=false jp=[] demo_fid=0
INPUT_TRACE AFTER  handler R_just_pressed=false R_held=false jp=[] demo_fid=0
INPUT_TRACE BEFORE inject  R_just_pressed=false R_held=false jp=[] demo_fid=0
INPUT_TRACE AFTER  handler R_just_pressed=false R_held=false jp=[] demo_fid=0
INPUT_TRACE BEFORE inject  R_just_pressed=false R_held=false jp=[] demo_fid=0
INPUT_TRACE AFTER  handler R_just_pressed=false R_held=false jp=[] demo_fid=0
INPUT_TRACE BEFORE inject  R_just_pressed=false R_held=false jp=[] demo_fid=0
INPUT_TRACE AFTER  handler R_just_pressed=false R_held=false jp=[] demo_fid=0
INPUT_TRACE BEFORE inject  R_just_pressed=false R_held=false jp=[] demo_fid=0
INPUT_TRACE AFTER  handler R_just_pressed=false R_held=false jp=[] demo_fid=0
INPUT_TRACE BEFORE inject  R_just_pressed=false R_held=false jp=[] demo_fid=0
INPUT_TRACE AFTER  handler R_just_pressed=false R_held=false jp=[] demo_fid=0
INPUT_TRACE BEFORE inject  R_just_pressed=false R_held=false jp=[] demo_fid=0
INPUT_TRACE AFTER  handler R_just_pressed=false R_held=false jp=[] demo_fid=0
INPUT_TRACE BEFORE inject  R_just_pressed=false R_held=false jp=[] demo_fid=0
INPUT_TRACE AFTER  handler R_just_pressed=false R_held=false jp=[] demo_fid=0
INPUT_TRACE BEFORE inject  R_just_pressed=false R_held=false jp=[] demo_fid=0
INPUT_TRACE AFTER  handler R_just_pressed=false R_held=false jp=[] demo_fid=0
INPUT_TRACE BEFORE inject  R_just_pressed=false R_held=false jp=[] demo_fid=0
INPUT_TRACE AFTER  handler R_just_pressed=false R_held=false jp=[] demo_fid=0
INPUT_TRACE BEFORE inject  R_just_pressed=false R_held=false jp=[] demo_fid=0
INPUT_TRACE AFTER  handler R_just_pressed=false R_held=false jp=[] demo_fid=0
INPUT_TRACE BEFORE inject  R_just_pressed=false R_held=false jp=[] demo_fid=0
INPUT_TRACE AFTER  handler R_just_pressed=false R_held=false jp=[] demo_fid=0
INPUT_TRACE BEFORE inject  R_just_pressed=false R_held=false jp=[] demo_fid=0
INPUT_TRACE AFTER  handler R_just_pressed=false R_held=false jp=[] demo_fid=0
INPUT_TRACE BEFORE inject  R_just_pressed=false R_held=false jp=[] demo_fid=0
INPUT_TRACE AFTER  handler R_just_pressed=false R_held=false jp=[] demo_fid=0
INPUT_TRACE BEFORE inject  R_just_pressed=false R_held=false jp=[] demo_fid=0
INPUT_TRACE AFTER  handler R_just_pressed=false R_held=false jp=[] demo_fid=0
INPUT_TRACE BEFORE inject  R_just_pressed=false R_held=false jp=[] demo_fid=0
INPUT_TRACE AFTER  handler R_just_pressed=false R_held=false jp=[] demo_fid=0
INPUT_TRACE BEFORE inject  R_just_pressed=false R_held=false jp=[] demo_fid=0
INPUT_TRACE AFTER  handler R_just_pressed=false R_held=false jp=[] demo_fid=0
INPUT_TRACE BEFORE inject  R_just_pressed=false R_held=false jp=[] demo_fid=0
INPUT_TRACE AFTER  handler R_just_pressed=false R_held=false jp=[] demo_fid=0
INPUT_TRACE BEFORE inject  R_just_pressed=false R_held=false jp=[] demo_fid=0
INPUT_TRACE AFTER  handler R_just_pressed=false R_held=false jp=[] demo_fid=0
INPUT_TRACE BEFORE inject  R_just_pressed=false R_held=false jp=[] demo_fid=0
INPUT_TRACE AFTER  handler R_just_pressed=false R_held=false jp=[] demo_fid=0
INPUT_TRACE BEFORE inject  R_just_pressed=false R_held=false jp=[] demo_fid=0
INPUT_TRACE AFTER  handler R_just_pressed=false R_held=false jp=[] demo_fid=0
INPUT_TRACE BEFORE inject  R_just_pressed=false R_held=false jp=[] demo_fid=0
INPUT_TRACE AFTER  handler R_just_pressed=false R_held=false jp=[] demo_fid=0
INPUT_TRACE BEFORE inject  R_just_pressed=false R_held=false jp=[] demo_fid=0
INPUT_TRACE AFTER  handler R_just_pressed=false R_held=false jp=[] demo_fid=0
INPUT_TRACE BEFORE inject  R_just_pressed=false R_held=false jp=[] demo_fid=0
INPUT_TRACE AFTER  handler R_just_pressed=false R_held=false jp=[] demo_fid=0
INPUT_TRACE BEFORE inject  R_just_pressed=false R_held=false jp=[] demo_fid=0
INPUT_TRACE AFTER  handler R_just_pressed=false R_held=false jp=[] demo_fid=0
INPUT_TRACE BEFORE inject  R_just_pressed=false R_held=false jp=[] demo_fid=0
INPUT_TRACE AFTER  handler R_just_pressed=false R_held=false jp=[] demo_fid=0
INPUT_TRACE BEFORE inject  R_just_pressed=false R_held=false jp=[] demo_fid=0
INPUT_TRACE AFTER  handler R_just_pressed=false R_held=false jp=[] demo_fid=0
INPUT_TRACE BEFORE inject  R_just_pressed=false R_held=false jp=[] demo_fid=0
INPUT_TRACE AFTER  handler R_just_pressed=false R_held=false jp=[] demo_fid=0
INPUT_TRACE BEFORE inject  R_just_pressed=false R_held=false jp=[] demo_fid=0
INPUT_TRACE AFTER  handler R_just_pressed=false R_held=false jp=[] demo_fid=0
INPUT_TRACE BEFORE inject  R_just_pressed=false R_held=false jp=[] demo_fid=0
INPUT_TRACE AFTER  handler R_just_pressed=false R_held=false jp=[] demo_fid=0
INPUT_TRACE BEFORE inject  R_just_pressed=false R_held=false jp=[] demo_fid=0
INPUT_TRACE AFTER  handler R_just_pressed=false R_held=false jp=[] demo_fid=0
INPUT_TRACE BEFORE inject  R_just_pressed=false R_held=false jp=[] demo_fid=0
INPUT_TRACE AFTER  handler R_just_pressed=false R_held=false jp=[] demo_fid=0
INPUT_TRACE BEFORE inject  R_just_pressed=false R_held=false jp=[] demo_fid=0
INPUT_TRACE AFTER  handler R_just_pressed=false R_held=false jp=[] demo_fid=0
INPUT_TRACE BEFORE inject  R_just_pressed=false R_held=false jp=[] demo_fid=0
INPUT_TRACE AFTER  handler R_just_pressed=false R_held=false jp=[] demo_fid=0
INPUT_TRACE BEFORE inject  R_just_pressed=false R_held=false jp=[] demo_fid=0
INPUT_TRACE AFTER  handler R_just_pressed=false R_held=false jp=[] demo_fid=0
INPUT_TRACE BEFORE inject  R_just_pressed=false R_held=false jp=[] demo_fid=0
INPUT_TRACE AFTER  handler R_just_pressed=false R_held=false jp=[] demo_fid=0
[probeB] s1 x/z, eye y=6, sun 66 cine=44,6,44, 44,6,44, 32.5,2.0,29.5, 1 
2026-08-14T21:16:31.557686Z  INFO bevy_diagnostic::system_information_diagnostics_plugin::internal: SystemInfo { os: "Windows 11 Home", kernel: "26200", cpu: "12th Gen Intel(R) Core(TM) i5-12600K", core_count: "10", memory: "15.8 GiB" }
2026-08-14T21:16:31.889762Z  INFO bevy_render::renderer: AdapterInfo { name: "NVIDIA GeForce GTX 1060 6GB", vendor: 4318, device: 7171, device_type: DiscreteGpu, device_pci_bus_id: "0000:03:00.0", driver: "NVIDIA", driver_info: "560.94", backend: Vulkan, subgroup_min_size: 32, subgroup_max_size: 32, transient_saves_memory: false }
EDITOR_CONFIG loaded editor_config.json — 16 actions, grid_snap=1
CINE eye Vec3(44.0, 6.0, 44.0)->Vec3(44.0, 6.0, 44.0) aim Vec3(32.5, 2.0, 29.5)->Vec3(32.5, 2.0, 29.5) secs=1 start=1 exit=None
AI_MODE tactics (perception + squad pass)
SETTINGS loaded settings.json
2026-08-14T21:16:32.073180Z  INFO bevy_pbr::cluster: GPU clustering is supported on this device.
2026-08-14T21:16:32.073225Z  INFO bevy_render::batching::gpu_preprocessing: GPU preprocessing is fully supported on this device.
2026-08-14T21:16:32.073528Z  INFO bevy_egui::render: Using bindless_mode_array_size 16 (Device maximum 1048576)
2026-08-14T21:16:32.073647Z  INFO bevy_winit::system: Creating new window Voxelforge — Phase 0 spike (65v0)
STORY_LOAD ok path=assets/story/act1.json quests=5 npcs=3 dialogues=12 regions=9
MAP_LOAD ok path=maps/edhari.json name="edhari" blocks=9537 size=2x2 chunks
MESH_PATH split (one mesh + material per block type)
MAP_APPLY set=9537 skipped=0 total_quads=9262
QUEST_INIT start=q1_embers
QUEST_INIT quests_loaded=5
ENEMY_SPAWN kind=sentinel parts=30 height=3.38b feet=(32.0,1.0,25.0) yaw=0.00
HUSK2_SPAWN kind=sentinel at (32.0,1.0,25.0)
SPAWN_ENCOUNTER husk at (32.0,_,25.0) on Edhari surface
SPAWN_GROUND col=(32,32) top=0 feet=1 => PASS
QUEST_LOAD ok path=quest_save.json flags=5 quests=1
SCENE_READY source=maps/edhari.json spawn=(32.5,2.6,32.5) surface=0 campfire=(32.5,1.0,29.5)
SPAWN_NPC id=maren name="Elder Maren" pos=(32,2,4)
SPAWN_NPC id=toma name="Toma" pos=(16,1.5,24)
ENTER_PLAY
AUDIO_PLAY:audio/music_theme.wav t=0.00 pos=(non-spatial)
AUDIO_PLAY:audio/ambient_wind.wav t=0.00 pos=(omnipresent)
AUDIO_PLAY:audio/ambient_campfire.wav t=0.00 pos=(32.5,1.0,29.5)
AUDIO_PLAY:audio/ambient_village.wav t=0.00 pos=(47.5,2.6,22.5)
QUEST_FEEDBACK q1_embers complete → text + sound
INPUT_TRACE BEFORE inject  R_just_pressed=false R_held=false jp=[] demo_fid=0
VFX campfire lit at (32.5,1.0,29.5)
AUDIO_PLAY:audio/player_respawn.wav t=0.00 pos=(0.0,0.0,0.0)
CAST_SPAWN who=maren root=620v0 body_boxes=24 gear_boxes=0 slots_filled=0/6 height=1.96b feet=(32.0,13.0,4.0) yaw=3.14
CAST_WEAR who=maren head=- torso=- legs=- hands=- weapon=- back=-
QUEST_AREA enter=spawn_shelter player=(32.5,32.5)
LOOK atmosphere spawned mode=lut aerial_max=72
AUDIO_ZONE:Campfire t=0.00 pos=(32.5,2.6,32.5)
LOOK_FILL gen=V3 ambient=620 sky=1400lux@76deg bounce=1100lux@28deg rim=600lux@14deg contact_sky=true
LOOK_IBL gen=V3 nits=330
ANIM_RIG_WEAPON spawn actor=Player entity=691v0
CAST_MATERIALS who=maren total=24 cloth=11 hair=4 skin=3 metal=2 wood=2 leather=1 glow=1
ANIM_RIG_NPC dressed entity=609v0 look=Villager
QUEST_DIALOGUE fire id=dlg_maren_first_call trigger=on_objective
CAST_DRESSED id=maren placeholder_mesh=removed body=maren feet=(32.0,13.0,4.0)
ANIM_RIG_NPC dressed entity=610v0 look=Villager
CAST_SPAWN who=toma root=750v0 body_boxes=17 gear_boxes=0 slots_filled=0/6 height=1.34b feet=(16.0,3.0,24.0) yaw=3.14
CAST_WEAR who=toma head=- torso=- legs=- hands=- weapon=- back=-
CAST_MATERIALS who=toma total=17 cloth=8 skin=3 hair=3 wood=3
CAST_DRESSED id=toma placeholder_mesh=removed body=toma feet=(16.0,3.0,24.0)
CAST_SPAWN who=toma root=774v0 body_boxes=17 gear_boxes=0 slots_filled=0/6 height=1.34b feet=(16.5,3.0,24.5) yaw=-1.57
CAST_WEAR who=toma head=- torso=- legs=- hands=- weapon=- back=-
CAST_MATERIALS who=toma total=17 cloth=8 skin=3 hair=3 wood=3
CAST_SPAWN_NPC id=toma feet=(16.5,3.0,24.5) region=west_house
LOOK play FogVolume spawned density=0.030 (god-ray medium)
LOOK tier=Ultra pcss=Some(12.0) shadow_map=4096 sun=66deg/205deg illum=20000 contact=true
INPUT_TRACE AFTER  handler R_just_pressed=false R_held=false jp=[] demo_fid=0
INPUT_TRACE BEFORE inject  R_just_pressed=false R_held=false jp=[] demo_fid=0
VFX_RIG_WEAPON_TRAIL attach actor=Player entity=691v0
ANIM_RIG_NPC dressed entity=798v0 look=Villager
INPUT_TRACE AFTER  handler R_just_pressed=false R_held=false jp=[] demo_fid=0
INPUT_TRACE BEFORE inject  R_just_pressed=false R_held=false jp=[] demo_fid=0
INPUT_TRACE AFTER  handler R_just_pressed=false R_held=false jp=[] demo_fid=0
INPUT_TRACE BEFORE inject  R_just_pressed=false R_held=false jp=[] demo_fid=0
INPUT_TRACE AFTER  handler R_just_pressed=false R_held=false jp=[] demo_fid=0
INPUT_TRACE BEFORE inject  R_just_pressed=false R_held=false jp=[] demo_fid=0
INPUT_TRACE AFTER  handler R_just_pressed=false R_held=false jp=[] demo_fid=0
INPUT_TRACE BEFORE inject  R_just_pressed=false R_held=false jp=[] demo_fid=0
INPUT_TRACE AFTER  handler R_just_pressed=false R_held=false jp=[] demo_fid=0
INPUT_TRACE BEFORE inject  R_just_pressed=false R_held=false jp=[] demo_fid=0
INPUT_TRACE AFTER  handler R_just_pressed=false R_held=false jp=[] demo_fid=0
INPUT_TRACE BEFORE inject  R_just_pressed=false R_held=false jp=[] demo_fid=0
INPUT_TRACE AFTER  handler R_just_pressed=false R_held=false jp=[] demo_fid=0
INPUT_TRACE BEFORE inject  R_just_pressed=false R_held=false jp=[] demo_fid=0
INPUT_TRACE AFTER  handler R_just_pressed=false R_held=false jp=[] demo_fid=0
INPUT_TRACE BEFORE inject  R_just_pressed=false R_held=false jp=[] demo_fid=0
INPUT_TRACE AFTER  handler R_just_pressed=false R_held=false jp=[] demo_fid=0
INPUT_TRACE BEFORE inject  R_just_pressed=false R_held=false jp=[] demo_fid=0
INPUT_TRACE AFTER  handler R_just_pressed=false R_held=false jp=[] demo_fid=0
INPUT_TRACE BEFORE inject  R_just_pressed=false R_held=false jp=[] demo_fid=0
INPUT_TRACE AFTER  handler R_just_pressed=false R_held=false jp=[] demo_fid=0
INPUT_TRACE BEFORE inject  R_just_pressed=false R_held=false jp=[] demo_fid=0
INPUT_TRACE AFTER  handler R_just_pressed=false R_held=false jp=[] demo_fid=0
INPUT_TRACE BEFORE inject  R_just_pressed=false R_held=false jp=[] demo_fid=0
INPUT_TRACE AFTER  handler R_just_pressed=false R_held=false jp=[] demo_fid=0
INPUT_TRACE BEFORE inject  R_just_pressed=false R_held=false jp=[] demo_fid=0
INPUT_TRACE AFTER  handler R_just_pressed=false R_held=false jp=[] demo_fid=0
INPUT_TRACE BEFORE inject  R_just_pressed=false R_held=false jp=[] demo_fid=0
INPUT_TRACE AFTER  handler R_just_pressed=false R_held=false jp=[] demo_fid=0
INPUT_TRACE BEFORE inject  R_just_pressed=false R_held=false jp=[] demo_fid=0
INPUT_TRACE AFTER  handler R_just_pressed=false R_held=false jp=[] demo_fid=0
INPUT_TRACE BEFORE inject  R_just_pressed=false R_held=false jp=[] demo_fid=0
INPUT_TRACE AFTER  handler R_just_pressed=false R_held=false jp=[] demo_fid=0
INPUT_TRACE BEFORE inject  R_just_pressed=false R_held=false jp=[] demo_fid=0
INPUT_TRACE AFTER  handler R_just_pressed=false R_held=false jp=[] demo_fid=0
INPUT_TRACE BEFORE inject  R_just_pressed=false R_held=false jp=[] demo_fid=0
INPUT_TRACE AFTER  handler R_just_pressed=false R_held=false jp=[] demo_fid=0
INPUT_TRACE BEFORE inject  R_just_pressed=false R_held=false jp=[] demo_fid=0
INPUT_TRACE AFTER  handler R_just_pressed=false R_held=false jp=[] demo_fid=0
INPUT_TRACE BEFORE inject  R_just_pressed=false R_held=false jp=[] demo_fid=0
INPUT_TRACE AFTER  handler R_just_pressed=false R_held=false jp=[] demo_fid=0
INPUT_TRACE BEFORE inject  R_just_pressed=false R_held=false jp=[] demo_fid=0
INPUT_TRACE AFTER  handler R_just_pressed=false R_held=false jp=[] demo_fid=0
INPUT_TRACE BEFORE inject  R_just_pressed=false R_held=false jp=[] demo_fid=0
INPUT_TRACE AFTER  handler R_just_pressed=false R_held=false jp=[] demo_fid=0
INPUT_TRACE BEFORE inject  R_just_pressed=false R_held=false jp=[] demo_fid=0
INPUT_TRACE AFTER  handler R_just_pressed=false R_held=false jp=[] demo_fid=0
INPUT_TRACE BEFORE inject  R_just_pressed=false R_held=false jp=[] demo_fid=0
INPUT_TRACE AFTER  handler R_just_pressed=false R_held=false jp=[] demo_fid=0
INPUT_TRACE BEFORE inject  R_just_pressed=false R_held=false jp=[] demo_fid=0
INPUT_TRACE AFTER  handler R_just_pressed=false R_held=false jp=[] demo_fid=0
INPUT_TRACE BEFORE inject  R_just_pressed=false R_held=false jp=[] demo_fid=0
INPUT_TRACE AFTER  handler R_just_pressed=false R_held=false jp=[] demo_fid=0
INPUT_TRACE BEFORE inject  R_just_pressed=false R_held=false jp=[] demo_fid=0
INPUT_TRACE AFTER  handler R_just_pressed=false R_held=false jp=[] demo_fid=0
INPUT_TRACE BEFORE inject  R_just_pressed=false R_held=false jp=[] demo_fid=0
INPUT_TRACE AFTER  handler R_just_pressed=false R_held=false jp=[] demo_fid=0
INPUT_TRACE BEFORE inject  R_just_pressed=false R_held=false jp=[] demo_fid=0
INPUT_TRACE AFTER  handler R_just_pressed=false R_held=false jp=[] demo_fid=0
INPUT_TRACE BEFORE inject  R_just_pressed=false R_held=false jp=[] demo_fid=0
INPUT_TRACE AFTER  handler R_just_pressed=false R_held=false jp=[] demo_fid=0
INPUT_TRACE BEFORE inject  R_just_pressed=false R_held=false jp=[] demo_fid=0
INPUT_TRACE AFTER  handler R_just_pressed=false R_held=false jp=[] demo_fid=0
INPUT_TRACE BEFORE inject  R_just_pressed=false R_held=false jp=[] demo_fid=0
INPUT_TRACE AFTER  handler R_just_pressed=false R_held=false jp=[] demo_fid=0
INPUT_TRACE BEFORE inject  R_just_pressed=false R_held=false jp=[] demo_fid=0
INPUT_TRACE AFTER  handler R_just_pressed=false R_held=false jp=[] demo_fid=0
INPUT_TRACE BEFORE inject  R_just_pressed=false R_held=false jp=[] demo_fid=0
INPUT_TRACE AFTER  handler R_just_pressed=false R_held=false jp=[] demo_fid=0
INPUT_TRACE BEFORE inject  R_just_pressed=false R_held=false jp=[] demo_fid=0
INPUT_TRACE AFTER  handler R_just_pressed=false R_held=false jp=[] demo_fid=0
INPUT_TRACE BEFORE inject  R_just_pressed=false R_held=false jp=[] demo_fid=0
INPUT_TRACE AFTER  handler R_just_pressed=false R_held=false jp=[] demo_fid=0
INPUT_TRACE BEFORE inject  R_just_pressed=false R_held=false jp=[] demo_fid=0
INPUT_TRACE AFTER  handler R_just_pressed=false R_held=false jp=[] demo_fid=0
INPUT_TRACE BEFORE inject  R_just_pressed=false R_held=false jp=[] demo_fid=0
INPUT_TRACE AFTER  handler R_just_pressed=false R_held=false jp=[] demo_fid=0
INPUT_TRACE BEFORE inject  R_just_pressed=false R_held=false jp=[] demo_fid=0
INPUT_TRACE AFTER  handler R_just_pressed=false R_held=false jp=[] demo_fid=0
INPUT_TRACE BEFORE inject  R_just_pressed=false R_held=false jp=[] demo_fid=0
INPUT_TRACE AFTER  handler R_just_pressed=false R_held=false jp=[] demo_fid=0
INPUT_TRACE BEFORE inject  R_just_pressed=false R_held=false jp=[] demo_fid=0
INPUT_TRACE AFTER  handler R_just_pressed=false R_held=false jp=[] demo_fid=0
INPUT_TRACE BEFORE inject  R_just_pressed=false R_held=false jp=[] demo_fid=0
INPUT_TRACE AFTER  handler R_just_pressed=false R_held=false jp=[] demo_fid=0
INPUT_TRACE BEFORE inject  R_just_pressed=false R_held=false jp=[] demo_fid=0
INPUT_TRACE AFTER  handler R_just_pressed=false R_held=false jp=[] demo_fid=0
INPUT_TRACE BEFORE inject  R_just_pressed=false R_held=false jp=[] demo_fid=0
INPUT_TRACE AFTER  handler R_just_pressed=false R_held=false jp=[] demo_fid=0
INPUT_TRACE BEFORE inject  R_just_pressed=false R_held=false jp=[] demo_fid=0
INPUT_TRACE AFTER  handler R_just_pressed=false R_held=false jp=[] demo_fid=0
INPUT_TRACE BEFORE inject  R_just_pressed=false R_held=false jp=[] demo_fid=0
INPUT_TRACE AFTER  handler R_just_pressed=false R_held=false jp=[] demo_fid=0
INPUT_TRACE BEFORE inject  R_just_pressed=false R_held=false jp=[] demo_fid=0
INPUT_TRACE AFTER  handler R_just_pressed=false R_held=false jp=[] demo_fid=0
INPUT_TRACE BEFORE inject  R_just_pressed=false R_held=false jp=[] demo_fid=0
INPUT_TRACE AFTER  handler R_just_pressed=false R_held=false jp=[] demo_fid=0
INPUT_TRACE BEFORE inject  R_just_pressed=false R_held=false jp=[] demo_fid=0
INPUT_TRACE AFTER  handler R_just_pressed=false R_held=false jp=[] demo_fid=0
INPUT_TRACE BEFORE inject  R_just_pressed=false R_held=false jp=[] demo_fid=0
INPUT_TRACE AFTER  handler R_just_pressed=false R_held=false jp=[] demo_fid=0
INPUT_TRACE BEFORE inject  R_just_pressed=false R_held=false jp=[] demo_fid=0
INPUT_TRACE AFTER  handler R_just_pressed=false R_held=false jp=[] demo_fid=0
INPUT_TRACE BEFORE inject  R_just_pressed=false R_held=false jp=[] demo_fid=0
INPUT_TRACE AFTER  handler R_just_pressed=false R_held=false jp=[] demo_fid=0
INPUT_TRACE BEFORE inject  R_just_pressed=false R_held=false jp=[] demo_fid=0
INPUT_TRACE AFTER  handler R_just_pressed=false R_held=false jp=[] demo_fid=0
INPUT_TRACE BEFORE inject  R_just_pressed=false R_held=false jp=[] demo_fid=0
INPUT_TRACE AFTER  handler R_just_pressed=false R_held=false jp=[] demo_fid=0
INPUT_TRACE BEFORE inject  R_just_pressed=false R_held=false jp=[] demo_fid=0
INPUT_TRACE AFTER  handler R_just_pressed=false R_held=false jp=[] demo_fid=0
INPUT_TRACE BEFORE inject  R_just_pressed=false R_held=false jp=[] demo_fid=0
INPUT_TRACE AFTER  handler R_just_pressed=false R_held=false jp=[] demo_fid=0
INPUT_TRACE BEFORE inject  R_just_pressed=false R_held=false jp=[] demo_fid=0
INPUT_TRACE AFTER  handler R_just_pressed=false R_held=false jp=[] demo_fid=0
INPUT_TRACE BEFORE inject  R_just_pressed=false R_held=false jp=[] demo_fid=0
INPUT_TRACE AFTER  handler R_just_pressed=false R_held=false jp=[] demo_fid=0
INPUT_TRACE BEFORE inject  R_just_pressed=false R_held=false jp=[] demo_fid=0
INPUT_TRACE AFTER  handler R_just_pressed=false R_held=false jp=[] demo_fid=0
INPUT_TRACE BEFORE inject  R_just_pressed=false R_held=false jp=[] demo_fid=0
INPUT_TRACE AFTER  handler R_just_pressed=false R_held=false jp=[] demo_fid=0
INPUT_TRACE BEFORE inject  R_just_pressed=false R_held=false jp=[] demo_fid=0
INPUT_TRACE AFTER  handler R_just_pressed=false R_held=false jp=[] demo_fid=0
INPUT_TRACE BEFORE inject  R_just_pressed=false R_held=false jp=[] demo_fid=0
INPUT_TRACE AFTER  handler R_just_pressed=false R_held=false jp=[] demo_fid=0
INPUT_TRACE BEFORE inject  R_just_pressed=false R_held=false jp=[] demo_fid=0
INPUT_TRACE AFTER  handler R_just_pressed=false R_held=false jp=[] demo_fid=0
INPUT_TRACE BEFORE inject  R_just_pressed=false R_held=false jp=[] demo_fid=0
INPUT_TRACE AFTER  handler R_just_pressed=false R_held=false jp=[] demo_fid=0
INPUT_TRACE BEFORE inject  R_just_pressed=false R_held=false jp=[] demo_fid=0
INPUT_TRACE AFTER  handler R_just_pressed=false R_held=false jp=[] demo_fid=0
INPUT_TRACE BEFORE inject  R_just_pressed=false R_held=false jp=[] demo_fid=0
INPUT_TRACE AFTER  handler R_just_pressed=false R_held=false jp=[] demo_fid=0
INPUT_TRACE BEFORE inject  R_just_pressed=false R_held=false jp=[] demo_fid=0
INPUT_TRACE AFTER  handler R_just_pressed=false R_held=false jp=[] demo_fid=0
INPUT_TRACE BEFORE inject  R_just_pressed=false R_held=false jp=[] demo_fid=0
INPUT_TRACE AFTER  handler R_just_pressed=false R_held=false jp=[] demo_fid=0
INPUT_TRACE BEFORE inject  R_just_pressed=false R_held=false jp=[] demo_fid=0
INPUT_TRACE AFTER  handler R_just_pressed=false R_held=false jp=[] demo_fid=0
INPUT_TRACE BEFORE inject  R_just_pressed=false R_held=false jp=[] demo_fid=0
INPUT_TRACE AFTER  handler R_just_pressed=false R_held=false jp=[] demo_fid=0
INPUT_TRACE BEFORE inject  R_just_pressed=false R_held=false jp=[] demo_fid=0
INPUT_TRACE AFTER  handler R_just_pressed=false R_held=false jp=[] demo_fid=0
INPUT_TRACE BEFORE inject  R_just_pressed=false R_held=false jp=[] demo_fid=0
INPUT_TRACE AFTER  handler R_just_pressed=false R_held=false jp=[] demo_fid=0
INPUT_TRACE BEFORE inject  R_just_pressed=false R_held=false jp=[] demo_fid=0
SHOT saved to E:\Projects\bagidea-ai-agents-office\workspace\projects\Voxelforge\docs\assets\look\ab-elev\probeB-lowcam-elev66.png
INPUT_TRACE AFTER  handler R_just_pressed=false R_held=false jp=[] demo_fid=0
INPUT_TRACE BEFORE inject  R_just_pressed=false R_held=false jp=[] demo_fid=0
INPUT_TRACE AFTER  handler R_just_pressed=false R_held=false jp=[] demo_fid=0
INPUT_TRACE BEFORE inject  R_just_pressed=false R_held=false jp=[] demo_fid=0
INPUT_TRACE AFTER  handler R_just_pressed=false R_held=false jp=[] demo_fid=0
INPUT_TRACE BEFORE inject  R_just_pressed=false R_held=false jp=[] demo_fid=0
INPUT_TRACE AFTER  handler R_just_pressed=false R_held=false jp=[] demo_fid=0
INPUT_TRACE BEFORE inject  R_just_pressed=false R_held=false jp=[] demo_fid=0
INPUT_TRACE AFTER  handler R_just_pressed=false R_held=false jp=[] demo_fid=0
INPUT_TRACE BEFORE inject  R_just_pressed=false R_held=false jp=[] demo_fid=0
2026-08-14T21:16:35.557617Z  INFO bevy_render::view::window::screenshot: Screenshot saved to E:\Projects\bagidea-ai-agents-office\workspace\projects\Voxelforge\docs\assets\look\ab-elev\probeB-lowcam-elev66.png
INPUT_TRACE AFTER  handler R_just_pressed=false R_held=false jp=[] demo_fid=0
INPUT_TRACE BEFORE inject  R_just_pressed=false R_held=false jp=[] demo_fid=0
INPUT_TRACE AFTER  handler R_just_pressed=false R_held=false jp=[] demo_fid=0
INPUT_TRACE BEFORE inject  R_just_pressed=false R_held=false jp=[] demo_fid=0
INPUT_TRACE AFTER  handler R_just_pressed=false R_held=false jp=[] demo_fid=0
INPUT_TRACE BEFORE inject  R_just_pressed=false R_held=false jp=[] demo_fid=0
INPUT_TRACE AFTER  handler R_just_pressed=false R_held=false jp=[] demo_fid=0
INPUT_TRACE BEFORE inject  R_just_pressed=false R_held=false jp=[] demo_fid=0
INPUT_TRACE AFTER  handler R_just_pressed=false R_held=false jp=[] demo_fid=0
INPUT_TRACE BEFORE inject  R_just_pressed=false R_held=false jp=[] demo_fid=0
INPUT_TRACE AFTER  handler R_just_pressed=false R_held=false jp=[] demo_fid=0
INPUT_TRACE BEFORE inject  R_just_pressed=false R_held=false jp=[] demo_fid=0
INPUT_TRACE AFTER  handler R_just_pressed=false R_held=false jp=[] demo_fid=0
INPUT_TRACE BEFORE inject  R_just_pressed=false R_held=false jp=[] demo_fid=0
INPUT_TRACE AFTER  handler R_just_pressed=false R_held=false jp=[] demo_fid=0
INPUT_TRACE BEFORE inject  R_just_pressed=false R_held=false jp=[] demo_fid=0
INPUT_TRACE AFTER  handler R_just_pressed=false R_held=false jp=[] demo_fid=0
INPUT_TRACE BEFORE inject  R_just_pressed=false R_held=false jp=[] demo_fid=0
INPUT_TRACE AFTER  handler R_just_pressed=false R_held=false jp=[] demo_fid=0
INPUT_TRACE BEFORE inject  R_just_pressed=false R_held=false jp=[] demo_fid=0
INPUT_TRACE AFTER  handler R_just_pressed=false R_held=false jp=[] demo_fid=0
INPUT_TRACE BEFORE inject  R_just_pressed=false R_held=false jp=[] demo_fid=0
INPUT_TRACE AFTER  handler R_just_pressed=false R_held=false jp=[] demo_fid=0
INPUT_TRACE BEFORE inject  R_just_pressed=false R_held=false jp=[] demo_fid=0
INPUT_TRACE AFTER  handler R_just_pressed=false R_held=false jp=[] demo_fid=0
INPUT_TRACE BEFORE inject  R_just_pressed=false R_held=false jp=[] demo_fid=0
INPUT_TRACE AFTER  handler R_just_pressed=false R_held=false jp=[] demo_fid=0
INPUT_TRACE BEFORE inject  R_just_pressed=false R_held=false jp=[] demo_fid=0
INPUT_TRACE AFTER  handler R_just_pressed=false R_held=false jp=[] demo_fid=0
INPUT_TRACE BEFORE inject  R_just_pressed=false R_held=false jp=[] demo_fid=0
INPUT_TRACE AFTER  handler R_just_pressed=false R_held=false jp=[] demo_fid=0
INPUT_TRACE BEFORE inject  R_just_pressed=false R_held=false jp=[] demo_fid=0
INPUT_TRACE AFTER  handler R_just_pressed=false R_held=false jp=[] demo_fid=0
INPUT_TRACE BEFORE inject  R_just_pressed=false R_held=false jp=[] demo_fid=0
INPUT_TRACE AFTER  handler R_just_pressed=false R_held=false jp=[] demo_fid=0
INPUT_TRACE BEFORE inject  R_just_pressed=false R_held=false jp=[] demo_fid=0
INPUT_TRACE AFTER  handler R_just_pressed=false R_held=false jp=[] demo_fid=0
INPUT_TRACE BEFORE inject  R_just_pressed=false R_held=false jp=[] demo_fid=0
INPUT_TRACE AFTER  handler R_just_pressed=false R_held=false jp=[] demo_fid=0
voxelforge.exe : 2026-08-14T21:19:18.309965Z  INFO bevy_diagnostic::system_information_diagnostics_plugin::internal: 
SystemInfo { os: "Windows 11 Home", kernel: "26200", cpu: "12th Gen Intel(R) Core(TM) i5-12600K", core_count: "10", 
memory: "15.8 GiB" }
At line:1 char:880
+ ... lev22.png"; & ".\target-poppy\perf\voxelforge.exe" --play *>> "docs\a ...
+                 ~~~~~~~~~~~~~~~~~~~~~~~~~~~~~~~~~~~~~~~~~~~~~~~~~~~~~~~~~
    + CategoryInfo          : NotSpecified: (2026-08-14T21:1...y: "15.8 GiB" }:String) [], RemoteException
    + FullyQualifiedErrorId : NativeCommandError
 
2026-08-14T21:19:18.642135Z  INFO bevy_render::renderer: AdapterInfo { name: "NVIDIA GeForce GTX 1060 6GB", vendor: 
4318, device: 7171, device_type: DiscreteGpu, device_pci_bus_id: "0000:03:00.0", driver: "NVIDIA", driver_info: 
"560.94", backend: Vulkan, subgroup_min_size: 32, subgroup_max_size: 32, transient_saves_memory: false }
EDITOR_CONFIG loaded editor_config.json — 16 actions, grid_snap=1
CINE eye Vec3(44.0, 6.0, 44.0)->Vec3(44.0, 6.0, 44.0) aim Vec3(32.5, 2.0, 29.5)->Vec3(32.5, 2.0, 29.5) secs=1 start=1 exit=None
AI_MODE tactics (perception + squad pass)
SETTINGS loaded settings.json
2026-08-14T21:19:18.803438Z  INFO bevy_pbr::cluster: GPU clustering is supported on this device.
2026-08-14T21:19:18.803488Z  INFO bevy_render::batching::gpu_preprocessing: GPU preprocessing is fully supported on 
this device.
2026-08-14T21:19:18.803869Z  INFO bevy_egui::render: Using bindless_mode_array_size 16 (Device maximum 1048576)
2026-08-14T21:19:18.804059Z  INFO bevy_winit::system: Creating new window Voxelforge — Phase 0 spike (65v0)
STORY_LOAD ok path=assets/story/act1.json quests=5 npcs=3 dialogues=12 regions=9
MAP_LOAD ok path=maps/edhari.json name="edhari" blocks=9537 size=2x2 chunks
MESH_PATH split (one mesh + material per block type)
MAP_APPLY set=9537 skipped=0 total_quads=9262
QUEST_INIT start=q1_embers
QUEST_INIT quests_loaded=5
ENEMY_SPAWN kind=sentinel parts=30 height=3.38b feet=(32.0,1.0,25.0) yaw=0.00
HUSK2_SPAWN kind=sentinel at (32.0,1.0,25.0)
SPAWN_ENCOUNTER husk at (32.0,_,25.0) on Edhari surface
SPAWN_GROUND col=(32,32) top=0 feet=1 => PASS
SCENE_READY source=maps/edhari.json spawn=(32.5,2.6,32.5) surface=0 campfire=(32.5,1.0,29.5)
SPAWN_NPC id=maren name="Elder Maren" pos=(32,2,4)
SPAWN_NPC id=toma name="Toma" pos=(16,1.5,24)
QUEST_LOAD ok path=quest_save.json flags=5 quests=1
ENTER_PLAY
AUDIO_PLAY:audio/music_theme.wav t=0.00 pos=(non-spatial)
AUDIO_PLAY:audio/ambient_wind.wav t=0.00 pos=(omnipresent)
AUDIO_PLAY:audio/ambient_campfire.wav t=0.00 pos=(32.5,1.0,29.5)
AUDIO_PLAY:audio/ambient_village.wav t=0.00 pos=(47.5,2.6,22.5)
VFX campfire lit at (32.5,1.0,29.5)
QUEST_FEEDBACK q1_embers complete → text + sound
AUDIO_ZONE:Campfire t=0.00 pos=(32.5,2.6,32.5)
INPUT_TRACE BEFORE inject  R_just_pressed=false R_held=false jp=[] demo_fid=0
ANIM_RIG_WEAPON spawn actor=Player entity=655v0
ANIM_RIG_NPC dressed entity=609v0 look=Villager
LOOK_FILL gen=V3 ambient=620 sky=1400lux@76deg bounce=1100lux@28deg rim=600lux@14deg contact_sky=true
QUEST_DIALOGUE fire id=dlg_maren_first_call trigger=on_objective
CAST_SPAWN who=maren root=658v0 body_boxes=24 gear_boxes=0 slots_filled=0/6 height=1.96b feet=(32.0,13.0,4.0) yaw=3.14
QUEST_AREA enter=spawn_shelter player=(32.5,32.5)
LOOK atmosphere spawned mode=lut aerial_max=72
ANIM_RIG_NPC dressed entity=610v0 look=Villager
LOOK_IBL gen=V3 nits=330
AUDIO_PLAY:audio/player_respawn.wav t=0.00 pos=(0.0,0.0,0.0)
CAST_WEAR who=maren head=- torso=- legs=- hands=- weapon=- back=-
CAST_MATERIALS who=maren total=24 cloth=11 hair=4 skin=3 metal=2 wood=2 leather=1 glow=1
CAST_DRESSED id=maren placeholder_mesh=removed body=maren feet=(32.0,13.0,4.0)
CAST_SPAWN who=toma root=750v0 body_boxes=17 gear_boxes=0 slots_filled=0/6 height=1.34b feet=(16.0,3.0,24.0) yaw=3.14
CAST_WEAR who=toma head=- torso=- legs=- hands=- weapon=- back=-
CAST_MATERIALS who=toma total=17 cloth=8 skin=3 hair=3 wood=3
CAST_DRESSED id=toma placeholder_mesh=removed body=toma feet=(16.0,3.0,24.0)
CAST_SPAWN who=toma root=774v0 body_boxes=17 gear_boxes=0 slots_filled=0/6 height=1.34b feet=(16.5,3.0,24.5) yaw=-1.57
CAST_WEAR who=toma head=- torso=- legs=- hands=- weapon=- back=-
CAST_MATERIALS who=toma total=17 cloth=8 skin=3 hair=3 wood=3
CAST_SPAWN_NPC id=toma feet=(16.5,3.0,24.5) region=west_house
LOOK play FogVolume spawned density=0.030 (god-ray medium)
LOOK tier=Ultra pcss=Some(12.0) shadow_map=4096 sun=22deg/205deg illum=20000 contact=true
INPUT_TRACE AFTER  handler R_just_pressed=false R_held=false jp=[] demo_fid=0
VFX_RIG_WEAPON_TRAIL attach actor=Player entity=655v0
INPUT_TRACE BEFORE inject  R_just_pressed=false R_held=false jp=[] demo_fid=0
ANIM_RIG_NPC dressed entity=798v0 look=Villager
INPUT_TRACE AFTER  handler R_just_pressed=false R_held=false jp=[] demo_fid=0
INPUT_TRACE BEFORE inject  R_just_pressed=false R_held=false jp=[] demo_fid=0
INPUT_TRACE AFTER  handler R_just_pressed=false R_held=false jp=[] demo_fid=0
INPUT_TRACE BEFORE inject  R_just_pressed=false R_held=false jp=[] demo_fid=0
INPUT_TRACE AFTER  handler R_just_pressed=false R_held=false jp=[] demo_fid=0
INPUT_TRACE BEFORE inject  R_just_pressed=false R_held=false jp=[] demo_fid=0
INPUT_TRACE AFTER  handler R_just_pressed=false R_held=false jp=[] demo_fid=0
INPUT_TRACE BEFORE inject  R_just_pressed=false R_held=false jp=[] demo_fid=0
INPUT_TRACE AFTER  handler R_just_pressed=false R_held=false jp=[] demo_fid=0
INPUT_TRACE BEFORE inject  R_just_pressed=false R_held=false jp=[] demo_fid=0
INPUT_TRACE AFTER  handler R_just_pressed=false R_held=false jp=[] demo_fid=0
INPUT_TRACE BEFORE inject  R_just_pressed=false R_held=false jp=[] demo_fid=0
INPUT_TRACE AFTER  handler R_just_pressed=false R_held=false jp=[] demo_fid=0
INPUT_TRACE BEFORE inject  R_just_pressed=false R_held=false jp=[] demo_fid=0
INPUT_TRACE AFTER  handler R_just_pressed=false R_held=false jp=[] demo_fid=0
INPUT_TRACE BEFORE inject  R_just_pressed=false R_held=false jp=[] demo_fid=0
INPUT_TRACE AFTER  handler R_just_pressed=false R_held=false jp=[] demo_fid=0
INPUT_TRACE BEFORE inject  R_just_pressed=false R_held=false jp=[] demo_fid=0
INPUT_TRACE AFTER  handler R_just_pressed=false R_held=false jp=[] demo_fid=0
INPUT_TRACE BEFORE inject  R_just_pressed=false R_held=false jp=[] demo_fid=0
INPUT_TRACE AFTER  handler R_just_pressed=false R_held=false jp=[] demo_fid=0
INPUT_TRACE BEFORE inject  R_just_pressed=false R_held=false jp=[] demo_fid=0
INPUT_TRACE AFTER  handler R_just_pressed=false R_held=false jp=[] demo_fid=0
INPUT_TRACE BEFORE inject  R_just_pressed=false R_held=false jp=[] demo_fid=0
INPUT_TRACE AFTER  handler R_just_pressed=false R_held=false jp=[] demo_fid=0
INPUT_TRACE BEFORE inject  R_just_pressed=false R_held=false jp=[] demo_fid=0
INPUT_TRACE AFTER  handler R_just_pressed=false R_held=false jp=[] demo_fid=0
INPUT_TRACE BEFORE inject  R_just_pressed=false R_held=false jp=[] demo_fid=0
INPUT_TRACE AFTER  handler R_just_pressed=false R_held=false jp=[] demo_fid=0
INPUT_TRACE BEFORE inject  R_just_pressed=false R_held=false jp=[] demo_fid=0
INPUT_TRACE AFTER  handler R_just_pressed=false R_held=false jp=[] demo_fid=0
INPUT_TRACE BEFORE inject  R_just_pressed=false R_held=false jp=[] demo_fid=0
INPUT_TRACE AFTER  handler R_just_pressed=false R_held=false jp=[] demo_fid=0
INPUT_TRACE BEFORE inject  R_just_pressed=false R_held=false jp=[] demo_fid=0
INPUT_TRACE AFTER  handler R_just_pressed=false R_held=false jp=[] demo_fid=0
INPUT_TRACE BEFORE inject  R_just_pressed=false R_held=false jp=[] demo_fid=0
INPUT_TRACE AFTER  handler R_just_pressed=false R_held=false jp=[] demo_fid=0
INPUT_TRACE BEFORE inject  R_just_pressed=false R_held=false jp=[] demo_fid=0
INPUT_TRACE AFTER  handler R_just_pressed=false R_held=false jp=[] demo_fid=0
INPUT_TRACE BEFORE inject  R_just_pressed=false R_held=false jp=[] demo_fid=0
INPUT_TRACE AFTER  handler R_just_pressed=false R_held=false jp=[] demo_fid=0
INPUT_TRACE BEFORE inject  R_just_pressed=false R_held=false jp=[] demo_fid=0
INPUT_TRACE AFTER  handler R_just_pressed=false R_held=false jp=[] demo_fid=0
INPUT_TRACE BEFORE inject  R_just_pressed=false R_held=false jp=[] demo_fid=0
INPUT_TRACE AFTER  handler R_just_pressed=false R_held=false jp=[] demo_fid=0
INPUT_TRACE BEFORE inject  R_just_pressed=false R_held=false jp=[] demo_fid=0
INPUT_TRACE AFTER  handler R_just_pressed=false R_held=false jp=[] demo_fid=0
INPUT_TRACE BEFORE inject  R_just_pressed=false R_held=false jp=[] demo_fid=0
INPUT_TRACE AFTER  handler R_just_pressed=false R_held=false jp=[] demo_fid=0
INPUT_TRACE BEFORE inject  R_just_pressed=false R_held=false jp=[] demo_fid=0
INPUT_TRACE AFTER  handler R_just_pressed=false R_held=false jp=[] demo_fid=0
INPUT_TRACE BEFORE inject  R_just_pressed=false R_held=false jp=[] demo_fid=0
INPUT_TRACE AFTER  handler R_just_pressed=false R_held=false jp=[] demo_fid=0
INPUT_TRACE BEFORE inject  R_just_pressed=false R_held=false jp=[] demo_fid=0
INPUT_TRACE AFTER  handler R_just_pressed=false R_held=false jp=[] demo_fid=0
INPUT_TRACE BEFORE inject  R_just_pressed=false R_held=false jp=[] demo_fid=0
INPUT_TRACE AFTER  handler R_just_pressed=false R_held=false jp=[] demo_fid=0
INPUT_TRACE BEFORE inject  R_just_pressed=false R_held=false jp=[] demo_fid=0
INPUT_TRACE AFTER  handler R_just_pressed=false R_held=false jp=[] demo_fid=0
INPUT_TRACE BEFORE inject  R_just_pressed=false R_held=false jp=[] demo_fid=0
INPUT_TRACE AFTER  handler R_just_pressed=false R_held=false jp=[] demo_fid=0
INPUT_TRACE BEFORE inject  R_just_pressed=false R_held=false jp=[] demo_fid=0
INPUT_TRACE AFTER  handler R_just_pressed=false R_held=false jp=[] demo_fid=0
INPUT_TRACE BEFORE inject  R_just_pressed=false R_held=false jp=[] demo_fid=0
INPUT_TRACE AFTER  handler R_just_pressed=false R_held=false jp=[] demo_fid=0
INPUT_TRACE BEFORE inject  R_just_pressed=false R_held=false jp=[] demo_fid=0
INPUT_TRACE AFTER  handler R_just_pressed=false R_held=false jp=[] demo_fid=0
INPUT_TRACE BEFORE inject  R_just_pressed=false R_held=false jp=[] demo_fid=0
INPUT_TRACE AFTER  handler R_just_pressed=false R_held=false jp=[] demo_fid=0
INPUT_TRACE BEFORE inject  R_just_pressed=false R_held=false jp=[] demo_fid=0
INPUT_TRACE AFTER  handler R_just_pressed=false R_held=false jp=[] demo_fid=0
INPUT_TRACE BEFORE inject  R_just_pressed=false R_held=false jp=[] demo_fid=0
INPUT_TRACE AFTER  handler R_just_pressed=false R_held=false jp=[] demo_fid=0
INPUT_TRACE BEFORE inject  R_just_pressed=false R_held=false jp=[] demo_fid=0
INPUT_TRACE AFTER  handler R_just_pressed=false R_held=false jp=[] demo_fid=0
INPUT_TRACE BEFORE inject  R_just_pressed=false R_held=false jp=[] demo_fid=0
INPUT_TRACE AFTER  handler R_just_pressed=false R_held=false jp=[] demo_fid=0
INPUT_TRACE BEFORE inject  R_just_pressed=false R_held=false jp=[] demo_fid=0
INPUT_TRACE AFTER  handler R_just_pressed=false R_held=false jp=[] demo_fid=0
INPUT_TRACE BEFORE inject  R_just_pressed=false R_held=false jp=[] demo_fid=0
INPUT_TRACE AFTER  handler R_just_pressed=false R_held=false jp=[] demo_fid=0
INPUT_TRACE BEFORE inject  R_just_pressed=false R_held=false jp=[] demo_fid=0
INPUT_TRACE AFTER  handler R_just_pressed=false R_held=false jp=[] demo_fid=0
INPUT_TRACE BEFORE inject  R_just_pressed=false R_held=false jp=[] demo_fid=0
INPUT_TRACE AFTER  handler R_just_pressed=false R_held=false jp=[] demo_fid=0
INPUT_TRACE BEFORE inject  R_just_pressed=false R_held=false jp=[] demo_fid=0
INPUT_TRACE AFTER  handler R_just_pressed=false R_held=false jp=[] demo_fid=0
INPUT_TRACE BEFORE inject  R_just_pressed=false R_held=false jp=[] demo_fid=0
INPUT_TRACE AFTER  handler R_just_pressed=false R_held=false jp=[] demo_fid=0
INPUT_TRACE BEFORE inject  R_just_pressed=false R_held=false jp=[] demo_fid=0
INPUT_TRACE AFTER  handler R_just_pressed=false R_held=false jp=[] demo_fid=0
INPUT_TRACE BEFORE inject  R_just_pressed=false R_held=false jp=[] demo_fid=0
INPUT_TRACE AFTER  handler R_just_pressed=false R_held=false jp=[] demo_fid=0
INPUT_TRACE BEFORE inject  R_just_pressed=false R_held=false jp=[] demo_fid=0
INPUT_TRACE AFTER  handler R_just_pressed=false R_held=false jp=[] demo_fid=0
INPUT_TRACE BEFORE inject  R_just_pressed=false R_held=false jp=[] demo_fid=0
INPUT_TRACE AFTER  handler R_just_pressed=false R_held=false jp=[] demo_fid=0
INPUT_TRACE BEFORE inject  R_just_pressed=false R_held=false jp=[] demo_fid=0
INPUT_TRACE AFTER  handler R_just_pressed=false R_held=false jp=[] demo_fid=0
INPUT_TRACE BEFORE inject  R_just_pressed=false R_held=false jp=[] demo_fid=0
INPUT_TRACE AFTER  handler R_just_pressed=false R_held=false jp=[] demo_fid=0
INPUT_TRACE BEFORE inject  R_just_pressed=false R_held=false jp=[] demo_fid=0
INPUT_TRACE AFTER  handler R_just_pressed=false R_held=false jp=[] demo_fid=0
INPUT_TRACE BEFORE inject  R_just_pressed=false R_held=false jp=[] demo_fid=0
INPUT_TRACE AFTER  handler R_just_pressed=false R_held=false jp=[] demo_fid=0
INPUT_TRACE BEFORE inject  R_just_pressed=false R_held=false jp=[] demo_fid=0
INPUT_TRACE AFTER  handler R_just_pressed=false R_held=false jp=[] demo_fid=0
INPUT_TRACE BEFORE inject  R_just_pressed=false R_held=false jp=[] demo_fid=0
INPUT_TRACE AFTER  handler R_just_pressed=false R_held=false jp=[] demo_fid=0
INPUT_TRACE BEFORE inject  R_just_pressed=false R_held=false jp=[] demo_fid=0
INPUT_TRACE AFTER  handler R_just_pressed=false R_held=false jp=[] demo_fid=0
INPUT_TRACE BEFORE inject  R_just_pressed=false R_held=false jp=[] demo_fid=0
INPUT_TRACE AFTER  handler R_just_pressed=false R_held=false jp=[] demo_fid=0
INPUT_TRACE BEFORE inject  R_just_pressed=false R_held=false jp=[] demo_fid=0
INPUT_TRACE AFTER  handler R_just_pressed=false R_held=false jp=[] demo_fid=0
INPUT_TRACE BEFORE inject  R_just_pressed=false R_held=false jp=[] demo_fid=0
INPUT_TRACE AFTER  handler R_just_pressed=false R_held=false jp=[] demo_fid=0
INPUT_TRACE BEFORE inject  R_just_pressed=false R_held=false jp=[] demo_fid=0
INPUT_TRACE AFTER  handler R_just_pressed=false R_held=false jp=[] demo_fid=0
INPUT_TRACE BEFORE inject  R_just_pressed=false R_held=false jp=[] demo_fid=0
INPUT_TRACE AFTER  handler R_just_pressed=false R_held=false jp=[] demo_fid=0
INPUT_TRACE BEFORE inject  R_just_pressed=false R_held=false jp=[] demo_fid=0
INPUT_TRACE AFTER  handler R_just_pressed=false R_held=false jp=[] demo_fid=0
INPUT_TRACE BEFORE inject  R_just_pressed=false R_held=false jp=[] demo_fid=0
INPUT_TRACE AFTER  handler R_just_pressed=false R_held=false jp=[] demo_fid=0
INPUT_TRACE BEFORE inject  R_just_pressed=false R_held=false jp=[] demo_fid=0
INPUT_TRACE AFTER  handler R_just_pressed=false R_held=false jp=[] demo_fid=0
INPUT_TRACE BEFORE inject  R_just_pressed=false R_held=false jp=[] demo_fid=0
INPUT_TRACE AFTER  handler R_just_pressed=false R_held=false jp=[] demo_fid=0
INPUT_TRACE BEFORE inject  R_just_pressed=false R_held=false jp=[] demo_fid=0
INPUT_TRACE AFTER  handler R_just_pressed=false R_held=false jp=[] demo_fid=0
INPUT_TRACE BEFORE inject  R_just_pressed=false R_held=false jp=[] demo_fid=0
INPUT_TRACE AFTER  handler R_just_pressed=false R_held=false jp=[] demo_fid=0
INPUT_TRACE BEFORE inject  R_just_pressed=false R_held=false jp=[] demo_fid=0
INPUT_TRACE AFTER  handler R_just_pressed=false R_held=false jp=[] demo_fid=0
INPUT_TRACE BEFORE inject  R_just_pressed=false R_held=false jp=[] demo_fid=0
INPUT_TRACE AFTER  handler R_just_pressed=false R_held=false jp=[] demo_fid=0
INPUT_TRACE BEFORE inject  R_just_pressed=false R_held=false jp=[] demo_fid=0
INPUT_TRACE AFTER  handler R_just_pressed=false R_held=false jp=[] demo_fid=0
INPUT_TRACE BEFORE inject  R_just_pressed=false R_held=false jp=[] demo_fid=0
INPUT_TRACE AFTER  handler R_just_pressed=false R_held=false jp=[] demo_fid=0
INPUT_TRACE BEFORE inject  R_just_pressed=false R_held=false jp=[] demo_fid=0
INPUT_TRACE AFTER  handler R_just_pressed=false R_held=false jp=[] demo_fid=0
INPUT_TRACE BEFORE inject  R_just_pressed=false R_held=false jp=[] demo_fid=0
INPUT_TRACE AFTER  handler R_just_pressed=false R_held=false jp=[] demo_fid=0
INPUT_TRACE BEFORE inject  R_just_pressed=false R_held=false jp=[] demo_fid=0
INPUT_TRACE AFTER  handler R_just_pressed=false R_held=false jp=[] demo_fid=0
INPUT_TRACE BEFORE inject  R_just_pressed=false R_held=false jp=[] demo_fid=0
INPUT_TRACE AFTER  handler R_just_pressed=false R_held=false jp=[] demo_fid=0
INPUT_TRACE BEFORE inject  R_just_pressed=false R_held=false jp=[] demo_fid=0
INPUT_TRACE AFTER  handler R_just_pressed=false R_held=false jp=[] demo_fid=0
INPUT_TRACE BEFORE inject  R_just_pressed=false R_held=false jp=[] demo_fid=0
INPUT_TRACE AFTER  handler R_just_pressed=false R_held=false jp=[] demo_fid=0
INPUT_TRACE BEFORE inject  R_just_pressed=false R_held=false jp=[] demo_fid=0
INPUT_TRACE AFTER  handler R_just_pressed=false R_held=false jp=[] demo_fid=0
INPUT_TRACE BEFORE inject  R_just_pressed=false R_held=false jp=[] demo_fid=0
INPUT_TRACE AFTER  handler R_just_pressed=false R_held=false jp=[] demo_fid=0
INPUT_TRACE BEFORE inject  R_just_pressed=false R_held=false jp=[] demo_fid=0
INPUT_TRACE AFTER  handler R_just_pressed=false R_held=false jp=[] demo_fid=0
INPUT_TRACE BEFORE inject  R_just_pressed=false R_held=false jp=[] demo_fid=0
INPUT_TRACE AFTER  handler R_just_pressed=false R_held=false jp=[] demo_fid=0
INPUT_TRACE BEFORE inject  R_just_pressed=false R_held=false jp=[] demo_fid=0
INPUT_TRACE AFTER  handler R_just_pressed=false R_held=false jp=[] demo_fid=0
INPUT_TRACE BEFORE inject  R_just_pressed=false R_held=false jp=[] demo_fid=0
INPUT_TRACE AFTER  handler R_just_pressed=false R_held=false jp=[] demo_fid=0
INPUT_TRACE BEFORE inject  R_just_pressed=false R_held=false jp=[] demo_fid=0
INPUT_TRACE AFTER  handler R_just_pressed=false R_held=false jp=[] demo_fid=0
INPUT_TRACE BEFORE inject  R_just_pressed=false R_held=false jp=[] demo_fid=0
INPUT_TRACE AFTER  handler R_just_pressed=false R_held=false jp=[] demo_fid=0
INPUT_TRACE BEFORE inject  R_just_pressed=false R_held=false jp=[] demo_fid=0
INPUT_TRACE AFTER  handler R_just_pressed=false R_held=false jp=[] demo_fid=0
INPUT_TRACE BEFORE inject  R_just_pressed=false R_held=false jp=[] demo_fid=0
INPUT_TRACE AFTER  handler R_just_pressed=false R_held=false jp=[] demo_fid=0
INPUT_TRACE BEFORE inject  R_just_pressed=false R_held=false jp=[] demo_fid=0
INPUT_TRACE AFTER  handler R_just_pressed=false R_held=false jp=[] demo_fid=0
INPUT_TRACE BEFORE inject  R_just_pressed=false R_held=false jp=[] demo_fid=0
INPUT_TRACE AFTER  handler R_just_pressed=false R_held=false jp=[] demo_fid=0
INPUT_TRACE BEFORE inject  R_just_pressed=false R_held=false jp=[] demo_fid=0
INPUT_TRACE AFTER  handler R_just_pressed=false R_held=false jp=[] demo_fid=0
INPUT_TRACE BEFORE inject  R_just_pressed=false R_held=false jp=[] demo_fid=0
INPUT_TRACE AFTER  handler R_just_pressed=false R_held=false jp=[] demo_fid=0
INPUT_TRACE BEFORE inject  R_just_pressed=false R_held=false jp=[] demo_fid=0
INPUT_TRACE AFTER  handler R_just_pressed=false R_held=false jp=[] demo_fid=0
INPUT_TRACE BEFORE inject  R_just_pressed=false R_held=false jp=[] demo_fid=0
INPUT_TRACE AFTER  handler R_just_pressed=false R_held=false jp=[] demo_fid=0
INPUT_TRACE BEFORE inject  R_just_pressed=false R_held=false jp=[] demo_fid=0
INPUT_TRACE AFTER  handler R_just_pressed=false R_held=false jp=[] demo_fid=0
INPUT_TRACE BEFORE inject  R_just_pressed=false R_held=false jp=[] demo_fid=0
INPUT_TRACE AFTER  handler R_just_pressed=false R_held=false jp=[] demo_fid=0
INPUT_TRACE BEFORE inject  R_just_pressed=false R_held=false jp=[] demo_fid=0
INPUT_TRACE AFTER  handler R_just_pressed=false R_held=false jp=[] demo_fid=0
INPUT_TRACE BEFORE inject  R_just_pressed=false R_held=false jp=[] demo_fid=0
INPUT_TRACE AFTER  handler R_just_pressed=false R_held=false jp=[] demo_fid=0
INPUT_TRACE BEFORE inject  R_just_pressed=false R_held=false jp=[] demo_fid=0
INPUT_TRACE AFTER  handler R_just_pressed=false R_held=false jp=[] demo_fid=0
INPUT_TRACE BEFORE inject  R_just_pressed=false R_held=false jp=[] demo_fid=0
INPUT_TRACE AFTER  handler R_just_pressed=false R_held=false jp=[] demo_fid=0
INPUT_TRACE BEFORE inject  R_just_pressed=false R_held=false jp=[] demo_fid=0
INPUT_TRACE AFTER  handler R_just_pressed=false R_held=false jp=[] demo_fid=0
INPUT_TRACE BEFORE inject  R_just_pressed=false R_held=false jp=[] demo_fid=0
INPUT_TRACE AFTER  handler R_just_pressed=false R_held=false jp=[] demo_fid=0
INPUT_TRACE BEFORE inject  R_just_pressed=false R_held=false jp=[] demo_fid=0
INPUT_TRACE AFTER  handler R_just_pressed=false R_held=false jp=[] demo_fid=0
INPUT_TRACE BEFORE inject  R_just_pressed=false R_held=false jp=[] demo_fid=0
INPUT_TRACE AFTER  handler R_just_pressed=false R_held=false jp=[] demo_fid=0
INPUT_TRACE BEFORE inject  R_just_pressed=false R_held=false jp=[] demo_fid=0
INPUT_TRACE AFTER  handler R_just_pressed=false R_held=false jp=[] demo_fid=0
INPUT_TRACE BEFORE inject  R_just_pressed=false R_held=false jp=[] demo_fid=0
INPUT_TRACE AFTER  handler R_just_pressed=false R_held=false jp=[] demo_fid=0
INPUT_TRACE BEFORE inject  R_just_pressed=false R_held=false jp=[] demo_fid=0
INPUT_TRACE AFTER  handler R_just_pressed=false R_held=false jp=[] demo_fid=0
INPUT_TRACE BEFORE inject  R_just_pressed=false R_held=false jp=[] demo_fid=0
INPUT_TRACE AFTER  handler R_just_pressed=false R_held=false jp=[] demo_fid=0
INPUT_TRACE BEFORE inject  R_just_pressed=false R_held=false jp=[] demo_fid=0
INPUT_TRACE AFTER  handler R_just_pressed=false R_held=false jp=[] demo_fid=0
INPUT_TRACE BEFORE inject  R_just_pressed=false R_held=false jp=[] demo_fid=0
INPUT_TRACE AFTER  handler R_just_pressed=false R_held=false jp=[] demo_fid=0
INPUT_TRACE BEFORE inject  R_just_pressed=false R_held=false jp=[] demo_fid=0
INPUT_TRACE AFTER  handler R_just_pressed=false R_held=false jp=[] demo_fid=0
INPUT_TRACE BEFORE inject  R_just_pressed=false R_held=false jp=[] demo_fid=0
INPUT_TRACE AFTER  handler R_just_pressed=false R_held=false jp=[] demo_fid=0
INPUT_TRACE BEFORE inject  R_just_pressed=false R_held=false jp=[] demo_fid=0
INPUT_TRACE AFTER  handler R_just_pressed=false R_held=false jp=[] demo_fid=0
INPUT_TRACE BEFORE inject  R_just_pressed=false R_held=false jp=[] demo_fid=0
INPUT_TRACE AFTER  handler R_just_pressed=false R_held=false jp=[] demo_fid=0
INPUT_TRACE BEFORE inject  R_just_pressed=false R_held=false jp=[] demo_fid=0
INPUT_TRACE AFTER  handler R_just_pressed=false R_held=false jp=[] demo_fid=0
INPUT_TRACE BEFORE inject  R_just_pressed=false R_held=false jp=[] demo_fid=0
INPUT_TRACE AFTER  handler R_just_pressed=false R_held=false jp=[] demo_fid=0
INPUT_TRACE BEFORE inject  R_just_pressed=false R_held=false jp=[] demo_fid=0
INPUT_TRACE AFTER  handler R_just_pressed=false R_held=false jp=[] demo_fid=0
INPUT_TRACE BEFORE inject  R_just_pressed=false R_held=false jp=[] demo_fid=0
INPUT_TRACE AFTER  handler R_just_pressed=false R_held=false jp=[] demo_fid=0
INPUT_TRACE BEFORE inject  R_just_pressed=false R_held=false jp=[] demo_fid=0
INPUT_TRACE AFTER  handler R_just_pressed=false R_held=false jp=[] demo_fid=0
INPUT_TRACE BEFORE inject  R_just_pressed=false R_held=false jp=[] demo_fid=0
INPUT_TRACE AFTER  handler R_just_pressed=false R_held=false jp=[] demo_fid=0
INPUT_TRACE BEFORE inject  R_just_pressed=false R_held=false jp=[] demo_fid=0
INPUT_TRACE AFTER  handler R_just_pressed=false R_held=false jp=[] demo_fid=0
INPUT_TRACE BEFORE inject  R_just_pressed=false R_held=false jp=[] demo_fid=0
INPUT_TRACE AFTER  handler R_just_pressed=false R_held=false jp=[] demo_fid=0
INPUT_TRACE BEFORE inject  R_just_pressed=false R_held=false jp=[] demo_fid=0
INPUT_TRACE AFTER  handler R_just_pressed=false R_held=false jp=[] demo_fid=0
INPUT_TRACE BEFORE inject  R_just_pressed=false R_held=false jp=[] demo_fid=0
INPUT_TRACE AFTER  handler R_just_pressed=false R_held=false jp=[] demo_fid=0
INPUT_TRACE BEFORE inject  R_just_pressed=false R_held=false jp=[] demo_fid=0
INPUT_TRACE AFTER  handler R_just_pressed=false R_held=false jp=[] demo_fid=0
INPUT_TRACE BEFORE inject  R_just_pressed=false R_held=false jp=[] demo_fid=0
INPUT_TRACE AFTER  handler R_just_pressed=false R_held=false jp=[] demo_fid=0
INPUT_TRACE BEFORE inject  R_just_pressed=false R_held=false jp=[] demo_fid=0
INPUT_TRACE AFTER  handler R_just_pressed=false R_held=false jp=[] demo_fid=0
INPUT_TRACE BEFORE inject  R_just_pressed=false R_held=false jp=[] demo_fid=0
INPUT_TRACE AFTER  handler R_just_pressed=false R_held=false jp=[] demo_fid=0
INPUT_TRACE BEFORE inject  R_just_pressed=false R_held=false jp=[] demo_fid=0
INPUT_TRACE AFTER  handler R_just_pressed=false R_held=false jp=[] demo_fid=0
INPUT_TRACE BEFORE inject  R_just_pressed=false R_held=false jp=[] demo_fid=0
INPUT_TRACE AFTER  handler R_just_pressed=false R_held=false jp=[] demo_fid=0
INPUT_TRACE BEFORE inject  R_just_pressed=false R_held=false jp=[] demo_fid=0
INPUT_TRACE AFTER  handler R_just_pressed=false R_held=false jp=[] demo_fid=0
INPUT_TRACE BEFORE inject  R_just_pressed=false R_held=false jp=[] demo_fid=0
SHOT saved to E:\Projects\bagidea-ai-agents-office\workspace\projects\Voxelforge\docs\assets\look\ab-elev\probeB-lowcam-elev22.png
INPUT_TRACE AFTER  handler R_just_pressed=false R_held=false jp=[] demo_fid=0
INPUT_TRACE BEFORE inject  R_just_pressed=false R_held=false jp=[] demo_fid=0
INPUT_TRACE AFTER  handler R_just_pressed=false R_held=false jp=[] demo_fid=0
INPUT_TRACE BEFORE inject  R_just_pressed=false R_held=false jp=[] demo_fid=0
INPUT_TRACE AFTER  handler R_just_pressed=false R_held=false jp=[] demo_fid=0
INPUT_TRACE BEFORE inject  R_just_pressed=false R_held=false jp=[] demo_fid=0
INPUT_TRACE AFTER  handler R_just_pressed=false R_held=false jp=[] demo_fid=0
INPUT_TRACE BEFORE inject  R_just_pressed=false R_held=false jp=[] demo_fid=0
INPUT_TRACE AFTER  handler R_just_pressed=false R_held=false jp=[] demo_fid=0
INPUT_TRACE BEFORE inject  R_just_pressed=false R_held=false jp=[] demo_fid=0
2026-08-14T21:19:22.198729Z  INFO bevy_render::view::window::screenshot: Screenshot saved to 
E:\Projects\bagidea-ai-agents-office\workspace\projects\Voxelforge\docs\assets\look\ab-elev\probeB-lowcam-elev22.png
INPUT_TRACE AFTER  handler R_just_pressed=false R_held=false jp=[] demo_fid=0
INPUT_TRACE BEFORE inject  R_just_pressed=false R_held=false jp=[] demo_fid=0
INPUT_TRACE AFTER  handler R_just_pressed=false R_held=false jp=[] demo_fid=0
INPUT_TRACE BEFORE inject  R_just_pressed=false R_held=false jp=[] demo_fid=0
INPUT_TRACE AFTER  handler R_just_pressed=false R_held=false jp=[] demo_fid=0
INPUT_TRACE BEFORE inject  R_just_pressed=false R_held=false jp=[] demo_fid=0
INPUT_TRACE AFTER  handler R_just_pressed=false R_held=false jp=[] demo_fid=0
INPUT_TRACE BEFORE inject  R_just_pressed=false R_held=false jp=[] demo_fid=0
INPUT_TRACE AFTER  handler R_just_pressed=false R_held=false jp=[] demo_fid=0
INPUT_TRACE BEFORE inject  R_just_pressed=false R_held=false jp=[] demo_fid=0
INPUT_TRACE AFTER  handler R_just_pressed=false R_held=false jp=[] demo_fid=0
INPUT_TRACE BEFORE inject  R_just_pressed=false R_held=false jp=[] demo_fid=0
INPUT_TRACE AFTER  handler R_just_pressed=false R_held=false jp=[] demo_fid=0
INPUT_TRACE BEFORE inject  R_just_pressed=false R_held=false jp=[] demo_fid=0
INPUT_TRACE AFTER  handler R_just_pressed=false R_held=false jp=[] demo_fid=0
INPUT_TRACE BEFORE inject  R_just_pressed=false R_held=false jp=[] demo_fid=0
INPUT_TRACE AFTER  handler R_just_pressed=false R_held=false jp=[] demo_fid=0
INPUT_TRACE BEFORE inject  R_just_pressed=false R_held=false jp=[] demo_fid=0
INPUT_TRACE AFTER  handler R_just_pressed=false R_held=false jp=[] demo_fid=0
INPUT_TRACE BEFORE inject  R_just_pressed=false R_held=false jp=[] demo_fid=0
INPUT_TRACE AFTER  handler R_just_pressed=false R_held=false jp=[] demo_fid=0
INPUT_TRACE BEFORE inject  R_just_pressed=false R_held=false jp=[] demo_fid=0
INPUT_TRACE AFTER  handler R_just_pressed=false R_held=false jp=[] demo_fid=0
INPUT_TRACE BEFORE inject  R_just_pressed=false R_held=false jp=[] demo_fid=0
INPUT_TRACE AFTER  handler R_just_pressed=false R_held=false jp=[] demo_fid=0
INPUT_TRACE BEFORE inject  R_just_pressed=false R_held=false jp=[] demo_fid=0
INPUT_TRACE AFTER  handler R_just_pressed=false R_held=false jp=[] demo_fid=0
INPUT_TRACE BEFORE inject  R_just_pressed=false R_held=false jp=[] demo_fid=0
INPUT_TRACE AFTER  handler R_just_pressed=false R_held=false jp=[] demo_fid=0
INPUT_TRACE BEFORE inject  R_just_pressed=false R_held=false jp=[] demo_fid=0
INPUT_TRACE AFTER  handler R_just_pressed=false R_held=false jp=[] demo_fid=0
INPUT_TRACE BEFORE inject  R_just_pressed=false R_held=false jp=[] demo_fid=0
INPUT_TRACE AFTER  handler R_just_pressed=false R_held=false jp=[] demo_fid=0
INPUT_TRACE BEFORE inject  R_just_pressed=false R_held=false jp=[] demo_fid=0
INPUT_TRACE AFTER  handler R_just_pressed=false R_held=false jp=[] demo_fid=0
INPUT_TRACE BEFORE inject  R_just_pressed=false R_held=false jp=[] demo_fid=0
INPUT_TRACE AFTER  handler R_just_pressed=false R_held=false jp=[] demo_fid=0
INPUT_TRACE BEFORE inject  R_just_pressed=false R_held=false jp=[] demo_fid=0
INPUT_TRACE AFTER  handler R_just_pressed=false R_held=false jp=[] demo_fid=0
INPUT_TRACE BEFORE inject  R_just_pressed=false R_held=false jp=[] demo_fid=0
INPUT_TRACE AFTER  handler R_just_pressed=false R_held=false jp=[] demo_fid=0
INPUT_TRACE BEFORE inject  R_just_pressed=false R_held=false jp=[] demo_fid=0
INPUT_TRACE AFTER  handler R_just_pressed=false R_held=false jp=[] demo_fid=0
INPUT_TRACE BEFORE inject  R_just_pressed=false R_held=false jp=[] demo_fid=0
INPUT_TRACE AFTER  handler R_just_pressed=false R_held=false jp=[] demo_fid=0
INPUT_TRACE BEFORE inject  R_just_pressed=false R_held=false jp=[] demo_fid=0
INPUT_TRACE AFTER  handler R_just_pressed=false R_held=false jp=[] demo_fid=0
INPUT_TRACE BEFORE inject  R_just_pressed=false R_held=false jp=[] demo_fid=0
INPUT_TRACE AFTER  handler R_just_pressed=false R_held=false jp=[] demo_fid=0
INPUT_TRACE BEFORE inject  R_just_pressed=false R_held=false jp=[] demo_fid=0
INPUT_TRACE AFTER  handler R_just_pressed=false R_held=false jp=[] demo_fid=0
INPUT_TRACE BEFORE inject  R_just_pressed=false R_held=false jp=[] demo_fid=0
INPUT_TRACE AFTER  handler R_just_pressed=false R_held=false jp=[] demo_fid=0
INPUT_TRACE BEFORE inject  R_just_pressed=false R_held=false jp=[] demo_fid=0
INPUT_TRACE AFTER  handler R_just_pressed=false R_held=false jp=[] demo_fid=0
INPUT_TRACE BEFORE inject  R_just_pressed=false R_held=false jp=[] demo_fid=0
INPUT_TRACE AFTER  handler R_just_pressed=false R_held=false jp=[] demo_fid=0
INPUT_TRACE BEFORE inject  R_just_pressed=false R_held=false jp=[] demo_fid=0
INPUT_TRACE AFTER  handler R_just_pressed=false R_held=false jp=[] demo_fid=0
INPUT_TRACE BEFORE inject  R_just_pressed=false R_held=false jp=[] demo_fid=0
INPUT_TRACE AFTER  handler R_just_pressed=false R_held=false jp=[] demo_fid=0
INPUT_TRACE BEFORE inject  R_just_pressed=false R_held=false jp=[] demo_fid=0
INPUT_TRACE AFTER  handler R_just_pressed=false R_held=false jp=[] demo_fid=0
INPUT_TRACE BEFORE inject  R_just_pressed=false R_held=false jp=[] demo_fid=0
INPUT_TRACE AFTER  handler R_just_pressed=false R_held=false jp=[] demo_fid=0
INPUT_TRACE BEFORE inject  R_just_pressed=false R_held=false jp=[] demo_fid=0
INPUT_TRACE AFTER  handler R_just_pressed=false R_held=false jp=[] demo_fid=0
INPUT_TRACE BEFORE inject  R_just_pressed=false R_held=false jp=[] demo_fid=0
INPUT_TRACE AFTER  handler R_just_pressed=false R_held=false jp=[] demo_fid=0
INPUT_TRACE BEFORE inject  R_just_pressed=false R_held=false jp=[] demo_fid=0
INPUT_TRACE AFTER  handler R_just_pressed=false R_held=false jp=[] demo_fid=0
INPUT_TRACE BEFORE inject  R_just_pressed=false R_held=false jp=[] demo_fid=0
INPUT_TRACE AFTER  handler R_just_pressed=false R_held=false jp=[] demo_fid=0
INPUT_TRACE BEFORE inject  R_just_pressed=false R_held=false jp=[] demo_fid=0
INPUT_TRACE AFTER  handler R_just_pressed=false R_held=false jp=[] demo_fid=0
INPUT_TRACE BEFORE inject  R_just_pressed=false R_held=false jp=[] demo_fid=0
INPUT_TRACE AFTER  handler R_just_pressed=false R_held=false jp=[] demo_fid=0
INPUT_TRACE BEFORE inject  R_just_pressed=false R_held=false jp=[] demo_fid=0
INPUT_TRACE AFTER  handler R_just_pressed=false R_held=false jp=[] demo_fid=0
INPUT_TRACE BEFORE inject  R_just_pressed=false R_held=false jp=[] demo_fid=0
INPUT_TRACE AFTER  handler R_just_pressed=false R_held=false jp=[] demo_fid=0
INPUT_TRACE BEFORE inject  R_just_pressed=false R_held=false jp=[] demo_fid=0
INPUT_TRACE AFTER  handler R_just_pressed=false R_held=false jp=[] demo_fid=0
INPUT_TRACE BEFORE inject  R_just_pressed=false R_held=false jp=[] demo_fid=0
INPUT_TRACE AFTER  handler R_just_pressed=false R_held=false jp=[] demo_fid=0
[azflip] s1cam-elev66-az25  sun=66,25,20000 cine=44,14,44, 44,14,44, 32.5,2.0,29.5, 1 
2026-08-14T21:20:47.533308Z  INFO bevy_diagnostic::system_information_diagnostics_plugin::internal: SystemInfo { os: "Windows 11 Home", kernel: "26200", cpu: "12th Gen Intel(R) Core(TM) i5-12600K", core_count: "10", memory: "15.8 GiB" }
2026-08-14T21:20:47.834946Z  INFO bevy_render::renderer: AdapterInfo { name: "NVIDIA GeForce GTX 1060 6GB", vendor: 4318, device: 7171, device_type: DiscreteGpu, device_pci_bus_id: "0000:03:00.0", driver: "NVIDIA", driver_info: "560.94", backend: Vulkan, subgroup_min_size: 32, subgroup_max_size: 32, transient_saves_memory: false }
EDITOR_CONFIG loaded editor_config.json — 16 actions, grid_snap=1
CINE eye Vec3(44.0, 14.0, 44.0)->Vec3(44.0, 14.0, 44.0) aim Vec3(32.5, 2.0, 29.5)->Vec3(32.5, 2.0, 29.5) secs=1 start=1 exit=None
AI_MODE tactics (perception + squad pass)
SETTINGS loaded settings.json
2026-08-14T21:20:47.972704Z  INFO bevy_pbr::cluster: GPU clustering is supported on this device.
2026-08-14T21:20:47.972749Z  INFO bevy_render::batching::gpu_preprocessing: GPU preprocessing is fully supported on this device.
2026-08-14T21:20:47.973090Z  INFO bevy_egui::render: Using bindless_mode_array_size 16 (Device maximum 1048576)
2026-08-14T21:20:47.973237Z  INFO bevy_winit::system: Creating new window Voxelforge — Phase 0 spike (65v0)
STORY_LOAD ok path=assets/story/act1.json quests=5 npcs=3 dialogues=12 regions=9
MAP_LOAD ok path=maps/edhari.json name="edhari" blocks=9537 size=2x2 chunks
MESH_PATH split (one mesh + material per block type)
MAP_APPLY set=9537 skipped=0 total_quads=9262
QUEST_INIT start=q1_embers
QUEST_INIT quests_loaded=5
ENEMY_SPAWN kind=sentinel parts=30 height=3.38b feet=(32.0,1.0,25.0) yaw=0.00
HUSK2_SPAWN kind=sentinel at (32.0,1.0,25.0)
SPAWN_ENCOUNTER husk at (32.0,_,25.0) on Edhari surface
SPAWN_GROUND col=(32,32) top=0 feet=1 => PASS
SCENE_READY source=maps/edhari.json spawn=(32.5,2.6,32.5) surface=0 campfire=(32.5,1.0,29.5)
SPAWN_NPC id=maren name="Elder Maren" pos=(32,2,4)
SPAWN_NPC id=toma name="Toma" pos=(16,1.5,24)
QUEST_LOAD ok path=quest_save.json flags=5 quests=1
ENTER_PLAY
AUDIO_PLAY:audio/music_theme.wav t=0.00 pos=(non-spatial)
AUDIO_PLAY:audio/ambient_wind.wav t=0.00 pos=(omnipresent)
AUDIO_PLAY:audio/ambient_campfire.wav t=0.00 pos=(32.5,1.0,29.5)
AUDIO_PLAY:audio/ambient_village.wav t=0.00 pos=(47.5,2.6,22.5)
QUEST_FEEDBACK q1_embers complete → text + sound
INPUT_TRACE BEFORE inject  R_just_pressed=false R_held=false jp=[] demo_fid=0
ANIM_RIG_WEAPON spawn actor=Player entity=654v0
QUEST_DIALOGUE fire id=dlg_maren_first_call trigger=on_objective
ANIM_RIG_NPC dressed entity=609v0 look=Villager
LOOK_IBL gen=V3 nits=330
LOOK_FILL gen=V3 ambient=620 sky=1400lux@76deg bounce=1100lux@28deg rim=600lux@14deg contact_sky=true
AUDIO_ZONE:Campfire t=0.00 pos=(32.5,2.6,32.5)
ANIM_RIG_NPC dressed entity=610v0 look=Villager
AUDIO_PLAY:audio/player_respawn.wav t=0.00 pos=(0.0,0.0,0.0)
QUEST_AREA enter=spawn_shelter player=(32.5,32.5)
VFX campfire lit at (32.5,1.0,29.5)
LOOK atmosphere spawned mode=lut aerial_max=72
CAST_SPAWN who=maren root=685v0 body_boxes=24 gear_boxes=0 slots_filled=0/6 height=1.96b feet=(32.0,13.0,4.0) yaw=3.14
CAST_WEAR who=maren head=- torso=- legs=- hands=- weapon=- back=-
CAST_MATERIALS who=maren total=24 cloth=11 hair=4 skin=3 metal=2 wood=2 leather=1 glow=1
CAST_DRESSED id=maren placeholder_mesh=removed body=maren feet=(32.0,13.0,4.0)
CAST_SPAWN who=toma root=750v0 body_boxes=17 gear_boxes=0 slots_filled=0/6 height=1.34b feet=(16.0,3.0,24.0) yaw=3.14
CAST_WEAR who=toma head=- torso=- legs=- hands=- weapon=- back=-
CAST_MATERIALS who=toma total=17 cloth=8 skin=3 hair=3 wood=3
CAST_DRESSED id=toma placeholder_mesh=removed body=toma feet=(16.0,3.0,24.0)
CAST_SPAWN who=toma root=774v0 body_boxes=17 gear_boxes=0 slots_filled=0/6 height=1.34b feet=(16.5,3.0,24.5) yaw=-1.57
CAST_WEAR who=toma head=- torso=- legs=- hands=- weapon=- back=-
CAST_MATERIALS who=toma total=17 cloth=8 skin=3 hair=3 wood=3
CAST_SPAWN_NPC id=toma feet=(16.5,3.0,24.5) region=west_house
LOOK play FogVolume spawned density=0.030 (god-ray medium)
LOOK tier=Ultra pcss=Some(12.0) shadow_map=4096 sun=66deg/25deg illum=20000 contact=true
INPUT_TRACE AFTER  handler R_just_pressed=false R_held=false jp=[] demo_fid=0
VFX_RIG_WEAPON_TRAIL attach actor=Player entity=654v0
INPUT_TRACE BEFORE inject  R_just_pressed=false R_held=false jp=[] demo_fid=0
ANIM_RIG_NPC dressed entity=798v0 look=Villager
INPUT_TRACE AFTER  handler R_just_pressed=false R_held=false jp=[] demo_fid=0
INPUT_TRACE BEFORE inject  R_just_pressed=false R_held=false jp=[] demo_fid=0
INPUT_TRACE AFTER  handler R_just_pressed=false R_held=false jp=[] demo_fid=0
INPUT_TRACE BEFORE inject  R_just_pressed=false R_held=false jp=[] demo_fid=0
INPUT_TRACE AFTER  handler R_just_pressed=false R_held=false jp=[] demo_fid=0
INPUT_TRACE BEFORE inject  R_just_pressed=false R_held=false jp=[] demo_fid=0
INPUT_TRACE AFTER  handler R_just_pressed=false R_held=false jp=[] demo_fid=0
INPUT_TRACE BEFORE inject  R_just_pressed=false R_held=false jp=[] demo_fid=0
INPUT_TRACE AFTER  handler R_just_pressed=false R_held=false jp=[] demo_fid=0
INPUT_TRACE BEFORE inject  R_just_pressed=false R_held=false jp=[] demo_fid=0
INPUT_TRACE AFTER  handler R_just_pressed=false R_held=false jp=[] demo_fid=0
INPUT_TRACE BEFORE inject  R_just_pressed=false R_held=false jp=[] demo_fid=0
INPUT_TRACE AFTER  handler R_just_pressed=false R_held=false jp=[] demo_fid=0
INPUT_TRACE BEFORE inject  R_just_pressed=false R_held=false jp=[] demo_fid=0
INPUT_TRACE AFTER  handler R_just_pressed=false R_held=false jp=[] demo_fid=0
INPUT_TRACE BEFORE inject  R_just_pressed=false R_held=false jp=[] demo_fid=0
INPUT_TRACE AFTER  handler R_just_pressed=false R_held=false jp=[] demo_fid=0
INPUT_TRACE BEFORE inject  R_just_pressed=false R_held=false jp=[] demo_fid=0
INPUT_TRACE AFTER  handler R_just_pressed=false R_held=false jp=[] demo_fid=0
INPUT_TRACE BEFORE inject  R_just_pressed=false R_held=false jp=[] demo_fid=0
INPUT_TRACE AFTER  handler R_just_pressed=false R_held=false jp=[] demo_fid=0
INPUT_TRACE BEFORE inject  R_just_pressed=false R_held=false jp=[] demo_fid=0
INPUT_TRACE AFTER  handler R_just_pressed=false R_held=false jp=[] demo_fid=0
INPUT_TRACE BEFORE inject  R_just_pressed=false R_held=false jp=[] demo_fid=0
INPUT_TRACE AFTER  handler R_just_pressed=false R_held=false jp=[] demo_fid=0
INPUT_TRACE BEFORE inject  R_just_pressed=false R_held=false jp=[] demo_fid=0
INPUT_TRACE AFTER  handler R_just_pressed=false R_held=false jp=[] demo_fid=0
INPUT_TRACE BEFORE inject  R_just_pressed=false R_held=false jp=[] demo_fid=0
INPUT_TRACE AFTER  handler R_just_pressed=false R_held=false jp=[] demo_fid=0
INPUT_TRACE BEFORE inject  R_just_pressed=false R_held=false jp=[] demo_fid=0
INPUT_TRACE AFTER  handler R_just_pressed=false R_held=false jp=[] demo_fid=0
INPUT_TRACE BEFORE inject  R_just_pressed=false R_held=false jp=[] demo_fid=0
INPUT_TRACE AFTER  handler R_just_pressed=false R_held=false jp=[] demo_fid=0
INPUT_TRACE BEFORE inject  R_just_pressed=false R_held=false jp=[] demo_fid=0
INPUT_TRACE AFTER  handler R_just_pressed=false R_held=false jp=[] demo_fid=0
INPUT_TRACE BEFORE inject  R_just_pressed=false R_held=false jp=[] demo_fid=0
INPUT_TRACE AFTER  handler R_just_pressed=false R_held=false jp=[] demo_fid=0
INPUT_TRACE BEFORE inject  R_just_pressed=false R_held=false jp=[] demo_fid=0
INPUT_TRACE AFTER  handler R_just_pressed=false R_held=false jp=[] demo_fid=0
INPUT_TRACE BEFORE inject  R_just_pressed=false R_held=false jp=[] demo_fid=0
INPUT_TRACE AFTER  handler R_just_pressed=false R_held=false jp=[] demo_fid=0
INPUT_TRACE BEFORE inject  R_just_pressed=false R_held=false jp=[] demo_fid=0
INPUT_TRACE AFTER  handler R_just_pressed=false R_held=false jp=[] demo_fid=0
INPUT_TRACE BEFORE inject  R_just_pressed=false R_held=false jp=[] demo_fid=0
INPUT_TRACE AFTER  handler R_just_pressed=false R_held=false jp=[] demo_fid=0
INPUT_TRACE BEFORE inject  R_just_pressed=false R_held=false jp=[] demo_fid=0
INPUT_TRACE AFTER  handler R_just_pressed=false R_held=false jp=[] demo_fid=0
INPUT_TRACE BEFORE inject  R_just_pressed=false R_held=false jp=[] demo_fid=0
INPUT_TRACE AFTER  handler R_just_pressed=false R_held=false jp=[] demo_fid=0
INPUT_TRACE BEFORE inject  R_just_pressed=false R_held=false jp=[] demo_fid=0
INPUT_TRACE AFTER  handler R_just_pressed=false R_held=false jp=[] demo_fid=0
INPUT_TRACE BEFORE inject  R_just_pressed=false R_held=false jp=[] demo_fid=0
INPUT_TRACE AFTER  handler R_just_pressed=false R_held=false jp=[] demo_fid=0
INPUT_TRACE BEFORE inject  R_just_pressed=false R_held=false jp=[] demo_fid=0
INPUT_TRACE AFTER  handler R_just_pressed=false R_held=false jp=[] demo_fid=0
INPUT_TRACE BEFORE inject  R_just_pressed=false R_held=false jp=[] demo_fid=0
INPUT_TRACE AFTER  handler R_just_pressed=false R_held=false jp=[] demo_fid=0
INPUT_TRACE BEFORE inject  R_just_pressed=false R_held=false jp=[] demo_fid=0
INPUT_TRACE AFTER  handler R_just_pressed=false R_held=false jp=[] demo_fid=0
INPUT_TRACE BEFORE inject  R_just_pressed=false R_held=false jp=[] demo_fid=0
INPUT_TRACE AFTER  handler R_just_pressed=false R_held=false jp=[] demo_fid=0
INPUT_TRACE BEFORE inject  R_just_pressed=false R_held=false jp=[] demo_fid=0
INPUT_TRACE AFTER  handler R_just_pressed=false R_held=false jp=[] demo_fid=0
INPUT_TRACE BEFORE inject  R_just_pressed=false R_held=false jp=[] demo_fid=0
INPUT_TRACE AFTER  handler R_just_pressed=false R_held=false jp=[] demo_fid=0
INPUT_TRACE BEFORE inject  R_just_pressed=false R_held=false jp=[] demo_fid=0
INPUT_TRACE AFTER  handler R_just_pressed=false R_held=false jp=[] demo_fid=0
INPUT_TRACE BEFORE inject  R_just_pressed=false R_held=false jp=[] demo_fid=0
INPUT_TRACE AFTER  handler R_just_pressed=false R_held=false jp=[] demo_fid=0
INPUT_TRACE BEFORE inject  R_just_pressed=false R_held=false jp=[] demo_fid=0
INPUT_TRACE AFTER  handler R_just_pressed=false R_held=false jp=[] demo_fid=0
INPUT_TRACE BEFORE inject  R_just_pressed=false R_held=false jp=[] demo_fid=0
INPUT_TRACE AFTER  handler R_just_pressed=false R_held=false jp=[] demo_fid=0
INPUT_TRACE BEFORE inject  R_just_pressed=false R_held=false jp=[] demo_fid=0
INPUT_TRACE AFTER  handler R_just_pressed=false R_held=false jp=[] demo_fid=0
INPUT_TRACE BEFORE inject  R_just_pressed=false R_held=false jp=[] demo_fid=0
INPUT_TRACE AFTER  handler R_just_pressed=false R_held=false jp=[] demo_fid=0
INPUT_TRACE BEFORE inject  R_just_pressed=false R_held=false jp=[] demo_fid=0
INPUT_TRACE AFTER  handler R_just_pressed=false R_held=false jp=[] demo_fid=0
INPUT_TRACE BEFORE inject  R_just_pressed=false R_held=false jp=[] demo_fid=0
INPUT_TRACE AFTER  handler R_just_pressed=false R_held=false jp=[] demo_fid=0
INPUT_TRACE BEFORE inject  R_just_pressed=false R_held=false jp=[] demo_fid=0
INPUT_TRACE AFTER  handler R_just_pressed=false R_held=false jp=[] demo_fid=0
INPUT_TRACE BEFORE inject  R_just_pressed=false R_held=false jp=[] demo_fid=0
INPUT_TRACE AFTER  handler R_just_pressed=false R_held=false jp=[] demo_fid=0
INPUT_TRACE BEFORE inject  R_just_pressed=false R_held=false jp=[] demo_fid=0
INPUT_TRACE AFTER  handler R_just_pressed=false R_held=false jp=[] demo_fid=0
INPUT_TRACE BEFORE inject  R_just_pressed=false R_held=false jp=[] demo_fid=0
INPUT_TRACE AFTER  handler R_just_pressed=false R_held=false jp=[] demo_fid=0
INPUT_TRACE BEFORE inject  R_just_pressed=false R_held=false jp=[] demo_fid=0
INPUT_TRACE AFTER  handler R_just_pressed=false R_held=false jp=[] demo_fid=0
INPUT_TRACE BEFORE inject  R_just_pressed=false R_held=false jp=[] demo_fid=0
INPUT_TRACE AFTER  handler R_just_pressed=false R_held=false jp=[] demo_fid=0
INPUT_TRACE BEFORE inject  R_just_pressed=false R_held=false jp=[] demo_fid=0
INPUT_TRACE AFTER  handler R_just_pressed=false R_held=false jp=[] demo_fid=0
INPUT_TRACE BEFORE inject  R_just_pressed=false R_held=false jp=[] demo_fid=0
INPUT_TRACE AFTER  handler R_just_pressed=false R_held=false jp=[] demo_fid=0
INPUT_TRACE BEFORE inject  R_just_pressed=false R_held=false jp=[] demo_fid=0
INPUT_TRACE AFTER  handler R_just_pressed=false R_held=false jp=[] demo_fid=0
INPUT_TRACE BEFORE inject  R_just_pressed=false R_held=false jp=[] demo_fid=0
INPUT_TRACE AFTER  handler R_just_pressed=false R_held=false jp=[] demo_fid=0
INPUT_TRACE BEFORE inject  R_just_pressed=false R_held=false jp=[] demo_fid=0
INPUT_TRACE AFTER  handler R_just_pressed=false R_held=false jp=[] demo_fid=0
INPUT_TRACE BEFORE inject  R_just_pressed=false R_held=false jp=[] demo_fid=0
INPUT_TRACE AFTER  handler R_just_pressed=false R_held=false jp=[] demo_fid=0
INPUT_TRACE BEFORE inject  R_just_pressed=false R_held=false jp=[] demo_fid=0
INPUT_TRACE AFTER  handler R_just_pressed=false R_held=false jp=[] demo_fid=0
INPUT_TRACE BEFORE inject  R_just_pressed=false R_held=false jp=[] demo_fid=0
INPUT_TRACE AFTER  handler R_just_pressed=false R_held=false jp=[] demo_fid=0
INPUT_TRACE BEFORE inject  R_just_pressed=false R_held=false jp=[] demo_fid=0
INPUT_TRACE AFTER  handler R_just_pressed=false R_held=false jp=[] demo_fid=0
INPUT_TRACE BEFORE inject  R_just_pressed=false R_held=false jp=[] demo_fid=0
INPUT_TRACE AFTER  handler R_just_pressed=false R_held=false jp=[] demo_fid=0
INPUT_TRACE BEFORE inject  R_just_pressed=false R_held=false jp=[] demo_fid=0
INPUT_TRACE AFTER  handler R_just_pressed=false R_held=false jp=[] demo_fid=0
INPUT_TRACE BEFORE inject  R_just_pressed=false R_held=false jp=[] demo_fid=0
INPUT_TRACE AFTER  handler R_just_pressed=false R_held=false jp=[] demo_fid=0
INPUT_TRACE BEFORE inject  R_just_pressed=false R_held=false jp=[] demo_fid=0
INPUT_TRACE AFTER  handler R_just_pressed=false R_held=false jp=[] demo_fid=0
INPUT_TRACE BEFORE inject  R_just_pressed=false R_held=false jp=[] demo_fid=0
INPUT_TRACE AFTER  handler R_just_pressed=false R_held=false jp=[] demo_fid=0
INPUT_TRACE BEFORE inject  R_just_pressed=false R_held=false jp=[] demo_fid=0
INPUT_TRACE AFTER  handler R_just_pressed=false R_held=false jp=[] demo_fid=0
INPUT_TRACE BEFORE inject  R_just_pressed=false R_held=false jp=[] demo_fid=0
INPUT_TRACE AFTER  handler R_just_pressed=false R_held=false jp=[] demo_fid=0
INPUT_TRACE BEFORE inject  R_just_pressed=false R_held=false jp=[] demo_fid=0
INPUT_TRACE AFTER  handler R_just_pressed=false R_held=false jp=[] demo_fid=0
INPUT_TRACE BEFORE inject  R_just_pressed=false R_held=false jp=[] demo_fid=0
INPUT_TRACE AFTER  handler R_just_pressed=false R_held=false jp=[] demo_fid=0
INPUT_TRACE BEFORE inject  R_just_pressed=false R_held=false jp=[] demo_fid=0
INPUT_TRACE AFTER  handler R_just_pressed=false R_held=false jp=[] demo_fid=0
INPUT_TRACE BEFORE inject  R_just_pressed=false R_held=false jp=[] demo_fid=0
INPUT_TRACE AFTER  handler R_just_pressed=false R_held=false jp=[] demo_fid=0
INPUT_TRACE BEFORE inject  R_just_pressed=false R_held=false jp=[] demo_fid=0
INPUT_TRACE AFTER  handler R_just_pressed=false R_held=false jp=[] demo_fid=0
INPUT_TRACE BEFORE inject  R_just_pressed=false R_held=false jp=[] demo_fid=0
INPUT_TRACE AFTER  handler R_just_pressed=false R_held=false jp=[] demo_fid=0
INPUT_TRACE BEFORE inject  R_just_pressed=false R_held=false jp=[] demo_fid=0
INPUT_TRACE AFTER  handler R_just_pressed=false R_held=false jp=[] demo_fid=0
INPUT_TRACE BEFORE inject  R_just_pressed=false R_held=false jp=[] demo_fid=0
INPUT_TRACE AFTER  handler R_just_pressed=false R_held=false jp=[] demo_fid=0
INPUT_TRACE BEFORE inject  R_just_pressed=false R_held=false jp=[] demo_fid=0
INPUT_TRACE AFTER  handler R_just_pressed=false R_held=false jp=[] demo_fid=0
INPUT_TRACE BEFORE inject  R_just_pressed=false R_held=false jp=[] demo_fid=0
INPUT_TRACE AFTER  handler R_just_pressed=false R_held=false jp=[] demo_fid=0
INPUT_TRACE BEFORE inject  R_just_pressed=false R_held=false jp=[] demo_fid=0
INPUT_TRACE AFTER  handler R_just_pressed=false R_held=false jp=[] demo_fid=0
INPUT_TRACE BEFORE inject  R_just_pressed=false R_held=false jp=[] demo_fid=0
INPUT_TRACE AFTER  handler R_just_pressed=false R_held=false jp=[] demo_fid=0
INPUT_TRACE BEFORE inject  R_just_pressed=false R_held=false jp=[] demo_fid=0
INPUT_TRACE AFTER  handler R_just_pressed=false R_held=false jp=[] demo_fid=0
INPUT_TRACE BEFORE inject  R_just_pressed=false R_held=false jp=[] demo_fid=0
INPUT_TRACE AFTER  handler R_just_pressed=false R_held=false jp=[] demo_fid=0
INPUT_TRACE BEFORE inject  R_just_pressed=false R_held=false jp=[] demo_fid=0
INPUT_TRACE AFTER  handler R_just_pressed=false R_held=false jp=[] demo_fid=0
INPUT_TRACE BEFORE inject  R_just_pressed=false R_held=false jp=[] demo_fid=0
INPUT_TRACE AFTER  handler R_just_pressed=false R_held=false jp=[] demo_fid=0
INPUT_TRACE BEFORE inject  R_just_pressed=false R_held=false jp=[] demo_fid=0
INPUT_TRACE AFTER  handler R_just_pressed=false R_held=false jp=[] demo_fid=0
INPUT_TRACE BEFORE inject  R_just_pressed=false R_held=false jp=[] demo_fid=0
INPUT_TRACE AFTER  handler R_just_pressed=false R_held=false jp=[] demo_fid=0
INPUT_TRACE BEFORE inject  R_just_pressed=false R_held=false jp=[] demo_fid=0
INPUT_TRACE AFTER  handler R_just_pressed=false R_held=false jp=[] demo_fid=0
INPUT_TRACE BEFORE inject  R_just_pressed=false R_held=false jp=[] demo_fid=0
INPUT_TRACE AFTER  handler R_just_pressed=false R_held=false jp=[] demo_fid=0
INPUT_TRACE BEFORE inject  R_just_pressed=false R_held=false jp=[] demo_fid=0
INPUT_TRACE AFTER  handler R_just_pressed=false R_held=false jp=[] demo_fid=0
INPUT_TRACE BEFORE inject  R_just_pressed=false R_held=false jp=[] demo_fid=0
INPUT_TRACE AFTER  handler R_just_pressed=false R_held=false jp=[] demo_fid=0
INPUT_TRACE BEFORE inject  R_just_pressed=false R_held=false jp=[] demo_fid=0
INPUT_TRACE AFTER  handler R_just_pressed=false R_held=false jp=[] demo_fid=0
INPUT_TRACE BEFORE inject  R_just_pressed=false R_held=false jp=[] demo_fid=0
INPUT_TRACE AFTER  handler R_just_pressed=false R_held=false jp=[] demo_fid=0
INPUT_TRACE BEFORE inject  R_just_pressed=false R_held=false jp=[] demo_fid=0
INPUT_TRACE AFTER  handler R_just_pressed=false R_held=false jp=[] demo_fid=0
INPUT_TRACE BEFORE inject  R_just_pressed=false R_held=false jp=[] demo_fid=0
INPUT_TRACE AFTER  handler R_just_pressed=false R_held=false jp=[] demo_fid=0
INPUT_TRACE BEFORE inject  R_just_pressed=false R_held=false jp=[] demo_fid=0
INPUT_TRACE AFTER  handler R_just_pressed=false R_held=false jp=[] demo_fid=0
INPUT_TRACE BEFORE inject  R_just_pressed=false R_held=false jp=[] demo_fid=0
INPUT_TRACE AFTER  handler R_just_pressed=false R_held=false jp=[] demo_fid=0
INPUT_TRACE BEFORE inject  R_just_pressed=false R_held=false jp=[] demo_fid=0
INPUT_TRACE AFTER  handler R_just_pressed=false R_held=false jp=[] demo_fid=0
INPUT_TRACE BEFORE inject  R_just_pressed=false R_held=false jp=[] demo_fid=0
INPUT_TRACE AFTER  handler R_just_pressed=false R_held=false jp=[] demo_fid=0
INPUT_TRACE BEFORE inject  R_just_pressed=false R_held=false jp=[] demo_fid=0
INPUT_TRACE AFTER  handler R_just_pressed=false R_held=false jp=[] demo_fid=0
INPUT_TRACE BEFORE inject  R_just_pressed=false R_held=false jp=[] demo_fid=0
INPUT_TRACE AFTER  handler R_just_pressed=false R_held=false jp=[] demo_fid=0
INPUT_TRACE BEFORE inject  R_just_pressed=false R_held=false jp=[] demo_fid=0
INPUT_TRACE AFTER  handler R_just_pressed=false R_held=false jp=[] demo_fid=0
INPUT_TRACE BEFORE inject  R_just_pressed=false R_held=false jp=[] demo_fid=0
INPUT_TRACE AFTER  handler R_just_pressed=false R_held=false jp=[] demo_fid=0
INPUT_TRACE BEFORE inject  R_just_pressed=false R_held=false jp=[] demo_fid=0
INPUT_TRACE AFTER  handler R_just_pressed=false R_held=false jp=[] demo_fid=0
INPUT_TRACE BEFORE inject  R_just_pressed=false R_held=false jp=[] demo_fid=0
INPUT_TRACE AFTER  handler R_just_pressed=false R_held=false jp=[] demo_fid=0
INPUT_TRACE BEFORE inject  R_just_pressed=false R_held=false jp=[] demo_fid=0
INPUT_TRACE AFTER  handler R_just_pressed=false R_held=false jp=[] demo_fid=0
INPUT_TRACE BEFORE inject  R_just_pressed=false R_held=false jp=[] demo_fid=0
INPUT_TRACE AFTER  handler R_just_pressed=false R_held=false jp=[] demo_fid=0
INPUT_TRACE BEFORE inject  R_just_pressed=false R_held=false jp=[] demo_fid=0
INPUT_TRACE AFTER  handler R_just_pressed=false R_held=false jp=[] demo_fid=0
INPUT_TRACE BEFORE inject  R_just_pressed=false R_held=false jp=[] demo_fid=0
INPUT_TRACE AFTER  handler R_just_pressed=false R_held=false jp=[] demo_fid=0
INPUT_TRACE BEFORE inject  R_just_pressed=false R_held=false jp=[] demo_fid=0
INPUT_TRACE AFTER  handler R_just_pressed=false R_held=false jp=[] demo_fid=0
INPUT_TRACE BEFORE inject  R_just_pressed=false R_held=false jp=[] demo_fid=0
INPUT_TRACE AFTER  handler R_just_pressed=false R_held=false jp=[] demo_fid=0
INPUT_TRACE BEFORE inject  R_just_pressed=false R_held=false jp=[] demo_fid=0
INPUT_TRACE AFTER  handler R_just_pressed=false R_held=false jp=[] demo_fid=0
INPUT_TRACE BEFORE inject  R_just_pressed=false R_held=false jp=[] demo_fid=0
INPUT_TRACE AFTER  handler R_just_pressed=false R_held=false jp=[] demo_fid=0
INPUT_TRACE BEFORE inject  R_just_pressed=false R_held=false jp=[] demo_fid=0
INPUT_TRACE AFTER  handler R_just_pressed=false R_held=false jp=[] demo_fid=0
INPUT_TRACE BEFORE inject  R_just_pressed=false R_held=false jp=[] demo_fid=0
INPUT_TRACE AFTER  handler R_just_pressed=false R_held=false jp=[] demo_fid=0
INPUT_TRACE BEFORE inject  R_just_pressed=false R_held=false jp=[] demo_fid=0
INPUT_TRACE AFTER  handler R_just_pressed=false R_held=false jp=[] demo_fid=0
INPUT_TRACE BEFORE inject  R_just_pressed=false R_held=false jp=[] demo_fid=0
INPUT_TRACE AFTER  handler R_just_pressed=false R_held=false jp=[] demo_fid=0
INPUT_TRACE BEFORE inject  R_just_pressed=false R_held=false jp=[] demo_fid=0
INPUT_TRACE AFTER  handler R_just_pressed=false R_held=false jp=[] demo_fid=0
INPUT_TRACE BEFORE inject  R_just_pressed=false R_held=false jp=[] demo_fid=0
INPUT_TRACE AFTER  handler R_just_pressed=false R_held=false jp=[] demo_fid=0
INPUT_TRACE BEFORE inject  R_just_pressed=false R_held=false jp=[] demo_fid=0
INPUT_TRACE AFTER  handler R_just_pressed=false R_held=false jp=[] demo_fid=0
INPUT_TRACE BEFORE inject  R_just_pressed=false R_held=false jp=[] demo_fid=0
INPUT_TRACE AFTER  handler R_just_pressed=false R_held=false jp=[] demo_fid=0
INPUT_TRACE BEFORE inject  R_just_pressed=false R_held=false jp=[] demo_fid=0
INPUT_TRACE AFTER  handler R_just_pressed=false R_held=false jp=[] demo_fid=0
INPUT_TRACE BEFORE inject  R_just_pressed=false R_held=false jp=[] demo_fid=0
INPUT_TRACE AFTER  handler R_just_pressed=false R_held=false jp=[] demo_fid=0
INPUT_TRACE BEFORE inject  R_just_pressed=false R_held=false jp=[] demo_fid=0
INPUT_TRACE AFTER  handler R_just_pressed=false R_held=false jp=[] demo_fid=0
INPUT_TRACE BEFORE inject  R_just_pressed=false R_held=false jp=[] demo_fid=0
INPUT_TRACE AFTER  handler R_just_pressed=false R_held=false jp=[] demo_fid=0
INPUT_TRACE BEFORE inject  R_just_pressed=false R_held=false jp=[] demo_fid=0
INPUT_TRACE AFTER  handler R_just_pressed=false R_held=false jp=[] demo_fid=0
INPUT_TRACE BEFORE inject  R_just_pressed=false R_held=false jp=[] demo_fid=0
INPUT_TRACE AFTER  handler R_just_pressed=false R_held=false jp=[] demo_fid=0
INPUT_TRACE BEFORE inject  R_just_pressed=false R_held=false jp=[] demo_fid=0
INPUT_TRACE AFTER  handler R_just_pressed=false R_held=false jp=[] demo_fid=0
INPUT_TRACE BEFORE inject  R_just_pressed=false R_held=false jp=[] demo_fid=0
INPUT_TRACE AFTER  handler R_just_pressed=false R_held=false jp=[] demo_fid=0
INPUT_TRACE BEFORE inject  R_just_pressed=false R_held=false jp=[] demo_fid=0
INPUT_TRACE AFTER  handler R_just_pressed=false R_held=false jp=[] demo_fid=0
INPUT_TRACE BEFORE inject  R_just_pressed=false R_held=false jp=[] demo_fid=0
INPUT_TRACE AFTER  handler R_just_pressed=false R_held=false jp=[] demo_fid=0
INPUT_TRACE BEFORE inject  R_just_pressed=false R_held=false jp=[] demo_fid=0
SHOT saved to E:\Projects\bagidea-ai-agents-office\workspace\projects\Voxelforge\docs\assets\look\ab-elev\s1cam-elev66-az25.png
INPUT_TRACE AFTER  handler R_just_pressed=false R_held=false jp=[] demo_fid=0
INPUT_TRACE BEFORE inject  R_just_pressed=false R_held=false jp=[] demo_fid=0
INPUT_TRACE AFTER  handler R_just_pressed=false R_held=false jp=[] demo_fid=0
INPUT_TRACE BEFORE inject  R_just_pressed=false R_held=false jp=[] demo_fid=0
INPUT_TRACE AFTER  handler R_just_pressed=false R_held=false jp=[] demo_fid=0
INPUT_TRACE BEFORE inject  R_just_pressed=false R_held=false jp=[] demo_fid=0
INPUT_TRACE AFTER  handler R_just_pressed=false R_held=false jp=[] demo_fid=0
INPUT_TRACE BEFORE inject  R_just_pressed=false R_held=false jp=[] demo_fid=0
INPUT_TRACE AFTER  handler R_just_pressed=false R_held=false jp=[] demo_fid=0
INPUT_TRACE BEFORE inject  R_just_pressed=false R_held=false jp=[] demo_fid=0
2026-08-14T21:20:51.374760Z  INFO bevy_render::view::window::screenshot: Screenshot saved to E:\Projects\bagidea-ai-agents-office\workspace\projects\Voxelforge\docs\assets\look\ab-elev\s1cam-elev66-az25.png
INPUT_TRACE AFTER  handler R_just_pressed=false R_held=false jp=[] demo_fid=0
INPUT_TRACE BEFORE inject  R_just_pressed=false R_held=false jp=[] demo_fid=0
INPUT_TRACE AFTER  handler R_just_pressed=false R_held=false jp=[] demo_fid=0
INPUT_TRACE BEFORE inject  R_just_pressed=false R_held=false jp=[] demo_fid=0
INPUT_TRACE AFTER  handler R_just_pressed=false R_held=false jp=[] demo_fid=0
INPUT_TRACE BEFORE inject  R_just_pressed=false R_held=false jp=[] demo_fid=0
INPUT_TRACE AFTER  handler R_just_pressed=false R_held=false jp=[] demo_fid=0
INPUT_TRACE BEFORE inject  R_just_pressed=false R_held=false jp=[] demo_fid=0
INPUT_TRACE AFTER  handler R_just_pressed=false R_held=false jp=[] demo_fid=0
INPUT_TRACE BEFORE inject  R_just_pressed=false R_held=false jp=[] demo_fid=0
INPUT_TRACE AFTER  handler R_just_pressed=false R_held=false jp=[] demo_fid=0
INPUT_TRACE BEFORE inject  R_just_pressed=false R_held=false jp=[] demo_fid=0
INPUT_TRACE AFTER  handler R_just_pressed=false R_held=false jp=[] demo_fid=0
INPUT_TRACE BEFORE inject  R_just_pressed=false R_held=false jp=[] demo_fid=0
INPUT_TRACE AFTER  handler R_just_pressed=false R_held=false jp=[] demo_fid=0
INPUT_TRACE BEFORE inject  R_just_pressed=false R_held=false jp=[] demo_fid=0
INPUT_TRACE AFTER  handler R_just_pressed=false R_held=false jp=[] demo_fid=0
INPUT_TRACE BEFORE inject  R_just_pressed=false R_held=false jp=[] demo_fid=0
INPUT_TRACE AFTER  handler R_just_pressed=false R_held=false jp=[] demo_fid=0
INPUT_TRACE BEFORE inject  R_just_pressed=false R_held=false jp=[] demo_fid=0
INPUT_TRACE AFTER  handler R_just_pressed=false R_held=false jp=[] demo_fid=0
INPUT_TRACE BEFORE inject  R_just_pressed=false R_held=false jp=[] demo_fid=0
INPUT_TRACE AFTER  handler R_just_pressed=false R_held=false jp=[] demo_fid=0
INPUT_TRACE BEFORE inject  R_just_pressed=false R_held=false jp=[] demo_fid=0
INPUT_TRACE AFTER  handler R_just_pressed=false R_held=false jp=[] demo_fid=0
INPUT_TRACE BEFORE inject  R_just_pressed=false R_held=false jp=[] demo_fid=0
INPUT_TRACE AFTER  handler R_just_pressed=false R_held=false jp=[] demo_fid=0
INPUT_TRACE BEFORE inject  R_just_pressed=false R_held=false jp=[] demo_fid=0
INPUT_TRACE AFTER  handler R_just_pressed=false R_held=false jp=[] demo_fid=0
INPUT_TRACE BEFORE inject  R_just_pressed=false R_held=false jp=[] demo_fid=0
INPUT_TRACE AFTER  handler R_just_pressed=false R_held=false jp=[] demo_fid=0
INPUT_TRACE BEFORE inject  R_just_pressed=false R_held=false jp=[] demo_fid=0
INPUT_TRACE AFTER  handler R_just_pressed=false R_held=false jp=[] demo_fid=0
INPUT_TRACE BEFORE inject  R_just_pressed=false R_held=false jp=[] demo_fid=0
INPUT_TRACE AFTER  handler R_just_pressed=false R_held=false jp=[] demo_fid=0
INPUT_TRACE BEFORE inject  R_just_pressed=false R_held=false jp=[] demo_fid=0
INPUT_TRACE AFTER  handler R_just_pressed=false R_held=false jp=[] demo_fid=0
INPUT_TRACE BEFORE inject  R_just_pressed=false R_held=false jp=[] demo_fid=0
INPUT_TRACE AFTER  handler R_just_pressed=false R_held=false jp=[] demo_fid=0
INPUT_TRACE BEFORE inject  R_just_pressed=false R_held=false jp=[] demo_fid=0
INPUT_TRACE AFTER  handler R_just_pressed=false R_held=false jp=[] demo_fid=0
INPUT_TRACE BEFORE inject  R_just_pressed=false R_held=false jp=[] demo_fid=0
INPUT_TRACE AFTER  handler R_just_pressed=false R_held=false jp=[] demo_fid=0
INPUT_TRACE BEFORE inject  R_just_pressed=false R_held=false jp=[] demo_fid=0
INPUT_TRACE AFTER  handler R_just_pressed=false R_held=false jp=[] demo_fid=0
INPUT_TRACE BEFORE inject  R_just_pressed=false R_held=false jp=[] demo_fid=0
INPUT_TRACE AFTER  handler R_just_pressed=false R_held=false jp=[] demo_fid=0
INPUT_TRACE BEFORE inject  R_just_pressed=false R_held=false jp=[] demo_fid=0
INPUT_TRACE AFTER  handler R_just_pressed=false R_held=false jp=[] demo_fid=0
INPUT_TRACE BEFORE inject  R_just_pressed=false R_held=false jp=[] demo_fid=0
INPUT_TRACE AFTER  handler R_just_pressed=false R_held=false jp=[] demo_fid=0
INPUT_TRACE BEFORE inject  R_just_pressed=false R_held=false jp=[] demo_fid=0
INPUT_TRACE AFTER  handler R_just_pressed=false R_held=false jp=[] demo_fid=0
INPUT_TRACE BEFORE inject  R_just_pressed=false R_held=false jp=[] demo_fid=0
INPUT_TRACE AFTER  handler R_just_pressed=false R_held=false jp=[] demo_fid=0
INPUT_TRACE BEFORE inject  R_just_pressed=false R_held=false jp=[] demo_fid=0
INPUT_TRACE AFTER  handler R_just_pressed=false R_held=false jp=[] demo_fid=0
INPUT_TRACE BEFORE inject  R_just_pressed=false R_held=false jp=[] demo_fid=0
INPUT_TRACE AFTER  handler R_just_pressed=false R_held=false jp=[] demo_fid=0
INPUT_TRACE BEFORE inject  R_just_pressed=false R_held=false jp=[] demo_fid=0
INPUT_TRACE AFTER  handler R_just_pressed=false R_held=false jp=[] demo_fid=0
INPUT_TRACE BEFORE inject  R_just_pressed=false R_held=false jp=[] demo_fid=0
INPUT_TRACE AFTER  handler R_just_pressed=false R_held=false jp=[] demo_fid=0
INPUT_TRACE BEFORE inject  R_just_pressed=false R_held=false jp=[] demo_fid=0
INPUT_TRACE AFTER  handler R_just_pressed=false R_held=false jp=[] demo_fid=0
INPUT_TRACE BEFORE inject  R_just_pressed=false R_held=false jp=[] demo_fid=0
INPUT_TRACE AFTER  handler R_just_pressed=false R_held=false jp=[] demo_fid=0
INPUT_TRACE BEFORE inject  R_just_pressed=false R_held=false jp=[] demo_fid=0
INPUT_TRACE AFTER  handler R_just_pressed=false R_held=false jp=[] demo_fid=0
INPUT_TRACE BEFORE inject  R_just_pressed=false R_held=false jp=[] demo_fid=0
INPUT_TRACE AFTER  handler R_just_pressed=false R_held=false jp=[] demo_fid=0
INPUT_TRACE BEFORE inject  R_just_pressed=false R_held=false jp=[] demo_fid=0
INPUT_TRACE AFTER  handler R_just_pressed=false R_held=false jp=[] demo_fid=0
INPUT_TRACE BEFORE inject  R_just_pressed=false R_held=false jp=[] demo_fid=0
INPUT_TRACE AFTER  handler R_just_pressed=false R_held=false jp=[] demo_fid=0
INPUT_TRACE BEFORE inject  R_just_pressed=false R_held=false jp=[] demo_fid=0
INPUT_TRACE AFTER  handler R_just_pressed=false R_held=false jp=[] demo_fid=0
INPUT_TRACE BEFORE inject  R_just_pressed=false R_held=false jp=[] demo_fid=0
INPUT_TRACE AFTER  handler R_just_pressed=false R_held=false jp=[] demo_fid=0
[azflip] s1cam-elev22-az25  sun=22,25,20000 cine=44,14,44, 44,14,44, 32.5,2.0,29.5, 1 
2026-08-14T21:20:53.841138Z  INFO bevy_diagnostic::system_information_diagnostics_plugin::internal: SystemInfo { os: "Windows 11 Home", kernel: "26200", cpu: "12th Gen Intel(R) Core(TM) i5-12600K", core_count: "10", memory: "15.8 GiB" }
2026-08-14T21:20:54.146361Z  INFO bevy_render::renderer: AdapterInfo { name: "NVIDIA GeForce GTX 1060 6GB", vendor: 4318, device: 7171, device_type: DiscreteGpu, device_pci_bus_id: "0000:03:00.0", driver: "NVIDIA", driver_info: "560.94", backend: Vulkan, subgroup_min_size: 32, subgroup_max_size: 32, transient_saves_memory: false }
EDITOR_CONFIG loaded editor_config.json — 16 actions, grid_snap=1
CINE eye Vec3(44.0, 14.0, 44.0)->Vec3(44.0, 14.0, 44.0) aim Vec3(32.5, 2.0, 29.5)->Vec3(32.5, 2.0, 29.5) secs=1 start=1 exit=None
AI_MODE tactics (perception + squad pass)
SETTINGS loaded settings.json
2026-08-14T21:20:54.272896Z  INFO bevy_pbr::cluster: GPU clustering is supported on this device.
2026-08-14T21:20:54.272956Z  INFO bevy_render::batching::gpu_preprocessing: GPU preprocessing is fully supported on this device.
2026-08-14T21:20:54.273290Z  INFO bevy_egui::render: Using bindless_mode_array_size 16 (Device maximum 1048576)
2026-08-14T21:20:54.273440Z  INFO bevy_winit::system: Creating new window Voxelforge — Phase 0 spike (65v0)
STORY_LOAD ok path=assets/story/act1.json quests=5 npcs=3 dialogues=12 regions=9
MAP_LOAD ok path=maps/edhari.json name="edhari" blocks=9537 size=2x2 chunks
MESH_PATH split (one mesh + material per block type)
MAP_APPLY set=9537 skipped=0 total_quads=9262
QUEST_INIT start=q1_embers
QUEST_INIT quests_loaded=5
ENEMY_SPAWN kind=sentinel parts=30 height=3.38b feet=(32.0,1.0,25.0) yaw=0.00
HUSK2_SPAWN kind=sentinel at (32.0,1.0,25.0)
SPAWN_ENCOUNTER husk at (32.0,_,25.0) on Edhari surface
SPAWN_GROUND col=(32,32) top=0 feet=1 => PASS
SCENE_READY source=maps/edhari.json spawn=(32.5,2.6,32.5) surface=0 campfire=(32.5,1.0,29.5)
SPAWN_NPC id=maren name="Elder Maren" pos=(32,2,4)
SPAWN_NPC id=toma name="Toma" pos=(16,1.5,24)
QUEST_LOAD ok path=quest_save.json flags=5 quests=1
ENTER_PLAY
AUDIO_PLAY:audio/music_theme.wav t=0.00 pos=(non-spatial)
AUDIO_PLAY:audio/ambient_wind.wav t=0.00 pos=(omnipresent)
AUDIO_PLAY:audio/ambient_campfire.wav t=0.00 pos=(32.5,1.0,29.5)
AUDIO_PLAY:audio/ambient_village.wav t=0.00 pos=(47.5,2.6,22.5)
INPUT_TRACE BEFORE inject  R_just_pressed=false R_held=false jp=[] demo_fid=0
QUEST_FEEDBACK q1_embers complete → text + sound
AUDIO_ZONE:Campfire t=0.00 pos=(32.5,2.6,32.5)
LOOK_FILL gen=V3 ambient=620 sky=1400lux@76deg bounce=1100lux@28deg rim=600lux@14deg contact_sky=true
VFX campfire lit at (32.5,1.0,29.5)
AUDIO_PLAY:audio/player_respawn.wav t=0.00 pos=(0.0,0.0,0.0)
LOOK_IBL gen=V3 nits=330
CAST_SPAWN who=maren root=620v0 body_boxes=24 gear_boxes=0 slots_filled=0/6 height=1.96b feet=(32.0,13.0,4.0) yaw=3.14
CAST_WEAR who=maren head=- torso=- legs=- hands=- weapon=- back=-
QUEST_AREA enter=spawn_shelter player=(32.5,32.5)
LOOK atmosphere spawned mode=lut aerial_max=72
ANIM_RIG_WEAPON spawn actor=Player entity=691v0
CAST_MATERIALS who=maren total=24 cloth=11 hair=4 skin=3 metal=2 wood=2 leather=1 glow=1
ANIM_RIG_NPC dressed entity=609v0 look=Villager
CAST_DRESSED id=maren placeholder_mesh=removed body=maren feet=(32.0,13.0,4.0)
QUEST_DIALOGUE fire id=dlg_maren_first_call trigger=on_objective
ANIM_RIG_NPC dressed entity=610v0 look=Villager
CAST_SPAWN who=toma root=750v0 body_boxes=17 gear_boxes=0 slots_filled=0/6 height=1.34b feet=(16.0,3.0,24.0) yaw=3.14
CAST_WEAR who=toma head=- torso=- legs=- hands=- weapon=- back=-
CAST_MATERIALS who=toma total=17 cloth=8 skin=3 hair=3 wood=3
CAST_DRESSED id=toma placeholder_mesh=removed body=toma feet=(16.0,3.0,24.0)
CAST_SPAWN who=toma root=774v0 body_boxes=17 gear_boxes=0 slots_filled=0/6 height=1.34b feet=(16.5,3.0,24.5) yaw=-1.57
CAST_WEAR who=toma head=- torso=- legs=- hands=- weapon=- back=-
CAST_MATERIALS who=toma total=17 cloth=8 skin=3 hair=3 wood=3
CAST_SPAWN_NPC id=toma feet=(16.5,3.0,24.5) region=west_house
LOOK play FogVolume spawned density=0.030 (god-ray medium)
LOOK tier=Ultra pcss=Some(12.0) shadow_map=4096 sun=22deg/25deg illum=20000 contact=true
INPUT_TRACE AFTER  handler R_just_pressed=false R_held=false jp=[] demo_fid=0
VFX_RIG_WEAPON_TRAIL attach actor=Player entity=691v0
ANIM_RIG_NPC dressed entity=798v0 look=Villager
INPUT_TRACE BEFORE inject  R_just_pressed=false R_held=false jp=[] demo_fid=0
INPUT_TRACE AFTER  handler R_just_pressed=false R_held=false jp=[] demo_fid=0
INPUT_TRACE BEFORE inject  R_just_pressed=false R_held=false jp=[] demo_fid=0
INPUT_TRACE AFTER  handler R_just_pressed=false R_held=false jp=[] demo_fid=0
INPUT_TRACE BEFORE inject  R_just_pressed=false R_held=false jp=[] demo_fid=0
INPUT_TRACE AFTER  handler R_just_pressed=false R_held=false jp=[] demo_fid=0
INPUT_TRACE BEFORE inject  R_just_pressed=false R_held=false jp=[] demo_fid=0
INPUT_TRACE AFTER  handler R_just_pressed=false R_held=false jp=[] demo_fid=0
INPUT_TRACE BEFORE inject  R_just_pressed=false R_held=false jp=[] demo_fid=0
INPUT_TRACE AFTER  handler R_just_pressed=false R_held=false jp=[] demo_fid=0
INPUT_TRACE BEFORE inject  R_just_pressed=false R_held=false jp=[] demo_fid=0
INPUT_TRACE AFTER  handler R_just_pressed=false R_held=false jp=[] demo_fid=0
INPUT_TRACE BEFORE inject  R_just_pressed=false R_held=false jp=[] demo_fid=0
INPUT_TRACE AFTER  handler R_just_pressed=false R_held=false jp=[] demo_fid=0
INPUT_TRACE BEFORE inject  R_just_pressed=false R_held=false jp=[] demo_fid=0
INPUT_TRACE AFTER  handler R_just_pressed=false R_held=false jp=[] demo_fid=0
INPUT_TRACE BEFORE inject  R_just_pressed=false R_held=false jp=[] demo_fid=0
INPUT_TRACE AFTER  handler R_just_pressed=false R_held=false jp=[] demo_fid=0
INPUT_TRACE BEFORE inject  R_just_pressed=false R_held=false jp=[] demo_fid=0
INPUT_TRACE AFTER  handler R_just_pressed=false R_held=false jp=[] demo_fid=0
INPUT_TRACE BEFORE inject  R_just_pressed=false R_held=false jp=[] demo_fid=0
INPUT_TRACE AFTER  handler R_just_pressed=false R_held=false jp=[] demo_fid=0
INPUT_TRACE BEFORE inject  R_just_pressed=false R_held=false jp=[] demo_fid=0
INPUT_TRACE AFTER  handler R_just_pressed=false R_held=false jp=[] demo_fid=0
INPUT_TRACE BEFORE inject  R_just_pressed=false R_held=false jp=[] demo_fid=0
INPUT_TRACE AFTER  handler R_just_pressed=false R_held=false jp=[] demo_fid=0
INPUT_TRACE BEFORE inject  R_just_pressed=false R_held=false jp=[] demo_fid=0
INPUT_TRACE AFTER  handler R_just_pressed=false R_held=false jp=[] demo_fid=0
INPUT_TRACE BEFORE inject  R_just_pressed=false R_held=false jp=[] demo_fid=0
INPUT_TRACE AFTER  handler R_just_pressed=false R_held=false jp=[] demo_fid=0
INPUT_TRACE BEFORE inject  R_just_pressed=false R_held=false jp=[] demo_fid=0
INPUT_TRACE AFTER  handler R_just_pressed=false R_held=false jp=[] demo_fid=0
INPUT_TRACE BEFORE inject  R_just_pressed=false R_held=false jp=[] demo_fid=0
INPUT_TRACE AFTER  handler R_just_pressed=false R_held=false jp=[] demo_fid=0
INPUT_TRACE BEFORE inject  R_just_pressed=false R_held=false jp=[] demo_fid=0
INPUT_TRACE AFTER  handler R_just_pressed=false R_held=false jp=[] demo_fid=0
INPUT_TRACE BEFORE inject  R_just_pressed=false R_held=false jp=[] demo_fid=0
INPUT_TRACE AFTER  handler R_just_pressed=false R_held=false jp=[] demo_fid=0
INPUT_TRACE BEFORE inject  R_just_pressed=false R_held=false jp=[] demo_fid=0
INPUT_TRACE AFTER  handler R_just_pressed=false R_held=false jp=[] demo_fid=0
INPUT_TRACE BEFORE inject  R_just_pressed=false R_held=false jp=[] demo_fid=0
INPUT_TRACE AFTER  handler R_just_pressed=false R_held=false jp=[] demo_fid=0
INPUT_TRACE BEFORE inject  R_just_pressed=false R_held=false jp=[] demo_fid=0
INPUT_TRACE AFTER  handler R_just_pressed=false R_held=false jp=[] demo_fid=0
INPUT_TRACE BEFORE inject  R_just_pressed=false R_held=false jp=[] demo_fid=0
INPUT_TRACE AFTER  handler R_just_pressed=false R_held=false jp=[] demo_fid=0
INPUT_TRACE BEFORE inject  R_just_pressed=false R_held=false jp=[] demo_fid=0
INPUT_TRACE AFTER  handler R_just_pressed=false R_held=false jp=[] demo_fid=0
INPUT_TRACE BEFORE inject  R_just_pressed=false R_held=false jp=[] demo_fid=0
INPUT_TRACE AFTER  handler R_just_pressed=false R_held=false jp=[] demo_fid=0
INPUT_TRACE BEFORE inject  R_just_pressed=false R_held=false jp=[] demo_fid=0
INPUT_TRACE AFTER  handler R_just_pressed=false R_held=false jp=[] demo_fid=0
INPUT_TRACE BEFORE inject  R_just_pressed=false R_held=false jp=[] demo_fid=0
INPUT_TRACE AFTER  handler R_just_pressed=false R_held=false jp=[] demo_fid=0
INPUT_TRACE BEFORE inject  R_just_pressed=false R_held=false jp=[] demo_fid=0
INPUT_TRACE AFTER  handler R_just_pressed=false R_held=false jp=[] demo_fid=0
INPUT_TRACE BEFORE inject  R_just_pressed=false R_held=false jp=[] demo_fid=0
INPUT_TRACE AFTER  handler R_just_pressed=false R_held=false jp=[] demo_fid=0
INPUT_TRACE BEFORE inject  R_just_pressed=false R_held=false jp=[] demo_fid=0
INPUT_TRACE AFTER  handler R_just_pressed=false R_held=false jp=[] demo_fid=0
INPUT_TRACE BEFORE inject  R_just_pressed=false R_held=false jp=[] demo_fid=0
INPUT_TRACE AFTER  handler R_just_pressed=false R_held=false jp=[] demo_fid=0
INPUT_TRACE BEFORE inject  R_just_pressed=false R_held=false jp=[] demo_fid=0
INPUT_TRACE AFTER  handler R_just_pressed=false R_held=false jp=[] demo_fid=0
INPUT_TRACE BEFORE inject  R_just_pressed=false R_held=false jp=[] demo_fid=0
INPUT_TRACE AFTER  handler R_just_pressed=false R_held=false jp=[] demo_fid=0
INPUT_TRACE BEFORE inject  R_just_pressed=false R_held=false jp=[] demo_fid=0
INPUT_TRACE AFTER  handler R_just_pressed=false R_held=false jp=[] demo_fid=0
INPUT_TRACE BEFORE inject  R_just_pressed=false R_held=false jp=[] demo_fid=0
INPUT_TRACE AFTER  handler R_just_pressed=false R_held=false jp=[] demo_fid=0
INPUT_TRACE BEFORE inject  R_just_pressed=false R_held=false jp=[] demo_fid=0
INPUT_TRACE AFTER  handler R_just_pressed=false R_held=false jp=[] demo_fid=0
INPUT_TRACE BEFORE inject  R_just_pressed=false R_held=false jp=[] demo_fid=0
INPUT_TRACE AFTER  handler R_just_pressed=false R_held=false jp=[] demo_fid=0
INPUT_TRACE BEFORE inject  R_just_pressed=false R_held=false jp=[] demo_fid=0
INPUT_TRACE AFTER  handler R_just_pressed=false R_held=false jp=[] demo_fid=0
INPUT_TRACE BEFORE inject  R_just_pressed=false R_held=false jp=[] demo_fid=0
INPUT_TRACE AFTER  handler R_just_pressed=false R_held=false jp=[] demo_fid=0
INPUT_TRACE BEFORE inject  R_just_pressed=false R_held=false jp=[] demo_fid=0
INPUT_TRACE AFTER  handler R_just_pressed=false R_held=false jp=[] demo_fid=0
INPUT_TRACE BEFORE inject  R_just_pressed=false R_held=false jp=[] demo_fid=0
INPUT_TRACE AFTER  handler R_just_pressed=false R_held=false jp=[] demo_fid=0
INPUT_TRACE BEFORE inject  R_just_pressed=false R_held=false jp=[] demo_fid=0
SHOT saved to E:\Projects\bagidea-ai-agents-office\workspace\projects\Voxelforge\docs\assets\look\ab-elev\s1cam-elev22-az25.png
INPUT_TRACE AFTER  handler R_just_pressed=false R_held=false jp=[] demo_fid=0
INPUT_TRACE BEFORE inject  R_just_pressed=false R_held=false jp=[] demo_fid=0
INPUT_TRACE AFTER  handler R_just_pressed=false R_held=false jp=[] demo_fid=0
INPUT_TRACE BEFORE inject  R_just_pressed=false R_held=false jp=[] demo_fid=0
INPUT_TRACE AFTER  handler R_just_pressed=false R_held=false jp=[] demo_fid=0
INPUT_TRACE BEFORE inject  R_just_pressed=false R_held=false jp=[] demo_fid=0
INPUT_TRACE AFTER  handler R_just_pressed=false R_held=false jp=[] demo_fid=0
INPUT_TRACE BEFORE inject  R_just_pressed=false R_held=false jp=[] demo_fid=0
INPUT_TRACE AFTER  handler R_just_pressed=false R_held=false jp=[] demo_fid=0
INPUT_TRACE BEFORE inject  R_just_pressed=false R_held=false jp=[] demo_fid=0
2026-08-14T21:20:59.076228Z  INFO bevy_render::view::window::screenshot: Screenshot saved to E:\Projects\bagidea-ai-agents-office\workspace\projects\Voxelforge\docs\assets\look\ab-elev\s1cam-elev22-az25.png
INPUT_TRACE AFTER  handler R_just_pressed=false R_held=false jp=[] demo_fid=0
INPUT_TRACE BEFORE inject  R_just_pressed=false R_held=false jp=[] demo_fid=0
INPUT_TRACE AFTER  handler R_just_pressed=false R_held=false jp=[] demo_fid=0
INPUT_TRACE BEFORE inject  R_just_pressed=false R_held=false jp=[] demo_fid=0
INPUT_TRACE AFTER  handler R_just_pressed=false R_held=false jp=[] demo_fid=0
INPUT_TRACE BEFORE inject  R_just_pressed=false R_held=false jp=[] demo_fid=0
INPUT_TRACE AFTER  handler R_just_pressed=false R_held=false jp=[] demo_fid=0
INPUT_TRACE BEFORE inject  R_just_pressed=false R_held=false jp=[] demo_fid=0
INPUT_TRACE AFTER  handler R_just_pressed=false R_held=false jp=[] demo_fid=0
INPUT_TRACE BEFORE inject  R_just_pressed=false R_held=false jp=[] demo_fid=0
INPUT_TRACE AFTER  handler R_just_pressed=false R_held=false jp=[] demo_fid=0
INPUT_TRACE BEFORE inject  R_just_pressed=false R_held=false jp=[] demo_fid=0
INPUT_TRACE AFTER  handler R_just_pressed=false R_held=false jp=[] demo_fid=0
INPUT_TRACE BEFORE inject  R_just_pressed=false R_held=false jp=[] demo_fid=0
INPUT_TRACE AFTER  handler R_just_pressed=false R_held=false jp=[] demo_fid=0
INPUT_TRACE BEFORE inject  R_just_pressed=false R_held=false jp=[] demo_fid=0
INPUT_TRACE AFTER  handler R_just_pressed=false R_held=false jp=[] demo_fid=0
INPUT_TRACE BEFORE inject  R_just_pressed=false R_held=false jp=[] demo_fid=0
INPUT_TRACE AFTER  handler R_just_pressed=false R_held=false jp=[] demo_fid=0
INPUT_TRACE BEFORE inject  R_just_pressed=false R_held=false jp=[] demo_fid=0
INPUT_TRACE AFTER  handler R_just_pressed=false R_held=false jp=[] demo_fid=0
INPUT_TRACE BEFORE inject  R_just_pressed=false R_held=false jp=[] demo_fid=0
INPUT_TRACE AFTER  handler R_just_pressed=false R_held=false jp=[] demo_fid=0
INPUT_TRACE BEFORE inject  R_just_pressed=false R_held=false jp=[] demo_fid=0
INPUT_TRACE AFTER  handler R_just_pressed=false R_held=false jp=[] demo_fid=0
INPUT_TRACE BEFORE inject  R_just_pressed=false R_held=false jp=[] demo_fid=0
INPUT_TRACE AFTER  handler R_just_pressed=false R_held=false jp=[] demo_fid=0
INPUT_TRACE BEFORE inject  R_just_pressed=false R_held=false jp=[] demo_fid=0
INPUT_TRACE AFTER  handler R_just_pressed=false R_held=false jp=[] demo_fid=0
INPUT_TRACE BEFORE inject  R_just_pressed=false R_held=false jp=[] demo_fid=0
INPUT_TRACE AFTER  handler R_just_pressed=false R_held=false jp=[] demo_fid=0
INPUT_TRACE BEFORE inject  R_just_pressed=false R_held=false jp=[] demo_fid=0
INPUT_TRACE AFTER  handler R_just_pressed=false R_held=false jp=[] demo_fid=0
INPUT_TRACE BEFORE inject  R_just_pressed=false R_held=false jp=[] demo_fid=0
INPUT_TRACE AFTER  handler R_just_pressed=false R_held=false jp=[] demo_fid=0
INPUT_TRACE BEFORE inject  R_just_pressed=false R_held=false jp=[] demo_fid=0
INPUT_TRACE AFTER  handler R_just_pressed=false R_held=false jp=[] demo_fid=0
INPUT_TRACE BEFORE inject  R_just_pressed=false R_held=false jp=[] demo_fid=0
INPUT_TRACE AFTER  handler R_just_pressed=false R_held=false jp=[] demo_fid=0
INPUT_TRACE BEFORE inject  R_just_pressed=false R_held=false jp=[] demo_fid=0
INPUT_TRACE AFTER  handler R_just_pressed=false R_held=false jp=[] demo_fid=0
INPUT_TRACE BEFORE inject  R_just_pressed=false R_held=false jp=[] demo_fid=0
INPUT_TRACE AFTER  handler R_just_pressed=false R_held=false jp=[] demo_fid=0
INPUT_TRACE BEFORE inject  R_just_pressed=false R_held=false jp=[] demo_fid=0
INPUT_TRACE AFTER  handler R_just_pressed=false R_held=false jp=[] demo_fid=0
INPUT_TRACE BEFORE inject  R_just_pressed=false R_held=false jp=[] demo_fid=0
INPUT_TRACE AFTER  handler R_just_pressed=false R_held=false jp=[] demo_fid=0
INPUT_TRACE BEFORE inject  R_just_pressed=false R_held=false jp=[] demo_fid=0
INPUT_TRACE AFTER  handler R_just_pressed=false R_held=false jp=[] demo_fid=0
INPUT_TRACE BEFORE inject  R_just_pressed=false R_held=false jp=[] demo_fid=0
INPUT_TRACE AFTER  handler R_just_pressed=false R_held=false jp=[] demo_fid=0
INPUT_TRACE BEFORE inject  R_just_pressed=false R_held=false jp=[] demo_fid=0
INPUT_TRACE AFTER  handler R_just_pressed=false R_held=false jp=[] demo_fid=0
INPUT_TRACE BEFORE inject  R_just_pressed=false R_held=false jp=[] demo_fid=0
INPUT_TRACE AFTER  handler R_just_pressed=false R_held=false jp=[] demo_fid=0
INPUT_TRACE BEFORE inject  R_just_pressed=false R_held=false jp=[] demo_fid=0
INPUT_TRACE AFTER  handler R_just_pressed=false R_held=false jp=[] demo_fid=0
INPUT_TRACE BEFORE inject  R_just_pressed=false R_held=false jp=[] demo_fid=0
INPUT_TRACE AFTER  handler R_just_pressed=false R_held=false jp=[] demo_fid=0
INPUT_TRACE BEFORE inject  R_just_pressed=false R_held=false jp=[] demo_fid=0
INPUT_TRACE AFTER  handler R_just_pressed=false R_held=false jp=[] demo_fid=0
INPUT_TRACE BEFORE inject  R_just_pressed=false R_held=false jp=[] demo_fid=0
INPUT_TRACE AFTER  handler R_just_pressed=false R_held=false jp=[] demo_fid=0
INPUT_TRACE BEFORE inject  R_just_pressed=false R_held=false jp=[] demo_fid=0
INPUT_TRACE AFTER  handler R_just_pressed=false R_held=false jp=[] demo_fid=0
INPUT_TRACE BEFORE inject  R_just_pressed=false R_held=false jp=[] demo_fid=0
INPUT_TRACE AFTER  handler R_just_pressed=false R_held=false jp=[] demo_fid=0
[azflip] s2cam-elev66-az25  sun=66,25,20000 cine=18,9,44, 18,9,44, 31,1.5,29, 1 
2026-08-14T21:21:00.625918Z  INFO bevy_diagnostic::system_information_diagnostics_plugin::internal: SystemInfo { os: "Windows 11 Home", kernel: "26200", cpu: "12th Gen Intel(R) Core(TM) i5-12600K", core_count: "10", memory: "15.8 GiB" }
2026-08-14T21:21:00.931268Z  INFO bevy_render::renderer: AdapterInfo { name: "NVIDIA GeForce GTX 1060 6GB", vendor: 4318, device: 7171, device_type: DiscreteGpu, device_pci_bus_id: "0000:03:00.0", driver: "NVIDIA", driver_info: "560.94", backend: Vulkan, subgroup_min_size: 32, subgroup_max_size: 32, transient_saves_memory: false }
EDITOR_CONFIG loaded editor_config.json — 16 actions, grid_snap=1
CINE eye Vec3(18.0, 9.0, 44.0)->Vec3(18.0, 9.0, 44.0) aim Vec3(31.0, 1.5, 29.0)->Vec3(31.0, 1.5, 29.0) secs=1 start=1 exit=None
AI_MODE tactics (perception + squad pass)
SETTINGS loaded settings.json
2026-08-14T21:21:01.121450Z  INFO bevy_pbr::cluster: GPU clustering is supported on this device.
2026-08-14T21:21:01.121494Z  INFO bevy_render::batching::gpu_preprocessing: GPU preprocessing is fully supported on this device.
2026-08-14T21:21:01.121778Z  INFO bevy_egui::render: Using bindless_mode_array_size 16 (Device maximum 1048576)
2026-08-14T21:21:01.121888Z  INFO bevy_winit::system: Creating new window Voxelforge — Phase 0 spike (65v0)
STORY_LOAD ok path=assets/story/act1.json quests=5 npcs=3 dialogues=12 regions=9
MAP_LOAD ok path=maps/edhari.json name="edhari" blocks=9537 size=2x2 chunks
MESH_PATH split (one mesh + material per block type)
MAP_APPLY set=9537 skipped=0 total_quads=9262
QUEST_INIT start=q1_embers
QUEST_INIT quests_loaded=5
ENEMY_SPAWN kind=sentinel parts=30 height=3.38b feet=(32.0,1.0,25.0) yaw=0.00
HUSK2_SPAWN kind=sentinel at (32.0,1.0,25.0)
SPAWN_ENCOUNTER husk at (32.0,_,25.0) on Edhari surface
QUEST_LOAD ok path=quest_save.json flags=5 quests=1
SPAWN_GROUND col=(32,32) top=0 feet=1 => PASS
SCENE_READY source=maps/edhari.json spawn=(32.5,2.6,32.5) surface=0 campfire=(32.5,1.0,29.5)
SPAWN_NPC id=maren name="Elder Maren" pos=(32,2,4)
SPAWN_NPC id=toma name="Toma" pos=(16,1.5,24)
ENTER_PLAY
AUDIO_PLAY:audio/music_theme.wav t=0.00 pos=(non-spatial)
AUDIO_PLAY:audio/ambient_wind.wav t=0.00 pos=(omnipresent)
AUDIO_PLAY:audio/ambient_campfire.wav t=0.00 pos=(32.5,1.0,29.5)
AUDIO_PLAY:audio/ambient_village.wav t=0.00 pos=(47.5,2.6,22.5)
INPUT_TRACE BEFORE inject  R_just_pressed=false R_held=false jp=[] demo_fid=0
QUEST_FEEDBACK q1_embers complete → text + sound
QUEST_DIALOGUE fire id=dlg_maren_first_call trigger=on_objective
LOOK_FILL gen=V3 ambient=620 sky=1400lux@76deg bounce=1100lux@28deg rim=600lux@14deg contact_sky=true
VFX campfire lit at (32.5,1.0,29.5)
LOOK atmosphere spawned mode=lut aerial_max=72
AUDIO_ZONE:Campfire t=0.00 pos=(32.5,2.6,32.5)
QUEST_AREA enter=spawn_shelter player=(32.5,32.5)
LOOK_IBL gen=V3 nits=330
CAST_SPAWN who=maren root=661v0 body_boxes=24 gear_boxes=0 slots_filled=0/6 height=1.96b feet=(32.0,13.0,4.0) yaw=3.14
AUDIO_PLAY:audio/player_respawn.wav t=0.00 pos=(0.0,0.0,0.0)
ANIM_RIG_WEAPON spawn actor=Player entity=654v0
CAST_WEAR who=maren head=- torso=- legs=- hands=- weapon=- back=-
CAST_MATERIALS who=maren total=24 cloth=11 hair=4 skin=3 metal=2 wood=2 leather=1 glow=1
ANIM_RIG_NPC dressed entity=609v0 look=Villager
CAST_DRESSED id=maren placeholder_mesh=removed body=maren feet=(32.0,13.0,4.0)
ANIM_RIG_NPC dressed entity=610v0 look=Villager
CAST_SPAWN who=toma root=750v0 body_boxes=17 gear_boxes=0 slots_filled=0/6 height=1.34b feet=(16.0,3.0,24.0) yaw=3.14
CAST_WEAR who=toma head=- torso=- legs=- hands=- weapon=- back=-
CAST_MATERIALS who=toma total=17 cloth=8 skin=3 hair=3 wood=3
CAST_DRESSED id=toma placeholder_mesh=removed body=toma feet=(16.0,3.0,24.0)
CAST_SPAWN who=toma root=774v0 body_boxes=17 gear_boxes=0 slots_filled=0/6 height=1.34b feet=(16.5,3.0,24.5) yaw=-1.57
CAST_WEAR who=toma head=- torso=- legs=- hands=- weapon=- back=-
CAST_MATERIALS who=toma total=17 cloth=8 skin=3 hair=3 wood=3
CAST_SPAWN_NPC id=toma feet=(16.5,3.0,24.5) region=west_house
LOOK play FogVolume spawned density=0.030 (god-ray medium)
LOOK tier=Ultra pcss=Some(12.0) shadow_map=4096 sun=66deg/25deg illum=20000 contact=true
INPUT_TRACE AFTER  handler R_just_pressed=false R_held=false jp=[] demo_fid=0
VFX_RIG_WEAPON_TRAIL attach actor=Player entity=654v0
INPUT_TRACE BEFORE inject  R_just_pressed=false R_held=false jp=[] demo_fid=0
ANIM_RIG_NPC dressed entity=798v0 look=Villager
INPUT_TRACE AFTER  handler R_just_pressed=false R_held=false jp=[] demo_fid=0
INPUT_TRACE BEFORE inject  R_just_pressed=false R_held=false jp=[] demo_fid=0
INPUT_TRACE AFTER  handler R_just_pressed=false R_held=false jp=[] demo_fid=0
INPUT_TRACE BEFORE inject  R_just_pressed=false R_held=false jp=[] demo_fid=0
INPUT_TRACE AFTER  handler R_just_pressed=false R_held=false jp=[] demo_fid=0
INPUT_TRACE BEFORE inject  R_just_pressed=false R_held=false jp=[] demo_fid=0
INPUT_TRACE AFTER  handler R_just_pressed=false R_held=false jp=[] demo_fid=0
INPUT_TRACE BEFORE inject  R_just_pressed=false R_held=false jp=[] demo_fid=0
INPUT_TRACE AFTER  handler R_just_pressed=false R_held=false jp=[] demo_fid=0
INPUT_TRACE BEFORE inject  R_just_pressed=false R_held=false jp=[] demo_fid=0
INPUT_TRACE AFTER  handler R_just_pressed=false R_held=false jp=[] demo_fid=0
INPUT_TRACE BEFORE inject  R_just_pressed=false R_held=false jp=[] demo_fid=0
INPUT_TRACE AFTER  handler R_just_pressed=false R_held=false jp=[] demo_fid=0
INPUT_TRACE BEFORE inject  R_just_pressed=false R_held=false jp=[] demo_fid=0
INPUT_TRACE AFTER  handler R_just_pressed=false R_held=false jp=[] demo_fid=0
INPUT_TRACE BEFORE inject  R_just_pressed=false R_held=false jp=[] demo_fid=0
INPUT_TRACE AFTER  handler R_just_pressed=false R_held=false jp=[] demo_fid=0
INPUT_TRACE BEFORE inject  R_just_pressed=false R_held=false jp=[] demo_fid=0
INPUT_TRACE AFTER  handler R_just_pressed=false R_held=false jp=[] demo_fid=0
INPUT_TRACE BEFORE inject  R_just_pressed=false R_held=false jp=[] demo_fid=0
INPUT_TRACE AFTER  handler R_just_pressed=false R_held=false jp=[] demo_fid=0
INPUT_TRACE BEFORE inject  R_just_pressed=false R_held=false jp=[] demo_fid=0
INPUT_TRACE AFTER  handler R_just_pressed=false R_held=false jp=[] demo_fid=0
INPUT_TRACE BEFORE inject  R_just_pressed=false R_held=false jp=[] demo_fid=0
INPUT_TRACE AFTER  handler R_just_pressed=false R_held=false jp=[] demo_fid=0
INPUT_TRACE BEFORE inject  R_just_pressed=false R_held=false jp=[] demo_fid=0
INPUT_TRACE AFTER  handler R_just_pressed=false R_held=false jp=[] demo_fid=0
INPUT_TRACE BEFORE inject  R_just_pressed=false R_held=false jp=[] demo_fid=0
INPUT_TRACE AFTER  handler R_just_pressed=false R_held=false jp=[] demo_fid=0
INPUT_TRACE BEFORE inject  R_just_pressed=false R_held=false jp=[] demo_fid=0
INPUT_TRACE AFTER  handler R_just_pressed=false R_held=false jp=[] demo_fid=0
INPUT_TRACE BEFORE inject  R_just_pressed=false R_held=false jp=[] demo_fid=0
INPUT_TRACE AFTER  handler R_just_pressed=false R_held=false jp=[] demo_fid=0
INPUT_TRACE BEFORE inject  R_just_pressed=false R_held=false jp=[] demo_fid=0
INPUT_TRACE AFTER  handler R_just_pressed=false R_held=false jp=[] demo_fid=0
INPUT_TRACE BEFORE inject  R_just_pressed=false R_held=false jp=[] demo_fid=0
INPUT_TRACE AFTER  handler R_just_pressed=false R_held=false jp=[] demo_fid=0
INPUT_TRACE BEFORE inject  R_just_pressed=false R_held=false jp=[] demo_fid=0
INPUT_TRACE AFTER  handler R_just_pressed=false R_held=false jp=[] demo_fid=0
INPUT_TRACE BEFORE inject  R_just_pressed=false R_held=false jp=[] demo_fid=0
INPUT_TRACE AFTER  handler R_just_pressed=false R_held=false jp=[] demo_fid=0
INPUT_TRACE BEFORE inject  R_just_pressed=false R_held=false jp=[] demo_fid=0
INPUT_TRACE AFTER  handler R_just_pressed=false R_held=false jp=[] demo_fid=0
INPUT_TRACE BEFORE inject  R_just_pressed=false R_held=false jp=[] demo_fid=0
INPUT_TRACE AFTER  handler R_just_pressed=false R_held=false jp=[] demo_fid=0
INPUT_TRACE BEFORE inject  R_just_pressed=false R_held=false jp=[] demo_fid=0
INPUT_TRACE AFTER  handler R_just_pressed=false R_held=false jp=[] demo_fid=0
INPUT_TRACE BEFORE inject  R_just_pressed=false R_held=false jp=[] demo_fid=0
INPUT_TRACE AFTER  handler R_just_pressed=false R_held=false jp=[] demo_fid=0
INPUT_TRACE BEFORE inject  R_just_pressed=false R_held=false jp=[] demo_fid=0
INPUT_TRACE AFTER  handler R_just_pressed=false R_held=false jp=[] demo_fid=0
INPUT_TRACE BEFORE inject  R_just_pressed=false R_held=false jp=[] demo_fid=0
INPUT_TRACE AFTER  handler R_just_pressed=false R_held=false jp=[] demo_fid=0
INPUT_TRACE BEFORE inject  R_just_pressed=false R_held=false jp=[] demo_fid=0
INPUT_TRACE AFTER  handler R_just_pressed=false R_held=false jp=[] demo_fid=0
INPUT_TRACE BEFORE inject  R_just_pressed=false R_held=false jp=[] demo_fid=0
INPUT_TRACE AFTER  handler R_just_pressed=false R_held=false jp=[] demo_fid=0
INPUT_TRACE BEFORE inject  R_just_pressed=false R_held=false jp=[] demo_fid=0
INPUT_TRACE AFTER  handler R_just_pressed=false R_held=false jp=[] demo_fid=0
INPUT_TRACE BEFORE inject  R_just_pressed=false R_held=false jp=[] demo_fid=0
INPUT_TRACE AFTER  handler R_just_pressed=false R_held=false jp=[] demo_fid=0
INPUT_TRACE BEFORE inject  R_just_pressed=false R_held=false jp=[] demo_fid=0
INPUT_TRACE AFTER  handler R_just_pressed=false R_held=false jp=[] demo_fid=0
INPUT_TRACE BEFORE inject  R_just_pressed=false R_held=false jp=[] demo_fid=0
INPUT_TRACE AFTER  handler R_just_pressed=false R_held=false jp=[] demo_fid=0
INPUT_TRACE BEFORE inject  R_just_pressed=false R_held=false jp=[] demo_fid=0
INPUT_TRACE AFTER  handler R_just_pressed=false R_held=false jp=[] demo_fid=0
INPUT_TRACE BEFORE inject  R_just_pressed=false R_held=false jp=[] demo_fid=0
INPUT_TRACE AFTER  handler R_just_pressed=false R_held=false jp=[] demo_fid=0
INPUT_TRACE BEFORE inject  R_just_pressed=false R_held=false jp=[] demo_fid=0
INPUT_TRACE AFTER  handler R_just_pressed=false R_held=false jp=[] demo_fid=0
INPUT_TRACE BEFORE inject  R_just_pressed=false R_held=false jp=[] demo_fid=0
INPUT_TRACE AFTER  handler R_just_pressed=false R_held=false jp=[] demo_fid=0
INPUT_TRACE BEFORE inject  R_just_pressed=false R_held=false jp=[] demo_fid=0
INPUT_TRACE AFTER  handler R_just_pressed=false R_held=false jp=[] demo_fid=0
INPUT_TRACE BEFORE inject  R_just_pressed=false R_held=false jp=[] demo_fid=0
INPUT_TRACE AFTER  handler R_just_pressed=false R_held=false jp=[] demo_fid=0
INPUT_TRACE BEFORE inject  R_just_pressed=false R_held=false jp=[] demo_fid=0
INPUT_TRACE AFTER  handler R_just_pressed=false R_held=false jp=[] demo_fid=0
INPUT_TRACE BEFORE inject  R_just_pressed=false R_held=false jp=[] demo_fid=0
INPUT_TRACE AFTER  handler R_just_pressed=false R_held=false jp=[] demo_fid=0
INPUT_TRACE BEFORE inject  R_just_pressed=false R_held=false jp=[] demo_fid=0
INPUT_TRACE AFTER  handler R_just_pressed=false R_held=false jp=[] demo_fid=0
INPUT_TRACE BEFORE inject  R_just_pressed=false R_held=false jp=[] demo_fid=0
INPUT_TRACE AFTER  handler R_just_pressed=false R_held=false jp=[] demo_fid=0
INPUT_TRACE BEFORE inject  R_just_pressed=false R_held=false jp=[] demo_fid=0
INPUT_TRACE AFTER  handler R_just_pressed=false R_held=false jp=[] demo_fid=0
INPUT_TRACE BEFORE inject  R_just_pressed=false R_held=false jp=[] demo_fid=0
SHOT saved to E:\Projects\bagidea-ai-agents-office\workspace\projects\Voxelforge\docs\assets\look\ab-elev\s2cam-elev66-az25.png
INPUT_TRACE AFTER  handler R_just_pressed=false R_held=false jp=[] demo_fid=0
INPUT_TRACE BEFORE inject  R_just_pressed=false R_held=false jp=[] demo_fid=0
INPUT_TRACE AFTER  handler R_just_pressed=false R_held=false jp=[] demo_fid=0
INPUT_TRACE BEFORE inject  R_just_pressed=false R_held=false jp=[] demo_fid=0
INPUT_TRACE AFTER  handler R_just_pressed=false R_held=false jp=[] demo_fid=0
INPUT_TRACE BEFORE inject  R_just_pressed=false R_held=false jp=[] demo_fid=0
INPUT_TRACE AFTER  handler R_just_pressed=false R_held=false jp=[] demo_fid=0
INPUT_TRACE BEFORE inject  R_just_pressed=false R_held=false jp=[] demo_fid=0
INPUT_TRACE AFTER  handler R_just_pressed=false R_held=false jp=[] demo_fid=0
INPUT_TRACE BEFORE inject  R_just_pressed=false R_held=false jp=[] demo_fid=0
2026-08-14T21:21:05.330827Z  INFO bevy_render::view::window::screenshot: Screenshot saved to E:\Projects\bagidea-ai-agents-office\workspace\projects\Voxelforge\docs\assets\look\ab-elev\s2cam-elev66-az25.png
INPUT_TRACE AFTER  handler R_just_pressed=false R_held=false jp=[] demo_fid=0
INPUT_TRACE BEFORE inject  R_just_pressed=false R_held=false jp=[] demo_fid=0
INPUT_TRACE AFTER  handler R_just_pressed=false R_held=false jp=[] demo_fid=0
INPUT_TRACE BEFORE inject  R_just_pressed=false R_held=false jp=[] demo_fid=0
INPUT_TRACE AFTER  handler R_just_pressed=false R_held=false jp=[] demo_fid=0
INPUT_TRACE BEFORE inject  R_just_pressed=false R_held=false jp=[] demo_fid=0
INPUT_TRACE AFTER  handler R_just_pressed=false R_held=false jp=[] demo_fid=0
INPUT_TRACE BEFORE inject  R_just_pressed=false R_held=false jp=[] demo_fid=0
INPUT_TRACE AFTER  handler R_just_pressed=false R_held=false jp=[] demo_fid=0
INPUT_TRACE BEFORE inject  R_just_pressed=false R_held=false jp=[] demo_fid=0
INPUT_TRACE AFTER  handler R_just_pressed=false R_held=false jp=[] demo_fid=0
INPUT_TRACE BEFORE inject  R_just_pressed=false R_held=false jp=[] demo_fid=0
INPUT_TRACE AFTER  handler R_just_pressed=false R_held=false jp=[] demo_fid=0
INPUT_TRACE BEFORE inject  R_just_pressed=false R_held=false jp=[] demo_fid=0
INPUT_TRACE AFTER  handler R_just_pressed=false R_held=false jp=[] demo_fid=0
INPUT_TRACE BEFORE inject  R_just_pressed=false R_held=false jp=[] demo_fid=0
INPUT_TRACE AFTER  handler R_just_pressed=false R_held=false jp=[] demo_fid=0
INPUT_TRACE BEFORE inject  R_just_pressed=false R_held=false jp=[] demo_fid=0
INPUT_TRACE AFTER  handler R_just_pressed=false R_held=false jp=[] demo_fid=0
INPUT_TRACE BEFORE inject  R_just_pressed=false R_held=false jp=[] demo_fid=0
INPUT_TRACE AFTER  handler R_just_pressed=false R_held=false jp=[] demo_fid=0
INPUT_TRACE BEFORE inject  R_just_pressed=false R_held=false jp=[] demo_fid=0
INPUT_TRACE AFTER  handler R_just_pressed=false R_held=false jp=[] demo_fid=0
INPUT_TRACE BEFORE inject  R_just_pressed=false R_held=false jp=[] demo_fid=0
INPUT_TRACE AFTER  handler R_just_pressed=false R_held=false jp=[] demo_fid=0
INPUT_TRACE BEFORE inject  R_just_pressed=false R_held=false jp=[] demo_fid=0
INPUT_TRACE AFTER  handler R_just_pressed=false R_held=false jp=[] demo_fid=0
INPUT_TRACE BEFORE inject  R_just_pressed=false R_held=false jp=[] demo_fid=0
INPUT_TRACE AFTER  handler R_just_pressed=false R_held=false jp=[] demo_fid=0
INPUT_TRACE BEFORE inject  R_just_pressed=false R_held=false jp=[] demo_fid=0
INPUT_TRACE AFTER  handler R_just_pressed=false R_held=false jp=[] demo_fid=0
INPUT_TRACE BEFORE inject  R_just_pressed=false R_held=false jp=[] demo_fid=0
INPUT_TRACE AFTER  handler R_just_pressed=false R_held=false jp=[] demo_fid=0
INPUT_TRACE BEFORE inject  R_just_pressed=false R_held=false jp=[] demo_fid=0
INPUT_TRACE AFTER  handler R_just_pressed=false R_held=false jp=[] demo_fid=0
INPUT_TRACE BEFORE inject  R_just_pressed=false R_held=false jp=[] demo_fid=0
INPUT_TRACE AFTER  handler R_just_pressed=false R_held=false jp=[] demo_fid=0
INPUT_TRACE BEFORE inject  R_just_pressed=false R_held=false jp=[] demo_fid=0
INPUT_TRACE AFTER  handler R_just_pressed=false R_held=false jp=[] demo_fid=0
INPUT_TRACE BEFORE inject  R_just_pressed=false R_held=false jp=[] demo_fid=0
INPUT_TRACE AFTER  handler R_just_pressed=false R_held=false jp=[] demo_fid=0
INPUT_TRACE BEFORE inject  R_just_pressed=false R_held=false jp=[] demo_fid=0
INPUT_TRACE AFTER  handler R_just_pressed=false R_held=false jp=[] demo_fid=0
INPUT_TRACE BEFORE inject  R_just_pressed=false R_held=false jp=[] demo_fid=0
INPUT_TRACE AFTER  handler R_just_pressed=false R_held=false jp=[] demo_fid=0
INPUT_TRACE BEFORE inject  R_just_pressed=false R_held=false jp=[] demo_fid=0
INPUT_TRACE AFTER  handler R_just_pressed=false R_held=false jp=[] demo_fid=0
INPUT_TRACE BEFORE inject  R_just_pressed=false R_held=false jp=[] demo_fid=0
INPUT_TRACE AFTER  handler R_just_pressed=false R_held=false jp=[] demo_fid=0
INPUT_TRACE BEFORE inject  R_just_pressed=false R_held=false jp=[] demo_fid=0
INPUT_TRACE AFTER  handler R_just_pressed=false R_held=false jp=[] demo_fid=0
INPUT_TRACE BEFORE inject  R_just_pressed=false R_held=false jp=[] demo_fid=0
INPUT_TRACE AFTER  handler R_just_pressed=false R_held=false jp=[] demo_fid=0
INPUT_TRACE BEFORE inject  R_just_pressed=false R_held=false jp=[] demo_fid=0
INPUT_TRACE AFTER  handler R_just_pressed=false R_held=false jp=[] demo_fid=0
INPUT_TRACE BEFORE inject  R_just_pressed=false R_held=false jp=[] demo_fid=0
INPUT_TRACE AFTER  handler R_just_pressed=false R_held=false jp=[] demo_fid=0
INPUT_TRACE BEFORE inject  R_just_pressed=false R_held=false jp=[] demo_fid=0
INPUT_TRACE AFTER  handler R_just_pressed=false R_held=false jp=[] demo_fid=0
INPUT_TRACE BEFORE inject  R_just_pressed=false R_held=false jp=[] demo_fid=0
INPUT_TRACE AFTER  handler R_just_pressed=false R_held=false jp=[] demo_fid=0
INPUT_TRACE BEFORE inject  R_just_pressed=false R_held=false jp=[] demo_fid=0
INPUT_TRACE AFTER  handler R_just_pressed=false R_held=false jp=[] demo_fid=0
INPUT_TRACE BEFORE inject  R_just_pressed=false R_held=false jp=[] demo_fid=0
INPUT_TRACE AFTER  handler R_just_pressed=false R_held=false jp=[] demo_fid=0
INPUT_TRACE BEFORE inject  R_just_pressed=false R_held=false jp=[] demo_fid=0
INPUT_TRACE AFTER  handler R_just_pressed=false R_held=false jp=[] demo_fid=0
[azflip] s2cam-elev22-az25  sun=22,25,20000 cine=18,9,44, 18,9,44, 31,1.5,29, 1 
2026-08-14T21:21:08.684891Z  INFO bevy_diagnostic::system_information_diagnostics_plugin::internal: SystemInfo { os: "Windows 11 Home", kernel: "26200", cpu: "12th Gen Intel(R) Core(TM) i5-12600K", core_count: "10", memory: "15.8 GiB" }
2026-08-14T21:21:09.037875Z  INFO bevy_render::renderer: AdapterInfo { name: "NVIDIA GeForce GTX 1060 6GB", vendor: 4318, device: 7171, device_type: DiscreteGpu, device_pci_bus_id: "0000:03:00.0", driver: "NVIDIA", driver_info: "560.94", backend: Vulkan, subgroup_min_size: 32, subgroup_max_size: 32, transient_saves_memory: false }
EDITOR_CONFIG loaded editor_config.json — 16 actions, grid_snap=1
CINE eye Vec3(18.0, 9.0, 44.0)->Vec3(18.0, 9.0, 44.0) aim Vec3(31.0, 1.5, 29.0)->Vec3(31.0, 1.5, 29.0) secs=1 start=1 exit=None
AI_MODE tactics (perception + squad pass)
SETTINGS loaded settings.json
2026-08-14T21:21:09.236833Z  INFO bevy_pbr::cluster: GPU clustering is supported on this device.
2026-08-14T21:21:09.236883Z  INFO bevy_render::batching::gpu_preprocessing: GPU preprocessing is fully supported on this device.
2026-08-14T21:21:09.237190Z  INFO bevy_egui::render: Using bindless_mode_array_size 16 (Device maximum 1048576)
2026-08-14T21:21:09.237309Z  INFO bevy_winit::system: Creating new window Voxelforge — Phase 0 spike (65v0)
STORY_LOAD ok path=assets/story/act1.json quests=5 npcs=3 dialogues=12 regions=9
MAP_LOAD ok path=maps/edhari.json name="edhari" blocks=9537 size=2x2 chunks
MESH_PATH split (one mesh + material per block type)
MAP_APPLY set=9537 skipped=0 total_quads=9262
QUEST_INIT start=q1_embers
QUEST_INIT quests_loaded=5
ENEMY_SPAWN kind=sentinel parts=30 height=3.38b feet=(32.0,1.0,25.0) yaw=0.00
HUSK2_SPAWN kind=sentinel at (32.0,1.0,25.0)
SPAWN_ENCOUNTER husk at (32.0,_,25.0) on Edhari surface
SPAWN_GROUND col=(32,32) top=0 feet=1 => PASS
SCENE_READY source=maps/edhari.json spawn=(32.5,2.6,32.5) surface=0 campfire=(32.5,1.0,29.5)
SPAWN_NPC id=maren name="Elder Maren" pos=(32,2,4)
SPAWN_NPC id=toma name="Toma" pos=(16,1.5,24)
QUEST_LOAD ok path=quest_save.json flags=5 quests=1
ENTER_PLAY
AUDIO_PLAY:audio/music_theme.wav t=0.00 pos=(non-spatial)
AUDIO_PLAY:audio/ambient_wind.wav t=0.00 pos=(omnipresent)
AUDIO_PLAY:audio/ambient_campfire.wav t=0.00 pos=(32.5,1.0,29.5)
AUDIO_PLAY:audio/ambient_village.wav t=0.00 pos=(47.5,2.6,22.5)
INPUT_TRACE BEFORE inject  R_just_pressed=false R_held=false jp=[] demo_fid=0
QUEST_FEEDBACK q1_embers complete → text + sound
ANIM_RIG_WEAPON spawn actor=Player entity=654v0
AUDIO_PLAY:audio/player_respawn.wav t=0.00 pos=(0.0,0.0,0.0)
LOOK_IBL gen=V3 nits=330
ANIM_RIG_NPC dressed entity=609v0 look=Villager
LOOK atmosphere spawned mode=lut aerial_max=72
LOOK_FILL gen=V3 ambient=620 sky=1400lux@76deg bounce=1100lux@28deg rim=600lux@14deg contact_sky=true
AUDIO_ZONE:Campfire t=0.00 pos=(32.5,2.6,32.5)
VFX campfire lit at (32.5,1.0,29.5)
ANIM_RIG_NPC dressed entity=610v0 look=Villager
QUEST_AREA enter=spawn_shelter player=(32.5,32.5)
CAST_SPAWN who=maren root=689v0 body_boxes=24 gear_boxes=0 slots_filled=0/6 height=1.96b feet=(32.0,13.0,4.0) yaw=3.14
QUEST_DIALOGUE fire id=dlg_maren_first_call trigger=on_objective
CAST_WEAR who=maren head=- torso=- legs=- hands=- weapon=- back=-
CAST_MATERIALS who=maren total=24 cloth=11 hair=4 skin=3 metal=2 wood=2 leather=1 glow=1
CAST_DRESSED id=maren placeholder_mesh=removed body=maren feet=(32.0,13.0,4.0)
CAST_SPAWN who=toma root=750v0 body_boxes=17 gear_boxes=0 slots_filled=0/6 height=1.34b feet=(16.0,3.0,24.0) yaw=3.14
CAST_WEAR who=toma head=- torso=- legs=- hands=- weapon=- back=-
CAST_MATERIALS who=toma total=17 cloth=8 skin=3 hair=3 wood=3
CAST_DRESSED id=toma placeholder_mesh=removed body=toma feet=(16.0,3.0,24.0)
CAST_SPAWN who=toma root=774v0 body_boxes=17 gear_boxes=0 slots_filled=0/6 height=1.34b feet=(16.5,3.0,24.5) yaw=-1.57
CAST_WEAR who=toma head=- torso=- legs=- hands=- weapon=- back=-
CAST_MATERIALS who=toma total=17 cloth=8 skin=3 hair=3 wood=3
CAST_SPAWN_NPC id=toma feet=(16.5,3.0,24.5) region=west_house
LOOK play FogVolume spawned density=0.030 (god-ray medium)
LOOK tier=Ultra pcss=Some(12.0) shadow_map=4096 sun=22deg/25deg illum=20000 contact=true
INPUT_TRACE AFTER  handler R_just_pressed=false R_held=false jp=[] demo_fid=0
INPUT_TRACE BEFORE inject  R_just_pressed=false R_held=false jp=[] demo_fid=0
VFX_RIG_WEAPON_TRAIL attach actor=Player entity=654v0
ANIM_RIG_NPC dressed entity=798v0 look=Villager
INPUT_TRACE AFTER  handler R_just_pressed=false R_held=false jp=[] demo_fid=0
INPUT_TRACE BEFORE inject  R_just_pressed=false R_held=false jp=[] demo_fid=0
INPUT_TRACE AFTER  handler R_just_pressed=false R_held=false jp=[] demo_fid=0
INPUT_TRACE BEFORE inject  R_just_pressed=false R_held=false jp=[] demo_fid=0
INPUT_TRACE AFTER  handler R_just_pressed=false R_held=false jp=[] demo_fid=0
INPUT_TRACE BEFORE inject  R_just_pressed=false R_held=false jp=[] demo_fid=0
INPUT_TRACE AFTER  handler R_just_pressed=false R_held=false jp=[] demo_fid=0
INPUT_TRACE BEFORE inject  R_just_pressed=false R_held=false jp=[] demo_fid=0
INPUT_TRACE AFTER  handler R_just_pressed=false R_held=false jp=[] demo_fid=0
INPUT_TRACE BEFORE inject  R_just_pressed=false R_held=false jp=[] demo_fid=0
INPUT_TRACE AFTER  handler R_just_pressed=false R_held=false jp=[] demo_fid=0
INPUT_TRACE BEFORE inject  R_just_pressed=false R_held=false jp=[] demo_fid=0
INPUT_TRACE AFTER  handler R_just_pressed=false R_held=false jp=[] demo_fid=0
INPUT_TRACE BEFORE inject  R_just_pressed=false R_held=false jp=[] demo_fid=0
INPUT_TRACE AFTER  handler R_just_pressed=false R_held=false jp=[] demo_fid=0
INPUT_TRACE BEFORE inject  R_just_pressed=false R_held=false jp=[] demo_fid=0
INPUT_TRACE AFTER  handler R_just_pressed=false R_held=false jp=[] demo_fid=0
INPUT_TRACE BEFORE inject  R_just_pressed=false R_held=false jp=[] demo_fid=0
INPUT_TRACE AFTER  handler R_just_pressed=false R_held=false jp=[] demo_fid=0
INPUT_TRACE BEFORE inject  R_just_pressed=false R_held=false jp=[] demo_fid=0
INPUT_TRACE AFTER  handler R_just_pressed=false R_held=false jp=[] demo_fid=0
INPUT_TRACE BEFORE inject  R_just_pressed=false R_held=false jp=[] demo_fid=0
INPUT_TRACE AFTER  handler R_just_pressed=false R_held=false jp=[] demo_fid=0
INPUT_TRACE BEFORE inject  R_just_pressed=false R_held=false jp=[] demo_fid=0
INPUT_TRACE AFTER  handler R_just_pressed=false R_held=false jp=[] demo_fid=0
INPUT_TRACE BEFORE inject  R_just_pressed=false R_held=false jp=[] demo_fid=0
INPUT_TRACE AFTER  handler R_just_pressed=false R_held=false jp=[] demo_fid=0
INPUT_TRACE BEFORE inject  R_just_pressed=false R_held=false jp=[] demo_fid=0
INPUT_TRACE AFTER  handler R_just_pressed=false R_held=false jp=[] demo_fid=0
INPUT_TRACE BEFORE inject  R_just_pressed=false R_held=false jp=[] demo_fid=0
INPUT_TRACE AFTER  handler R_just_pressed=false R_held=false jp=[] demo_fid=0
INPUT_TRACE BEFORE inject  R_just_pressed=false R_held=false jp=[] demo_fid=0
INPUT_TRACE AFTER  handler R_just_pressed=false R_held=false jp=[] demo_fid=0
INPUT_TRACE BEFORE inject  R_just_pressed=false R_held=false jp=[] demo_fid=0
INPUT_TRACE AFTER  handler R_just_pressed=false R_held=false jp=[] demo_fid=0
INPUT_TRACE BEFORE inject  R_just_pressed=false R_held=false jp=[] demo_fid=0
INPUT_TRACE AFTER  handler R_just_pressed=false R_held=false jp=[] demo_fid=0
INPUT_TRACE BEFORE inject  R_just_pressed=false R_held=false jp=[] demo_fid=0
INPUT_TRACE AFTER  handler R_just_pressed=false R_held=false jp=[] demo_fid=0
INPUT_TRACE BEFORE inject  R_just_pressed=false R_held=false jp=[] demo_fid=0
INPUT_TRACE AFTER  handler R_just_pressed=false R_held=false jp=[] demo_fid=0
INPUT_TRACE BEFORE inject  R_just_pressed=false R_held=false jp=[] demo_fid=0
INPUT_TRACE AFTER  handler R_just_pressed=false R_held=false jp=[] demo_fid=0
INPUT_TRACE BEFORE inject  R_just_pressed=false R_held=false jp=[] demo_fid=0
INPUT_TRACE AFTER  handler R_just_pressed=false R_held=false jp=[] demo_fid=0
INPUT_TRACE BEFORE inject  R_just_pressed=false R_held=false jp=[] demo_fid=0
INPUT_TRACE AFTER  handler R_just_pressed=false R_held=false jp=[] demo_fid=0
INPUT_TRACE BEFORE inject  R_just_pressed=false R_held=false jp=[] demo_fid=0
INPUT_TRACE AFTER  handler R_just_pressed=false R_held=false jp=[] demo_fid=0
INPUT_TRACE BEFORE inject  R_just_pressed=false R_held=false jp=[] demo_fid=0
INPUT_TRACE AFTER  handler R_just_pressed=false R_held=false jp=[] demo_fid=0
INPUT_TRACE BEFORE inject  R_just_pressed=false R_held=false jp=[] demo_fid=0
INPUT_TRACE AFTER  handler R_just_pressed=false R_held=false jp=[] demo_fid=0
INPUT_TRACE BEFORE inject  R_just_pressed=false R_held=false jp=[] demo_fid=0
INPUT_TRACE AFTER  handler R_just_pressed=false R_held=false jp=[] demo_fid=0
INPUT_TRACE BEFORE inject  R_just_pressed=false R_held=false jp=[] demo_fid=0
INPUT_TRACE AFTER  handler R_just_pressed=false R_held=false jp=[] demo_fid=0
INPUT_TRACE BEFORE inject  R_just_pressed=false R_held=false jp=[] demo_fid=0
INPUT_TRACE AFTER  handler R_just_pressed=false R_held=false jp=[] demo_fid=0
INPUT_TRACE BEFORE inject  R_just_pressed=false R_held=false jp=[] demo_fid=0
INPUT_TRACE AFTER  handler R_just_pressed=false R_held=false jp=[] demo_fid=0
INPUT_TRACE BEFORE inject  R_just_pressed=false R_held=false jp=[] demo_fid=0
INPUT_TRACE AFTER  handler R_just_pressed=false R_held=false jp=[] demo_fid=0
INPUT_TRACE BEFORE inject  R_just_pressed=false R_held=false jp=[] demo_fid=0
INPUT_TRACE AFTER  handler R_just_pressed=false R_held=false jp=[] demo_fid=0
INPUT_TRACE BEFORE inject  R_just_pressed=false R_held=false jp=[] demo_fid=0
INPUT_TRACE AFTER  handler R_just_pressed=false R_held=false jp=[] demo_fid=0
INPUT_TRACE BEFORE inject  R_just_pressed=false R_held=false jp=[] demo_fid=0
INPUT_TRACE AFTER  handler R_just_pressed=false R_held=false jp=[] demo_fid=0
INPUT_TRACE BEFORE inject  R_just_pressed=false R_held=false jp=[] demo_fid=0
INPUT_TRACE AFTER  handler R_just_pressed=false R_held=false jp=[] demo_fid=0
INPUT_TRACE BEFORE inject  R_just_pressed=false R_held=false jp=[] demo_fid=0
INPUT_TRACE AFTER  handler R_just_pressed=false R_held=false jp=[] demo_fid=0
INPUT_TRACE BEFORE inject  R_just_pressed=false R_held=false jp=[] demo_fid=0
INPUT_TRACE AFTER  handler R_just_pressed=false R_held=false jp=[] demo_fid=0
INPUT_TRACE BEFORE inject  R_just_pressed=false R_held=false jp=[] demo_fid=0
INPUT_TRACE AFTER  handler R_just_pressed=false R_held=false jp=[] demo_fid=0
INPUT_TRACE BEFORE inject  R_just_pressed=false R_held=false jp=[] demo_fid=0
INPUT_TRACE AFTER  handler R_just_pressed=false R_held=false jp=[] demo_fid=0
INPUT_TRACE BEFORE inject  R_just_pressed=false R_held=false jp=[] demo_fid=0
INPUT_TRACE AFTER  handler R_just_pressed=false R_held=false jp=[] demo_fid=0
INPUT_TRACE BEFORE inject  R_just_pressed=false R_held=false jp=[] demo_fid=0
INPUT_TRACE AFTER  handler R_just_pressed=false R_held=false jp=[] demo_fid=0
INPUT_TRACE BEFORE inject  R_just_pressed=false R_held=false jp=[] demo_fid=0
INPUT_TRACE AFTER  handler R_just_pressed=false R_held=false jp=[] demo_fid=0
INPUT_TRACE BEFORE inject  R_just_pressed=false R_held=false jp=[] demo_fid=0
INPUT_TRACE AFTER  handler R_just_pressed=false R_held=false jp=[] demo_fid=0
INPUT_TRACE BEFORE inject  R_just_pressed=false R_held=false jp=[] demo_fid=0
INPUT_TRACE AFTER  handler R_just_pressed=false R_held=false jp=[] demo_fid=0
INPUT_TRACE BEFORE inject  R_just_pressed=false R_held=false jp=[] demo_fid=0
INPUT_TRACE AFTER  handler R_just_pressed=false R_held=false jp=[] demo_fid=0
INPUT_TRACE BEFORE inject  R_just_pressed=false R_held=false jp=[] demo_fid=0
INPUT_TRACE AFTER  handler R_just_pressed=false R_held=false jp=[] demo_fid=0
INPUT_TRACE BEFORE inject  R_just_pressed=false R_held=false jp=[] demo_fid=0
INPUT_TRACE AFTER  handler R_just_pressed=false R_held=false jp=[] demo_fid=0
INPUT_TRACE BEFORE inject  R_just_pressed=false R_held=false jp=[] demo_fid=0
INPUT_TRACE AFTER  handler R_just_pressed=false R_held=false jp=[] demo_fid=0
INPUT_TRACE BEFORE inject  R_just_pressed=false R_held=false jp=[] demo_fid=0
INPUT_TRACE AFTER  handler R_just_pressed=false R_held=false jp=[] demo_fid=0
INPUT_TRACE BEFORE inject  R_just_pressed=false R_held=false jp=[] demo_fid=0
INPUT_TRACE AFTER  handler R_just_pressed=false R_held=false jp=[] demo_fid=0
INPUT_TRACE BEFORE inject  R_just_pressed=false R_held=false jp=[] demo_fid=0
INPUT_TRACE AFTER  handler R_just_pressed=false R_held=false jp=[] demo_fid=0
INPUT_TRACE BEFORE inject  R_just_pressed=false R_held=false jp=[] demo_fid=0
INPUT_TRACE AFTER  handler R_just_pressed=false R_held=false jp=[] demo_fid=0
INPUT_TRACE BEFORE inject  R_just_pressed=false R_held=false jp=[] demo_fid=0
INPUT_TRACE AFTER  handler R_just_pressed=false R_held=false jp=[] demo_fid=0
INPUT_TRACE BEFORE inject  R_just_pressed=false R_held=false jp=[] demo_fid=0
INPUT_TRACE AFTER  handler R_just_pressed=false R_held=false jp=[] demo_fid=0
INPUT_TRACE BEFORE inject  R_just_pressed=false R_held=false jp=[] demo_fid=0
INPUT_TRACE AFTER  handler R_just_pressed=false R_held=false jp=[] demo_fid=0
INPUT_TRACE BEFORE inject  R_just_pressed=false R_held=false jp=[] demo_fid=0
INPUT_TRACE AFTER  handler R_just_pressed=false R_held=false jp=[] demo_fid=0
INPUT_TRACE BEFORE inject  R_just_pressed=false R_held=false jp=[] demo_fid=0
INPUT_TRACE AFTER  handler R_just_pressed=false R_held=false jp=[] demo_fid=0
INPUT_TRACE BEFORE inject  R_just_pressed=false R_held=false jp=[] demo_fid=0
INPUT_TRACE AFTER  handler R_just_pressed=false R_held=false jp=[] demo_fid=0
INPUT_TRACE BEFORE inject  R_just_pressed=false R_held=false jp=[] demo_fid=0
INPUT_TRACE AFTER  handler R_just_pressed=false R_held=false jp=[] demo_fid=0
INPUT_TRACE BEFORE inject  R_just_pressed=false R_held=false jp=[] demo_fid=0
INPUT_TRACE AFTER  handler R_just_pressed=false R_held=false jp=[] demo_fid=0
INPUT_TRACE BEFORE inject  R_just_pressed=false R_held=false jp=[] demo_fid=0
INPUT_TRACE AFTER  handler R_just_pressed=false R_held=false jp=[] demo_fid=0
INPUT_TRACE BEFORE inject  R_just_pressed=false R_held=false jp=[] demo_fid=0
INPUT_TRACE AFTER  handler R_just_pressed=false R_held=false jp=[] demo_fid=0
INPUT_TRACE BEFORE inject  R_just_pressed=false R_held=false jp=[] demo_fid=0
INPUT_TRACE AFTER  handler R_just_pressed=false R_held=false jp=[] demo_fid=0
INPUT_TRACE BEFORE inject  R_just_pressed=false R_held=false jp=[] demo_fid=0
INPUT_TRACE AFTER  handler R_just_pressed=false R_held=false jp=[] demo_fid=0
INPUT_TRACE BEFORE inject  R_just_pressed=false R_held=false jp=[] demo_fid=0
INPUT_TRACE AFTER  handler R_just_pressed=false R_held=false jp=[] demo_fid=0
INPUT_TRACE BEFORE inject  R_just_pressed=false R_held=false jp=[] demo_fid=0
SHOT saved to E:\Projects\bagidea-ai-agents-office\workspace\projects\Voxelforge\docs\assets\look\ab-elev\s2cam-elev22-az25.png
INPUT_TRACE AFTER  handler R_just_pressed=false R_held=false jp=[] demo_fid=0
INPUT_TRACE BEFORE inject  R_just_pressed=false R_held=false jp=[] demo_fid=0
INPUT_TRACE AFTER  handler R_just_pressed=false R_held=false jp=[] demo_fid=0
INPUT_TRACE BEFORE inject  R_just_pressed=false R_held=false jp=[] demo_fid=0
INPUT_TRACE AFTER  handler R_just_pressed=false R_held=false jp=[] demo_fid=0
INPUT_TRACE BEFORE inject  R_just_pressed=false R_held=false jp=[] demo_fid=0
INPUT_TRACE AFTER  handler R_just_pressed=false R_held=false jp=[] demo_fid=0
INPUT_TRACE BEFORE inject  R_just_pressed=false R_held=false jp=[] demo_fid=0
INPUT_TRACE AFTER  handler R_just_pressed=false R_held=false jp=[] demo_fid=0
INPUT_TRACE BEFORE inject  R_just_pressed=false R_held=false jp=[] demo_fid=0
2026-08-14T21:21:15.207977Z  INFO bevy_render::view::window::screenshot: Screenshot saved to E:\Projects\bagidea-ai-agents-office\workspace\projects\Voxelforge\docs\assets\look\ab-elev\s2cam-elev22-az25.png
INPUT_TRACE AFTER  handler R_just_pressed=false R_held=false jp=[] demo_fid=0
voxelforge.exe : 2026-08-14T21:23:32.558306Z  INFO bevy_diagnostic::system_information_diagnostics_plugin::internal: 
SystemInfo { os: "Windows 11 Home", kernel: "26200", cpu: "12th Gen Intel(R) Core(TM) i5-12600K", core_count: "10", 
memory: "15.8 GiB" }
At line:1 char:918
+ ... ] elev=$e"; & ".\target-poppy\perf\voxelforge.exe" --play *>> "docs\a ...
+                 ~~~~~~~~~~~~~~~~~~~~~~~~~~~~~~~~~~~~~~~~~~~~~~~~~~~~~~~~~
    + CategoryInfo          : NotSpecified: (2026-08-14T21:2...y: "15.8 GiB" }:String) [], RemoteException
    + FullyQualifiedErrorId : NativeCommandError
 
2026-08-14T21:23:32.888448Z  INFO bevy_render::renderer: AdapterInfo { name: "NVIDIA GeForce GTX 1060 6GB", vendor: 
4318, device: 7171, device_type: DiscreteGpu, device_pci_bus_id: "0000:03:00.0", driver: "NVIDIA", driver_info: 
"560.94", backend: Vulkan, subgroup_min_size: 32, subgroup_max_size: 32, transient_saves_memory: false }
EDITOR_CONFIG loaded editor_config.json — 16 actions, grid_snap=1
CINE eye Vec3(44.0, 14.0, 44.0)->Vec3(44.0, 14.0, 44.0) aim Vec3(32.5, 2.0, 29.5)->Vec3(32.5, 2.0, 29.5) secs=1 start=1 exit=None
AI_MODE tactics (perception + squad pass)
SETTINGS loaded settings.json
2026-08-14T21:23:33.150627Z  INFO bevy_pbr::cluster: GPU clustering is supported on this device.
2026-08-14T21:23:33.150669Z  INFO bevy_render::batching::gpu_preprocessing: GPU preprocessing is fully supported on 
this device.
2026-08-14T21:23:33.151058Z  INFO bevy_egui::render: Using bindless_mode_array_size 16 (Device maximum 1048576)
2026-08-14T21:23:33.151192Z  INFO bevy_winit::system: Creating new window Voxelforge — Phase 0 spike (65v0)
STORY_LOAD ok path=assets/story/act1.json quests=5 npcs=3 dialogues=12 regions=9
MAP_LOAD ok path=maps/edhari.json name="edhari" blocks=9537 size=2x2 chunks
MESH_PATH split (one mesh + material per block type)
MAP_APPLY set=9537 skipped=0 total_quads=9262
QUEST_INIT start=q1_embers
QUEST_INIT quests_loaded=5
ENEMY_SPAWN kind=sentinel parts=30 height=3.38b feet=(32.0,1.0,25.0) yaw=0.00
HUSK2_SPAWN kind=sentinel at (32.0,1.0,25.0)
SPAWN_ENCOUNTER husk at (32.0,_,25.0) on Edhari surface
SPAWN_GROUND col=(32,32) top=0 feet=1 => PASS
SCENE_READY source=maps/edhari.json spawn=(32.5,2.6,32.5) surface=0 campfire=(32.5,1.0,29.5)
SPAWN_NPC id=maren name="Elder Maren" pos=(32,2,4)
SPAWN_NPC id=toma name="Toma" pos=(16,1.5,24)
QUEST_LOAD ok path=quest_save.json flags=5 quests=1
ENTER_PLAY
AUDIO_PLAY:audio/music_theme.wav t=0.00 pos=(non-spatial)
AUDIO_PLAY:audio/ambient_wind.wav t=0.00 pos=(omnipresent)
AUDIO_PLAY:audio/ambient_campfire.wav t=0.00 pos=(32.5,1.0,29.5)
AUDIO_PLAY:audio/ambient_village.wav t=0.00 pos=(47.5,2.6,22.5)
INPUT_TRACE BEFORE inject  R_just_pressed=false R_held=false jp=[] demo_fid=0
ANIM_RIG_WEAPON spawn actor=Player entity=654v0
LOOK_FILL gen=V3 ambient=620 sky=1400lux@76deg bounce=1100lux@28deg rim=600lux@14deg contact_sky=true
QUEST_FEEDBACK q1_embers complete → text + sound
LOOK atmosphere spawned mode=lut aerial_max=72
VFX campfire lit at (32.5,1.0,29.5)
AUDIO_PLAY:audio/player_respawn.wav t=0.00 pos=(0.0,0.0,0.0)
QUEST_DIALOGUE fire id=dlg_maren_first_call trigger=on_objective
AUDIO_ZONE:Campfire t=0.00 pos=(32.5,2.6,32.5)
LOOK_IBL gen=V3 nits=330
ANIM_RIG_NPC dressed entity=609v0 look=Villager
QUEST_AREA enter=spawn_shelter player=(32.5,32.5)
ANIM_RIG_NPC dressed entity=610v0 look=Villager
CAST_SPAWN who=maren root=690v0 body_boxes=24 gear_boxes=0 slots_filled=0/6 height=1.96b feet=(32.0,13.0,4.0) yaw=3.14
CAST_WEAR who=maren head=- torso=- legs=- hands=- weapon=- back=-
CAST_MATERIALS who=maren total=24 cloth=11 hair=4 skin=3 metal=2 wood=2 leather=1 glow=1
CAST_DRESSED id=maren placeholder_mesh=removed body=maren feet=(32.0,13.0,4.0)
CAST_SPAWN who=toma root=750v0 body_boxes=17 gear_boxes=0 slots_filled=0/6 height=1.34b feet=(16.0,3.0,24.0) yaw=3.14
CAST_WEAR who=toma head=- torso=- legs=- hands=- weapon=- back=-
CAST_MATERIALS who=toma total=17 cloth=8 skin=3 hair=3 wood=3
CAST_DRESSED id=toma placeholder_mesh=removed body=toma feet=(16.0,3.0,24.0)
CAST_SPAWN who=toma root=774v0 body_boxes=17 gear_boxes=0 slots_filled=0/6 height=1.34b feet=(16.5,3.0,24.5) yaw=-1.57
CAST_WEAR who=toma head=- torso=- legs=- hands=- weapon=- back=-
CAST_MATERIALS who=toma total=17 cloth=8 skin=3 hair=3 wood=3
CAST_SPAWN_NPC id=toma feet=(16.5,3.0,24.5) region=west_house
LOOK play FogVolume spawned density=0.030 (god-ray medium)
LOOK tier=Ultra pcss=Some(12.0) shadow_map=4096 sun=34deg/205deg illum=20000 contact=true
INPUT_TRACE AFTER  handler R_just_pressed=false R_held=false jp=[] demo_fid=0
VFX_RIG_WEAPON_TRAIL attach actor=Player entity=654v0
INPUT_TRACE BEFORE inject  R_just_pressed=false R_held=false jp=[] demo_fid=0
ANIM_RIG_NPC dressed entity=798v0 look=Villager
INPUT_TRACE AFTER  handler R_just_pressed=false R_held=false jp=[] demo_fid=0
INPUT_TRACE BEFORE inject  R_just_pressed=false R_held=false jp=[] demo_fid=0
INPUT_TRACE AFTER  handler R_just_pressed=false R_held=false jp=[] demo_fid=0
INPUT_TRACE BEFORE inject  R_just_pressed=false R_held=false jp=[] demo_fid=0
INPUT_TRACE AFTER  handler R_just_pressed=false R_held=false jp=[] demo_fid=0
INPUT_TRACE BEFORE inject  R_just_pressed=false R_held=false jp=[] demo_fid=0
INPUT_TRACE AFTER  handler R_just_pressed=false R_held=false jp=[] demo_fid=0
INPUT_TRACE BEFORE inject  R_just_pressed=false R_held=false jp=[] demo_fid=0
INPUT_TRACE AFTER  handler R_just_pressed=false R_held=false jp=[] demo_fid=0
INPUT_TRACE BEFORE inject  R_just_pressed=false R_held=false jp=[] demo_fid=0
INPUT_TRACE AFTER  handler R_just_pressed=false R_held=false jp=[] demo_fid=0
INPUT_TRACE BEFORE inject  R_just_pressed=false R_held=false jp=[] demo_fid=0
INPUT_TRACE AFTER  handler R_just_pressed=false R_held=false jp=[] demo_fid=0
INPUT_TRACE BEFORE inject  R_just_pressed=false R_held=false jp=[] demo_fid=0
INPUT_TRACE AFTER  handler R_just_pressed=false R_held=false jp=[] demo_fid=0
INPUT_TRACE BEFORE inject  R_just_pressed=false R_held=false jp=[] demo_fid=0
INPUT_TRACE AFTER  handler R_just_pressed=false R_held=false jp=[] demo_fid=0
INPUT_TRACE BEFORE inject  R_just_pressed=false R_held=false jp=[] demo_fid=0
INPUT_TRACE AFTER  handler R_just_pressed=false R_held=false jp=[] demo_fid=0
INPUT_TRACE BEFORE inject  R_just_pressed=false R_held=false jp=[] demo_fid=0
INPUT_TRACE AFTER  handler R_just_pressed=false R_held=false jp=[] demo_fid=0
INPUT_TRACE BEFORE inject  R_just_pressed=false R_held=false jp=[] demo_fid=0
INPUT_TRACE AFTER  handler R_just_pressed=false R_held=false jp=[] demo_fid=0
INPUT_TRACE BEFORE inject  R_just_pressed=false R_held=false jp=[] demo_fid=0
INPUT_TRACE AFTER  handler R_just_pressed=false R_held=false jp=[] demo_fid=0
INPUT_TRACE BEFORE inject  R_just_pressed=false R_held=false jp=[] demo_fid=0
INPUT_TRACE AFTER  handler R_just_pressed=false R_held=false jp=[] demo_fid=0
INPUT_TRACE BEFORE inject  R_just_pressed=false R_held=false jp=[] demo_fid=0
INPUT_TRACE AFTER  handler R_just_pressed=false R_held=false jp=[] demo_fid=0
INPUT_TRACE BEFORE inject  R_just_pressed=false R_held=false jp=[] demo_fid=0
INPUT_TRACE AFTER  handler R_just_pressed=false R_held=false jp=[] demo_fid=0
INPUT_TRACE BEFORE inject  R_just_pressed=false R_held=false jp=[] demo_fid=0
INPUT_TRACE AFTER  handler R_just_pressed=false R_held=false jp=[] demo_fid=0
INPUT_TRACE BEFORE inject  R_just_pressed=false R_held=false jp=[] demo_fid=0
INPUT_TRACE AFTER  handler R_just_pressed=false R_held=false jp=[] demo_fid=0
INPUT_TRACE BEFORE inject  R_just_pressed=false R_held=false jp=[] demo_fid=0
INPUT_TRACE AFTER  handler R_just_pressed=false R_held=false jp=[] demo_fid=0
INPUT_TRACE BEFORE inject  R_just_pressed=false R_held=false jp=[] demo_fid=0
INPUT_TRACE AFTER  handler R_just_pressed=false R_held=false jp=[] demo_fid=0
INPUT_TRACE BEFORE inject  R_just_pressed=false R_held=false jp=[] demo_fid=0
INPUT_TRACE AFTER  handler R_just_pressed=false R_held=false jp=[] demo_fid=0
INPUT_TRACE BEFORE inject  R_just_pressed=false R_held=false jp=[] demo_fid=0
INPUT_TRACE AFTER  handler R_just_pressed=false R_held=false jp=[] demo_fid=0
INPUT_TRACE BEFORE inject  R_just_pressed=false R_held=false jp=[] demo_fid=0
INPUT_TRACE AFTER  handler R_just_pressed=false R_held=false jp=[] demo_fid=0
INPUT_TRACE BEFORE inject  R_just_pressed=false R_held=false jp=[] demo_fid=0
INPUT_TRACE AFTER  handler R_just_pressed=false R_held=false jp=[] demo_fid=0
INPUT_TRACE BEFORE inject  R_just_pressed=false R_held=false jp=[] demo_fid=0
INPUT_TRACE AFTER  handler R_just_pressed=false R_held=false jp=[] demo_fid=0
INPUT_TRACE BEFORE inject  R_just_pressed=false R_held=false jp=[] demo_fid=0
INPUT_TRACE AFTER  handler R_just_pressed=false R_held=false jp=[] demo_fid=0
INPUT_TRACE BEFORE inject  R_just_pressed=false R_held=false jp=[] demo_fid=0
INPUT_TRACE AFTER  handler R_just_pressed=false R_held=false jp=[] demo_fid=0
INPUT_TRACE BEFORE inject  R_just_pressed=false R_held=false jp=[] demo_fid=0
INPUT_TRACE AFTER  handler R_just_pressed=false R_held=false jp=[] demo_fid=0
INPUT_TRACE BEFORE inject  R_just_pressed=false R_held=false jp=[] demo_fid=0
INPUT_TRACE AFTER  handler R_just_pressed=false R_held=false jp=[] demo_fid=0
INPUT_TRACE BEFORE inject  R_just_pressed=false R_held=false jp=[] demo_fid=0
INPUT_TRACE AFTER  handler R_just_pressed=false R_held=false jp=[] demo_fid=0
INPUT_TRACE BEFORE inject  R_just_pressed=false R_held=false jp=[] demo_fid=0
INPUT_TRACE AFTER  handler R_just_pressed=false R_held=false jp=[] demo_fid=0
INPUT_TRACE BEFORE inject  R_just_pressed=false R_held=false jp=[] demo_fid=0
INPUT_TRACE AFTER  handler R_just_pressed=false R_held=false jp=[] demo_fid=0
INPUT_TRACE BEFORE inject  R_just_pressed=false R_held=false jp=[] demo_fid=0
INPUT_TRACE AFTER  handler R_just_pressed=false R_held=false jp=[] demo_fid=0
INPUT_TRACE BEFORE inject  R_just_pressed=false R_held=false jp=[] demo_fid=0
INPUT_TRACE AFTER  handler R_just_pressed=false R_held=false jp=[] demo_fid=0
INPUT_TRACE BEFORE inject  R_just_pressed=false R_held=false jp=[] demo_fid=0
INPUT_TRACE AFTER  handler R_just_pressed=false R_held=false jp=[] demo_fid=0
INPUT_TRACE BEFORE inject  R_just_pressed=false R_held=false jp=[] demo_fid=0
INPUT_TRACE AFTER  handler R_just_pressed=false R_held=false jp=[] demo_fid=0
INPUT_TRACE BEFORE inject  R_just_pressed=false R_held=false jp=[] demo_fid=0
INPUT_TRACE AFTER  handler R_just_pressed=false R_held=false jp=[] demo_fid=0
INPUT_TRACE BEFORE inject  R_just_pressed=false R_held=false jp=[] demo_fid=0
INPUT_TRACE AFTER  handler R_just_pressed=false R_held=false jp=[] demo_fid=0
INPUT_TRACE BEFORE inject  R_just_pressed=false R_held=false jp=[] demo_fid=0
INPUT_TRACE AFTER  handler R_just_pressed=false R_held=false jp=[] demo_fid=0
INPUT_TRACE BEFORE inject  R_just_pressed=false R_held=false jp=[] demo_fid=0
INPUT_TRACE AFTER  handler R_just_pressed=false R_held=false jp=[] demo_fid=0
INPUT_TRACE BEFORE inject  R_just_pressed=false R_held=false jp=[] demo_fid=0
INPUT_TRACE AFTER  handler R_just_pressed=false R_held=false jp=[] demo_fid=0
INPUT_TRACE BEFORE inject  R_just_pressed=false R_held=false jp=[] demo_fid=0
INPUT_TRACE AFTER  handler R_just_pressed=false R_held=false jp=[] demo_fid=0
INPUT_TRACE BEFORE inject  R_just_pressed=false R_held=false jp=[] demo_fid=0
INPUT_TRACE AFTER  handler R_just_pressed=false R_held=false jp=[] demo_fid=0
INPUT_TRACE BEFORE inject  R_just_pressed=false R_held=false jp=[] demo_fid=0
INPUT_TRACE AFTER  handler R_just_pressed=false R_held=false jp=[] demo_fid=0
INPUT_TRACE BEFORE inject  R_just_pressed=false R_held=false jp=[] demo_fid=0
INPUT_TRACE AFTER  handler R_just_pressed=false R_held=false jp=[] demo_fid=0
INPUT_TRACE BEFORE inject  R_just_pressed=false R_held=false jp=[] demo_fid=0
SHOT saved to E:\Projects\bagidea-ai-agents-office\workspace\projects\Voxelforge\docs\assets\look\ab-elev\s1cam-elev34.png
INPUT_TRACE AFTER  handler R_just_pressed=false R_held=false jp=[] demo_fid=0
INPUT_TRACE BEFORE inject  R_just_pressed=false R_held=false jp=[] demo_fid=0
INPUT_TRACE AFTER  handler R_just_pressed=false R_held=false jp=[] demo_fid=0
INPUT_TRACE BEFORE inject  R_just_pressed=false R_held=false jp=[] demo_fid=0
INPUT_TRACE AFTER  handler R_just_pressed=false R_held=false jp=[] demo_fid=0
INPUT_TRACE BEFORE inject  R_just_pressed=false R_held=false jp=[] demo_fid=0
INPUT_TRACE AFTER  handler R_just_pressed=false R_held=false jp=[] demo_fid=0
INPUT_TRACE BEFORE inject  R_just_pressed=false R_held=false jp=[] demo_fid=0
INPUT_TRACE AFTER  handler R_just_pressed=false R_held=false jp=[] demo_fid=0
INPUT_TRACE BEFORE inject  R_just_pressed=false R_held=false jp=[] demo_fid=0
2026-08-14T21:23:37.583157Z  INFO bevy_render::view::window::screenshot: Screenshot saved to 
E:\Projects\bagidea-ai-agents-office\workspace\projects\Voxelforge\docs\assets\look\ab-elev\s1cam-elev34.png
INPUT_TRACE AFTER  handler R_just_pressed=false R_held=false jp=[] demo_fid=0
INPUT_TRACE BEFORE inject  R_just_pressed=false R_held=false jp=[] demo_fid=0
INPUT_TRACE AFTER  handler R_just_pressed=false R_held=false jp=[] demo_fid=0
INPUT_TRACE BEFORE inject  R_just_pressed=false R_held=false jp=[] demo_fid=0
INPUT_TRACE AFTER  handler R_just_pressed=false R_held=false jp=[] demo_fid=0
INPUT_TRACE BEFORE inject  R_just_pressed=false R_held=false jp=[] demo_fid=0
INPUT_TRACE AFTER  handler R_just_pressed=false R_held=false jp=[] demo_fid=0
INPUT_TRACE BEFORE inject  R_just_pressed=false R_held=false jp=[] demo_fid=0
INPUT_TRACE AFTER  handler R_just_pressed=false R_held=false jp=[] demo_fid=0
INPUT_TRACE BEFORE inject  R_just_pressed=false R_held=false jp=[] demo_fid=0
INPUT_TRACE AFTER  handler R_just_pressed=false R_held=false jp=[] demo_fid=0
INPUT_TRACE BEFORE inject  R_just_pressed=false R_held=false jp=[] demo_fid=0
INPUT_TRACE AFTER  handler R_just_pressed=false R_held=false jp=[] demo_fid=0
INPUT_TRACE BEFORE inject  R_just_pressed=false R_held=false jp=[] demo_fid=0
INPUT_TRACE AFTER  handler R_just_pressed=false R_held=false jp=[] demo_fid=0
INPUT_TRACE BEFORE inject  R_just_pressed=false R_held=false jp=[] demo_fid=0
INPUT_TRACE AFTER  handler R_just_pressed=false R_held=false jp=[] demo_fid=0
INPUT_TRACE BEFORE inject  R_just_pressed=false R_held=false jp=[] demo_fid=0
INPUT_TRACE AFTER  handler R_just_pressed=false R_held=false jp=[] demo_fid=0
INPUT_TRACE BEFORE inject  R_just_pressed=false R_held=false jp=[] demo_fid=0
INPUT_TRACE AFTER  handler R_just_pressed=false R_held=false jp=[] demo_fid=0
INPUT_TRACE BEFORE inject  R_just_pressed=false R_held=false jp=[] demo_fid=0
INPUT_TRACE AFTER  handler R_just_pressed=false R_held=false jp=[] demo_fid=0
INPUT_TRACE BEFORE inject  R_just_pressed=false R_held=false jp=[] demo_fid=0
INPUT_TRACE AFTER  handler R_just_pressed=false R_held=false jp=[] demo_fid=0
INPUT_TRACE BEFORE inject  R_just_pressed=false R_held=false jp=[] demo_fid=0
INPUT_TRACE AFTER  handler R_just_pressed=false R_held=false jp=[] demo_fid=0
INPUT_TRACE BEFORE inject  R_just_pressed=false R_held=false jp=[] demo_fid=0
INPUT_TRACE AFTER  handler R_just_pressed=false R_held=false jp=[] demo_fid=0
INPUT_TRACE BEFORE inject  R_just_pressed=false R_held=false jp=[] demo_fid=0
INPUT_TRACE AFTER  handler R_just_pressed=false R_held=false jp=[] demo_fid=0
INPUT_TRACE BEFORE inject  R_just_pressed=false R_held=false jp=[] demo_fid=0
INPUT_TRACE AFTER  handler R_just_pressed=false R_held=false jp=[] demo_fid=0
INPUT_TRACE BEFORE inject  R_just_pressed=false R_held=false jp=[] demo_fid=0
INPUT_TRACE AFTER  handler R_just_pressed=false R_held=false jp=[] demo_fid=0
INPUT_TRACE BEFORE inject  R_just_pressed=false R_held=false jp=[] demo_fid=0
INPUT_TRACE AFTER  handler R_just_pressed=false R_held=false jp=[] demo_fid=0
INPUT_TRACE BEFORE inject  R_just_pressed=false R_held=false jp=[] demo_fid=0
INPUT_TRACE AFTER  handler R_just_pressed=false R_held=false jp=[] demo_fid=0
INPUT_TRACE BEFORE inject  R_just_pressed=false R_held=false jp=[] demo_fid=0
INPUT_TRACE AFTER  handler R_just_pressed=false R_held=false jp=[] demo_fid=0
INPUT_TRACE BEFORE inject  R_just_pressed=false R_held=false jp=[] demo_fid=0
INPUT_TRACE AFTER  handler R_just_pressed=false R_held=false jp=[] demo_fid=0
INPUT_TRACE BEFORE inject  R_just_pressed=false R_held=false jp=[] demo_fid=0
INPUT_TRACE AFTER  handler R_just_pressed=false R_held=false jp=[] demo_fid=0
INPUT_TRACE BEFORE inject  R_just_pressed=false R_held=false jp=[] demo_fid=0
INPUT_TRACE AFTER  handler R_just_pressed=false R_held=false jp=[] demo_fid=0
INPUT_TRACE BEFORE inject  R_just_pressed=false R_held=false jp=[] demo_fid=0
INPUT_TRACE AFTER  handler R_just_pressed=false R_held=false jp=[] demo_fid=0
INPUT_TRACE BEFORE inject  R_just_pressed=false R_held=false jp=[] demo_fid=0
INPUT_TRACE AFTER  handler R_just_pressed=false R_held=false jp=[] demo_fid=0
INPUT_TRACE BEFORE inject  R_just_pressed=false R_held=false jp=[] demo_fid=0
INPUT_TRACE AFTER  handler R_just_pressed=false R_held=false jp=[] demo_fid=0
INPUT_TRACE BEFORE inject  R_just_pressed=false R_held=false jp=[] demo_fid=0
INPUT_TRACE AFTER  handler R_just_pressed=false R_held=false jp=[] demo_fid=0
INPUT_TRACE BEFORE inject  R_just_pressed=false R_held=false jp=[] demo_fid=0
INPUT_TRACE AFTER  handler R_just_pressed=false R_held=false jp=[] demo_fid=0
INPUT_TRACE BEFORE inject  R_just_pressed=false R_held=false jp=[] demo_fid=0
INPUT_TRACE AFTER  handler R_just_pressed=false R_held=false jp=[] demo_fid=0
INPUT_TRACE BEFORE inject  R_just_pressed=false R_held=false jp=[] demo_fid=0
INPUT_TRACE AFTER  handler R_just_pressed=false R_held=false jp=[] demo_fid=0
voxelforge.exe : 2026-08-14T21:23:39.312901Z  INFO bevy_diagnostic::system_information_diagnostics_plugin::internal: 
SystemInfo { os: "Windows 11 Home", kernel: "26200", cpu: "12th Gen Intel(R) Core(TM) i5-12600K", core_count: "10", 
memory: "15.8 GiB" }
At line:1 char:918
+ ... ] elev=$e"; & ".\target-poppy\perf\voxelforge.exe" --play *>> "docs\a ...
+                 ~~~~~~~~~~~~~~~~~~~~~~~~~~~~~~~~~~~~~~~~~~~~~~~~~~~~~~~~~
    + CategoryInfo          : NotSpecified: (2026-08-14T21:2...y: "15.8 GiB" }:String) [], RemoteException
    + FullyQualifiedErrorId : NativeCommandError
 
2026-08-14T21:23:39.614183Z  INFO bevy_render::renderer: AdapterInfo { name: "NVIDIA GeForce GTX 1060 6GB", vendor: 
4318, device: 7171, device_type: DiscreteGpu, device_pci_bus_id: "0000:03:00.0", driver: "NVIDIA", driver_info: 
"560.94", backend: Vulkan, subgroup_min_size: 32, subgroup_max_size: 32, transient_saves_memory: false }
EDITOR_CONFIG loaded editor_config.json — 16 actions, grid_snap=1
CINE eye Vec3(44.0, 14.0, 44.0)->Vec3(44.0, 14.0, 44.0) aim Vec3(32.5, 2.0, 29.5)->Vec3(32.5, 2.0, 29.5) secs=1 start=1 exit=None
AI_MODE tactics (perception + squad pass)
SETTINGS loaded settings.json
2026-08-14T21:23:39.739996Z  INFO bevy_pbr::cluster: GPU clustering is supported on this device.
2026-08-14T21:23:39.740038Z  INFO bevy_render::batching::gpu_preprocessing: GPU preprocessing is fully supported on 
this device.
2026-08-14T21:23:39.740398Z  INFO bevy_egui::render: Using bindless_mode_array_size 16 (Device maximum 1048576)
2026-08-14T21:23:39.740562Z  INFO bevy_winit::system: Creating new window Voxelforge — Phase 0 spike (65v0)
STORY_LOAD ok path=assets/story/act1.json quests=5 npcs=3 dialogues=12 regions=9
MAP_LOAD ok path=maps/edhari.json name="edhari" blocks=9537 size=2x2 chunks
MESH_PATH split (one mesh + material per block type)
MAP_APPLY set=9537 skipped=0 total_quads=9262
QUEST_INIT start=q1_embers
QUEST_INIT quests_loaded=5
ENEMY_SPAWN kind=sentinel parts=30 height=3.38b feet=(32.0,1.0,25.0) yaw=0.00
HUSK2_SPAWN kind=sentinel at (32.0,1.0,25.0)
SPAWN_ENCOUNTER husk at (32.0,_,25.0) on Edhari surface
SPAWN_GROUND col=(32,32) top=0 feet=1 => PASS
SCENE_READY source=maps/edhari.json spawn=(32.5,2.6,32.5) surface=0 campfire=(32.5,1.0,29.5)
SPAWN_NPC id=maren name="Elder Maren" pos=(32,2,4)
SPAWN_NPC id=toma name="Toma" pos=(16,1.5,24)
QUEST_LOAD ok path=quest_save.json flags=5 quests=1
ENTER_PLAY
AUDIO_PLAY:audio/music_theme.wav t=0.00 pos=(non-spatial)
AUDIO_PLAY:audio/ambient_wind.wav t=0.00 pos=(omnipresent)
AUDIO_PLAY:audio/ambient_campfire.wav t=0.00 pos=(32.5,1.0,29.5)
AUDIO_PLAY:audio/ambient_village.wav t=0.00 pos=(47.5,2.6,22.5)
INPUT_TRACE BEFORE inject  R_just_pressed=false R_held=false jp=[] demo_fid=0
QUEST_FEEDBACK q1_embers complete → text + sound
ANIM_RIG_WEAPON spawn actor=Player entity=654v0
AUDIO_ZONE:Campfire t=0.00 pos=(32.5,2.6,32.5)
AUDIO_PLAY:audio/player_respawn.wav t=0.00 pos=(0.0,0.0,0.0)
ANIM_RIG_NPC dressed entity=609v0 look=Villager
QUEST_DIALOGUE fire id=dlg_maren_first_call trigger=on_objective
LOOK_IBL gen=V3 nits=330
CAST_SPAWN who=maren root=655v0 body_boxes=24 gear_boxes=0 slots_filled=0/6 height=1.96b feet=(32.0,13.0,4.0) yaw=3.14
LOOK_FILL gen=V3 ambient=620 sky=1400lux@76deg bounce=1100lux@28deg rim=600lux@14deg contact_sky=true
VFX campfire lit at (32.5,1.0,29.5)
LOOK atmosphere spawned mode=lut aerial_max=72
ANIM_RIG_NPC dressed entity=610v0 look=Villager
QUEST_AREA enter=spawn_shelter player=(32.5,32.5)
CAST_WEAR who=maren head=- torso=- legs=- hands=- weapon=- back=-
CAST_MATERIALS who=maren total=24 cloth=11 hair=4 skin=3 metal=2 wood=2 leather=1 glow=1
CAST_DRESSED id=maren placeholder_mesh=removed body=maren feet=(32.0,13.0,4.0)
CAST_SPAWN who=toma root=750v0 body_boxes=17 gear_boxes=0 slots_filled=0/6 height=1.34b feet=(16.0,3.0,24.0) yaw=3.14
CAST_WEAR who=toma head=- torso=- legs=- hands=- weapon=- back=-
CAST_MATERIALS who=toma total=17 cloth=8 skin=3 hair=3 wood=3
CAST_DRESSED id=toma placeholder_mesh=removed body=toma feet=(16.0,3.0,24.0)
CAST_SPAWN who=toma root=774v0 body_boxes=17 gear_boxes=0 slots_filled=0/6 height=1.34b feet=(16.5,3.0,24.5) yaw=-1.57
CAST_WEAR who=toma head=- torso=- legs=- hands=- weapon=- back=-
CAST_MATERIALS who=toma total=17 cloth=8 skin=3 hair=3 wood=3
CAST_SPAWN_NPC id=toma feet=(16.5,3.0,24.5) region=west_house
LOOK play FogVolume spawned density=0.030 (god-ray medium)
LOOK tier=Ultra pcss=Some(12.0) shadow_map=4096 sun=50deg/205deg illum=20000 contact=true
INPUT_TRACE AFTER  handler R_just_pressed=false R_held=false jp=[] demo_fid=0
VFX_RIG_WEAPON_TRAIL attach actor=Player entity=654v0
INPUT_TRACE BEFORE inject  R_just_pressed=false R_held=false jp=[] demo_fid=0
ANIM_RIG_NPC dressed entity=798v0 look=Villager
INPUT_TRACE AFTER  handler R_just_pressed=false R_held=false jp=[] demo_fid=0
INPUT_TRACE BEFORE inject  R_just_pressed=false R_held=false jp=[] demo_fid=0
INPUT_TRACE AFTER  handler R_just_pressed=false R_held=false jp=[] demo_fid=0
INPUT_TRACE BEFORE inject  R_just_pressed=false R_held=false jp=[] demo_fid=0
INPUT_TRACE AFTER  handler R_just_pressed=false R_held=false jp=[] demo_fid=0
INPUT_TRACE BEFORE inject  R_just_pressed=false R_held=false jp=[] demo_fid=0
INPUT_TRACE AFTER  handler R_just_pressed=false R_held=false jp=[] demo_fid=0
INPUT_TRACE BEFORE inject  R_just_pressed=false R_held=false jp=[] demo_fid=0
INPUT_TRACE AFTER  handler R_just_pressed=false R_held=false jp=[] demo_fid=0
INPUT_TRACE BEFORE inject  R_just_pressed=false R_held=false jp=[] demo_fid=0
INPUT_TRACE AFTER  handler R_just_pressed=false R_held=false jp=[] demo_fid=0
INPUT_TRACE BEFORE inject  R_just_pressed=false R_held=false jp=[] demo_fid=0
INPUT_TRACE AFTER  handler R_just_pressed=false R_held=false jp=[] demo_fid=0
INPUT_TRACE BEFORE inject  R_just_pressed=false R_held=false jp=[] demo_fid=0
INPUT_TRACE AFTER  handler R_just_pressed=false R_held=false jp=[] demo_fid=0
INPUT_TRACE BEFORE inject  R_just_pressed=false R_held=false jp=[] demo_fid=0
INPUT_TRACE AFTER  handler R_just_pressed=false R_held=false jp=[] demo_fid=0
INPUT_TRACE BEFORE inject  R_just_pressed=false R_held=false jp=[] demo_fid=0
INPUT_TRACE AFTER  handler R_just_pressed=false R_held=false jp=[] demo_fid=0
INPUT_TRACE BEFORE inject  R_just_pressed=false R_held=false jp=[] demo_fid=0
INPUT_TRACE AFTER  handler R_just_pressed=false R_held=false jp=[] demo_fid=0
INPUT_TRACE BEFORE inject  R_just_pressed=false R_held=false jp=[] demo_fid=0
INPUT_TRACE AFTER  handler R_just_pressed=false R_held=false jp=[] demo_fid=0
INPUT_TRACE BEFORE inject  R_just_pressed=false R_held=false jp=[] demo_fid=0
INPUT_TRACE AFTER  handler R_just_pressed=false R_held=false jp=[] demo_fid=0
INPUT_TRACE BEFORE inject  R_just_pressed=false R_held=false jp=[] demo_fid=0
INPUT_TRACE AFTER  handler R_just_pressed=false R_held=false jp=[] demo_fid=0
INPUT_TRACE BEFORE inject  R_just_pressed=false R_held=false jp=[] demo_fid=0
INPUT_TRACE AFTER  handler R_just_pressed=false R_held=false jp=[] demo_fid=0
INPUT_TRACE BEFORE inject  R_just_pressed=false R_held=false jp=[] demo_fid=0
INPUT_TRACE AFTER  handler R_just_pressed=false R_held=false jp=[] demo_fid=0
INPUT_TRACE BEFORE inject  R_just_pressed=false R_held=false jp=[] demo_fid=0
INPUT_TRACE AFTER  handler R_just_pressed=false R_held=false jp=[] demo_fid=0
INPUT_TRACE BEFORE inject  R_just_pressed=false R_held=false jp=[] demo_fid=0
INPUT_TRACE AFTER  handler R_just_pressed=false R_held=false jp=[] demo_fid=0
INPUT_TRACE BEFORE inject  R_just_pressed=false R_held=false jp=[] demo_fid=0
INPUT_TRACE AFTER  handler R_just_pressed=false R_held=false jp=[] demo_fid=0
INPUT_TRACE BEFORE inject  R_just_pressed=false R_held=false jp=[] demo_fid=0
INPUT_TRACE AFTER  handler R_just_pressed=false R_held=false jp=[] demo_fid=0
INPUT_TRACE BEFORE inject  R_just_pressed=false R_held=false jp=[] demo_fid=0
INPUT_TRACE AFTER  handler R_just_pressed=false R_held=false jp=[] demo_fid=0
INPUT_TRACE BEFORE inject  R_just_pressed=false R_held=false jp=[] demo_fid=0
INPUT_TRACE AFTER  handler R_just_pressed=false R_held=false jp=[] demo_fid=0
INPUT_TRACE BEFORE inject  R_just_pressed=false R_held=false jp=[] demo_fid=0
INPUT_TRACE AFTER  handler R_just_pressed=false R_held=false jp=[] demo_fid=0
INPUT_TRACE BEFORE inject  R_just_pressed=false R_held=false jp=[] demo_fid=0
INPUT_TRACE AFTER  handler R_just_pressed=false R_held=false jp=[] demo_fid=0
INPUT_TRACE BEFORE inject  R_just_pressed=false R_held=false jp=[] demo_fid=0
INPUT_TRACE AFTER  handler R_just_pressed=false R_held=false jp=[] demo_fid=0
INPUT_TRACE BEFORE inject  R_just_pressed=false R_held=false jp=[] demo_fid=0
INPUT_TRACE AFTER  handler R_just_pressed=false R_held=false jp=[] demo_fid=0
INPUT_TRACE BEFORE inject  R_just_pressed=false R_held=false jp=[] demo_fid=0
INPUT_TRACE AFTER  handler R_just_pressed=false R_held=false jp=[] demo_fid=0
INPUT_TRACE BEFORE inject  R_just_pressed=false R_held=false jp=[] demo_fid=0
INPUT_TRACE AFTER  handler R_just_pressed=false R_held=false jp=[] demo_fid=0
INPUT_TRACE BEFORE inject  R_just_pressed=false R_held=false jp=[] demo_fid=0
INPUT_TRACE AFTER  handler R_just_pressed=false R_held=false jp=[] demo_fid=0
INPUT_TRACE BEFORE inject  R_just_pressed=false R_held=false jp=[] demo_fid=0
INPUT_TRACE AFTER  handler R_just_pressed=false R_held=false jp=[] demo_fid=0
INPUT_TRACE BEFORE inject  R_just_pressed=false R_held=false jp=[] demo_fid=0
INPUT_TRACE AFTER  handler R_just_pressed=false R_held=false jp=[] demo_fid=0
INPUT_TRACE BEFORE inject  R_just_pressed=false R_held=false jp=[] demo_fid=0
INPUT_TRACE AFTER  handler R_just_pressed=false R_held=false jp=[] demo_fid=0
INPUT_TRACE BEFORE inject  R_just_pressed=false R_held=false jp=[] demo_fid=0
INPUT_TRACE AFTER  handler R_just_pressed=false R_held=false jp=[] demo_fid=0
INPUT_TRACE BEFORE inject  R_just_pressed=false R_held=false jp=[] demo_fid=0
INPUT_TRACE AFTER  handler R_just_pressed=false R_held=false jp=[] demo_fid=0
INPUT_TRACE BEFORE inject  R_just_pressed=false R_held=false jp=[] demo_fid=0
INPUT_TRACE AFTER  handler R_just_pressed=false R_held=false jp=[] demo_fid=0
INPUT_TRACE BEFORE inject  R_just_pressed=false R_held=false jp=[] demo_fid=0
INPUT_TRACE AFTER  handler R_just_pressed=false R_held=false jp=[] demo_fid=0
INPUT_TRACE BEFORE inject  R_just_pressed=false R_held=false jp=[] demo_fid=0
INPUT_TRACE AFTER  handler R_just_pressed=false R_held=false jp=[] demo_fid=0
INPUT_TRACE BEFORE inject  R_just_pressed=false R_held=false jp=[] demo_fid=0
INPUT_TRACE AFTER  handler R_just_pressed=false R_held=false jp=[] demo_fid=0
INPUT_TRACE BEFORE inject  R_just_pressed=false R_held=false jp=[] demo_fid=0
INPUT_TRACE AFTER  handler R_just_pressed=false R_held=false jp=[] demo_fid=0
INPUT_TRACE BEFORE inject  R_just_pressed=false R_held=false jp=[] demo_fid=0
INPUT_TRACE AFTER  handler R_just_pressed=false R_held=false jp=[] demo_fid=0
INPUT_TRACE BEFORE inject  R_just_pressed=false R_held=false jp=[] demo_fid=0
INPUT_TRACE AFTER  handler R_just_pressed=false R_held=false jp=[] demo_fid=0
INPUT_TRACE BEFORE inject  R_just_pressed=false R_held=false jp=[] demo_fid=0
INPUT_TRACE AFTER  handler R_just_pressed=false R_held=false jp=[] demo_fid=0
INPUT_TRACE BEFORE inject  R_just_pressed=false R_held=false jp=[] demo_fid=0
INPUT_TRACE AFTER  handler R_just_pressed=false R_held=false jp=[] demo_fid=0
INPUT_TRACE BEFORE inject  R_just_pressed=false R_held=false jp=[] demo_fid=0
INPUT_TRACE AFTER  handler R_just_pressed=false R_held=false jp=[] demo_fid=0
INPUT_TRACE BEFORE inject  R_just_pressed=false R_held=false jp=[] demo_fid=0
INPUT_TRACE AFTER  handler R_just_pressed=false R_held=false jp=[] demo_fid=0
INPUT_TRACE BEFORE inject  R_just_pressed=false R_held=false jp=[] demo_fid=0
INPUT_TRACE AFTER  handler R_just_pressed=false R_held=false jp=[] demo_fid=0
INPUT_TRACE BEFORE inject  R_just_pressed=false R_held=false jp=[] demo_fid=0
INPUT_TRACE AFTER  handler R_just_pressed=false R_held=false jp=[] demo_fid=0
INPUT_TRACE BEFORE inject  R_just_pressed=false R_held=false jp=[] demo_fid=0
INPUT_TRACE AFTER  handler R_just_pressed=false R_held=false jp=[] demo_fid=0
INPUT_TRACE BEFORE inject  R_just_pressed=false R_held=false jp=[] demo_fid=0
INPUT_TRACE AFTER  handler R_just_pressed=false R_held=false jp=[] demo_fid=0
INPUT_TRACE BEFORE inject  R_just_pressed=false R_held=false jp=[] demo_fid=0
INPUT_TRACE AFTER  handler R_just_pressed=false R_held=false jp=[] demo_fid=0
INPUT_TRACE BEFORE inject  R_just_pressed=false R_held=false jp=[] demo_fid=0
INPUT_TRACE AFTER  handler R_just_pressed=false R_held=false jp=[] demo_fid=0
INPUT_TRACE BEFORE inject  R_just_pressed=false R_held=false jp=[] demo_fid=0
INPUT_TRACE AFTER  handler R_just_pressed=false R_held=false jp=[] demo_fid=0
INPUT_TRACE BEFORE inject  R_just_pressed=false R_held=false jp=[] demo_fid=0
INPUT_TRACE AFTER  handler R_just_pressed=false R_held=false jp=[] demo_fid=0
INPUT_TRACE BEFORE inject  R_just_pressed=false R_held=false jp=[] demo_fid=0
INPUT_TRACE AFTER  handler R_just_pressed=false R_held=false jp=[] demo_fid=0
INPUT_TRACE BEFORE inject  R_just_pressed=false R_held=false jp=[] demo_fid=0
INPUT_TRACE AFTER  handler R_just_pressed=false R_held=false jp=[] demo_fid=0
INPUT_TRACE BEFORE inject  R_just_pressed=false R_held=false jp=[] demo_fid=0
INPUT_TRACE AFTER  handler R_just_pressed=false R_held=false jp=[] demo_fid=0
INPUT_TRACE BEFORE inject  R_just_pressed=false R_held=false jp=[] demo_fid=0
INPUT_TRACE AFTER  handler R_just_pressed=false R_held=false jp=[] demo_fid=0
INPUT_TRACE BEFORE inject  R_just_pressed=false R_held=false jp=[] demo_fid=0
INPUT_TRACE AFTER  handler R_just_pressed=false R_held=false jp=[] demo_fid=0
INPUT_TRACE BEFORE inject  R_just_pressed=false R_held=false jp=[] demo_fid=0
INPUT_TRACE AFTER  handler R_just_pressed=false R_held=false jp=[] demo_fid=0
INPUT_TRACE BEFORE inject  R_just_pressed=false R_held=false jp=[] demo_fid=0
INPUT_TRACE AFTER  handler R_just_pressed=false R_held=false jp=[] demo_fid=0
INPUT_TRACE BEFORE inject  R_just_pressed=false R_held=false jp=[] demo_fid=0
INPUT_TRACE AFTER  handler R_just_pressed=false R_held=false jp=[] demo_fid=0
INPUT_TRACE BEFORE inject  R_just_pressed=false R_held=false jp=[] demo_fid=0
INPUT_TRACE AFTER  handler R_just_pressed=false R_held=false jp=[] demo_fid=0
INPUT_TRACE BEFORE inject  R_just_pressed=false R_held=false jp=[] demo_fid=0
INPUT_TRACE AFTER  handler R_just_pressed=false R_held=false jp=[] demo_fid=0
INPUT_TRACE BEFORE inject  R_just_pressed=false R_held=false jp=[] demo_fid=0
INPUT_TRACE AFTER  handler R_just_pressed=false R_held=false jp=[] demo_fid=0
INPUT_TRACE BEFORE inject  R_just_pressed=false R_held=false jp=[] demo_fid=0
INPUT_TRACE AFTER  handler R_just_pressed=false R_held=false jp=[] demo_fid=0
INPUT_TRACE BEFORE inject  R_just_pressed=false R_held=false jp=[] demo_fid=0
INPUT_TRACE AFTER  handler R_just_pressed=false R_held=false jp=[] demo_fid=0
INPUT_TRACE BEFORE inject  R_just_pressed=false R_held=false jp=[] demo_fid=0
INPUT_TRACE AFTER  handler R_just_pressed=false R_held=false jp=[] demo_fid=0
INPUT_TRACE BEFORE inject  R_just_pressed=false R_held=false jp=[] demo_fid=0
INPUT_TRACE AFTER  handler R_just_pressed=false R_held=false jp=[] demo_fid=0
INPUT_TRACE BEFORE inject  R_just_pressed=false R_held=false jp=[] demo_fid=0
INPUT_TRACE AFTER  handler R_just_pressed=false R_held=false jp=[] demo_fid=0
INPUT_TRACE BEFORE inject  R_just_pressed=false R_held=false jp=[] demo_fid=0
INPUT_TRACE AFTER  handler R_just_pressed=false R_held=false jp=[] demo_fid=0
INPUT_TRACE BEFORE inject  R_just_pressed=false R_held=false jp=[] demo_fid=0
INPUT_TRACE AFTER  handler R_just_pressed=false R_held=false jp=[] demo_fid=0
INPUT_TRACE BEFORE inject  R_just_pressed=false R_held=false jp=[] demo_fid=0
INPUT_TRACE AFTER  handler R_just_pressed=false R_held=false jp=[] demo_fid=0
INPUT_TRACE BEFORE inject  R_just_pressed=false R_held=false jp=[] demo_fid=0
INPUT_TRACE AFTER  handler R_just_pressed=false R_held=false jp=[] demo_fid=0
INPUT_TRACE BEFORE inject  R_just_pressed=false R_held=false jp=[] demo_fid=0
INPUT_TRACE AFTER  handler R_just_pressed=false R_held=false jp=[] demo_fid=0
INPUT_TRACE BEFORE inject  R_just_pressed=false R_held=false jp=[] demo_fid=0
INPUT_TRACE AFTER  handler R_just_pressed=false R_held=false jp=[] demo_fid=0
INPUT_TRACE BEFORE inject  R_just_pressed=false R_held=false jp=[] demo_fid=0
INPUT_TRACE AFTER  handler R_just_pressed=false R_held=false jp=[] demo_fid=0
INPUT_TRACE BEFORE inject  R_just_pressed=false R_held=false jp=[] demo_fid=0
INPUT_TRACE AFTER  handler R_just_pressed=false R_held=false jp=[] demo_fid=0
INPUT_TRACE BEFORE inject  R_just_pressed=false R_held=false jp=[] demo_fid=0
INPUT_TRACE AFTER  handler R_just_pressed=false R_held=false jp=[] demo_fid=0
INPUT_TRACE BEFORE inject  R_just_pressed=false R_held=false jp=[] demo_fid=0
INPUT_TRACE AFTER  handler R_just_pressed=false R_held=false jp=[] demo_fid=0
INPUT_TRACE BEFORE inject  R_just_pressed=false R_held=false jp=[] demo_fid=0
INPUT_TRACE AFTER  handler R_just_pressed=false R_held=false jp=[] demo_fid=0
INPUT_TRACE BEFORE inject  R_just_pressed=false R_held=false jp=[] demo_fid=0
INPUT_TRACE AFTER  handler R_just_pressed=false R_held=false jp=[] demo_fid=0
INPUT_TRACE BEFORE inject  R_just_pressed=false R_held=false jp=[] demo_fid=0
INPUT_TRACE AFTER  handler R_just_pressed=false R_held=false jp=[] demo_fid=0
INPUT_TRACE BEFORE inject  R_just_pressed=false R_held=false jp=[] demo_fid=0
INPUT_TRACE AFTER  handler R_just_pressed=false R_held=false jp=[] demo_fid=0
INPUT_TRACE BEFORE inject  R_just_pressed=false R_held=false jp=[] demo_fid=0
INPUT_TRACE AFTER  handler R_just_pressed=false R_held=false jp=[] demo_fid=0
INPUT_TRACE BEFORE inject  R_just_pressed=false R_held=false jp=[] demo_fid=0
INPUT_TRACE AFTER  handler R_just_pressed=false R_held=false jp=[] demo_fid=0
INPUT_TRACE BEFORE inject  R_just_pressed=false R_held=false jp=[] demo_fid=0
INPUT_TRACE AFTER  handler R_just_pressed=false R_held=false jp=[] demo_fid=0
INPUT_TRACE BEFORE inject  R_just_pressed=false R_held=false jp=[] demo_fid=0
INPUT_TRACE AFTER  handler R_just_pressed=false R_held=false jp=[] demo_fid=0
INPUT_TRACE BEFORE inject  R_just_pressed=false R_held=false jp=[] demo_fid=0
INPUT_TRACE AFTER  handler R_just_pressed=false R_held=false jp=[] demo_fid=0
INPUT_TRACE BEFORE inject  R_just_pressed=false R_held=false jp=[] demo_fid=0
INPUT_TRACE AFTER  handler R_just_pressed=false R_held=false jp=[] demo_fid=0
INPUT_TRACE BEFORE inject  R_just_pressed=false R_held=false jp=[] demo_fid=0
INPUT_TRACE AFTER  handler R_just_pressed=false R_held=false jp=[] demo_fid=0
INPUT_TRACE BEFORE inject  R_just_pressed=false R_held=false jp=[] demo_fid=0
INPUT_TRACE AFTER  handler R_just_pressed=false R_held=false jp=[] demo_fid=0
INPUT_TRACE BEFORE inject  R_just_pressed=false R_held=false jp=[] demo_fid=0
INPUT_TRACE AFTER  handler R_just_pressed=false R_held=false jp=[] demo_fid=0
INPUT_TRACE BEFORE inject  R_just_pressed=false R_held=false jp=[] demo_fid=0
INPUT_TRACE AFTER  handler R_just_pressed=false R_held=false jp=[] demo_fid=0
INPUT_TRACE BEFORE inject  R_just_pressed=false R_held=false jp=[] demo_fid=0
INPUT_TRACE AFTER  handler R_just_pressed=false R_held=false jp=[] demo_fid=0
INPUT_TRACE BEFORE inject  R_just_pressed=false R_held=false jp=[] demo_fid=0
INPUT_TRACE AFTER  handler R_just_pressed=false R_held=false jp=[] demo_fid=0
INPUT_TRACE BEFORE inject  R_just_pressed=false R_held=false jp=[] demo_fid=0
INPUT_TRACE AFTER  handler R_just_pressed=false R_held=false jp=[] demo_fid=0
INPUT_TRACE BEFORE inject  R_just_pressed=false R_held=false jp=[] demo_fid=0
INPUT_TRACE AFTER  handler R_just_pressed=false R_held=false jp=[] demo_fid=0
INPUT_TRACE BEFORE inject  R_just_pressed=false R_held=false jp=[] demo_fid=0
INPUT_TRACE AFTER  handler R_just_pressed=false R_held=false jp=[] demo_fid=0
INPUT_TRACE BEFORE inject  R_just_pressed=false R_held=false jp=[] demo_fid=0
INPUT_TRACE AFTER  handler R_just_pressed=false R_held=false jp=[] demo_fid=0
INPUT_TRACE BEFORE inject  R_just_pressed=false R_held=false jp=[] demo_fid=0
INPUT_TRACE AFTER  handler R_just_pressed=false R_held=false jp=[] demo_fid=0
INPUT_TRACE BEFORE inject  R_just_pressed=false R_held=false jp=[] demo_fid=0
INPUT_TRACE AFTER  handler R_just_pressed=false R_held=false jp=[] demo_fid=0
INPUT_TRACE BEFORE inject  R_just_pressed=false R_held=false jp=[] demo_fid=0
INPUT_TRACE AFTER  handler R_just_pressed=false R_held=false jp=[] demo_fid=0
INPUT_TRACE BEFORE inject  R_just_pressed=false R_held=false jp=[] demo_fid=0
INPUT_TRACE AFTER  handler R_just_pressed=false R_held=false jp=[] demo_fid=0
INPUT_TRACE BEFORE inject  R_just_pressed=false R_held=false jp=[] demo_fid=0
INPUT_TRACE AFTER  handler R_just_pressed=false R_held=false jp=[] demo_fid=0
INPUT_TRACE BEFORE inject  R_just_pressed=false R_held=false jp=[] demo_fid=0
INPUT_TRACE AFTER  handler R_just_pressed=false R_held=false jp=[] demo_fid=0
INPUT_TRACE BEFORE inject  R_just_pressed=false R_held=false jp=[] demo_fid=0
SHOT saved to E:\Projects\bagidea-ai-agents-office\workspace\projects\Voxelforge\docs\assets\look\ab-elev\s1cam-elev50.png
INPUT_TRACE AFTER  handler R_just_pressed=false R_held=false jp=[] demo_fid=0
INPUT_TRACE BEFORE inject  R_just_pressed=false R_held=false jp=[] demo_fid=0
INPUT_TRACE AFTER  handler R_just_pressed=false R_held=false jp=[] demo_fid=0
INPUT_TRACE BEFORE inject  R_just_pressed=false R_held=false jp=[] demo_fid=0
INPUT_TRACE AFTER  handler R_just_pressed=false R_held=false jp=[] demo_fid=0
INPUT_TRACE BEFORE inject  R_just_pressed=false R_held=false jp=[] demo_fid=0
INPUT_TRACE AFTER  handler R_just_pressed=false R_held=false jp=[] demo_fid=0
INPUT_TRACE BEFORE inject  R_just_pressed=false R_held=false jp=[] demo_fid=0
INPUT_TRACE AFTER  handler R_just_pressed=false R_held=false jp=[] demo_fid=0
INPUT_TRACE BEFORE inject  R_just_pressed=false R_held=false jp=[] demo_fid=0
2026-08-14T21:23:43.176611Z  INFO bevy_render::view::window::screenshot: Screenshot saved to 
E:\Projects\bagidea-ai-agents-office\workspace\projects\Voxelforge\docs\assets\look\ab-elev\s1cam-elev50.png
INPUT_TRACE AFTER  handler R_just_pressed=false R_held=false jp=[] demo_fid=0
INPUT_TRACE BEFORE inject  R_just_pressed=false R_held=false jp=[] demo_fid=0
INPUT_TRACE AFTER  handler R_just_pressed=false R_held=false jp=[] demo_fid=0
INPUT_TRACE BEFORE inject  R_just_pressed=false R_held=false jp=[] demo_fid=0
INPUT_TRACE AFTER  handler R_just_pressed=false R_held=false jp=[] demo_fid=0
INPUT_TRACE BEFORE inject  R_just_pressed=false R_held=false jp=[] demo_fid=0
INPUT_TRACE AFTER  handler R_just_pressed=false R_held=false jp=[] demo_fid=0
INPUT_TRACE BEFORE inject  R_just_pressed=false R_held=false jp=[] demo_fid=0
INPUT_TRACE AFTER  handler R_just_pressed=false R_held=false jp=[] demo_fid=0
INPUT_TRACE BEFORE inject  R_just_pressed=false R_held=false jp=[] demo_fid=0
INPUT_TRACE AFTER  handler R_just_pressed=false R_held=false jp=[] demo_fid=0
INPUT_TRACE BEFORE inject  R_just_pressed=false R_held=false jp=[] demo_fid=0
INPUT_TRACE AFTER  handler R_just_pressed=false R_held=false jp=[] demo_fid=0
INPUT_TRACE BEFORE inject  R_just_pressed=false R_held=false jp=[] demo_fid=0
INPUT_TRACE AFTER  handler R_just_pressed=false R_held=false jp=[] demo_fid=0
INPUT_TRACE BEFORE inject  R_just_pressed=false R_held=false jp=[] demo_fid=0
INPUT_TRACE AFTER  handler R_just_pressed=false R_held=false jp=[] demo_fid=0
INPUT_TRACE BEFORE inject  R_just_pressed=false R_held=false jp=[] demo_fid=0
INPUT_TRACE AFTER  handler R_just_pressed=false R_held=false jp=[] demo_fid=0
INPUT_TRACE BEFORE inject  R_just_pressed=false R_held=false jp=[] demo_fid=0
INPUT_TRACE AFTER  handler R_just_pressed=false R_held=false jp=[] demo_fid=0
INPUT_TRACE BEFORE inject  R_just_pressed=false R_held=false jp=[] demo_fid=0
INPUT_TRACE AFTER  handler R_just_pressed=false R_held=false jp=[] demo_fid=0
INPUT_TRACE BEFORE inject  R_just_pressed=false R_held=false jp=[] demo_fid=0
INPUT_TRACE AFTER  handler R_just_pressed=false R_held=false jp=[] demo_fid=0
INPUT_TRACE BEFORE inject  R_just_pressed=false R_held=false jp=[] demo_fid=0
INPUT_TRACE AFTER  handler R_just_pressed=false R_held=false jp=[] demo_fid=0
INPUT_TRACE BEFORE inject  R_just_pressed=false R_held=false jp=[] demo_fid=0
INPUT_TRACE AFTER  handler R_just_pressed=false R_held=false jp=[] demo_fid=0
INPUT_TRACE BEFORE inject  R_just_pressed=false R_held=false jp=[] demo_fid=0
INPUT_TRACE AFTER  handler R_just_pressed=false R_held=false jp=[] demo_fid=0
INPUT_TRACE BEFORE inject  R_just_pressed=false R_held=false jp=[] demo_fid=0
INPUT_TRACE AFTER  handler R_just_pressed=false R_held=false jp=[] demo_fid=0
INPUT_TRACE BEFORE inject  R_just_pressed=false R_held=false jp=[] demo_fid=0
INPUT_TRACE AFTER  handler R_just_pressed=false R_held=false jp=[] demo_fid=0
INPUT_TRACE BEFORE inject  R_just_pressed=false R_held=false jp=[] demo_fid=0
INPUT_TRACE AFTER  handler R_just_pressed=false R_held=false jp=[] demo_fid=0
INPUT_TRACE BEFORE inject  R_just_pressed=false R_held=false jp=[] demo_fid=0
INPUT_TRACE AFTER  handler R_just_pressed=false R_held=false jp=[] demo_fid=0
INPUT_TRACE BEFORE inject  R_just_pressed=false R_held=false jp=[] demo_fid=0
INPUT_TRACE AFTER  handler R_just_pressed=false R_held=false jp=[] demo_fid=0
INPUT_TRACE BEFORE inject  R_just_pressed=false R_held=false jp=[] demo_fid=0
INPUT_TRACE AFTER  handler R_just_pressed=false R_held=false jp=[] demo_fid=0
INPUT_TRACE BEFORE inject  R_just_pressed=false R_held=false jp=[] demo_fid=0
INPUT_TRACE AFTER  handler R_just_pressed=false R_held=false jp=[] demo_fid=0
INPUT_TRACE BEFORE inject  R_just_pressed=false R_held=false jp=[] demo_fid=0
INPUT_TRACE AFTER  handler R_just_pressed=false R_held=false jp=[] demo_fid=0
INPUT_TRACE BEFORE inject  R_just_pressed=false R_held=false jp=[] demo_fid=0
INPUT_TRACE AFTER  handler R_just_pressed=false R_held=false jp=[] demo_fid=0
INPUT_TRACE BEFORE inject  R_just_pressed=false R_held=false jp=[] demo_fid=0
INPUT_TRACE AFTER  handler R_just_pressed=false R_held=false jp=[] demo_fid=0
INPUT_TRACE BEFORE inject  R_just_pressed=false R_held=false jp=[] demo_fid=0
INPUT_TRACE AFTER  handler R_just_pressed=false R_held=false jp=[] demo_fid=0
INPUT_TRACE BEFORE inject  R_just_pressed=false R_held=false jp=[] demo_fid=0
INPUT_TRACE AFTER  handler R_just_pressed=false R_held=false jp=[] demo_fid=0
INPUT_TRACE BEFORE inject  R_just_pressed=false R_held=false jp=[] demo_fid=0
INPUT_TRACE AFTER  handler R_just_pressed=false R_held=false jp=[] demo_fid=0
INPUT_TRACE BEFORE inject  R_just_pressed=false R_held=false jp=[] demo_fid=0
INPUT_TRACE AFTER  handler R_just_pressed=false R_held=false jp=[] demo_fid=0
INPUT_TRACE BEFORE inject  R_just_pressed=false R_held=false jp=[] demo_fid=0
INPUT_TRACE AFTER  handler R_just_pressed=false R_held=false jp=[] demo_fid=0
INPUT_TRACE BEFORE inject  R_just_pressed=false R_held=false jp=[] demo_fid=0
INPUT_TRACE AFTER  handler R_just_pressed=false R_held=false jp=[] demo_fid=0
